run_id,agent_name,episode_count,total_score,rank_by_total_score,mean_score,median_score,score_std,mean_score_ci95_low,mean_score_ci95_high,total_round_steps,coins,mean_coins,min_coins_per_round,max_coins_per_round,zero_coin_round_count,zero_coin_round_rate,coins_per_100_steps,steps_per_coin,all_coins_count,all_coins_rate,mean_all_coins_completion_steps,max_steps_count,max_steps_rate,long_wait_loop_count,long_wait_loop_rate,long_ping_pong_loop_count,long_ping_pong_loop_rate,exploration_disabled,kills,mean_kills,suicides,suicide_rate,killed_by_opponent,killed_by_opponent_rate,crates,mean_crates,mean_bombs,zero_utility_bombs,zero_utility_bomb_rate,crates_per_bomb,zero_bomb_round_rate,bombs_resolved,bombs_survived,survived_bomb_rate,crates_per_survived_bomb,invalid_actions,invalid_action_rate,survival_rate,mean_survival_steps,exclusive_wins,exclusive_win_rate,tied_first,tied_first_rate,zero_score_ties,zero_score_tie_rate,act_count,act_mean_time,act_p95_time,act_max_time,act_timeout_count,act_skipped_count,up_action_count,up_action_rate,right_action_count,right_action_rate,down_action_count,down_action_rate,left_action_count,left_action_rate,wait_action_count,wait_action_rate_all_actions,bomb_action_count,bomb_action_rate,median_longest_wait_streak,min_longest_wait_streak,max_longest_wait_streak,safety_decisions,safety_interventions,safety_intervention_rate,safety_fallbacks,safety_fallback_rate,robust_safety_interventions,robust_to_v1_fallbacks,opponent_robust_interventions,opponent_to_v3_fallbacks,opponent_scenarios_evaluated,robust_guarantee_losses,robust_search_timeouts,robust_states_evaluated,v1_to_physical_fallbacks,avoidable_escape_collapses,navigation_decisions,coin_distance_comparable_count,coin_target_observation_count,coin_target_continuity_opportunity_count,wait_action_rate,immediate_reverse_rate,coin_distance_reducing_rate,coin_target_switch_rate,multiple_nearest_coin_rate,conditional_loop_count,conditional_loop_rate,avoidable_wait_count,wait_penalized_count,wait_exempt_current_danger_count,wait_exempt_next_danger_count,wait_exempt_no_reachable_coin_count,wait_exempt_no_safe_progress_move_count,unseen_q_states,q_decisions,unseen_q_state_rate
safety_stress_task4_4aa3812_s24100,double_dqn_continuous_v2_agent,1,3.0,2,3.0,3.0,0.0,,,250.0,3.0,3.0,3.0,3.0,0,0,1.2,83.33333333333333,0.0,0.0,,0.0,0.0,0.0,0.0,0.0,0.0,True,0.0,0.0,0.0,0.0,1.0,1.0,31.0,31.0,15.0,2.0,0.13333333333333333,2.066666666666667,0,15.0,15.0,1.0,2.066666666666667,3.0,0.012,0.0,177.0,0.0,0.0,0.0,0.0,0.0,0.0,177,0.03519243978511142,0.09569859504699707,0.20031499862670898,0,0,40,0.22598870056497175,30,0.1694915254237288,48,0.2711864406779661,30,0.1694915254237288,14,0.07909604519774012,15,0.0847457627118644,3,3,3,177,22,0.12429378531073447,0,0.0,1,0,1,0,33110,0,0,5608021,0,0,177,56,56,50,0.07909604519774012,0.1016949152542373,0.8392857142857143,0.0,0.08928571428571429,0,0.0,2,2,0,0,9,3,0.0,0.0,
safety_stress_task4_4aa3812_s24100,rule_based_agent_0,1,8.0,1,8.0,8.0,0.0,,,250.0,3.0,3.0,3.0,3.0,0,0,1.2,83.33333333333333,0.0,0.0,,0.0,0.0,0.0,0.0,0.0,0.0,True,1.0,1.0,0.0,0.0,0.0,0.0,32.0,32.0,24.0,0.0,0.0,1.3333333333333333,0,24.0,24.0,1.0,1.3333333333333333,7.0,0.028,1.0,250.0,1.0,1.0,0.0,0.0,0.0,0.0,250,0.0011956796646118164,0.0029604434967041016,0.003896474838256836,0,0,49,0.19838056680161945,60,0.242914979757085,64,0.2591093117408907,45,0.18218623481781376,5,0.020242914979757085,24,0.09716599190283401,4,4,4,0,0,,0,,0,0,0,0,0,0,0,0,0,0,250,65,65,60,0.02,0.176,0.5692307692307692,0.016666666666666666,0.06153846153846154,0,0.0,0,0,0,0,5,0,0.0,0.0,
safety_stress_task4_4aa3812_s24100,rule_based_agent_1,1,2.0,3,2.0,2.0,0.0,,,250.0,2.0,2.0,2.0,2.0,0,0,0.8,125.0,0.0,0.0,,0.0,0.0,0.0,0.0,0.0,0.0,True,0.0,0.0,1.0,1.0,0.0,0.0,27.0,27.0,24.0,0.0,0.0,1.125,0,24.0,23.0,0.9583333333333334,1.173913043478261,8.0,0.032,0.0,246.0,0.0,0.0,0.0,0.0,0.0,0.0,246,0.001457864676064592,0.003229856491088867,0.0038297176361083984,0,0,59,0.24380165289256198,56,0.23140495867768596,57,0.23553719008264462,45,0.1859504132231405,1,0.004132231404958678,24,0.09917355371900827,1,1,1,0,0,,0,,0,0,0,0,0,0,0,0,0,0,246,50,50,45,0.0040650406504065045,0.16666666666666666,0.5,0.0,0.1,0,0.0,0,0,0,0,1,0,0.0,0.0,
safety_stress_task4_4aa3812_s24100,rule_based_agent_2,1,1.0,4,1.0,1.0,0.0,,,250.0,1.0,1.0,1.0,1.0,0,0,0.4,250.0,0.0,0.0,,0.0,0.0,0.0,0.0,0.0,0.0,True,0.0,0.0,1.0,1.0,0.0,0.0,24.0,24.0,13.0,0.0,0.0,1.8461538461538463,0,13.0,12.0,0.9230769230769231,2.0,5.0,0.02,0.0,149.0,0.0,0.0,0.0,0.0,0.0,0.0,149,0.0013687322603776152,0.003447294235229492,0.0037653446197509766,0,0,38,0.2602739726027397,29,0.19863013698630136,32,0.2191780821917808,34,0.2328767123287671,0,0.0,13,0.08904109589041095,0,0,0,0,0,,0,,0,0,0,0,0,0,0,0,0,0,149,51,51,47,0.0,0.1476510067114094,0.49019607843137253,0.02127659574468085,0.09803921568627451,0,0.0,0,0,0,0,0,0,0.0,0.0,
safety_stress_task4_4aa3812_s24101,double_dqn_continuous_v2_agent,1,8.0,1,8.0,8.0,0.0,,,195.0,3.0,3.0,3.0,3.0,0,0,1.5384615384615385,65.0,0.0,0.0,,0.0,0.0,0.0,0.0,0.0,0.0,True,1.0,1.0,0.0,0.0,0.0,0.0,33.0,33.0,20.0,3.0,0.15,1.65,0,20.0,20.0,1.0,1.65,0.0,0.0,1.0,195.0,1.0,1.0,0.0,0.0,0.0,0.0,195,0.017598058015872272,0.06608796119689941,0.1315138339996338,0,0,42,0.2153846153846154,30,0.15384615384615385,37,0.18974358974358974,44,0.22564102564102564,22,0.11282051282051282,20,0.10256410256410256,2,2,2,195,32,0.1641025641025641,0,0.0,4,0,4,0,13697,0,0,2262439,0,0,195,52,52,45,0.11282051282051282,0.07179487179487179,0.7307692307692307,0.044444444444444446,0.0,0,0.0,4,4,0,0,15,3,0.0,0.0,
safety_stress_task4_4aa3812_s24101,rule_based_agent_0,1,3.0,2,3.0,3.0,0.0,,,195.0,3.0,3.0,3.0,3.0,0,0,1.5384615384615385,65.0,0.0,0.0,,0.0,0.0,0.0,0.0,0.0,0.0,True,0.0,0.0,1.0,1.0,0.0,0.0,30.0,30.0,12.0,0.0,0.0,2.5,0,12.0,11.0,0.9166666666666666,2.727272727272727,5.0,0.02564102564102564,0.0,115.0,0.0,0.0,0.0,0.0,0.0,0.0,115,0.001066763504691746,0.002048969268798828,0.0039370059967041016,0,0,21,0.1875,34,0.30357142857142855,22,0.19642857142857142,23,0.20535714285714285,0,0.0,12,0.10714285714285714,0,0,0,0,0,,0,,0,0,0,0,0,0,0,0,0,0,115,39,39,34,0.0,0.09565217391304348,0.717948717948718,0.11764705882352941,0.02564102564102564,0,0.0,0,0,0,0,0,0,0.0,0.0,
safety_stress_task4_4aa3812_s24101,rule_based_agent_1,1,3.0,2,3.0,3.0,0.0,,,195.0,3.0,3.0,3.0,3.0,0,0,1.5384615384615385,65.0,0.0,0.0,,0.0,0.0,0.0,0.0,0.0,0.0,True,0.0,0.0,1.0,1.0,1.0,1.0,35.0,35.0,9.0,0.0,0.0,3.888888888888889,0,9.0,8.0,0.8888888888888888,4.375,3.0,0.015384615384615385,0.0,97.0,0.0,0.0,0.0,0.0,0.0,0.0,97,0.0008641641164563366,0.001600503921508789,0.0018737316131591797,0,0,15,0.1595744680851064,18,0.19148936170212766,26,0.2765957446808511,26,0.2765957446808511,0,0.0,9,0.09574468085106383,0,0,0,0,0,,0,,0,0,0,0,0,0,0,0,0,0,97,44,44,39,0.0,0.16494845360824742,0.6590909090909091,0.10256410256410256,0.09090909090909091,0,0.0,0,0,0,0,0,0,0.0,0.0,
safety_stress_task4_4aa3812_s24101,rule_based_agent_2,1,0.0,3,0.0,0.0,0.0,,,195.0,0.0,0.0,0.0,0.0,1,1,0.0,,0.0,0.0,,0.0,0.0,0.0,0.0,0.0,0.0,True,0.0,0.0,1.0,1.0,0.0,0.0,28.0,28.0,14.0,0.0,0.0,2.0,0,14.0,13.0,0.9285714285714286,2.1538461538461537,9.0,0.046153846153846156,0.0,190.0,0.0,0.0,0.0,0.0,0.0,0.0,190,0.001450691725078382,0.003694295883178711,0.004143476486206055,0,0,42,0.23076923076923078,41,0.22527472527472528,46,0.25274725274725274,39,0.21428571428571427,0,0.0,14,0.07692307692307693,0,0,0,0,0,,0,,0,0,0,0,0,0,0,0,0,0,190,42,42,35,0.0,0.13157894736842105,0.47619047619047616,0.14285714285714285,0.023809523809523808,0,0.0,0,0,0,0,0,0,0.0,0.0,
safety_stress_task4_4aa3812_s24102,double_dqn_continuous_v2_agent,1,3.0,1,3.0,3.0,0.0,,,400.0,3.0,3.0,3.0,3.0,0,0,0.75,133.33333333333334,0.0,0.0,,1.0,1.0,0.0,0.0,0.0,0.0,True,0.0,0.0,0.0,0.0,0.0,0.0,37.0,37.0,42.0,17.0,0.40476190476190477,0.8809523809523809,0,42.0,42.0,1.0,0.8809523809523809,1.0,0.0025,1.0,400.0,0.0,0.0,1.0,1.0,0.0,0.0,400,0.015382056832313537,0.04830217361450195,0.12470221519470215,0,0,67,0.1675,81,0.2025,67,0.1675,71,0.1775,72,0.18,42,0.105,2,2,2,400,88,0.22,0,0.0,24,0,24,0,29198,0,0,4946583,0,0,400,37,37,31,0.18,0.1025,0.8108108108108109,0.0,0.0,0,0.0,1,1,0,2,66,3,0.0,0.0,
safety_stress_task4_4aa3812_s24102,rule_based_agent_0,1,0.0,2,0.0,0.0,0.0,,,400.0,0.0,0.0,0.0,0.0,1,1,0.0,,0.0,0.0,,1.0,1.0,0.0,0.0,0.0,0.0,True,0.0,0.0,0.0,0.0,0.0,0.0,31.0,31.0,21.0,0.0,0.0,1.4761904761904763,0,21.0,21.0,1.0,1.4761904761904763,6.0,0.015,1.0,400.0,0.0,0.0,0.0,0.0,0.0,0.0,400,0.001444094181060791,0.0032613277435302734,0.0037474632263183594,0,0,89,0.22531645569620254,84,0.21265822784810126,91,0.23037974683544304,92,0.23291139240506328,18,0.04556962025316456,21,0.053164556962025315,3,3,3,0,0,,0,,0,0,0,0,0,0,0,0,0,0,400,33,33,26,0.045,0.1925,0.36363636363636365,0.038461538461538464,0.0,0,0.0,0,0,0,0,18,0,0.0,0.0,
safety_stress_task4_4aa3812_s24102,rule_based_agent_1,1,3.0,1,3.0,3.0,0.0,,,400.0,3.0,3.0,3.0,3.0,0,0,0.75,133.33333333333334,0.0,0.0,,1.0,1.0,0.0,0.0,0.0,0.0,True,0.0,0.0,1.0,1.0,0.0,0.0,18.0,18.0,12.0,0.0,0.0,1.5,0,12.0,11.0,0.9166666666666666,1.6363636363636365,7.0,0.0175,0.0,142.0,0.0,0.0,1.0,1.0,0.0,0.0,142,0.001042810963912749,0.0023407936096191406,0.003451108932495117,0,0,33,0.23741007194244604,33,0.23741007194244604,26,0.18705035971223022,35,0.2517985611510791,0,0.0,12,0.08633093525179857,0,0,0,0,0,,0,,0,0,0,0,0,0,0,0,0,0,142,34,34,27,0.0,0.18309859154929578,0.6176470588235294,0.037037037037037035,0.0,0,0.0,0,0,0,0,0,0,0.0,0.0,
safety_stress_task4_4aa3812_s24102,rule_based_agent_2,1,3.0,1,3.0,3.0,0.0,,,400.0,3.0,3.0,3.0,3.0,0,0,0.75,133.33333333333334,0.0,0.0,,1.0,1.0,0.0,0.0,0.0,0.0,True,0.0,0.0,1.0,1.0,0.0,0.0,35.0,35.0,14.0,0.0,0.0,2.5,0,14.0,13.0,0.9285714285714286,2.6923076923076925,4.0,0.01,0.0,155.0,0.0,0.0,1.0,1.0,0.0,0.0,155,0.0011675496255197833,0.003168344497680664,0.004478931427001953,0,0,33,0.21710526315789475,43,0.28289473684210525,31,0.20394736842105263,31,0.20394736842105263,0,0.0,14,0.09210526315789473,0,0,0,0,0,,0,,0,0,0,0,0,0,0,0,0,0,155,37,37,31,0.0,0.14193548387096774,0.7027027027027027,0.0,0.0,0,0.0,0,0,0,0,0,0,0.0,0.0,
safety_stress_task4_4aa3812_s24103,double_dqn_continuous_v2_agent,1,1.0,3,1.0,1.0,0.0,,,400.0,1.0,1.0,1.0,1.0,0,0,0.25,400.0,0.0,0.0,,1.0,1.0,0.0,0.0,1.0,1.0,True,0.0,0.0,0.0,0.0,0.0,0.0,32.0,32.0,40.0,26.0,0.65,0.8,0,40.0,40.0,1.0,0.8,0.0,0.0,1.0,400.0,0.0,0.0,0.0,0.0,0.0,0.0,400,0.024673452377319337,0.06874394416809082,0.15985918045043945,0,0,59,0.1475,101,0.2525,47,0.1175,92,0.23,61,0.1525,40,0.1,2,2,2,400,64,0.16,0,0.0,0,0,0,0,63854,0,0,10773104,0,0,400,25,25,21,0.1525,0.2175,0.88,0.0,0.0,0,0.0,0,0,0,3,57,1,0.0,0.0,
safety_stress_task4_4aa3812_s24103,rule_based_agent_0,1,0.0,4,0.0,0.0,0.0,,,400.0,0.0,0.0,0.0,0.0,1,1,0.0,,0.0,0.0,,1.0,1.0,0.0,0.0,0.0,0.0,True,0.0,0.0,0.0,0.0,1.0,1.0,28.0,28.0,16.0,0.0,0.0,1.75,0,16.0,15.0,0.9375,1.8666666666666667,9.0,0.0225,0.0,203.0,0.0,0.0,0.0,0.0,0.0,0.0,203,0.0013348762624956704,0.0032274723052978516,0.003549814224243164,0,0,41,0.20812182741116753,46,0.233502538071066,49,0.24873096446700507,45,0.22842639593908629,0,0.0,16,0.08121827411167512,0,0,0,0,0,,0,,0,0,0,0,0,0,0,0,0,0,203,35,35,31,0.0,0.19704433497536947,0.4857142857142857,0.03225806451612903,0.0,0,0.0,0,0,0,0,0,0,0.0,0.0,
safety_stress_task4_4aa3812_s24103,rule_based_agent_1,1,9.0,1,9.0,9.0,0.0,,,400.0,4.0,4.0,4.0,4.0,0,0,1.0,100.0,0.0,0.0,,1.0,1.0,0.0,0.0,1.0,1.0,True,1.0,1.0,0.0,0.0,0.0,0.0,29.0,29.0,25.0,0.0,0.0,1.16,0,25.0,25.0,1.0,1.16,6.0,0.015,1.0,400.0,1.0,1.0,0.0,0.0,0.0,0.0,400,0.00193942129611969,0.0032587051391601562,0.0045168399810791016,0,0,101,0.2537688442211055,87,0.2185929648241206,112,0.2814070351758794,73,0.18341708542713567,0,0.0,25,0.06281407035175879,0,0,0,0,0,,0,,0,0,0,0,0,0,0,0,0,0,400,44,44,39,0.0,0.3375,0.6818181818181818,0.02564102564102564,0.0,0,0.0,0,0,0,0,0,0,0.0,0.0,
safety_stress_task4_4aa3812_s24103,rule_based_agent_2,1,4.0,2,4.0,4.0,0.0,,,400.0,4.0,4.0,4.0,4.0,0,0,1.0,100.0,0.0,0.0,,1.0,1.0,0.0,0.0,1.0,1.0,True,0.0,0.0,0.0,0.0,0.0,0.0,29.0,29.0,22.0,0.0,0.0,1.3181818181818181,0,22.0,22.0,1.0,1.3181818181818181,12.0,0.03,1.0,400.0,0.0,0.0,0.0,0.0,0.0,0.0,400,0.002056235671043396,0.003184795379638672,0.004289865493774414,0,0,52,0.13131313131313133,132,0.3333333333333333,54,0.13636363636363635,136,0.3434343434343434,0,0.0,22,0.05555555555555555,0,0,0,0,0,,0,,0,0,0,0,0,0,0,0,0,0,400,36,36,31,0.0,0.5025,0.6666666666666666,0.0,0.0,0,0.0,0,0,0,0,0,0,0.0,0.0,
safety_stress_task4_4aa3812_s24104,double_dqn_continuous_v2_agent,1,9.0,2,9.0,9.0,0.0,,,400.0,4.0,4.0,4.0,4.0,0,0,1.0,100.0,0.0,0.0,,1.0,1.0,0.0,0.0,0.0,0.0,True,1.0,1.0,0.0,0.0,0.0,0.0,37.0,37.0,46.0,17.0,0.3695652173913043,0.8043478260869565,0,46.0,46.0,1.0,0.8043478260869565,1.0,0.0025,1.0,400.0,0.0,0.0,0.0,0.0,0.0,0.0,400,0.015582582354545594,0.05339813232421875,0.15822267532348633,0,0,72,0.18,89,0.2225,66,0.165,75,0.1875,52,0.13,46,0.115,2,2,2,400,95,0.2375,0,0.0,29,0,29,0,35609,0,0,4853736,0,0,400,49,49,44,0.13,0.07,0.7755102040816326,0.06818181818181818,0.02040816326530612,0,0.0,2,2,0,3,45,2,0.0,0.0,
safety_stress_task4_4aa3812_s24104,rule_based_agent_0,1,0.0,3,0.0,0.0,0.0,,,400.0,0.0,0.0,0.0,0.0,1,1,0.0,,0.0,0.0,,1.0,1.0,0.0,0.0,0.0,0.0,True,0.0,0.0,0.0,0.0,0.0,0.0,29.0,29.0,16.0,0.0,0.0,1.8125,0,16.0,16.0,1.0,1.8125,6.0,0.015,1.0,400.0,0.0,0.0,0.0,0.0,0.0,0.0,400,0.0015494316816329957,0.0034728050231933594,0.004146575927734375,0,0,84,0.21158690176322417,95,0.23929471032745592,92,0.23173803526448364,97,0.24433249370277077,13,0.0327455919395466,16,0.04030226700251889,2,2,2,0,0,,0,,0,0,0,0,0,0,0,0,0,0,400,45,45,39,0.0325,0.2175,0.35555555555555557,0.05128205128205128,0.0,0,0.0,0,0,0,0,13,0,0.0,0.0,
safety_stress_task4_4aa3812_s24104,rule_based_agent_1,1,10.0,1,10.0,10.0,0.0,,,400.0,5.0,5.0,5.0,5.0,0,0,1.25,80.0,0.0,0.0,,1.0,1.0,0.0,0.0,0.0,0.0,True,1.0,1.0,0.0,0.0,1.0,1.0,34.0,34.0,15.0,0.0,0.0,2.2666666666666666,0,15.0,14.0,0.9333333333333333,2.4285714285714284,7.0,0.0175,0.0,173.0,1.0,1.0,0.0,0.0,0.0,0.0,173,0.0012578344069464357,0.003606081008911133,0.004236459732055664,0,0,34,0.20359281437125748,43,0.25748502994011974,39,0.23353293413173654,36,0.2155688622754491,0,0.0,15,0.08982035928143713,0,0,0,0,0,,0,,0,0,0,0,0,0,0,0,0,0,173,64,64,57,0.0,0.14450867052023122,0.625,0.017543859649122806,0.0,0,0.0,0,0,0,0,0,0,0.0,0.0,
safety_stress_task4_4aa3812_s24104,rule_based_agent_2,1,0.0,3,0.0,0.0,0.0,,,400.0,0.0,0.0,0.0,0.0,1,1,0.0,,0.0,0.0,,1.0,1.0,0.0,0.0,0.0,0.0,True,0.0,0.0,1.0,1.0,1.0,1.0,20.0,20.0,11.0,0.0,0.0,1.8181818181818181,0,11.0,10.0,0.9090909090909091,2.0,7.0,0.0175,0.0,121.0,0.0,0.0,0.0,0.0,0.0,0.0,121,0.001092473337472963,0.0022153854370117188,0.003442525863647461,0,0,29,0.24786324786324787,24,0.20512820512820512,21,0.1794871794871795,32,0.27350427350427353,0,0.0,11,0.09401709401709402,0,0,0,0,0,,0,,0,0,0,0,0,0,0,0,0,0,121,23,23,20,0.0,0.2066115702479339,0.6086956521739131,0.15,0.0,0,0.0,0,0,0,0,0,0,0.0,0.0,
safety_stress_task4_4aa3812_s24105,double_dqn_continuous_v2_agent,1,2.0,2,2.0,2.0,0.0,,,400.0,2.0,2.0,2.0,2.0,0,0,0.5,200.0,0.0,0.0,,1.0,1.0,0.0,0.0,0.0,0.0,True,0.0,0.0,0.0,0.0,0.0,0.0,35.0,35.0,41.0,14.0,0.34146341463414637,0.8536585365853658,0,40.0,40.0,1.0,0.875,1.0,0.0025,1.0,400.0,0.0,0.0,0.0,0.0,0.0,0.0,400,0.01329661250114441,0.041784048080444336,0.15040922164916992,0,0,64,0.16,91,0.2275,67,0.1675,91,0.2275,46,0.115,41,0.1025,2,2,2,400,74,0.185,0,0.0,18,0,18,0,24141,0,0,3743303,0,0,400,36,36,32,0.115,0.095,0.9166666666666666,0.0,0.0,0,0.0,1,1,0,2,42,1,0.0,0.0,
safety_stress_task4_4aa3812_s24105,rule_based_agent_0,1,3.0,1,3.0,3.0,0.0,,,400.0,3.0,3.0,3.0,3.0,0,0,0.75,133.33333333333334,0.0,0.0,,1.0,1.0,0.0,0.0,0.0,0.0,True,0.0,0.0,1.0,1.0,0.0,0.0,31.0,31.0,10.0,0.0,0.0,3.1,0,10.0,9.0,0.9,3.4444444444444446,6.0,0.015,0.0,100.0,0.0,0.0,1.0,1.0,0.0,0.0,100,0.001018674373626709,0.001592874526977539,0.003322124481201172,0,0,23,0.24468085106382978,24,0.2553191489361702,19,0.20212765957446807,18,0.19148936170212766,0,0.0,10,0.10638297872340426,0,0,0,0,0,,0,,0,0,0,0,0,0,0,0,0,0,100,45,45,40,0.0,0.15,0.6222222222222222,0.075,0.0,0,0.0,0,0,0,0,0,0,0.0,0.0,
safety_stress_task4_4aa3812_s24105,rule_based_agent_1,1,3.0,1,3.0,3.0,0.0,,,400.0,3.0,3.0,3.0,3.0,0,0,0.75,133.33333333333334,0.0,0.0,,1.0,1.0,0.0,0.0,0.0,0.0,True,0.0,0.0,0.0,0.0,0.0,0.0,34.0,34.0,26.0,0.0,0.0,1.3076923076923077,0,26.0,26.0,1.0,1.3076923076923077,6.0,0.015,1.0,400.0,0.0,0.0,1.0,1.0,0.0,0.0,400,0.001675872802734375,0.0035080909729003906,0.004299640655517578,0,0,85,0.2135678391959799,102,0.2562814070351759,96,0.24120603015075376,87,0.2185929648241206,2,0.005025125628140704,26,0.06532663316582915,1,1,1,0,0,,0,,0,0,0,0,0,0,0,0,0,0,400,40,40,36,0.005,0.1875,0.625,0.1111111111111111,0.0,0,0.0,0,0,0,0,2,0,0.0,0.0,
safety_stress_task4_4aa3812_s24105,rule_based_agent_2,1,1.0,3,1.0,1.0,0.0,,,400.0,1.0,1.0,1.0,1.0,0,0,0.25,400.0,0.0,0.0,,1.0,1.0,0.0,0.0,0.0,0.0,True,0.0,0.0,1.0,1.0,0.0,0.0,28.0,28.0,13.0,0.0,0.0,2.1538461538461537,0,13.0,12.0,0.9230769230769231,2.3333333333333335,9.0,0.0225,0.0,159.0,0.0,0.0,0.0,0.0,0.0,0.0,159,0.0013672780690703002,0.0035860538482666016,0.004006147384643555,0,0,40,0.2597402597402597,29,0.18831168831168832,36,0.23376623376623376,36,0.23376623376623376,0,0.0,13,0.08441558441558442,0,0,0,0,0,,0,,0,0,0,0,0,0,0,0,0,0,159,50,50,45,0.0,0.1509433962264151,0.52,0.08888888888888889,0.0,0,0.0,0,0,0,0,0,0,0.0,0.0,
safety_stress_task4_4aa3812_s24106,double_dqn_continuous_v2_agent,1,9.0,1,9.0,9.0,0.0,,,400.0,4.0,4.0,4.0,4.0,0,0,1.0,100.0,0.0,0.0,,1.0,1.0,0.0,0.0,1.0,1.0,True,1.0,1.0,0.0,0.0,0.0,0.0,27.0,27.0,41.0,17.0,0.4146341463414634,0.6585365853658537,0,41.0,41.0,1.0,0.6585365853658537,5.0,0.0125,1.0,400.0,1.0,1.0,0.0,0.0,0.0,0.0,400,0.019428822994232178,0.0678865909576416,0.14443445205688477,0,0,59,0.1475,96,0.24,47,0.1175,83,0.2075,74,0.185,41,0.1025,4,4,4,400,64,0.16,0,0.0,13,0,13,0,32091,0,0,5893658,0,0,400,28,28,22,0.185,0.1375,0.8571428571428571,0.09090909090909091,0.0,0,0.0,0,0,0,7,65,2,0.0,0.0,
safety_stress_task4_4aa3812_s24106,rule_based_agent_0,1,7.0,2,7.0,7.0,0.0,,,400.0,2.0,2.0,2.0,2.0,0,0,0.5,200.0,0.0,0.0,,1.0,1.0,0.0,0.0,0.0,0.0,True,1.0,1.0,0.0,0.0,0.0,0.0,29.0,29.0,29.0,0.0,0.0,1.0,0,29.0,29.0,1.0,1.0,10.0,0.025,1.0,400.0,0.0,0.0,0.0,0.0,0.0,0.0,400,0.0016766756772994996,0.0037126541137695312,0.004416465759277344,0,0,104,0.2619647355163728,76,0.19143576826196473,89,0.22418136020151133,80,0.20151133501259447,19,0.04785894206549118,29,0.07304785894206549,3,3,3,0,0,,0,,0,0,0,0,0,0,0,0,0,0,400,23,23,19,0.0475,0.16,0.6956521739130435,0.10526315789473684,0.0,0,0.0,0,0,0,0,19,0,0.0,0.0,
safety_stress_task4_4aa3812_s24106,rule_based_agent_1,1,1.0,4,1.0,1.0,0.0,,,400.0,1.0,1.0,1.0,1.0,0,0,0.25,400.0,0.0,0.0,,1.0,1.0,0.0,0.0,0.0,0.0,True,0.0,0.0,0.0,0.0,1.0,1.0,30.0,30.0,19.0,0.0,0.0,1.5789473684210527,0,19.0,19.0,1.0,1.5789473684210527,10.0,0.025,0.0,260.0,0.0,0.0,0.0,0.0,0.0,0.0,260,0.001701809809758113,0.0038547515869140625,0.004198312759399414,0,0,60,0.23529411764705882,53,0.20784313725490197,68,0.26666666666666666,55,0.21568627450980393,0,0.0,19,0.07450980392156863,0,0,0,0,0,,0,,0,0,0,0,0,0,0,0,0,0,260,18,18,14,0.0,0.23461538461538461,0.6111111111111112,0.0,0.0,0,0.0,0,0,0,0,0,0,0.0,0.0,
safety_stress_task4_4aa3812_s24106,rule_based_agent_2,1,2.0,3,2.0,2.0,0.0,,,400.0,2.0,2.0,2.0,2.0,0,0,0.5,200.0,0.0,0.0,,1.0,1.0,0.0,0.0,0.0,0.0,True,0.0,0.0,0.0,0.0,1.0,1.0,38.0,38.0,15.0,0.0,0.0,2.533333333333333,0,15.0,14.0,0.9333333333333333,2.7142857142857144,4.0,0.01,0.0,154.0,0.0,0.0,0.0,0.0,0.0,0.0,154,0.0012359959738595144,0.0037686824798583984,0.0039975643157958984,0,0,29,0.19333333333333333,38,0.25333333333333335,39,0.26,29,0.19333333333333333,0,0.0,15,0.1,0,0,0,0,0,,0,,0,0,0,0,0,0,0,0,0,0,154,19,19,15,0.0,0.12987012987012986,0.7894736842105263,0.06666666666666667,0.0,0,0.0,0,0,0,0,0,0,0.0,0.0,
safety_stress_task4_4aa3812_s24107,double_dqn_continuous_v2_agent,1,7.0,1,7.0,7.0,0.0,,,400.0,2.0,2.0,2.0,2.0,0,0,0.5,200.0,0.0,0.0,,1.0,1.0,0.0,0.0,1.0,1.0,True,1.0,1.0,0.0,0.0,0.0,0.0,25.0,25.0,37.0,24.0,0.6486486486486487,0.6756756756756757,0,36.0,36.0,1.0,0.6944444444444444,0.0,0.0,1.0,400.0,1.0,1.0,0.0,0.0,0.0,0.0,400,0.018325486183166505,0.04750514030456543,0.11849546432495117,0,0,63,0.1575,93,0.2325,56,0.14,93,0.2325,58,0.145,37,0.0925,4,4,4,400,58,0.145,0,0.0,4,0,4,0,35015,0,0,6292314,0,0,400,62,62,54,0.145,0.15,0.5645161290322581,0.0,0.0,0,0.0,3,3,0,1,52,2,0.0,0.0,
safety_stress_task4_4aa3812_s24107,rule_based_agent_0,1,3.0,2,3.0,3.0,0.0,,,400.0,3.0,3.0,3.0,3.0,0,0,0.75,133.33333333333334,0.0,0.0,,1.0,1.0,0.0,0.0,0.0,0.0,True,0.0,0.0,0.0,0.0,1.0,1.0,42.0,42.0,12.0,0.0,0.0,3.5,0,12.0,11.0,0.9166666666666666,3.8181818181818183,2.0,0.005,0.0,127.0,0.0,0.0,0.0,0.0,0.0,0.0,127,0.0013237562705212692,0.0031299591064453125,0.004472494125366211,0,0,34,0.272,32,0.256,26,0.208,21,0.168,0,0.0,12,0.096,0,0,0,0,0,,0,,0,0,0,0,0,0,0,0,0,0,127,55,55,50,0.0,0.13385826771653545,0.6181818181818182,0.04,0.0,0,0.0,0,0,0,0,0,0,0.0,0.0,
safety_stress_task4_4aa3812_s24107,rule_based_agent_1,1,3.0,2,3.0,3.0,0.0,,,400.0,3.0,3.0,3.0,3.0,0,0,0.75,133.33333333333334,0.0,0.0,,1.0,1.0,0.0,0.0,0.0,0.0,True,0.0,0.0,0.0,0.0,0.0,0.0,27.0,27.0,37.0,0.0,0.0,0.7297297297297297,0,37.0,37.0,1.0,0.7297297297297297,7.0,0.0175,1.0,400.0,0.0,0.0,0.0,0.0,0.0,0.0,400,0.0017511719465255738,0.0034301280975341797,0.00515294075012207,0,0,82,0.20759493670886076,89,0.22531645569620254,95,0.24050632911392406,92,0.23291139240506328,0,0.0,37,0.09367088607594937,0,0,0,0,0,,0,,0,0,0,0,0,0,0,0,0,0,400,61,61,55,0.0,0.19,0.639344262295082,0.0,0.0,0,0.0,0,0,0,0,0,0,0.0,0.0,
safety_stress_task4_4aa3812_s24107,rule_based_agent_2,1,1.0,3,1.0,1.0,0.0,,,400.0,1.0,1.0,1.0,1.0,0,0,0.25,400.0,0.0,0.0,,1.0,1.0,0.0,0.0,1.0,1.0,True,0.0,0.0,0.0,0.0,0.0,0.0,28.0,28.0,35.0,0.0,0.0,0.8,0,35.0,35.0,1.0,0.8,4.0,0.01,1.0,400.0,0.0,0.0,0.0,0.0,0.0,0.0,400,0.0018126112222671509,0.0034198760986328125,0.005122184753417969,0,0,78,0.19548872180451127,103,0.2581453634085213,90,0.22556390977443608,93,0.23308270676691728,0,0.0,35,0.08771929824561403,0,0,0,0,0,,0,,0,0,0,0,0,0,0,0,0,0,400,51,51,47,0.0,0.285,0.6078431372549019,0.06382978723404255,0.0,0,0.0,0,0,0,0,0,0,0.0,0.0,
safety_stress_task4_4aa3812_s24108,double_dqn_continuous_v2_agent,1,7.0,1,7.0,7.0,0.0,,,400.0,2.0,2.0,2.0,2.0,0,0,0.5,200.0,0.0,0.0,,1.0,1.0,1.0,1.0,0.0,0.0,True,1.0,1.0,0.0,0.0,0.0,0.0,38.0,38.0,29.0,8.0,0.27586206896551724,1.3103448275862069,0,29.0,29.0,1.0,1.3103448275862069,0.0,0.0,1.0,400.0,1.0,1.0,0.0,0.0,0.0,0.0,400,0.00943395435810089,0.027048349380493164,0.08481335639953613,0,0,48,0.12,45,0.1125,39,0.0975,43,0.1075,196,0.49,29,0.0725,92,92,92,400,35,0.0875,0,0.0,4,0,4,0,11065,0,0,1575995,0,0,400,48,48,42,0.49,0.0375,0.7083333333333334,0.07142857142857142,0.020833333333333332,0,0.0,4,4,0,0,190,2,0.0,0.0,
safety_stress_task4_4aa3812_s24108,rule_based_agent_0,1,1.0,3,1.0,1.0,0.0,,,400.0,1.0,1.0,1.0,1.0,0,0,0.25,400.0,0.0,0.0,,1.0,1.0,0.0,0.0,0.0,0.0,True,0.0,0.0,0.0,0.0,1.0,1.0,25.0,25.0,8.0,0.0,0.0,3.125,0,8.0,7.0,0.875,3.5714285714285716,3.0,0.0075,0.0,102.0,0.0,0.0,0.0,0.0,0.0,0.0,102,0.0015522335089889227,0.0034728050231933594,0.004180431365966797,0,0,24,0.24242424242424243,18,0.18181818181818182,21,0.21212121212121213,28,0.2828282828282828,0,0.0,8,0.08080808080808081,0,0,0,0,0,,0,,0,0,0,0,0,0,0,0,0,0,102,47,47,45,0.0,0.21568627450980393,0.44680851063829785,0.06666666666666667,0.0,0,0.0,0,0,0,0,0,0,0.0,0.0,
safety_stress_task4_4aa3812_s24108,rule_based_agent_1,1,1.0,3,1.0,1.0,0.0,,,400.0,1.0,1.0,1.0,1.0,0,0,0.25,400.0,0.0,0.0,,1.0,1.0,0.0,0.0,0.0,0.0,True,0.0,0.0,1.0,1.0,0.0,0.0,28.0,28.0,8.0,0.0,0.0,3.5,0,8.0,7.0,0.875,4.0,2.0,0.005,0.0,67.0,0.0,0.0,0.0,0.0,0.0,0.0,67,0.0009246833288847511,0.0016138553619384766,0.001867055892944336,0,0,11,0.16923076923076924,13,0.2,15,0.23076923076923078,18,0.27692307692307694,0,0.0,8,0.12307692307692308,0,0,0,0,0,,0,,0,0,0,0,0,0,0,0,0,0,67,26,26,24,0.0,0.26865671641791045,0.5,0.041666666666666664,0.0,0,0.0,0,0,0,0,0,0,0.0,0.0,
safety_stress_task4_4aa3812_s24108,rule_based_agent_2,1,5.0,2,5.0,5.0,0.0,,,400.0,5.0,5.0,5.0,5.0,0,0,1.25,80.0,0.0,0.0,,1.0,1.0,0.0,0.0,0.0,0.0,True,0.0,0.0,1.0,1.0,0.0,0.0,29.0,29.0,12.0,0.0,0.0,2.4166666666666665,0,12.0,11.0,0.9166666666666666,2.6363636363636362,4.0,0.01,0.0,143.0,0.0,0.0,0.0,0.0,0.0,0.0,143,0.001199357159487851,0.002169370651245117,0.004017829895019531,0,0,30,0.2127659574468085,35,0.24822695035460993,39,0.2765957446808511,25,0.1773049645390071,0,0.0,12,0.0851063829787234,0,0,0,0,0,,0,,0,0,0,0,0,0,0,0,0,0,143,42,42,37,0.0,0.15384615384615385,0.7142857142857143,0.08108108108108109,0.0,0,0.0,0,0,0,0,0,0,0.0,0.0,
safety_stress_task4_4aa3812_s24109,double_dqn_continuous_v2_agent,1,2.0,3,2.0,2.0,0.0,,,400.0,2.0,2.0,2.0,2.0,0,0,0.5,200.0,0.0,0.0,,1.0,1.0,0.0,0.0,0.0,0.0,True,0.0,0.0,0.0,0.0,0.0,0.0,36.0,36.0,42.0,13.0,0.30952380952380953,0.8571428571428571,0,42.0,42.0,1.0,0.8571428571428571,2.0,0.005,1.0,400.0,0.0,0.0,0.0,0.0,0.0,0.0,400,0.012087293267250061,0.03484034538269043,0.16244173049926758,0,0,77,0.1925,81,0.2025,72,0.18,68,0.17,60,0.15,42,0.105,3,3,3,400,78,0.195,0,0.0,20,0,20,0,17891,0,0,2923392,0,0,400,83,83,77,0.15,0.07,0.7228915662650602,0.06493506493506493,0.0,0,0.0,4,4,0,2,51,3,0.0,0.0,
safety_stress_task4_4aa3812_s24109,rule_based_agent_0,1,3.0,2,3.0,3.0,0.0,,,400.0,3.0,3.0,3.0,3.0,0,0,0.75,133.33333333333334,0.0,0.0,,1.0,1.0,0.0,0.0,0.0,0.0,True,0.0,0.0,0.0,0.0,1.0,1.0,23.0,23.0,8.0,0.0,0.0,2.875,0,8.0,8.0,1.0,2.875,1.0,0.0025,0.0,85.0,0.0,0.0,0.0,0.0,0.0,0.0,85,0.0011351192698759191,0.0019299983978271484,0.0026667118072509766,0,0,19,0.2235294117647059,22,0.25882352941176473,13,0.15294117647058825,23,0.27058823529411763,0,0.0,8,0.09411764705882353,0,0,0,0,0,,0,,0,0,0,0,0,0,0,0,0,0,85,71,71,67,0.0,0.17647058823529413,0.5352112676056338,0.05970149253731343,0.04225352112676056,0,0.0,0,0,0,0,0,0,0.0,0.0,
safety_stress_task4_4aa3812_s24109,rule_based_agent_1,1,2.0,3,2.0,2.0,0.0,,,400.0,2.0,2.0,2.0,2.0,0,0,0.5,200.0,0.0,0.0,,1.0,1.0,0.0,0.0,0.0,0.0,True,0.0,0.0,0.0,0.0,0.0,0.0,43.0,43.0,29.0,0.0,0.0,1.4827586206896552,0,29.0,29.0,1.0,1.4827586206896552,1.0,0.0025,1.0,400.0,0.0,0.0,0.0,0.0,0.0,0.0,400,0.0016729080677032472,0.0034797191619873047,0.0042743682861328125,0,0,89,0.2225,86,0.215,104,0.26,88,0.22,4,0.01,29,0.0725,1,1,1,0,0,,0,,0,0,0,0,0,0,0,0,0,0,400,66,66,62,0.01,0.1775,0.5606060606060606,0.08064516129032258,0.015151515151515152,0,0.0,0,0,0,0,4,0,0.0,0.0,
safety_stress_task4_4aa3812_s24109,rule_based_agent_2,1,7.0,1,7.0,7.0,0.0,,,400.0,2.0,2.0,2.0,2.0,0,0,0.5,200.0,0.0,0.0,,1.0,1.0,0.0,0.0,0.0,0.0,True,1.0,1.0,1.0,1.0,0.0,0.0,21.0,21.0,13.0,0.0,0.0,1.6153846153846154,0,13.0,12.0,0.9230769230769231,1.75,6.0,0.015,0.0,142.0,1.0,1.0,0.0,0.0,0.0,0.0,142,0.0016029485514466191,0.0037353038787841797,0.0064198970794677734,0,0,23,0.1678832116788321,40,0.291970802919708,30,0.21897810218978103,31,0.22627737226277372,0,0.0,13,0.0948905109489051,0,0,0,0,0,,0,,0,0,0,0,0,0,0,0,0,0,142,60,60,56,0.0,0.2112676056338028,0.5333333333333333,0.07142857142857142,0.0,0,0.0,0,0,0,0,0,0,0.0,0.0,
safety_stress_task4_4aa3812_s24110,double_dqn_continuous_v2_agent,1,4.0,1,4.0,4.0,0.0,,,400.0,4.0,4.0,4.0,4.0,0,0,1.0,100.0,0.0,0.0,,1.0,1.0,0.0,0.0,0.0,0.0,True,0.0,0.0,0.0,0.0,0.0,0.0,38.0,38.0,40.0,15.0,0.375,0.95,0,39.0,39.0,1.0,0.9743589743589743,1.0,0.0025,1.0,400.0,0.0,0.0,1.0,1.0,0.0,0.0,400,0.014219311475753784,0.04511213302612305,0.1897900104522705,0,0,68,0.17,83,0.2075,70,0.175,68,0.17,71,0.1775,40,0.1,8,8,8,400,95,0.2375,0,0.0,32,0,32,0,28316,0,0,4172443,0,0,400,61,61,53,0.1775,0.0825,0.7049180327868853,0.018867924528301886,0.0,0,0.0,4,4,0,4,59,4,0.0,0.0,
safety_stress_task4_4aa3812_s24110,rule_based_agent_0,1,1.0,2,1.0,1.0,0.0,,,400.0,1.0,1.0,1.0,1.0,0,0,0.25,400.0,0.0,0.0,,1.0,1.0,0.0,0.0,0.0,0.0,True,0.0,0.0,1.0,1.0,0.0,0.0,34.0,34.0,14.0,0.0,0.0,2.4285714285714284,0,14.0,13.0,0.9285714285714286,2.6153846153846154,7.0,0.0175,0.0,138.0,0.0,0.0,0.0,0.0,0.0,0.0,138,0.001428179118944251,0.0038385391235351562,0.004505634307861328,0,0,31,0.23134328358208955,31,0.23134328358208955,26,0.19402985074626866,32,0.23880597014925373,0,0.0,14,0.1044776119402985,0,0,0,0,0,,0,,0,0,0,0,0,0,0,0,0,0,138,25,25,23,0.0,0.16666666666666666,0.4,0.08695652173913043,0.0,0,0.0,0,0,0,0,0,0,0.0,0.0,
safety_stress_task4_4aa3812_s24110,rule_based_agent_1,1,4.0,1,4.0,4.0,0.0,,,400.0,4.0,4.0,4.0,4.0,0,0,1.0,100.0,0.0,0.0,,1.0,1.0,0.0,0.0,0.0,0.0,True,0.0,0.0,0.0,0.0,0.0,0.0,29.0,29.0,18.0,0.0,0.0,1.6111111111111112,0,18.0,18.0,1.0,1.6111111111111112,2.0,0.005,1.0,400.0,0.0,0.0,1.0,1.0,0.0,0.0,400,0.0016880911588668824,0.0036194324493408203,0.00805211067199707,0,0,91,0.22807017543859648,90,0.22556390977443608,94,0.23558897243107768,94,0.23558897243107768,12,0.03007518796992481,18,0.045112781954887216,1,1,1,0,0,,0,,0,0,0,0,0,0,0,0,0,0,400,46,46,40,0.03,0.2225,0.6086956521739131,0.05,0.021739130434782608,0,0.0,0,0,0,0,12,0,0.0,0.0,
safety_stress_task4_4aa3812_s24110,rule_based_agent_2,1,0.0,3,0.0,0.0,0.0,,,400.0,0.0,0.0,0.0,0.0,1,1,0.0,,0.0,0.0,,1.0,1.0,0.0,0.0,0.0,0.0,True,0.0,0.0,1.0,1.0,0.0,0.0,26.0,26.0,14.0,0.0,0.0,1.8571428571428572,0,14.0,13.0,0.9285714285714286,2.0,6.0,0.015,0.0,153.0,0.0,0.0,0.0,0.0,0.0,0.0,153,0.0016273750978357652,0.003644227981567383,0.0050830841064453125,0,0,37,0.24503311258278146,39,0.2582781456953642,35,0.23178807947019867,26,0.17218543046357615,0,0.0,14,0.09271523178807947,0,0,0,0,0,,0,,0,0,0,0,0,0,0,0,0,0,153,30,30,28,0.0,0.1895424836601307,0.5666666666666667,0.10714285714285714,0.0,0,0.0,0,0,0,0,0,0,0.0,0.0,
safety_stress_task4_4aa3812_s24111,double_dqn_continuous_v2_agent,1,3.0,1,3.0,3.0,0.0,,,400.0,3.0,3.0,3.0,3.0,0,0,0.75,133.33333333333334,0.0,0.0,,1.0,1.0,0.0,0.0,0.0,0.0,True,0.0,0.0,0.0,0.0,0.0,0.0,41.0,41.0,40.0,19.0,0.475,1.025,0,39.0,39.0,1.0,1.0512820512820513,2.0,0.005,1.0,400.0,0.0,0.0,1.0,1.0,0.0,0.0,400,0.01627562940120697,0.048317670822143555,0.19686579704284668,0,0,74,0.185,95,0.2375,60,0.15,81,0.2025,50,0.125,40,0.1,3,3,3,400,92,0.23,0,0.0,27,0,27,0,30428,0,0,5375460,0,0,400,38,38,34,0.125,0.1025,0.6842105263157895,0.029411764705882353,0.0,0,0.0,3,3,0,3,42,2,0.0,0.0,
safety_stress_task4_4aa3812_s24111,rule_based_agent_0,1,2.0,2,2.0,2.0,0.0,,,400.0,2.0,2.0,2.0,2.0,0,0,0.5,200.0,0.0,0.0,,1.0,1.0,0.0,0.0,0.0,0.0,True,0.0,0.0,1.0,1.0,0.0,0.0,16.0,16.0,9.0,0.0,0.0,1.7777777777777777,0,9.0,8.0,0.8888888888888888,2.0,5.0,0.0125,0.0,103.0,0.0,0.0,0.0,0.0,0.0,0.0,103,0.0014766257943458927,0.002925872802734375,0.004962444305419922,0,0,33,0.3235294117647059,20,0.19607843137254902,16,0.1568627450980392,24,0.23529411764705882,0,0.0,9,0.08823529411764706,0,0,0,0,0,,0,,0,0,0,0,0,0,0,0,0,0,103,39,39,35,0.0,0.13592233009708737,0.5641025641025641,0.02857142857142857,0.0,0,0.0,0,0,0,0,0,0,0.0,0.0,
safety_stress_task4_4aa3812_s24111,rule_based_agent_1,1,3.0,1,3.0,3.0,0.0,,,400.0,3.0,3.0,3.0,3.0,0,0,0.75,133.33333333333334,0.0,0.0,,1.0,1.0,0.0,0.0,0.0,0.0,True,0.0,0.0,0.0,0.0,0.0,0.0,28.0,28.0,26.0,0.0,0.0,1.0769230769230769,0,26.0,26.0,1.0,1.0769230769230769,13.0,0.0325,1.0,400.0,0.0,0.0,1.0,1.0,0.0,0.0,400,0.0019758307933807374,0.003596782684326172,0.00834035873413086,0,0,91,0.23155216284987276,91,0.23155216284987276,92,0.2340966921119593,85,0.21628498727735368,8,0.020356234096692113,26,0.06615776081424936,1,1,1,0,0,,0,,0,0,0,0,0,0,0,0,0,0,400,46,46,42,0.02,0.2175,0.6521739130434783,0.023809523809523808,0.0,0,0.0,0,0,0,0,8,0,0.0,0.0,
safety_stress_task4_4aa3812_s24111,rule_based_agent_2,1,1.0,3,1.0,1.0,0.0,,,400.0,1.0,1.0,1.0,1.0,0,0,0.25,400.0,0.0,0.0,,1.0,1.0,0.0,0.0,0.0,0.0,True,0.0,0.0,1.0,1.0,0.0,0.0,33.0,33.0,25.0,0.0,0.0,1.32,0,25.0,24.0,0.96,1.375,15.0,0.0375,0.0,285.0,0.0,0.0,0.0,0.0,0.0,0.0,285,0.00172239855716103,0.0034296512603759766,0.005042552947998047,0,0,45,0.16423357664233576,71,0.2591240875912409,58,0.2116788321167883,75,0.2737226277372263,0,0.0,25,0.09124087591240876,0,0,0,0,0,,0,,0,0,0,0,0,0,0,0,0,0,285,31,31,28,0.0,0.18596491228070175,0.5483870967741935,0.07142857142857142,0.0,0,0.0,0,0,0,0,0,0,0.0,0.0,
safety_stress_task4_4aa3812_s24112,double_dqn_continuous_v2_agent,1,3.0,1,3.0,3.0,0.0,,,400.0,3.0,3.0,3.0,3.0,0,0,0.75,133.33333333333334,0.0,0.0,,1.0,1.0,0.0,0.0,0.0,0.0,True,0.0,0.0,0.0,0.0,0.0,0.0,44.0,44.0,46.0,13.0,0.2826086956521739,0.9565217391304348,0,45.0,45.0,1.0,0.9777777777777777,5.0,0.0125,1.0,400.0,1.0,1.0,0.0,0.0,0.0,0.0,400,0.008975404500961303,0.018344879150390625,0.0684652328491211,0,0,64,0.16,71,0.1775,64,0.16,72,0.18,83,0.2075,46,0.115,5,5,5,400,77,0.1925,0,0.0,12,0,12,0,14133,0,0,2117771,0,0,400,59,59,53,0.2075,0.045,0.6610169491525424,0.03773584905660377,0.0,0,0.0,3,3,0,8,68,4,0.0,0.0,
safety_stress_task4_4aa3812_s24112,rule_based_agent_0,1,2.0,2,2.0,2.0,0.0,,,400.0,2.0,2.0,2.0,2.0,0,0,0.5,200.0,0.0,0.0,,1.0,1.0,0.0,0.0,0.0,0.0,True,0.0,0.0,1.0,1.0,0.0,0.0,28.0,28.0,8.0,0.0,0.0,3.5,0,8.0,7.0,0.875,4.0,3.0,0.0075,0.0,76.0,0.0,0.0,0.0,0.0,0.0,0.0,76,0.0011741393490841514,0.0018568038940429688,0.0021512508392333984,0,0,11,0.1506849315068493,21,0.2876712328767123,19,0.2602739726027397,14,0.1917808219178082,0,0.0,8,0.1095890410958904,0,0,0,0,0,,0,,0,0,0,0,0,0,0,0,0,0,76,51,51,49,0.0,0.09210526315789473,0.5098039215686274,0.10204081632653061,0.058823529411764705,0,0.0,0,0,0,0,0,0,0.0,0.0,
safety_stress_task4_4aa3812_s24112,rule_based_agent_1,1,2.0,2,2.0,2.0,0.0,,,400.0,2.0,2.0,2.0,2.0,0,0,0.5,200.0,0.0,0.0,,1.0,1.0,0.0,0.0,0.0,0.0,True,0.0,0.0,1.0,1.0,0.0,0.0,18.0,18.0,6.0,0.0,0.0,3.0,0,6.0,5.0,0.8333333333333334,3.6,4.0,0.01,0.0,53.0,0.0,0.0,0.0,0.0,0.0,0.0,53,0.0011108416431355028,0.0017974376678466797,0.0018606185913085938,0,0,15,0.3,8,0.16,9,0.18,12,0.24,0,0.0,6,0.12,0,0,0,0,0,,0,,0,0,0,0,0,0,0,0,0,0,53,28,28,25,0.0,0.20754716981132076,0.5714285714285714,0.08,0.0,0,0.0,0,0,0,0,0,0,0.0,0.0,
safety_stress_task4_4aa3812_s24112,rule_based_agent_2,1,2.0,2,2.0,2.0,0.0,,,400.0,2.0,2.0,2.0,2.0,0,0,0.5,200.0,0.0,0.0,,1.0,1.0,0.0,0.0,0.0,0.0,True,0.0,0.0,0.0,0.0,0.0,0.0,26.0,26.0,22.0,0.0,0.0,1.1818181818181819,0,22.0,22.0,1.0,1.1818181818181819,3.0,0.0075,1.0,400.0,0.0,0.0,0.0,0.0,0.0,0.0,400,0.0019400525093078613,0.003960371017456055,0.005528450012207031,0,0,99,0.24874371859296482,93,0.23366834170854273,88,0.22110552763819097,84,0.21105527638190955,12,0.03015075376884422,22,0.05527638190954774,3,3,3,0,0,,0,,0,0,0,0,0,0,0,0,0,0,400,69,69,64,0.03,0.19,0.4927536231884058,0.125,0.028985507246376812,0,0.0,0,0,0,0,12,0,0.0,0.0,
safety_stress_task4_4aa3812_s24113,double_dqn_continuous_v2_agent,1,4.0,2,4.0,4.0,0.0,,,260.0,4.0,4.0,4.0,4.0,0,0,1.5384615384615385,65.0,0.0,0.0,,0.0,0.0,0.0,0.0,0.0,0.0,True,0.0,0.0,0.0,0.0,1.0,1.0,28.0,28.0,9.0,1.0,0.1111111111111111,3.111111111111111,0,9.0,9.0,1.0,3.111111111111111,1.0,0.0038461538461538464,0.0,106.0,0.0,0.0,0.0,0.0,0.0,0.0,106,0.026305799214345105,0.08310365676879883,0.1829984188079834,0,0,25,0.2358490566037736,10,0.09433962264150944,29,0.27358490566037735,20,0.18867924528301888,13,0.12264150943396226,9,0.08490566037735849,2,2,2,106,19,0.1792452830188679,2,0.018867924528301886,4,0,4,0,11916,0,0,2027576,2,0,106,60,60,55,0.12264150943396226,0.0660377358490566,0.8,0.01818181818181818,0.0,0,0.0,1,1,1,1,7,3,0.0,0.0,
safety_stress_task4_4aa3812_s24113,rule_based_agent_0,1,8.0,1,8.0,8.0,0.0,,,260.0,3.0,3.0,3.0,3.0,0,0,1.1538461538461537,86.66666666666667,0.0,0.0,,0.0,0.0,0.0,0.0,0.0,0.0,True,1.0,1.0,0.0,0.0,0.0,0.0,26.0,26.0,22.0,0.0,0.0,1.1818181818181819,0,22.0,22.0,1.0,1.1818181818181819,12.0,0.046153846153846156,1.0,260.0,1.0,1.0,0.0,0.0,0.0,0.0,260,0.0017680920087374174,0.003630399703979492,0.00513005256652832,0,0,50,0.1976284584980237,68,0.26877470355731226,54,0.2134387351778656,55,0.21739130434782608,4,0.015810276679841896,22,0.08695652173913043,4,4,4,0,0,,0,,0,0,0,0,0,0,0,0,0,0,260,77,77,71,0.015384615384615385,0.18076923076923077,0.4935064935064935,0.014084507042253521,0.0,0,0.0,0,0,0,0,4,0,0.0,0.0,
safety_stress_task4_4aa3812_s24113,rule_based_agent_1,1,1.0,3,1.0,1.0,0.0,,,260.0,1.0,1.0,1.0,1.0,0,0,0.38461538461538464,260.0,0.0,0.0,,0.0,0.0,0.0,0.0,0.0,0.0,True,0.0,0.0,1.0,1.0,0.0,0.0,31.0,31.0,17.0,0.0,0.0,1.8235294117647058,0,17.0,16.0,0.9411764705882353,1.9375,7.0,0.026923076923076925,0.0,160.0,0.0,0.0,0.0,0.0,0.0,0.0,160,0.0015777677297592163,0.0036487579345703125,0.006244182586669922,0,0,37,0.2356687898089172,40,0.25477707006369427,34,0.21656050955414013,29,0.18471337579617833,0,0.0,17,0.10828025477707007,0,0,0,0,0,,0,,0,0,0,0,0,0,0,0,0,0,160,70,70,68,0.0,0.2125,0.4714285714285714,0.07352941176470588,0.014285714285714285,0,0.0,0,0,0,0,0,0,0.0,0.0,
safety_stress_task4_4aa3812_s24113,rule_based_agent_2,1,1.0,3,1.0,1.0,0.0,,,260.0,1.0,1.0,1.0,1.0,0,0,0.38461538461538464,260.0,0.0,0.0,,0.0,0.0,0.0,0.0,0.0,0.0,True,0.0,0.0,1.0,1.0,0.0,0.0,36.0,36.0,22.0,0.0,0.0,1.6363636363636365,0,22.0,21.0,0.9545454545454546,1.7142857142857142,7.0,0.026923076923076925,0.0,256.0,0.0,0.0,0.0,0.0,0.0,0.0,256,0.0017573265358805656,0.0036628246307373047,0.004488945007324219,0,0,61,0.24015748031496062,58,0.2283464566929134,50,0.1968503937007874,63,0.24803149606299213,0,0.0,22,0.08661417322834646,0,0,0,0,0,,0,,0,0,0,0,0,0,0,0,0,0,256,56,56,53,0.0,0.1484375,0.5178571428571429,0.07547169811320754,0.0,0,0.0,0,0,0,0,0,0,0.0,0.0,
safety_stress_task4_4aa3812_s24114,double_dqn_continuous_v2_agent,1,3.0,2,3.0,3.0,0.0,,,400.0,3.0,3.0,3.0,3.0,0,0,0.75,133.33333333333334,0.0,0.0,,1.0,1.0,0.0,0.0,0.0,0.0,True,0.0,0.0,0.0,0.0,0.0,0.0,34.0,34.0,43.0,21.0,0.4883720930232558,0.7906976744186046,0,43.0,43.0,1.0,0.7906976744186046,0.0,0.0,1.0,400.0,0.0,0.0,0.0,0.0,0.0,0.0,400,0.016710458993911742,0.052753448486328125,0.17507004737854004,0,0,79,0.1975,84,0.21,67,0.1675,71,0.1775,56,0.14,43,0.1075,3,3,3,400,89,0.2225,0,0.0,20,0,20,0,35139,0,0,5531312,0,0,400,46,46,40,0.14,0.065,0.7391304347826086,0.125,0.0,0,0.0,0,0,0,5,47,4,0.0,0.0,
safety_stress_task4_4aa3812_s24114,rule_based_agent_0,1,3.0,2,3.0,3.0,0.0,,,400.0,3.0,3.0,3.0,3.0,0,0,0.75,133.33333333333334,0.0,0.0,,1.0,1.0,0.0,0.0,0.0,0.0,True,0.0,0.0,0.0,0.0,0.0,0.0,26.0,26.0,24.0,0.0,0.0,1.0833333333333333,0,24.0,24.0,1.0,1.0833333333333333,4.0,0.01,1.0,400.0,0.0,0.0,0.0,0.0,0.0,0.0,400,0.0017750316858291626,0.0035271644592285156,0.004934787750244141,0,0,82,0.205,96,0.24,83,0.2075,102,0.255,13,0.0325,24,0.06,2,2,2,0,0,,0,,0,0,0,0,0,0,0,0,0,0,400,60,60,55,0.0325,0.2125,0.6,0.03636363636363636,0.03333333333333333,0,0.0,0,0,0,0,13,0,0.0,0.0,
safety_stress_task4_4aa3812_s24114,rule_based_agent_1,1,2.0,3,2.0,2.0,0.0,,,400.0,2.0,2.0,2.0,2.0,0,0,0.5,200.0,0.0,0.0,,1.0,1.0,0.0,0.0,0.0,0.0,True,0.0,0.0,1.0,1.0,1.0,1.0,33.0,33.0,12.0,0.0,0.0,2.75,0,12.0,11.0,0.9166666666666666,3.0,5.0,0.0125,0.0,126.0,0.0,0.0,0.0,0.0,0.0,0.0,126,0.0013935414571610708,0.0034351348876953125,0.005128383636474609,0,0,19,0.15447154471544716,39,0.3170731707317073,27,0.21951219512195122,26,0.21138211382113822,0,0.0,12,0.0975609756097561,0,0,0,0,0,,0,,0,0,0,0,0,0,0,0,0,0,126,45,45,40,0.0,0.16666666666666666,0.5777777777777777,0.1,0.0,0,0.0,0,0,0,0,0,0,0.0,0.0,
safety_stress_task4_4aa3812_s24114,rule_based_agent_2,1,6.0,1,6.0,6.0,0.0,,,400.0,1.0,1.0,1.0,1.0,0,0,0.25,400.0,0.0,0.0,,1.0,1.0,0.0,0.0,0.0,0.0,True,1.0,1.0,1.0,1.0,0.0,0.0,34.0,34.0,19.0,0.0,0.0,1.7894736842105263,0,19.0,18.0,0.9473684210526315,1.8888888888888888,13.0,0.0325,0.0,241.0,1.0,1.0,0.0,0.0,0.0,0.0,241,0.0017759493277775301,0.0033783912658691406,0.0044667720794677734,0,0,62,0.26495726495726496,46,0.19658119658119658,56,0.23931623931623933,51,0.21794871794871795,0,0.0,19,0.0811965811965812,0,0,0,0,0,,0,,0,0,0,0,0,0,0,0,0,0,241,43,43,38,0.0,0.17012448132780084,0.5581395348837209,0.18421052631578946,0.0,0,0.0,0,0,0,0,0,0,0.0,0.0,
safety_stress_task4_4aa3812_s24115,double_dqn_continuous_v2_agent,1,2.0,2,2.0,2.0,0.0,,,400.0,2.0,2.0,2.0,2.0,0,0,0.5,200.0,0.0,0.0,,1.0,1.0,0.0,0.0,1.0,1.0,True,0.0,0.0,0.0,0.0,0.0,0.0,35.0,35.0,42.0,25.0,0.5952380952380952,0.8333333333333334,0,42.0,42.0,1.0,0.8333333333333334,1.0,0.0025,1.0,400.0,0.0,0.0,0.0,0.0,0.0,0.0,400,0.016575666666030883,0.03407907485961914,0.08042716979980469,0,0,67,0.1675,90,0.225,70,0.175,83,0.2075,48,0.12,42,0.105,3,3,3,400,68,0.17,0,0.0,4,0,4,0,45632,0,0,7047820,0,0,400,34,34,30,0.12,0.17,0.7647058823529411,0.1,0.0,0,0.0,2,2,0,2,43,1,0.0,0.0,
safety_stress_task4_4aa3812_s24115,rule_based_agent_0,1,1.0,3,1.0,1.0,0.0,,,400.0,1.0,1.0,1.0,1.0,0,0,0.25,400.0,0.0,0.0,,1.0,1.0,0.0,0.0,1.0,1.0,True,0.0,0.0,0.0,0.0,0.0,0.0,33.0,33.0,23.0,0.0,0.0,1.434782608695652,0,23.0,23.0,1.0,1.434782608695652,13.0,0.0325,1.0,400.0,0.0,0.0,0.0,0.0,0.0,0.0,400,0.002585430145263672,0.003780364990234375,0.00624847412109375,0,0,54,0.13705583756345177,130,0.3299492385786802,52,0.1319796954314721,135,0.3426395939086294,0,0.0,23,0.0583756345177665,0,0,0,0,0,,0,,0,0,0,0,0,0,0,0,0,0,400,30,30,27,0.0,0.52,0.7,0.037037037037037035,0.0,0,0.0,0,0,0,0,0,0,0.0,0.0,
safety_stress_task4_4aa3812_s24115,rule_based_agent_1,1,2.0,2,2.0,2.0,0.0,,,400.0,2.0,2.0,2.0,2.0,0,0,0.5,200.0,0.0,0.0,,1.0,1.0,0.0,0.0,0.0,0.0,True,0.0,0.0,1.0,1.0,0.0,0.0,22.0,22.0,8.0,0.0,0.0,2.75,0,8.0,7.0,0.875,3.142857142857143,4.0,0.01,0.0,107.0,0.0,0.0,0.0,0.0,0.0,0.0,107,0.001569930638108298,0.003953695297241211,0.005808115005493164,0,0,22,0.20952380952380953,16,0.1523809523809524,32,0.3047619047619048,27,0.2571428571428571,0,0.0,8,0.0761904761904762,0,0,0,0,0,,0,,0,0,0,0,0,0,0,0,0,0,107,18,18,16,0.0,0.21495327102803738,0.6111111111111112,0.0625,0.0,0,0.0,0,0,0,0,0,0,0.0,0.0,
safety_stress_task4_4aa3812_s24115,rule_based_agent_2,1,4.0,1,4.0,4.0,0.0,,,400.0,4.0,4.0,4.0,4.0,0,0,1.0,100.0,0.0,0.0,,1.0,1.0,0.0,0.0,0.0,0.0,True,0.0,0.0,0.0,0.0,0.0,0.0,32.0,32.0,22.0,0.0,0.0,1.4545454545454546,0,22.0,22.0,1.0,1.4545454545454546,5.0,0.0125,1.0,400.0,1.0,1.0,0.0,0.0,0.0,0.0,400,0.0026014357805252074,0.0040552616119384766,0.00601959228515625,0,0,111,0.27889447236180903,85,0.2135678391959799,108,0.271356783919598,72,0.18090452261306533,0,0.0,22,0.05527638190954774,0,0,0,0,0,,0,,0,0,0,0,0,0,0,0,0,0,400,41,41,35,0.0,0.38,0.6585365853658537,0.0,0.0,0,0.0,0,0,0,0,0,0,0.0,0.0,
safety_stress_task4_4aa3812_s24116,double_dqn_continuous_v2_agent,1,5.0,2,5.0,5.0,0.0,,,400.0,5.0,5.0,5.0,5.0,0,0,1.25,80.0,0.0,0.0,,1.0,1.0,0.0,0.0,0.0,0.0,True,0.0,0.0,0.0,0.0,0.0,0.0,45.0,45.0,44.0,8.0,0.18181818181818182,1.0227272727272727,0,43.0,43.0,1.0,1.0465116279069768,1.0,0.0025,1.0,400.0,0.0,0.0,0.0,0.0,0.0,0.0,400,0.009113714694976807,0.019957542419433594,0.05481123924255371,0,0,72,0.18,93,0.2325,68,0.17,79,0.1975,44,0.11,44,0.11,3,3,3,400,64,0.16,0,0.0,15,0,15,0,17649,0,0,2342365,0,0,400,42,42,36,0.11,0.085,0.7619047619047619,0.0,0.0,0,0.0,2,2,0,3,37,2,0.0,0.0,
safety_stress_task4_4aa3812_s24116,rule_based_agent_0,1,8.0,1,8.0,8.0,0.0,,,400.0,3.0,3.0,3.0,3.0,0,0,0.75,133.33333333333334,0.0,0.0,,1.0,1.0,0.0,0.0,0.0,0.0,True,1.0,1.0,0.0,0.0,0.0,0.0,32.0,32.0,25.0,0.0,0.0,1.28,0,24.0,24.0,1.0,1.3333333333333333,7.0,0.0175,1.0,400.0,1.0,1.0,0.0,0.0,0.0,0.0,400,0.001882125735282898,0.0035753250122070312,0.005185842514038086,0,0,82,0.20603015075376885,95,0.23869346733668342,95,0.23869346733668342,97,0.24371859296482412,4,0.010050251256281407,25,0.06281407035175879,1,1,1,0,0,,0,,0,0,0,0,0,0,0,0,0,0,400,54,54,49,0.01,0.21,0.6666666666666666,0.02040816326530612,0.0,0,0.0,0,0,0,0,4,0,0.0,0.0,
safety_stress_task4_4aa3812_s24116,rule_based_agent_1,1,1.0,3,1.0,1.0,0.0,,,400.0,1.0,1.0,1.0,1.0,0,0,0.25,400.0,0.0,0.0,,1.0,1.0,0.0,0.0,0.0,0.0,True,0.0,0.0,1.0,1.0,0.0,0.0,23.0,23.0,10.0,0.0,0.0,2.3,0,10.0,9.0,0.9,2.5555555555555554,4.0,0.01,0.0,106.0,0.0,0.0,0.0,0.0,0.0,0.0,106,0.0015541540001923182,0.003052234649658203,0.004394054412841797,0,0,25,0.2403846153846154,25,0.2403846153846154,27,0.25961538461538464,17,0.16346153846153846,0,0.0,10,0.09615384615384616,0,0,0,0,0,,0,,0,0,0,0,0,0,0,0,0,0,106,14,14,13,0.0,0.1320754716981132,0.7857142857142857,0.23076923076923078,0.0,0,0.0,0,0,0,0,0,0,0.0,0.0,
safety_stress_task4_4aa3812_s24116,rule_based_agent_2,1,0.0,4,0.0,0.0,0.0,,,400.0,0.0,0.0,0.0,0.0,1,1,0.0,,0.0,0.0,,1.0,1.0,0.0,0.0,0.0,0.0,True,0.0,0.0,1.0,1.0,1.0,1.0,18.0,18.0,6.0,0.0,0.0,3.0,0,6.0,5.0,0.8333333333333334,3.6,3.0,0.0075,0.0,54.0,0.0,0.0,0.0,0.0,0.0,0.0,54,0.001241427880746347,0.0017614364624023438,0.0020520687103271484,0,0,15,0.29411764705882354,8,0.1568627450980392,9,0.17647058823529413,13,0.2549019607843137,0,0.0,6,0.11764705882352941,0,0,0,0,0,,0,,0,0,0,0,0,0,0,0,0,0,54,19,19,18,0.0,0.12962962962962962,0.47368421052631576,0.05555555555555555,0.0,0,0.0,0,0,0,0,0,0,0.0,0.0,
safety_stress_task4_4aa3812_s24117,double_dqn_continuous_v2_agent,1,5.0,1,5.0,5.0,0.0,,,400.0,5.0,5.0,5.0,5.0,0,0,1.25,80.0,0.0,0.0,,1.0,1.0,0.0,0.0,1.0,1.0,True,0.0,0.0,0.0,0.0,0.0,0.0,29.0,29.0,45.0,30.0,0.6666666666666666,0.6444444444444445,0,44.0,44.0,1.0,0.6590909090909091,0.0,0.0,1.0,400.0,1.0,1.0,0.0,0.0,0.0,0.0,400,0.030057971477508546,0.08127450942993164,0.22891807556152344,0,0,64,0.16,77,0.1925,67,0.1675,77,0.1925,70,0.175,45,0.1125,2,2,2,400,72,0.18,0,0.0,4,0,4,0,84765,0,0,13478445,0,0,400,56,56,49,0.175,0.07,0.8214285714285714,0.02040816326530612,0.0,0,0.0,1,1,0,4,63,2,0.0,0.0,
safety_stress_task4_4aa3812_s24117,rule_based_agent_0,1,3.0,2,3.0,3.0,0.0,,,400.0,3.0,3.0,3.0,3.0,0,0,0.75,133.33333333333334,0.0,0.0,,1.0,1.0,0.0,0.0,0.0,0.0,True,0.0,0.0,0.0,0.0,0.0,0.0,35.0,35.0,35.0,0.0,0.0,1.0,0,34.0,34.0,1.0,1.0294117647058822,11.0,0.0275,1.0,400.0,0.0,0.0,0.0,0.0,0.0,0.0,400,0.001976855397224426,0.003695964813232422,0.009854316711425781,0,0,71,0.17929292929292928,108,0.2727272727272727,85,0.21464646464646464,97,0.24494949494949494,0,0.0,35,0.08838383838383838,0,0,0,0,0,,0,,0,0,0,0,0,0,0,0,0,0,400,56,56,49,0.0,0.2125,0.625,0.02040816326530612,0.0,0,0.0,0,0,0,0,0,0,0.0,0.0,
safety_stress_task4_4aa3812_s24117,rule_based_agent_1,1,0.0,4,0.0,0.0,0.0,,,400.0,0.0,0.0,0.0,0.0,1,1,0.0,,0.0,0.0,,1.0,1.0,0.0,0.0,0.0,0.0,True,0.0,0.0,1.0,1.0,0.0,0.0,25.0,25.0,26.0,0.0,0.0,0.9615384615384616,0,26.0,25.0,0.9615384615384616,1.0,12.0,0.03,0.0,289.0,0.0,0.0,0.0,0.0,0.0,0.0,289,0.001638051960295047,0.003559589385986328,0.005120515823364258,0,0,69,0.24295774647887325,60,0.2112676056338028,66,0.2323943661971831,63,0.22183098591549297,0,0.0,26,0.09154929577464789,0,0,0,0,0,,0,,0,0,0,0,0,0,0,0,0,0,289,51,51,45,0.0,0.18685121107266436,0.45098039215686275,0.06666666666666667,0.0,0,0.0,0,0,0,0,0,0,0.0,0.0,
safety_stress_task4_4aa3812_s24117,rule_based_agent_2,1,1.0,3,1.0,1.0,0.0,,,400.0,1.0,1.0,1.0,1.0,0,0,0.25,400.0,0.0,0.0,,1.0,1.0,0.0,0.0,0.0,0.0,True,0.0,0.0,0.0,0.0,0.0,0.0,30.0,30.0,39.0,0.0,0.0,0.7692307692307693,0,38.0,38.0,1.0,0.7894736842105263,10.0,0.025,1.0,400.0,0.0,0.0,0.0,0.0,0.0,0.0,400,0.0018145960569381713,0.0035855770111083984,0.004304409027099609,0,0,88,0.22110552763819097,98,0.24623115577889448,89,0.2236180904522613,84,0.21105527638190955,0,0.0,39,0.09798994974874371,0,0,0,0,0,,0,,0,0,0,0,0,0,0,0,0,0,400,56,56,49,0.0,0.175,0.5178571428571429,0.02040816326530612,0.0,0,0.0,0,0,0,0,0,0,0.0,0.0,
safety_stress_task4_4aa3812_s24118,double_dqn_continuous_v2_agent,1,5.0,1,5.0,5.0,0.0,,,400.0,5.0,5.0,5.0,5.0,0,0,1.25,80.0,0.0,0.0,,1.0,1.0,0.0,0.0,0.0,0.0,True,0.0,0.0,0.0,0.0,0.0,0.0,38.0,38.0,43.0,30.0,0.6976744186046512,0.8837209302325582,0,42.0,42.0,1.0,0.9047619047619048,0.0,0.0,1.0,400.0,1.0,1.0,0.0,0.0,0.0,0.0,400,0.015580816268920899,0.0323328971862793,0.06681585311889648,0,0,72,0.18,89,0.2225,61,0.1525,75,0.1875,60,0.15,43,0.1075,2,2,2,400,73,0.1825,0,0.0,2,0,2,0,36817,0,0,6246182,0,0,400,52,52,46,0.15,0.0725,0.6730769230769231,0.043478260869565216,0.11538461538461539,0,0.0,3,3,0,2,52,3,0.0,0.0,
safety_stress_task4_4aa3812_s24118,rule_based_agent_0,1,3.0,2,3.0,3.0,0.0,,,400.0,3.0,3.0,3.0,3.0,0,0,0.75,133.33333333333334,0.0,0.0,,1.0,1.0,0.0,0.0,0.0,0.0,True,0.0,0.0,0.0,0.0,0.0,0.0,26.0,26.0,22.0,0.0,0.0,1.1818181818181819,0,22.0,22.0,1.0,1.1818181818181819,9.0,0.0225,1.0,400.0,0.0,0.0,0.0,0.0,0.0,0.0,400,0.0025114119052886963,0.003757476806640625,0.006330728530883789,0,0,105,0.26582278481012656,78,0.19746835443037974,101,0.25569620253164554,89,0.22531645569620254,0,0.0,22,0.05569620253164557,0,0,0,0,0,,0,,0,0,0,0,0,0,0,0,0,0,400,66,66,60,0.0,0.35,0.5909090909090909,0.03333333333333333,0.0,0,0.0,0,0,0,0,0,0,0.0,0.0,
safety_stress_task4_4aa3812_s24118,rule_based_agent_1,1,0.0,4,0.0,0.0,0.0,,,400.0,0.0,0.0,0.0,0.0,1,1,0.0,,0.0,0.0,,1.0,1.0,0.0,0.0,0.0,0.0,True,0.0,0.0,1.0,1.0,0.0,0.0,30.0,30.0,9.0,0.0,0.0,3.3333333333333335,0,9.0,8.0,0.8888888888888888,3.75,2.0,0.005,0.0,84.0,0.0,0.0,0.0,0.0,0.0,0.0,84,0.0013293822606404622,0.0019462108612060547,0.00225067138671875,0,0,9,0.10843373493975904,17,0.20481927710843373,18,0.21686746987951808,30,0.3614457831325301,0,0.0,9,0.10843373493975904,0,0,0,0,0,,0,,0,0,0,0,0,0,0,0,0,0,84,23,23,21,0.0,0.05952380952380952,0.43478260869565216,0.09523809523809523,0.0,0,0.0,0,0,0,0,0,0,0.0,0.0,
safety_stress_task4_4aa3812_s24118,rule_based_agent_2,1,1.0,3,1.0,1.0,0.0,,,400.0,1.0,1.0,1.0,1.0,0,0,0.25,400.0,0.0,0.0,,1.0,1.0,0.0,0.0,1.0,1.0,True,0.0,0.0,0.0,0.0,0.0,0.0,17.0,17.0,25.0,0.0,0.0,0.68,0,25.0,25.0,1.0,0.68,9.0,0.0225,1.0,400.0,0.0,0.0,0.0,0.0,0.0,0.0,400,0.002512018084526062,0.003813505172729492,0.006829023361206055,0,0,46,0.11586901763224182,137,0.345088161209068,59,0.1486146095717884,130,0.327455919395466,0,0.0,25,0.06297229219143577,0,0,0,0,0,,0,,0,0,0,0,0,0,0,0,0,0,400,48,48,44,0.0,0.4875,0.5,0.06818181818181818,0.16666666666666666,0,0.0,0,0,0,0,0,0,0.0,0.0,
safety_stress_task4_4aa3812_s24119,double_dqn_continuous_v2_agent,1,1.0,3,1.0,1.0,0.0,,,400.0,1.0,1.0,1.0,1.0,0,0,0.25,400.0,0.0,0.0,,1.0,1.0,0.0,0.0,1.0,1.0,True,0.0,0.0,0.0,0.0,0.0,0.0,29.0,29.0,45.0,19.0,0.4222222222222222,0.6444444444444445,0,44.0,44.0,1.0,0.6590909090909091,1.0,0.0025,1.0,400.0,0.0,0.0,0.0,0.0,0.0,0.0,400,0.017801881432533265,0.06354618072509766,0.10258984565734863,0,0,53,0.1325,96,0.24,54,0.135,86,0.215,66,0.165,45,0.1125,4,4,4,400,89,0.2225,0,0.0,23,0,23,0,34356,0,0,5822503,0,0,400,14,14,9,0.165,0.1425,0.8571428571428571,0.1111111111111111,0.0,0,0.0,0,0,0,8,56,2,0.0,0.0,
safety_stress_task4_4aa3812_s24119,rule_based_agent_0,1,2.0,2,2.0,2.0,0.0,,,400.0,2.0,2.0,2.0,2.0,0,0,0.5,200.0,0.0,0.0,,1.0,1.0,0.0,0.0,0.0,0.0,True,0.0,0.0,1.0,1.0,0.0,0.0,33.0,33.0,14.0,0.0,0.0,2.357142857142857,0,14.0,13.0,0.9285714285714286,2.5384615384615383,3.0,0.0075,0.0,152.0,0.0,0.0,0.0,0.0,0.0,0.0,152,0.0016892034756509882,0.0036580562591552734,0.005383729934692383,0,0,26,0.17218543046357615,38,0.25165562913907286,32,0.2119205298013245,41,0.271523178807947,0,0.0,14,0.09271523178807947,0,0,0,0,0,,0,,0,0,0,0,0,0,0,0,0,0,152,14,14,9,0.0,0.19078947368421054,0.7857142857142857,0.1111111111111111,0.0,0,0.0,0,0,0,0,0,0,0.0,0.0,
safety_stress_task4_4aa3812_s24119,rule_based_agent_1,1,3.0,1,3.0,3.0,0.0,,,400.0,3.0,3.0,3.0,3.0,0,0,0.75,133.33333333333334,0.0,0.0,,1.0,1.0,0.0,0.0,0.0,0.0,True,0.0,0.0,0.0,0.0,0.0,0.0,32.0,32.0,26.0,0.0,0.0,1.2307692307692308,0,26.0,26.0,1.0,1.2307692307692308,8.0,0.02,1.0,400.0,0.0,0.0,1.0,1.0,0.0,0.0,400,0.0019501298666000366,0.0036835670471191406,0.004869937896728516,0,0,89,0.22531645569620254,102,0.2582278481012658,76,0.19240506329113924,88,0.22278481012658227,14,0.035443037974683546,26,0.06582278481012659,2,2,2,0,0,,0,,0,0,0,0,0,0,0,0,0,0,400,20,20,15,0.035,0.2225,0.7,0.06666666666666667,0.05,0,0.0,0,0,0,0,14,0,0.0,0.0,
safety_stress_task4_4aa3812_s24119,rule_based_agent_2,1,3.0,1,3.0,3.0,0.0,,,400.0,3.0,3.0,3.0,3.0,0,0,0.75,133.33333333333334,0.0,0.0,,1.0,1.0,0.0,0.0,0.0,0.0,True,0.0,0.0,1.0,1.0,0.0,0.0,35.0,35.0,22.0,0.0,0.0,1.5909090909090908,0,22.0,21.0,0.9545454545454546,1.6666666666666667,8.0,0.02,0.0,237.0,0.0,0.0,1.0,1.0,0.0,0.0,237,0.002316132879458399,0.0040323734283447266,0.005494594573974609,0,0,49,0.2094017094017094,60,0.2564102564102564,44,0.18803418803418803,59,0.25213675213675213,0,0.0,22,0.09401709401709402,0,0,0,0,0,,0,,0,0,0,0,0,0,0,0,0,0,237,23,23,18,0.0,0.21518987341772153,0.7391304347826086,0.05555555555555555,0.0,0,0.0,0,0,0,0,0,0,0.0,0.0,
safety_stress_task4_4aa3812_s24120,double_dqn_continuous_v2_agent,1,3.0,2,3.0,3.0,0.0,,,400.0,3.0,3.0,3.0,3.0,0,0,0.75,133.33333333333334,0.0,0.0,,1.0,1.0,1.0,1.0,0.0,0.0,True,0.0,0.0,0.0,0.0,1.0,1.0,16.0,16.0,8.0,0.0,0.0,2.0,0,8.0,8.0,1.0,2.0,0.0,0.0,0.0,87.0,0.0,0.0,0.0,0.0,0.0,0.0,87,0.018947376601997464,0.04707932472229004,0.09275197982788086,0,0,15,0.1724137931034483,9,0.10344827586206896,23,0.26436781609195403,11,0.12643678160919541,21,0.2413793103448276,8,0.09195402298850575,12,12,12,87,24,0.27586206896551724,4,0.04597701149425287,5,0,5,0,12590,0,0,1349106,4,0,87,21,21,17,0.2413793103448276,0.05747126436781609,0.8095238095238095,0.058823529411764705,0.0,0,0.0,0,0,1,1,17,2,0.0,0.0,
safety_stress_task4_4aa3812_s24120,rule_based_agent_0,1,14.0,1,14.0,14.0,0.0,,,400.0,4.0,4.0,4.0,4.0,0,0,1.0,100.0,0.0,0.0,,1.0,1.0,0.0,0.0,1.0,1.0,True,2.0,2.0,0.0,0.0,0.0,0.0,40.0,40.0,36.0,0.0,0.0,1.1111111111111112,0,36.0,36.0,1.0,1.1111111111111112,16.0,0.04,1.0,400.0,1.0,1.0,0.0,0.0,0.0,0.0,400,0.0020751160383224486,0.0037457942962646484,0.006783485412597656,0,0,76,0.19289340101522842,102,0.25888324873096447,78,0.19796954314720813,102,0.25888324873096447,0,0.0,36,0.09137055837563451,0,0,0,0,0,,0,,0,0,0,0,0,0,0,0,0,0,400,39,39,33,0.0,0.2225,0.6153846153846154,0.030303030303030304,0.0,0,0.0,0,0,0,0,0,0,0.0,0.0,
safety_stress_task4_4aa3812_s24120,rule_based_agent_1,1,1.0,3,1.0,1.0,0.0,,,400.0,1.0,1.0,1.0,1.0,0,0,0.25,400.0,0.0,0.0,,1.0,1.0,0.0,0.0,0.0,0.0,True,0.0,0.0,0.0,0.0,0.0,0.0,28.0,28.0,34.0,0.0,0.0,0.8235294117647058,0,34.0,34.0,1.0,0.8235294117647058,9.0,0.0225,1.0,400.0,0.0,0.0,0.0,0.0,0.0,0.0,400,0.0023518186807632447,0.0041904449462890625,0.006956338882446289,0,0,100,0.2518891687657431,78,0.1964735516372796,97,0.24433249370277077,88,0.2216624685138539,0,0.0,34,0.08564231738035265,0,0,0,0,0,,0,,0,0,0,0,0,0,0,0,0,0,400,38,38,31,0.0,0.2525,0.47368421052631576,0.03225806451612903,0.0,0,0.0,0,0,0,0,0,0,0.0,0.0,
safety_stress_task4_4aa3812_s24120,rule_based_agent_2,1,1.0,3,1.0,1.0,0.0,,,400.0,1.0,1.0,1.0,1.0,0,0,0.25,400.0,0.0,0.0,,1.0,1.0,0.0,0.0,0.0,0.0,True,0.0,0.0,1.0,1.0,1.0,1.0,35.0,35.0,13.0,0.0,0.0,2.6923076923076925,0,13.0,12.0,0.9230769230769231,2.9166666666666665,7.0,0.0175,0.0,147.0,0.0,0.0,0.0,0.0,0.0,0.0,147,0.0017622036187827182,0.0041615962982177734,0.005773305892944336,0,0,25,0.1736111111111111,43,0.2986111111111111,32,0.2222222222222222,31,0.2152777777777778,0,0.0,13,0.09027777777777778,0,0,0,0,0,,0,,0,0,0,0,0,0,0,0,0,0,147,25,25,20,0.0,0.10204081632653061,0.56,0.15,0.0,0,0.0,0,0,0,0,0,0,0.0,0.0,
safety_stress_task4_4aa3812_s24121,double_dqn_continuous_v2_agent,1,2.0,2,2.0,2.0,0.0,,,400.0,2.0,2.0,2.0,2.0,0,0,0.5,200.0,0.0,0.0,,1.0,1.0,0.0,0.0,1.0,1.0,True,0.0,0.0,0.0,0.0,0.0,0.0,23.0,23.0,26.0,13.0,0.5,0.8846153846153846,0,26.0,26.0,1.0,0.8846153846153846,1.0,0.0025,1.0,400.0,0.0,0.0,0.0,0.0,0.0,0.0,400,0.023038467168807985,0.06979942321777344,0.18261122703552246,0,0,43,0.1075,127,0.3175,41,0.1025,122,0.305,41,0.1025,26,0.065,2,2,2,400,53,0.1325,0,0.0,18,0,18,0,37638,0,0,7730246,0,0,400,31,31,25,0.1025,0.3575,0.8064516129032258,0.0,0.0,0,0.0,2,2,0,0,38,1,0.0,0.0,
safety_stress_task4_4aa3812_s24121,rule_based_agent_0,1,2.0,2,2.0,2.0,0.0,,,400.0,2.0,2.0,2.0,2.0,0,0,0.5,200.0,0.0,0.0,,1.0,1.0,0.0,0.0,0.0,0.0,True,0.0,0.0,1.0,1.0,0.0,0.0,35.0,35.0,14.0,0.0,0.0,2.5,0,14.0,13.0,0.9285714285714286,2.6923076923076925,5.0,0.0125,0.0,196.0,0.0,0.0,0.0,0.0,0.0,0.0,196,0.002304777807118941,0.0041887760162353516,0.005271434783935547,0,0,39,0.20207253886010362,43,0.22279792746113988,51,0.26424870466321243,46,0.23834196891191708,0,0.0,14,0.07253886010362694,0,0,0,0,0,,0,,0,0,0,0,0,0,0,0,0,0,196,28,28,23,0.0,0.23979591836734693,0.8214285714285714,0.08695652173913043,0.0,0,0.0,0,0,0,0,0,0,0.0,0.0,
safety_stress_task4_4aa3812_s24121,rule_based_agent_1,1,3.0,1,3.0,3.0,0.0,,,400.0,3.0,3.0,3.0,3.0,0,0,0.75,133.33333333333334,0.0,0.0,,1.0,1.0,0.0,0.0,1.0,1.0,True,0.0,0.0,0.0,0.0,0.0,0.0,25.0,25.0,19.0,0.0,0.0,1.3157894736842106,0,19.0,19.0,1.0,1.3157894736842106,6.0,0.015,1.0,400.0,1.0,1.0,0.0,0.0,0.0,0.0,400,0.0027774715423583983,0.004030466079711914,0.010823965072631836,0,0,80,0.20151133501259447,109,0.27455919395465994,79,0.19899244332493704,110,0.2770780856423174,0,0.0,19,0.04785894206549118,0,0,0,0,0,,0,,0,0,0,0,0,0,0,0,0,0,400,37,37,31,0.0,0.4775,0.6756756756756757,0.0,0.0,0,0.0,0,0,0,0,0,0,0.0,0.0,
safety_stress_task4_4aa3812_s24121,rule_based_agent_2,1,2.0,2,2.0,2.0,0.0,,,400.0,2.0,2.0,2.0,2.0,0,0,0.5,200.0,0.0,0.0,,1.0,1.0,0.0,0.0,1.0,1.0,True,0.0,0.0,0.0,0.0,0.0,0.0,42.0,42.0,22.0,0.0,0.0,1.9090909090909092,0,22.0,22.0,1.0,1.9090909090909092,6.0,0.015,1.0,400.0,0.0,0.0,0.0,0.0,0.0,0.0,400,0.002579931616783142,0.0038383007049560547,0.006003856658935547,0,0,41,0.10353535353535354,147,0.3712121212121212,55,0.1388888888888889,131,0.33080808080808083,0,0.0,22,0.05555555555555555,0,0,0,0,0,,0,,0,0,0,0,0,0,0,0,0,0,400,29,29,25,0.0,0.4975,0.4827586206896552,0.04,0.0,0,0.0,0,0,0,0,0,0,0.0,0.0,
safety_stress_task4_4aa3812_s24122,double_dqn_continuous_v2_agent,1,3.0,3,3.0,3.0,0.0,,,400.0,3.0,3.0,3.0,3.0,0,0,0.75,133.33333333333334,0.0,0.0,,1.0,1.0,0.0,0.0,0.0,0.0,True,0.0,0.0,0.0,0.0,0.0,0.0,34.0,34.0,40.0,12.0,0.3,0.85,0,40.0,40.0,1.0,0.85,0.0,0.0,1.0,400.0,0.0,0.0,0.0,0.0,0.0,0.0,400,0.011457340121269225,0.0279083251953125,0.06105375289916992,0,0,75,0.1875,79,0.1975,76,0.19,73,0.1825,57,0.1425,40,0.1,2,2,2,400,98,0.245,0,0.0,26,0,26,0,20117,0,0,3076419,0,0,400,44,44,39,0.1425,0.05,0.75,0.07692307692307693,0.06818181818181818,0,0.0,0,0,0,3,48,6,0.0,0.0,
safety_stress_task4_4aa3812_s24122,rule_based_agent_0,1,5.0,2,5.0,5.0,0.0,,,400.0,5.0,5.0,5.0,5.0,0,0,1.25,80.0,0.0,0.0,,1.0,1.0,0.0,0.0,0.0,0.0,True,0.0,0.0,0.0,0.0,0.0,0.0,34.0,34.0,22.0,0.0,0.0,1.5454545454545454,0,22.0,22.0,1.0,1.5454545454545454,6.0,0.015,1.0,400.0,0.0,0.0,0.0,0.0,0.0,0.0,400,0.001986510157585144,0.004133462905883789,0.007657527923583984,0,0,98,0.2474747474747475,87,0.2196969696969697,87,0.2196969696969697,94,0.23737373737373738,8,0.020202020202020204,22,0.05555555555555555,2,2,2,0,0,,0,,0,0,0,0,0,0,0,0,0,0,400,47,47,40,0.02,0.18,0.6170212765957447,0.0,0.0,0,0.0,0,0,0,0,8,0,0.0,0.0,
safety_stress_task4_4aa3812_s24122,rule_based_agent_1,1,0.0,4,0.0,0.0,0.0,,,400.0,0.0,0.0,0.0,0.0,1,1,0.0,,0.0,0.0,,1.0,1.0,0.0,0.0,0.0,0.0,True,0.0,0.0,1.0,1.0,1.0,1.0,29.0,29.0,8.0,0.0,0.0,3.625,0,8.0,7.0,0.875,4.142857142857143,2.0,0.005,0.0,75.0,0.0,0.0,0.0,0.0,0.0,0.0,75,0.0014309279123942058,0.0020062923431396484,0.002168416976928711,0,0,15,0.20270270270270271,21,0.28378378378378377,15,0.20270270270270271,15,0.20270270270270271,0,0.0,8,0.10810810810810811,0,0,0,0,0,,0,,0,0,0,0,0,0,0,0,0,0,75,12,12,10,0.0,0.12,0.4166666666666667,0.2,0.0,0,0.0,0,0,0,0,0,0,0.0,0.0,
safety_stress_task4_4aa3812_s24122,rule_based_agent_2,1,6.0,1,6.0,6.0,0.0,,,400.0,1.0,1.0,1.0,1.0,0,0,0.25,400.0,0.0,0.0,,1.0,1.0,0.0,0.0,0.0,0.0,True,1.0,1.0,1.0,1.0,0.0,0.0,20.0,20.0,16.0,0.0,0.0,1.25,0,16.0,15.0,0.9375,1.3333333333333333,8.0,0.02,0.0,163.0,1.0,1.0,0.0,0.0,0.0,0.0,163,0.0018007857667887868,0.00376129150390625,0.006199836730957031,0,0,38,0.2389937106918239,27,0.16981132075471697,41,0.2578616352201258,37,0.23270440251572327,0,0.0,16,0.10062893081761007,0,0,0,0,0,,0,,0,0,0,0,0,0,0,0,0,0,163,38,38,33,0.0,0.17177914110429449,0.6842105263157895,0.030303030303030304,0.0,0,0.0,0,0,0,0,0,0,0.0,0.0,
safety_stress_task4_4aa3812_s24123,double_dqn_continuous_v2_agent,1,1.0,3,1.0,1.0,0.0,,,400.0,1.0,1.0,1.0,1.0,0,0,0.25,400.0,0.0,0.0,,1.0,1.0,0.0,0.0,0.0,0.0,True,0.0,0.0,0.0,0.0,0.0,0.0,32.0,32.0,45.0,20.0,0.4444444444444444,0.7111111111111111,0,45.0,45.0,1.0,0.7111111111111111,0.0,0.0,1.0,400.0,0.0,0.0,0.0,0.0,0.0,0.0,400,0.011240088343620301,0.02356553077697754,0.11123824119567871,0,0,74,0.185,85,0.2125,60,0.15,71,0.1775,65,0.1625,45,0.1125,4,4,4,400,83,0.2075,0,0.0,18,0,18,0,20569,0,0,3003508,0,0,400,45,45,40,0.1625,0.07,0.8222222222222222,0.1,0.0,0,0.0,1,1,0,8,52,4,0.0,0.0,
safety_stress_task4_4aa3812_s24123,rule_based_agent_0,1,3.0,1,3.0,3.0,0.0,,,400.0,3.0,3.0,3.0,3.0,0,0,0.75,133.33333333333334,0.0,0.0,,1.0,1.0,0.0,0.0,0.0,0.0,True,0.0,0.0,0.0,0.0,0.0,0.0,36.0,36.0,24.0,0.0,0.0,1.5,0,24.0,24.0,1.0,1.5,5.0,0.0125,1.0,400.0,0.0,0.0,1.0,1.0,0.0,0.0,400,0.0020450496673583983,0.003905057907104492,0.008453369140625,0,0,83,0.20854271356783918,93,0.23366834170854273,83,0.20854271356783918,96,0.24120603015075376,19,0.04773869346733668,24,0.06030150753768844,2,2,2,0,0,,0,,0,0,0,0,0,0,0,0,0,0,400,89,89,84,0.0475,0.2025,0.4943820224719101,0.0,0.0,0,0.0,0,0,0,0,19,0,0.0,0.0,
safety_stress_task4_4aa3812_s24123,rule_based_agent_1,1,2.0,2,2.0,2.0,0.0,,,400.0,2.0,2.0,2.0,2.0,0,0,0.5,200.0,0.0,0.0,,1.0,1.0,0.0,0.0,0.0,0.0,True,0.0,0.0,1.0,1.0,0.0,0.0,17.0,17.0,8.0,0.0,0.0,2.125,0,8.0,7.0,0.875,2.4285714285714284,4.0,0.01,0.0,73.0,0.0,0.0,0.0,0.0,0.0,0.0,73,0.0014268110876214015,0.0018463134765625,0.003820180892944336,0,0,14,0.2028985507246377,16,0.2318840579710145,23,0.3333333333333333,8,0.11594202898550725,0,0.0,8,0.11594202898550725,0,0,0,0,0,,0,,0,0,0,0,0,0,0,0,0,0,73,20,20,18,0.0,0.1095890410958904,0.7,0.1111111111111111,0.0,0,0.0,0,0,0,0,0,0,0.0,0.0,
safety_stress_task4_4aa3812_s24123,rule_based_agent_2,1,3.0,1,3.0,3.0,0.0,,,400.0,3.0,3.0,3.0,3.0,0,0,0.75,133.33333333333334,0.0,0.0,,1.0,1.0,0.0,0.0,0.0,0.0,True,0.0,0.0,1.0,1.0,0.0,0.0,36.0,36.0,16.0,0.0,0.0,2.25,0,16.0,15.0,0.9375,2.4,2.0,0.005,0.0,191.0,0.0,0.0,1.0,1.0,0.0,0.0,191,0.0020579006035290463,0.0038945674896240234,0.004667043685913086,0,0,43,0.2275132275132275,47,0.24867724867724866,35,0.18518518518518517,48,0.25396825396825395,0,0.0,16,0.08465608465608465,0,0,0,0,0,,0,,0,0,0,0,0,0,0,0,0,0,191,77,77,70,0.0,0.14659685863874344,0.5584415584415584,0.014285714285714285,0.0,0,0.0,0,0,0,0,0,0,0.0,0.0,
safety_stress_task4_4aa3812_s24124,double_dqn_continuous_v2_agent,1,2.0,2,2.0,2.0,0.0,,,400.0,2.0,2.0,2.0,2.0,0,0,0.5,200.0,0.0,0.0,,1.0,1.0,0.0,0.0,0.0,0.0,True,0.0,0.0,0.0,0.0,0.0,0.0,27.0,27.0,40.0,28.0,0.7,0.675,0,40.0,40.0,1.0,0.675,0.0,0.0,1.0,400.0,0.0,0.0,0.0,0.0,0.0,0.0,400,0.014635241627693175,0.028549909591674805,0.05238676071166992,0,0,57,0.1425,100,0.25,45,0.1125,100,0.25,58,0.145,40,0.1,2,2,2,400,73,0.1825,0,0.0,4,0,4,0,31195,0,0,5361871,0,0,400,64,64,59,0.145,0.0925,0.71875,0.0,0.0,0,0.0,5,5,0,0,50,3,0.0,0.0,
safety_stress_task4_4aa3812_s24124,rule_based_agent_0,1,4.0,1,4.0,4.0,0.0,,,400.0,4.0,4.0,4.0,4.0,0,0,1.0,100.0,0.0,0.0,,1.0,1.0,0.0,0.0,1.0,1.0,True,0.0,0.0,0.0,0.0,0.0,0.0,31.0,31.0,24.0,0.0,0.0,1.2916666666666667,0,24.0,24.0,1.0,1.2916666666666667,8.0,0.02,1.0,400.0,1.0,1.0,0.0,0.0,0.0,0.0,400,0.0027538180351257325,0.004224061965942383,0.01178741455078125,0,0,61,0.15365239294710328,117,0.2947103274559194,70,0.17632241813602015,125,0.3148614609571788,0,0.0,24,0.060453400503778336,0,0,0,0,0,,0,,0,0,0,0,0,0,0,0,0,0,400,63,63,58,0.0,0.415,0.6031746031746031,0.017241379310344827,0.0,0,0.0,0,0,0,0,0,0,0.0,0.0,
safety_stress_task4_4aa3812_s24124,rule_based_agent_1,1,1.0,3,1.0,1.0,0.0,,,400.0,1.0,1.0,1.0,1.0,0,0,0.25,400.0,0.0,0.0,,1.0,1.0,0.0,0.0,0.0,0.0,True,0.0,0.0,1.0,1.0,0.0,0.0,19.0,19.0,5.0,0.0,0.0,3.8,0,5.0,4.0,0.8,4.75,3.0,0.0075,0.0,42.0,0.0,0.0,0.0,0.0,0.0,0.0,42,0.0014976263046264648,0.0020067691802978516,0.0029039382934570312,0,0,5,0.12195121951219512,11,0.2682926829268293,12,0.2926829268292683,8,0.1951219512195122,0,0.0,5,0.12195121951219512,0,0,0,0,0,,0,,0,0,0,0,0,0,0,0,0,0,42,15,15,13,0.0,0.16666666666666666,0.6666666666666666,0.0,0.0,0,0.0,0,0,0,0,0,0,0.0,0.0,
safety_stress_task4_4aa3812_s24124,rule_based_agent_2,1,2.0,2,2.0,2.0,0.0,,,400.0,2.0,2.0,2.0,2.0,0,0,0.5,200.0,0.0,0.0,,1.0,1.0,0.0,0.0,1.0,1.0,True,0.0,0.0,0.0,0.0,0.0,0.0,45.0,45.0,25.0,0.0,0.0,1.8,0,25.0,25.0,1.0,1.8,8.0,0.02,1.0,400.0,0.0,0.0,0.0,0.0,0.0,0.0,400,0.0025813603401184083,0.004034996032714844,0.006776094436645508,0,0,113,0.28535353535353536,83,0.20959595959595959,103,0.2601010101010101,72,0.18181818181818182,0,0.0,25,0.06313131313131314,0,0,0,0,0,,0,,0,0,0,0,0,0,0,0,0,0,400,45,45,42,0.0,0.285,0.6444444444444445,0.047619047619047616,0.0,0,0.0,0,0,0,0,0,0,0.0,0.0,
safety_stress_task4_4aa3812_s24125,double_dqn_continuous_v2_agent,1,0.0,3,0.0,0.0,0.0,,,400.0,0.0,0.0,0.0,0.0,1,1,0.0,,0.0,0.0,,1.0,1.0,0.0,0.0,1.0,1.0,True,0.0,0.0,0.0,0.0,0.0,0.0,43.0,43.0,46.0,22.0,0.4782608695652174,0.9347826086956522,0,46.0,46.0,1.0,0.9347826086956522,0.0,0.0,1.0,400.0,0.0,0.0,0.0,0.0,0.0,0.0,400,0.018534274101257325,0.04427599906921387,0.14348220825195312,0,0,69,0.1725,76,0.19,60,0.15,78,0.195,71,0.1775,46,0.115,2,2,2,400,88,0.22,0,0.0,14,0,14,0,46758,0,0,7368587,0,0,400,45,45,41,0.1775,0.09,0.6222222222222222,0.04878048780487805,0.0,0,0.0,2,2,0,4,63,2,0.0,0.0,
safety_stress_task4_4aa3812_s24125,rule_based_agent_0,1,0.0,3,0.0,0.0,0.0,,,400.0,0.0,0.0,0.0,0.0,1,1,0.0,,0.0,0.0,,1.0,1.0,0.0,0.0,0.0,0.0,True,0.0,0.0,1.0,1.0,0.0,0.0,26.0,26.0,11.0,0.0,0.0,2.3636363636363638,0,11.0,10.0,0.9090909090909091,2.6,5.0,0.0125,0.0,121.0,0.0,0.0,0.0,0.0,0.0,0.0,121,0.002028278082855477,0.004044294357299805,0.005196809768676758,0,0,19,0.16101694915254236,27,0.2288135593220339,33,0.2796610169491525,28,0.23728813559322035,0,0.0,11,0.09322033898305085,0,0,0,0,0,,0,,0,0,0,0,0,0,0,0,0,0,121,48,48,44,0.0,0.19008264462809918,0.3958333333333333,0.06818181818181818,0.0,0,0.0,0,0,0,0,0,0,0.0,0.0,
safety_stress_task4_4aa3812_s24125,rule_based_agent_1,1,3.0,2,3.0,3.0,0.0,,,400.0,3.0,3.0,3.0,3.0,0,0,0.75,133.33333333333334,0.0,0.0,,1.0,1.0,0.0,0.0,0.0,0.0,True,0.0,0.0,0.0,0.0,0.0,0.0,26.0,26.0,24.0,0.0,0.0,1.0833333333333333,0,24.0,24.0,1.0,1.0833333333333333,4.0,0.01,1.0,400.0,0.0,0.0,0.0,0.0,0.0,0.0,400,0.0029514449834823608,0.0045201778411865234,0.007023811340332031,0,0,82,0.20603015075376885,112,0.2814070351758794,80,0.20100502512562815,100,0.25125628140703515,0,0.0,24,0.06030150753768844,0,0,0,0,0,,0,,0,0,0,0,0,0,0,0,0,0,400,47,47,42,0.0,0.325,0.723404255319149,0.023809523809523808,0.0,0,0.0,0,0,0,0,0,0,0.0,0.0,
safety_stress_task4_4aa3812_s24125,rule_based_agent_2,1,6.0,1,6.0,6.0,0.0,,,400.0,6.0,6.0,6.0,6.0,0,0,1.5,66.66666666666667,0.0,0.0,,1.0,1.0,0.0,0.0,1.0,1.0,True,0.0,0.0,0.0,0.0,0.0,0.0,27.0,27.0,23.0,0.0,0.0,1.173913043478261,0,23.0,23.0,1.0,1.173913043478261,4.0,0.01,1.0,400.0,1.0,1.0,0.0,0.0,0.0,0.0,400,0.0026356089115142822,0.0040853023529052734,0.005566596984863281,0,0,118,0.2964824120603015,70,0.17587939698492464,130,0.32663316582914576,57,0.14321608040201006,0,0.0,23,0.05778894472361809,0,0,0,0,0,,0,,0,0,0,0,0,0,0,0,0,0,400,83,83,74,0.0,0.41,0.8192771084337349,0.0,0.0,0,0.0,0,0,0,0,0,0,0.0,0.0,
safety_stress_task4_4aa3812_s24126,double_dqn_continuous_v2_agent,1,3.0,2,3.0,3.0,0.0,,,400.0,3.0,3.0,3.0,3.0,0,0,0.75,133.33333333333334,0.0,0.0,,1.0,1.0,0.0,0.0,0.0,0.0,True,0.0,0.0,0.0,0.0,0.0,0.0,31.0,31.0,42.0,16.0,0.38095238095238093,0.7380952380952381,0,41.0,41.0,1.0,0.7560975609756098,2.0,0.005,1.0,400.0,0.0,0.0,0.0,0.0,0.0,0.0,400,0.014438549876213074,0.054502010345458984,0.16675424575805664,0,0,64,0.16,86,0.215,64,0.16,87,0.2175,57,0.1425,42,0.105,2,2,2,400,98,0.245,0,0.0,30,0,30,0,20949,0,0,3905950,0,0,400,59,59,53,0.1425,0.0825,0.7627118644067796,0.018867924528301886,0.0,0,0.0,1,1,0,4,51,1,0.0,0.0,
safety_stress_task4_4aa3812_s24126,rule_based_agent_0,1,3.0,2,3.0,3.0,0.0,,,400.0,3.0,3.0,3.0,3.0,0,0,0.75,133.33333333333334,0.0,0.0,,1.0,1.0,0.0,0.0,0.0,0.0,True,0.0,0.0,0.0,0.0,0.0,0.0,43.0,43.0,22.0,0.0,0.0,1.9545454545454546,0,22.0,22.0,1.0,1.9545454545454546,4.0,0.01,1.0,400.0,0.0,0.0,0.0,0.0,0.0,0.0,400,0.002267405390739441,0.004278421401977539,0.008592605590820312,0,0,72,0.18090452261306533,112,0.2814070351758794,76,0.19095477386934673,102,0.2562814070351759,14,0.035175879396984924,22,0.05527638190954774,2,2,2,0,0,,0,,0,0,0,0,0,0,0,0,0,0,400,56,56,49,0.035,0.195,0.6071428571428571,0.12244897959183673,0.03571428571428571,0,0.0,0,0,0,0,14,0,0.0,0.0,
safety_stress_task4_4aa3812_s24126,rule_based_agent_1,1,1.0,3,1.0,1.0,0.0,,,400.0,1.0,1.0,1.0,1.0,0,0,0.25,400.0,0.0,0.0,,1.0,1.0,0.0,0.0,0.0,0.0,True,0.0,0.0,1.0,1.0,1.0,1.0,23.0,23.0,10.0,0.0,0.0,2.3,0,10.0,9.0,0.9,2.5555555555555554,6.0,0.015,0.0,103.0,0.0,0.0,0.0,0.0,0.0,0.0,103,0.0019923251809425726,0.0042912960052490234,0.006502628326416016,0,0,18,0.18556701030927836,24,0.24742268041237114,16,0.16494845360824742,29,0.29896907216494845,0,0.0,10,0.10309278350515463,0,0,0,0,0,,0,,0,0,0,0,0,0,0,0,0,0,103,56,56,53,0.0,0.14563106796116504,0.5714285714285714,0.09433962264150944,0.0,0,0.0,0,0,0,0,0,0,0.0,0.0,
safety_stress_task4_4aa3812_s24126,rule_based_agent_2,1,7.0,1,7.0,7.0,0.0,,,400.0,2.0,2.0,2.0,2.0,0,0,0.5,200.0,0.0,0.0,,1.0,1.0,0.0,0.0,0.0,0.0,True,1.0,1.0,1.0,1.0,0.0,0.0,23.0,23.0,11.0,0.0,0.0,2.090909090909091,0,11.0,10.0,0.9090909090909091,2.3,4.0,0.01,0.0,119.0,1.0,1.0,0.0,0.0,0.0,0.0,119,0.0018103303027754071,0.003836393356323242,0.0048370361328125,0,0,25,0.21367521367521367,35,0.29914529914529914,24,0.20512820512820512,22,0.18803418803418803,0,0.0,11,0.09401709401709402,0,0,0,0,0,,0,,0,0,0,0,0,0,0,0,0,0,119,55,55,51,0.0,0.15966386554621848,0.7090909090909091,0.0196078431372549,0.0,0,0.0,0,0,0,0,0,0,0.0,0.0,
safety_stress_task4_4aa3812_s24127,double_dqn_continuous_v2_agent,1,2.0,3,2.0,2.0,0.0,,,400.0,2.0,2.0,2.0,2.0,0,0,0.5,200.0,0.0,0.0,,1.0,1.0,0.0,0.0,0.0,0.0,True,0.0,0.0,0.0,0.0,0.0,0.0,28.0,28.0,43.0,18.0,0.4186046511627907,0.6511627906976745,0,42.0,42.0,1.0,0.6666666666666666,1.0,0.0025,1.0,400.0,0.0,0.0,0.0,0.0,0.0,0.0,400,0.01381764829158783,0.046036720275878906,0.12711524963378906,0,0,57,0.1425,89,0.2225,70,0.175,80,0.2,61,0.1525,43,0.1075,4,4,4,400,76,0.19,0,0.0,22,0,22,0,26773,0,0,4102864,0,0,400,38,38,31,0.1525,0.1,0.7894736842105263,0.03225806451612903,0.0,0,0.0,0,0,0,3,57,1,0.0,0.0,
safety_stress_task4_4aa3812_s24127,rule_based_agent_0,1,7.0,1,7.0,7.0,0.0,,,400.0,2.0,2.0,2.0,2.0,0,0,0.5,200.0,0.0,0.0,,1.0,1.0,0.0,0.0,0.0,0.0,True,1.0,1.0,0.0,0.0,0.0,0.0,30.0,30.0,24.0,0.0,0.0,1.25,0,24.0,24.0,1.0,1.25,2.0,0.005,1.0,400.0,1.0,1.0,0.0,0.0,0.0,0.0,400,0.0021161121129989625,0.0039768218994140625,0.008025646209716797,0,0,77,0.1925,95,0.2375,88,0.22,101,0.2525,15,0.0375,24,0.06,3,3,3,0,0,,0,,0,0,0,0,0,0,0,0,0,0,400,31,31,25,0.0375,0.1675,0.6129032258064516,0.04,0.0,0,0.0,0,0,0,0,15,0,0.0,0.0,
safety_stress_task4_4aa3812_s24127,rule_based_agent_1,1,2.0,3,2.0,2.0,0.0,,,400.0,2.0,2.0,2.0,2.0,0,0,0.5,200.0,0.0,0.0,,1.0,1.0,0.0,0.0,0.0,0.0,True,0.0,0.0,1.0,1.0,1.0,1.0,33.0,33.0,11.0,0.0,0.0,3.0,0,11.0,10.0,0.9090909090909091,3.3,5.0,0.0125,0.0,97.0,0.0,0.0,0.0,0.0,0.0,0.0,97,0.0016774000580777827,0.002240419387817383,0.0051882266998291016,0,0,20,0.2127659574468085,21,0.22340425531914893,17,0.18085106382978725,25,0.26595744680851063,0,0.0,11,0.11702127659574468,0,0,0,0,0,,0,,0,0,0,0,0,0,0,0,0,0,97,48,48,44,0.0,0.09278350515463918,0.4791666666666667,0.045454545454545456,0.0,0,0.0,0,0,0,0,0,0,0.0,0.0,
safety_stress_task4_4aa3812_s24127,rule_based_agent_2,1,3.0,2,3.0,3.0,0.0,,,400.0,3.0,3.0,3.0,3.0,0,0,0.75,133.33333333333334,0.0,0.0,,1.0,1.0,0.0,0.0,0.0,0.0,True,0.0,0.0,1.0,1.0,0.0,0.0,35.0,35.0,15.0,0.0,0.0,2.3333333333333335,0,15.0,14.0,0.9333333333333333,2.5,6.0,0.015,0.0,164.0,0.0,0.0,0.0,0.0,0.0,0.0,164,0.0021158325962904023,0.003976583480834961,0.004782915115356445,0,0,32,0.2,44,0.275,30,0.1875,39,0.24375,0,0.0,15,0.09375,0,0,0,0,0,,0,,0,0,0,0,0,0,0,0,0,0,164,47,47,42,0.0,0.1402439024390244,0.6170212765957447,0.0,0.0,0,0.0,0,0,0,0,0,0,0.0,0.0,
safety_stress_task4_4aa3812_s24128,double_dqn_continuous_v2_agent,1,0.0,3,0.0,0.0,0.0,,,400.0,0.0,0.0,0.0,0.0,1,1,0.0,,0.0,0.0,,1.0,1.0,0.0,0.0,0.0,0.0,True,0.0,0.0,0.0,0.0,0.0,0.0,40.0,40.0,45.0,27.0,0.6,0.8888888888888888,0,44.0,44.0,1.0,0.9090909090909091,1.0,0.0025,1.0,400.0,0.0,0.0,0.0,0.0,0.0,0.0,400,0.008717290759086609,0.02201247215270996,0.03971123695373535,0,0,73,0.1825,68,0.17,87,0.2175,54,0.135,73,0.1825,45,0.1125,3,3,3,400,52,0.13,0,0.0,3,0,3,0,12189,0,0,1710816,0,0,400,30,30,27,0.1825,0.0525,0.8333333333333334,0.2222222222222222,0.0,0,0.0,1,1,0,4,68,0,0.0,0.0,
safety_stress_task4_4aa3812_s24128,rule_based_agent_0,1,2.0,2,2.0,2.0,0.0,,,400.0,2.0,2.0,2.0,2.0,0,0,0.5,200.0,0.0,0.0,,1.0,1.0,0.0,0.0,0.0,0.0,True,0.0,0.0,1.0,1.0,0.0,0.0,12.0,12.0,5.0,0.0,0.0,2.4,0,5.0,4.0,0.8,3.0,3.0,0.0075,0.0,52.0,0.0,0.0,0.0,0.0,0.0,0.0,52,0.0016384629102853627,0.0022737979888916016,0.0025632381439208984,0,0,11,0.22448979591836735,17,0.3469387755102041,9,0.1836734693877551,7,0.14285714285714285,0,0.0,5,0.10204081632653061,0,0,0,0,0,,0,,0,0,0,0,0,0,0,0,0,0,52,38,38,34,0.0,0.1346153846153846,0.631578947368421,0.0,0.0,0,0.0,0,0,0,0,0,0,0.0,0.0,
safety_stress_task4_4aa3812_s24128,rule_based_agent_1,1,5.0,1,5.0,5.0,0.0,,,400.0,5.0,5.0,5.0,5.0,0,0,1.25,80.0,0.0,0.0,,1.0,1.0,0.0,0.0,0.0,0.0,True,0.0,0.0,1.0,1.0,0.0,0.0,27.0,27.0,13.0,0.0,0.0,2.076923076923077,0,13.0,12.0,0.9230769230769231,2.25,4.0,0.01,0.0,165.0,1.0,1.0,0.0,0.0,0.0,0.0,165,0.002164755445538145,0.0042269229888916016,0.0055332183837890625,0,0,49,0.30434782608695654,29,0.18012422360248448,37,0.22981366459627328,33,0.20496894409937888,0,0.0,13,0.08074534161490683,0,0,0,0,0,,0,,0,0,0,0,0,0,0,0,0,0,165,40,40,35,0.0,0.1393939393939394,0.625,0.02857142857142857,0.05,0,0.0,0,0,0,0,0,0,0.0,0.0,
safety_stress_task4_4aa3812_s24128,rule_based_agent_2,1,2.0,2,2.0,2.0,0.0,,,400.0,2.0,2.0,2.0,2.0,0,0,0.5,200.0,0.0,0.0,,1.0,1.0,0.0,0.0,0.0,0.0,True,0.0,0.0,1.0,1.0,0.0,0.0,46.0,46.0,15.0,0.0,0.0,3.066666666666667,0,15.0,14.0,0.9333333333333333,3.2857142857142856,5.0,0.0125,0.0,143.0,0.0,0.0,0.0,0.0,0.0,0.0,143,0.0020829230755359143,0.004317760467529297,0.006460666656494141,0,0,24,0.17142857142857143,31,0.22142857142857142,35,0.25,35,0.25,0,0.0,15,0.10714285714285714,0,0,0,0,0,,0,,0,0,0,0,0,0,0,0,0,0,143,39,39,35,0.0,0.16083916083916083,0.46153846153846156,0.02857142857142857,0.0,0,0.0,0,0,0,0,0,0,0.0,0.0,
safety_stress_task4_4aa3812_s24129,double_dqn_continuous_v2_agent,1,2.0,3,2.0,2.0,0.0,,,291.0,2.0,2.0,2.0,2.0,0,0,0.6872852233676976,145.5,0.0,0.0,,0.0,0.0,0.0,0.0,0.0,0.0,True,0.0,0.0,0.0,0.0,1.0,1.0,20.0,20.0,7.0,0.0,0.0,2.857142857142857,0,7.0,7.0,1.0,2.857142857142857,1.0,0.003436426116838488,0.0,85.0,0.0,0.0,0.0,0.0,0.0,0.0,85,0.020728551640230068,0.05545306205749512,0.1594529151916504,0,0,15,0.17647058823529413,10,0.11764705882352941,21,0.24705882352941178,14,0.16470588235294117,18,0.21176470588235294,7,0.08235294117647059,5,5,5,85,30,0.35294117647058826,4,0.047058823529411764,5,0,5,0,7712,0,0,1025777,4,0,85,23,23,20,0.21176470588235294,0.11764705882352941,0.8260869565217391,0.05,0.0,0,0.0,0,0,1,2,13,2,0.0,0.0,
safety_stress_task4_4aa3812_s24129,rule_based_agent_0,1,3.0,2,3.0,3.0,0.0,,,291.0,3.0,3.0,3.0,3.0,0,0,1.0309278350515463,97.0,0.0,0.0,,0.0,0.0,0.0,0.0,0.0,0.0,True,0.0,0.0,1.0,1.0,1.0,1.0,40.0,40.0,19.0,0.0,0.0,2.1052631578947367,0,19.0,18.0,0.9473684210526315,2.2222222222222223,10.0,0.03436426116838488,0.0,190.0,0.0,0.0,0.0,0.0,0.0,0.0,190,0.0024527374066804584,0.004598379135131836,0.00517582893371582,0,0,45,0.24324324324324326,44,0.23783783783783785,44,0.23783783783783785,33,0.1783783783783784,0,0.0,19,0.10270270270270271,0,0,0,0,0,,0,,0,0,0,0,0,0,0,0,0,0,190,61,61,57,0.0,0.15789473684210525,0.5245901639344263,0.017543859649122806,0.0,0,0.0,0,0,0,0,0,0,0.0,0.0,
safety_stress_task4_4aa3812_s24129,rule_based_agent_1,1,11.0,1,11.0,11.0,0.0,,,291.0,1.0,1.0,1.0,1.0,0,0,0.3436426116838488,291.0,0.0,0.0,,0.0,0.0,0.0,0.0,0.0,0.0,True,2.0,2.0,1.0,1.0,0.0,0.0,26.0,26.0,21.0,0.0,0.0,1.2380952380952381,0,21.0,20.0,0.9523809523809523,1.3,10.0,0.03436426116838488,0.0,236.0,1.0,1.0,0.0,0.0,0.0,0.0,236,0.002465579469325179,0.004602193832397461,0.006765842437744141,0,0,49,0.21212121212121213,53,0.22943722943722944,45,0.19480519480519481,63,0.2727272727272727,0,0.0,21,0.09090909090909091,0,0,0,0,0,,0,,0,0,0,0,0,0,0,0,0,0,236,65,65,62,0.0,0.17372881355932204,0.6153846153846154,0.03225806451612903,0.0,0,0.0,0,0,0,0,0,0,0.0,0.0,
safety_stress_task4_4aa3812_s24129,rule_based_agent_2,1,3.0,2,3.0,3.0,0.0,,,291.0,3.0,3.0,3.0,3.0,0,0,1.0309278350515463,97.0,0.0,0.0,,0.0,0.0,0.0,0.0,0.0,0.0,True,0.0,0.0,0.0,0.0,0.0,0.0,39.0,39.0,24.0,0.0,0.0,1.625,0,24.0,24.0,1.0,1.625,5.0,0.01718213058419244,1.0,291.0,0.0,0.0,0.0,0.0,0.0,0.0,291,0.0023815681024924994,0.004438638687133789,0.008131980895996094,0,0,55,0.1909722222222222,80,0.2777777777777778,60,0.20833333333333334,65,0.22569444444444445,4,0.013888888888888888,24,0.08333333333333333,4,4,4,0,0,,0,,0,0,0,0,0,0,0,0,0,0,291,66,66,61,0.013745704467353952,0.15120274914089346,0.6363636363636364,0.01639344262295082,0.0,0,0.0,0,0,0,0,4,0,0.0,0.0,
safety_stress_task4_4aa3812_s24130,double_dqn_continuous_v2_agent,1,8.0,1,8.0,8.0,0.0,,,340.0,3.0,3.0,3.0,3.0,0,0,0.8823529411764706,113.33333333333333,0.0,0.0,,0.0,0.0,0.0,0.0,0.0,0.0,True,1.0,1.0,0.0,0.0,1.0,1.0,23.0,23.0,8.0,0.0,0.0,2.875,0,8.0,8.0,1.0,2.875,0.0,0.0,0.0,89.0,1.0,1.0,0.0,0.0,0.0,0.0,89,0.014685507570759634,0.038623809814453125,0.05218911170959473,0,0,15,0.16853932584269662,10,0.11235955056179775,25,0.2808988764044944,14,0.15730337078651685,17,0.19101123595505617,8,0.0898876404494382,6,6,6,89,16,0.1797752808988764,4,0.0449438202247191,1,0,1,0,5146,0,0,719043,4,0,89,40,40,36,0.19101123595505617,0.011235955056179775,0.775,0.0,0.0,0,0.0,2,2,1,1,10,3,0.0,0.0,
safety_stress_task4_4aa3812_s24130,rule_based_agent_0,1,1.0,4,1.0,1.0,0.0,,,340.0,1.0,1.0,1.0,1.0,0,0,0.29411764705882354,340.0,0.0,0.0,,0.0,0.0,0.0,0.0,0.0,0.0,True,0.0,0.0,0.0,0.0,1.0,1.0,15.0,15.0,5.0,0.0,0.0,3.0,0,5.0,4.0,0.8,3.75,1.0,0.0029411764705882353,0.0,50.0,0.0,0.0,0.0,0.0,0.0,0.0,50,0.0018448257446289063,0.002583742141723633,0.004209995269775391,0,0,15,0.30612244897959184,10,0.20408163265306123,9,0.1836734693877551,10,0.20408163265306123,0,0.0,5,0.10204081632653061,0,0,0,0,0,,0,,0,0,0,0,0,0,0,0,0,0,50,26,26,24,0.0,0.18,0.46153846153846156,0.0,0.0,0,0.0,0,0,0,0,0,0,0.0,0.0,
safety_stress_task4_4aa3812_s24130,rule_based_agent_1,1,4.0,3,4.0,4.0,0.0,,,340.0,4.0,4.0,4.0,4.0,0,0,1.1764705882352942,85.0,0.0,0.0,,0.0,0.0,0.0,0.0,0.0,0.0,True,0.0,0.0,1.0,1.0,0.0,0.0,48.0,48.0,28.0,0.0,0.0,1.7142857142857142,0,28.0,27.0,0.9642857142857143,1.7777777777777777,9.0,0.026470588235294117,0.0,314.0,0.0,0.0,0.0,0.0,0.0,0.0,314,0.002261317459640989,0.004350185394287109,0.009180068969726562,0,0,72,0.23300970873786409,79,0.255663430420712,62,0.20064724919093851,68,0.22006472491909385,0,0.0,28,0.09061488673139159,0,0,0,0,0,,0,,0,0,0,0,0,0,0,0,0,0,314,71,71,67,0.0,0.1624203821656051,0.5352112676056338,0.13432835820895522,0.0,0,0.0,0,0,0,0,0,0,0.0,0.0,
safety_stress_task4_4aa3812_s24130,rule_based_agent_2,1,6.0,2,6.0,6.0,0.0,,,340.0,1.0,1.0,1.0,1.0,0,0,0.29411764705882354,340.0,0.0,0.0,,0.0,0.0,0.0,0.0,0.0,0.0,True,1.0,1.0,0.0,0.0,0.0,0.0,44.0,44.0,30.0,0.0,0.0,1.4666666666666666,0,30.0,30.0,1.0,1.4666666666666666,6.0,0.01764705882352941,1.0,340.0,0.0,0.0,0.0,0.0,0.0,0.0,340,0.0021279040504904355,0.00413060188293457,0.006136894226074219,0,0,76,0.22485207100591717,80,0.23668639053254437,76,0.22485207100591717,72,0.21301775147928995,4,0.011834319526627219,30,0.08875739644970414,4,4,4,0,0,,0,,0,0,0,0,0,0,0,0,0,0,340,86,86,80,0.011764705882352941,0.13823529411764707,0.5,0.0375,0.0,0,0.0,0,0,0,0,4,0,0.0,0.0,
safety_stress_task4_4aa3812_s24131,double_dqn_continuous_v2_agent,1,0.0,4,0.0,0.0,0.0,,,400.0,0.0,0.0,0.0,0.0,1,1,0.0,,0.0,0.0,,1.0,1.0,1.0,1.0,0.0,0.0,True,0.0,0.0,0.0,0.0,1.0,1.0,17.0,17.0,8.0,0.0,0.0,2.125,0,8.0,8.0,1.0,2.125,1.0,0.0025,0.0,102.0,0.0,0.0,0.0,0.0,0.0,0.0,102,0.015338479303846173,0.04401135444641113,0.09685778617858887,0,0,17,0.16666666666666666,17,0.16666666666666666,12,0.11764705882352941,9,0.08823529411764706,39,0.38235294117647056,8,0.0784313725490196,25,25,25,102,39,0.38235294117647056,4,0.0392156862745098,17,0,17,0,10779,0,0,849188,4,0,102,16,16,15,0.38235294117647056,0.00980392156862745,0.625,0.13333333333333333,0.0,0,0.0,0,0,1,1,34,3,0.0,0.0,
safety_stress_task4_4aa3812_s24131,rule_based_agent_0,1,2.0,3,2.0,2.0,0.0,,,400.0,2.0,2.0,2.0,2.0,0,0,0.5,200.0,0.0,0.0,,1.0,1.0,0.0,0.0,0.0,0.0,True,0.0,0.0,1.0,1.0,0.0,0.0,31.0,31.0,17.0,0.0,0.0,1.8235294117647058,0,17.0,16.0,0.9411764705882353,1.9375,13.0,0.0325,0.0,195.0,0.0,0.0,0.0,0.0,0.0,0.0,195,0.0024776788858266977,0.004796743392944336,0.0067484378814697266,0,0,42,0.22340425531914893,40,0.2127659574468085,42,0.22340425531914893,47,0.25,0,0.0,17,0.09042553191489362,0,0,0,0,0,,0,,0,0,0,0,0,0,0,0,0,0,195,48,48,43,0.0,0.17435897435897435,0.625,0.0,0.0,0,0.0,0,0,0,0,0,0,0.0,0.0,
safety_stress_task4_4aa3812_s24131,rule_based_agent_1,1,3.0,2,3.0,3.0,0.0,,,400.0,3.0,3.0,3.0,3.0,0,0,0.75,133.33333333333334,0.0,0.0,,1.0,1.0,0.0,0.0,0.0,0.0,True,0.0,0.0,0.0,0.0,0.0,0.0,41.0,41.0,39.0,0.0,0.0,1.0512820512820513,0,39.0,39.0,1.0,1.0512820512820513,10.0,0.025,1.0,400.0,0.0,0.0,0.0,0.0,0.0,0.0,400,0.002413119077682495,0.0045053958892822266,0.0072705745697021484,0,0,84,0.21265822784810126,85,0.21518987341772153,92,0.23291139240506328,95,0.24050632911392406,0,0.0,39,0.09873417721518987,0,0,0,0,0,,0,,0,0,0,0,0,0,0,0,0,0,400,39,39,34,0.0,0.1375,0.6666666666666666,0.029411764705882353,0.0,0,0.0,0,0,0,0,0,0,0.0,0.0,
safety_stress_task4_4aa3812_s24131,rule_based_agent_2,1,9.0,1,9.0,9.0,0.0,,,400.0,4.0,4.0,4.0,4.0,0,0,1.0,100.0,0.0,0.0,,1.0,1.0,0.0,0.0,0.0,0.0,True,1.0,1.0,0.0,0.0,0.0,0.0,27.0,27.0,35.0,0.0,0.0,0.7714285714285715,0,35.0,35.0,1.0,0.7714285714285715,12.0,0.03,1.0,400.0,1.0,1.0,0.0,0.0,0.0,0.0,400,0.0025121003389358522,0.0046770572662353516,0.008295059204101562,0,0,94,0.23857868020304568,88,0.2233502538071066,98,0.24873096446700507,79,0.20050761421319796,0,0.0,35,0.08883248730964467,0,0,0,0,0,,0,,0,0,0,0,0,0,0,0,0,0,400,42,42,37,0.0,0.2275,0.7380952380952381,0.0,0.0,0,0.0,0,0,0,0,0,0,0.0,0.0,
safety_stress_task4_4aa3812_s24132,double_dqn_continuous_v2_agent,1,3.0,1,3.0,3.0,0.0,,,400.0,3.0,3.0,3.0,3.0,0,0,0.75,133.33333333333334,0.0,0.0,,1.0,1.0,0.0,0.0,1.0,1.0,True,0.0,0.0,0.0,0.0,0.0,0.0,33.0,33.0,45.0,31.0,0.6888888888888889,0.7333333333333333,0,44.0,44.0,1.0,0.75,1.0,0.0025,1.0,400.0,0.0,0.0,1.0,1.0,0.0,0.0,400,0.01273317813873291,0.03596305847167969,0.1585087776184082,0,0,83,0.2075,67,0.1675,83,0.2075,68,0.17,54,0.135,45,0.1125,3,3,3,400,67,0.1675,0,0.0,7,0,7,0,25301,0,0,3667818,0,0,400,59,59,53,0.135,0.085,0.7966101694915254,0.09433962264150944,0.03389830508474576,0,0.0,4,4,0,7,41,2,0.0,0.0,
safety_stress_task4_4aa3812_s24132,rule_based_agent_0,1,3.0,1,3.0,3.0,0.0,,,400.0,3.0,3.0,3.0,3.0,0,0,0.75,133.33333333333334,0.0,0.0,,1.0,1.0,0.0,0.0,0.0,0.0,True,0.0,0.0,1.0,1.0,0.0,0.0,40.0,40.0,21.0,0.0,0.0,1.9047619047619047,0,21.0,20.0,0.9523809523809523,2.0,4.0,0.01,0.0,244.0,0.0,0.0,1.0,1.0,0.0,0.0,244,0.00258048342876747,0.0044291019439697266,0.006873130798339844,0,0,62,0.256198347107438,60,0.24793388429752067,48,0.19834710743801653,49,0.2024793388429752,2,0.008264462809917356,21,0.08677685950413223,1,1,1,0,0,,0,,0,0,0,0,0,0,0,0,0,0,244,46,46,42,0.00819672131147541,0.20491803278688525,0.6521739130434783,0.07142857142857142,0.30434782608695654,0,0.0,0,0,0,0,2,0,0.0,0.0,
safety_stress_task4_4aa3812_s24132,rule_based_agent_1,1,1.0,3,1.0,1.0,0.0,,,400.0,1.0,1.0,1.0,1.0,0,0,0.25,400.0,0.0,0.0,,1.0,1.0,0.0,0.0,0.0,0.0,True,0.0,0.0,1.0,1.0,0.0,0.0,30.0,30.0,10.0,0.0,0.0,3.0,0,10.0,9.0,0.9,3.3333333333333335,5.0,0.0125,0.0,90.0,0.0,0.0,0.0,0.0,0.0,0.0,90,0.0016200357013278538,0.0023581981658935547,0.0027151107788085938,0,0,17,0.2,20,0.23529411764705882,20,0.23529411764705882,18,0.21176470588235294,0,0.0,10,0.11764705882352941,0,0,0,0,0,,0,,0,0,0,0,0,0,0,0,0,0,90,40,40,38,0.0,0.15555555555555556,0.45,0.10526315789473684,0.0,0,0.0,0,0,0,0,0,0,0.0,0.0,
safety_stress_task4_4aa3812_s24132,rule_based_agent_2,1,2.0,2,2.0,2.0,0.0,,,400.0,2.0,2.0,2.0,2.0,0,0,0.5,200.0,0.0,0.0,,1.0,1.0,0.0,0.0,0.0,0.0,True,0.0,0.0,1.0,1.0,0.0,0.0,30.0,30.0,17.0,0.0,0.0,1.7647058823529411,0,17.0,16.0,0.9411764705882353,1.875,8.0,0.02,0.0,207.0,0.0,0.0,0.0,0.0,0.0,0.0,207,0.002516215550150848,0.0044748783111572266,0.005018711090087891,0,0,41,0.20297029702970298,44,0.21782178217821782,55,0.2722772277227723,44,0.21782178217821782,1,0.0049504950495049506,17,0.08415841584158416,1,1,1,0,0,,0,,0,0,0,0,0,0,0,0,0,0,207,57,57,51,0.004830917874396135,0.1642512077294686,0.5614035087719298,0.058823529411764705,0.0,0,0.0,0,0,0,0,1,0,0.0,0.0,
safety_stress_task4_4aa3812_s24133,double_dqn_continuous_v2_agent,1,4.0,1,4.0,4.0,0.0,,,400.0,4.0,4.0,4.0,4.0,0,0,1.0,100.0,0.0,0.0,,1.0,1.0,0.0,0.0,0.0,0.0,True,0.0,0.0,0.0,0.0,0.0,0.0,39.0,39.0,46.0,24.0,0.5217391304347826,0.8478260869565217,0,46.0,46.0,1.0,0.8478260869565217,1.0,0.0025,1.0,400.0,1.0,1.0,0.0,0.0,0.0,0.0,400,0.018972033858299254,0.05208277702331543,0.15450596809387207,0,0,85,0.2125,63,0.1575,74,0.185,64,0.16,68,0.17,46,0.115,2,2,2,400,70,0.175,0,0.0,9,0,9,0,57383,0,0,8237950,0,0,400,73,73,67,0.17,0.06,0.7808219178082192,0.05970149253731343,0.0,0,0.0,3,3,0,8,57,0,0.0,0.0,
safety_stress_task4_4aa3812_s24133,rule_based_agent_0,1,1.0,3,1.0,1.0,0.0,,,400.0,1.0,1.0,1.0,1.0,0,0,0.25,400.0,0.0,0.0,,1.0,1.0,0.0,0.0,1.0,1.0,True,0.0,0.0,0.0,0.0,0.0,0.0,31.0,31.0,26.0,0.0,0.0,1.1923076923076923,0,25.0,25.0,1.0,1.24,4.0,0.01,1.0,400.0,0.0,0.0,0.0,0.0,0.0,0.0,400,0.00300431489944458,0.00455021858215332,0.007115840911865234,0,0,101,0.2537688442211055,95,0.23869346733668342,93,0.23366834170854273,83,0.20854271356783918,0,0.0,26,0.06532663316582915,0,0,0,0,0,,0,,0,0,0,0,0,0,0,0,0,0,400,59,59,55,0.0,0.385,0.5084745762711864,0.12727272727272726,0.0,0,0.0,0,0,0,0,0,0,0.0,0.0,
safety_stress_task4_4aa3812_s24133,rule_based_agent_1,1,2.0,2,2.0,2.0,0.0,,,400.0,2.0,2.0,2.0,2.0,0,0,0.5,200.0,0.0,0.0,,1.0,1.0,0.0,0.0,1.0,1.0,True,0.0,0.0,0.0,0.0,0.0,0.0,13.0,13.0,21.0,0.0,0.0,0.6190476190476191,0,20.0,20.0,1.0,0.65,6.0,0.015,1.0,400.0,0.0,0.0,0.0,0.0,0.0,0.0,400,0.0028450334072113036,0.004264116287231445,0.012018203735351562,0,0,124,0.3107769423558897,69,0.17293233082706766,128,0.3208020050125313,57,0.14285714285714285,0,0.0,21,0.05263157894736842,0,0,0,0,0,,0,,0,0,0,0,0,0,0,0,0,0,400,59,59,55,0.0,0.455,0.7288135593220338,0.12727272727272726,0.0,0,0.0,0,0,0,0,0,0,0.0,0.0,
safety_stress_task4_4aa3812_s24133,rule_based_agent_2,1,2.0,2,2.0,2.0,0.0,,,400.0,2.0,2.0,2.0,2.0,0,0,0.5,200.0,0.0,0.0,,1.0,1.0,0.0,0.0,0.0,0.0,True,0.0,0.0,1.0,1.0,0.0,0.0,38.0,38.0,16.0,0.0,0.0,2.375,0,16.0,15.0,0.9375,2.533333333333333,5.0,0.0125,0.0,152.0,0.0,0.0,0.0,0.0,0.0,0.0,152,0.0020234694606379457,0.0041844844818115234,0.00454258918762207,0,0,20,0.1342281879194631,36,0.24161073825503357,32,0.21476510067114093,45,0.30201342281879195,0,0.0,16,0.10738255033557047,0,0,0,0,0,,0,,0,0,0,0,0,0,0,0,0,0,152,72,72,68,0.0,0.1513157894736842,0.5138888888888888,0.0,0.0,0,0.0,0,0,0,0,0,0,0.0,0.0,
safety_stress_task4_4aa3812_s24134,double_dqn_continuous_v2_agent,1,12.0,1,12.0,12.0,0.0,,,317.0,2.0,2.0,2.0,2.0,0,0,0.6309148264984227,158.5,0.0,0.0,,0.0,0.0,0.0,0.0,0.0,0.0,True,2.0,2.0,0.0,0.0,0.0,0.0,45.0,45.0,36.0,10.0,0.2777777777777778,1.25,0,36.0,36.0,1.0,1.25,2.0,0.006309148264984227,1.0,317.0,1.0,1.0,0.0,0.0,0.0,0.0,317,0.013690671710185825,0.041307926177978516,0.10850238800048828,0,0,56,0.17665615141955837,55,0.17350157728706625,60,0.1892744479495268,54,0.17034700315457413,56,0.17665615141955837,36,0.11356466876971609,2,2,2,317,65,0.20504731861198738,0,0.0,6,0,6,0,29359,0,0,3052002,0,0,317,46,46,42,0.17665615141955837,0.04416403785488959,0.6521739130434783,0.09523809523809523,0.0,0,0.0,2,2,0,8,41,5,0.0,0.0,
safety_stress_task4_4aa3812_s24134,rule_based_agent_0,1,2.0,4,2.0,2.0,0.0,,,317.0,2.0,2.0,2.0,2.0,0,0,0.6309148264984227,158.5,0.0,0.0,,0.0,0.0,0.0,0.0,0.0,0.0,True,0.0,0.0,1.0,1.0,0.0,0.0,15.0,15.0,8.0,0.0,0.0,1.875,0,8.0,7.0,0.875,2.142857142857143,4.0,0.012618296529968454,0.0,103.0,0.0,0.0,0.0,0.0,0.0,0.0,103,0.0021454153709041263,0.002963542938232422,0.005958080291748047,0,0,15,0.1485148514851485,23,0.22772277227722773,26,0.25742574257425743,29,0.2871287128712871,0,0.0,8,0.07920792079207921,0,0,0,0,0,,0,,0,0,0,0,0,0,0,0,0,0,103,44,44,41,0.0,0.1553398058252427,0.7272727272727273,0.0975609756097561,0.0,0,0.0,0,0,0,0,0,0,0.0,0.0,
safety_stress_task4_4aa3812_s24134,rule_based_agent_1,1,3.0,3,3.0,3.0,0.0,,,317.0,3.0,3.0,3.0,3.0,0,0,0.9463722397476341,105.66666666666667,0.0,0.0,,0.0,0.0,0.0,0.0,0.0,0.0,True,0.0,0.0,1.0,1.0,1.0,1.0,34.0,34.0,16.0,0.0,0.0,2.125,0,16.0,15.0,0.9375,2.2666666666666666,11.0,0.03470031545741325,0.0,172.0,0.0,0.0,0.0,0.0,0.0,0.0,172,0.00238338875216107,0.0047113895416259766,0.005328178405761719,0,0,47,0.281437125748503,38,0.2275449101796407,35,0.20958083832335328,31,0.18562874251497005,0,0.0,16,0.09580838323353294,0,0,0,0,0,,0,,0,0,0,0,0,0,0,0,0,0,172,77,77,73,0.0,0.12790697674418605,0.5324675324675324,0.0273972602739726,0.0,0,0.0,0,0,0,0,0,0,0.0,0.0,
safety_stress_task4_4aa3812_s24134,rule_based_agent_2,1,7.0,2,7.0,7.0,0.0,,,317.0,2.0,2.0,2.0,2.0,0,0,0.6309148264984227,158.5,0.0,0.0,,0.0,0.0,0.0,0.0,0.0,0.0,True,1.0,1.0,0.0,0.0,1.0,1.0,26.0,26.0,20.0,0.0,0.0,1.3,0,20.0,20.0,1.0,1.3,5.0,0.015772870662460567,0.0,264.0,0.0,0.0,0.0,0.0,0.0,0.0,264,0.002512118130019217,0.0045375823974609375,0.006977081298828125,0,0,53,0.20306513409961685,60,0.22988505747126436,53,0.20306513409961685,75,0.28735632183908044,0,0.0,20,0.07662835249042145,0,0,0,0,0,,0,,0,0,0,0,0,0,0,0,0,0,264,61,61,57,0.0,0.23106060606060605,0.6065573770491803,0.12280701754385964,0.0,0,0.0,0,0,0,0,0,0,0.0,0.0,
safety_stress_task4_4aa3812_s24135,double_dqn_continuous_v2_agent,1,2.0,3,2.0,2.0,0.0,,,236.0,2.0,2.0,2.0,2.0,0,0,0.847457627118644,118.0,0.0,0.0,,0.0,0.0,0.0,0.0,0.0,0.0,True,0.0,0.0,0.0,0.0,1.0,1.0,21.0,21.0,8.0,2.0,0.25,2.625,0,8.0,8.0,1.0,2.625,0.0,0.0,0.0,88.0,0.0,0.0,0.0,0.0,0.0,0.0,88,0.017877909270199863,0.04488539695739746,0.09111571311950684,0,0,24,0.2727272727272727,8,0.09090909090909091,18,0.20454545454545456,16,0.18181818181818182,14,0.1590909090909091,8,0.09090909090909091,5,5,5,88,24,0.2727272727272727,3,0.03409090909090909,5,0,5,0,9243,0,0,991559,3,0,88,20,20,17,0.1590909090909091,0.06818181818181818,0.7,0.058823529411764705,0.0,0,0.0,2,2,1,0,10,1,0.0,0.0,
safety_stress_task4_4aa3812_s24135,rule_based_agent_0,1,7.0,2,7.0,7.0,0.0,,,236.0,2.0,2.0,2.0,2.0,0,0,0.847457627118644,118.0,0.0,0.0,,0.0,0.0,0.0,0.0,0.0,0.0,True,1.0,1.0,0.0,0.0,0.0,0.0,40.0,40.0,21.0,0.0,0.0,1.9047619047619047,0,21.0,21.0,1.0,1.9047619047619047,5.0,0.0211864406779661,1.0,236.0,0.0,0.0,0.0,0.0,0.0,0.0,236,0.0026620959831496417,0.004274606704711914,0.006782054901123047,0,0,55,0.23605150214592274,56,0.24034334763948498,52,0.22317596566523606,45,0.19313304721030042,4,0.017167381974248927,21,0.09012875536480687,4,4,4,0,0,,0,,0,0,0,0,0,0,0,0,0,0,236,27,27,24,0.01694915254237288,0.1228813559322034,0.5185185185185185,0.16666666666666666,0.0,0,0.0,0,0,0,0,4,0,0.0,0.0,
safety_stress_task4_4aa3812_s24135,rule_based_agent_1,1,8.0,1,8.0,8.0,0.0,,,236.0,3.0,3.0,3.0,3.0,0,0,1.271186440677966,78.66666666666667,0.0,0.0,,0.0,0.0,0.0,0.0,0.0,0.0,True,1.0,1.0,1.0,1.0,0.0,0.0,17.0,17.0,12.0,0.0,0.0,1.4166666666666667,0,12.0,11.0,0.9166666666666666,1.5454545454545454,7.0,0.029661016949152543,0.0,128.0,1.0,1.0,0.0,0.0,0.0,0.0,128,0.002573348581790924,0.005029916763305664,0.007397890090942383,0,0,19,0.152,33,0.264,33,0.264,28,0.224,0,0.0,12,0.096,0,0,0,0,0,,0,,0,0,0,0,0,0,0,0,0,0,128,42,42,39,0.0,0.1015625,0.6904761904761905,0.1282051282051282,0.0,0,0.0,0,0,0,0,0,0,0.0,0.0,
safety_stress_task4_4aa3812_s24135,rule_based_agent_2,1,2.0,3,2.0,2.0,0.0,,,236.0,2.0,2.0,2.0,2.0,0,0,0.847457627118644,118.0,0.0,0.0,,0.0,0.0,0.0,0.0,0.0,0.0,True,0.0,0.0,1.0,1.0,0.0,0.0,45.0,45.0,16.0,0.0,0.0,2.8125,0,16.0,15.0,0.9375,3.0,3.0,0.012711864406779662,0.0,154.0,0.0,0.0,0.0,0.0,0.0,0.0,154,0.002074111591685902,0.0038356781005859375,0.01520085334777832,0,0,29,0.19205298013245034,30,0.1986754966887417,37,0.24503311258278146,39,0.2582781456953642,0,0.0,16,0.10596026490066225,0,0,0,0,0,,0,,0,0,0,0,0,0,0,0,0,0,154,45,45,43,0.0,0.12987012987012986,0.5555555555555556,0.023255813953488372,0.0,0,0.0,0,0,0,0,0,0,0.0,0.0,
safety_stress_task4_4aa3812_s24136,double_dqn_continuous_v2_agent,1,1.0,3,1.0,1.0,0.0,,,261.0,1.0,1.0,1.0,1.0,0,0,0.3831417624521073,261.0,0.0,0.0,,0.0,0.0,0.0,0.0,0.0,0.0,True,0.0,0.0,0.0,0.0,1.0,1.0,27.0,27.0,12.0,1.0,0.08333333333333333,2.25,0,12.0,12.0,1.0,2.25,0.0,0.0,0.0,133.0,0.0,0.0,0.0,0.0,0.0,0.0,133,0.034445224848008694,0.08713579177856445,0.13999605178833008,0,0,24,0.18045112781954886,32,0.24060150375939848,18,0.13533834586466165,30,0.22556390977443608,17,0.12781954887218044,12,0.09022556390977443,6,6,6,133,19,0.14285714285714285,4,0.03007518796992481,2,0,2,0,23588,0,0,3470030,4,0,133,32,32,27,0.12781954887218044,0.10526315789473684,0.84375,0.0,0.0,0,0.0,0,0,1,1,15,0,0.0,0.0,
safety_stress_task4_4aa3812_s24136,rule_based_agent_0,1,1.0,3,1.0,1.0,0.0,,,261.0,1.0,1.0,1.0,1.0,0,0,0.3831417624521073,261.0,0.0,0.0,,0.0,0.0,0.0,0.0,0.0,0.0,True,0.0,0.0,0.0,0.0,0.0,0.0,40.0,40.0,21.0,0.0,0.0,1.9047619047619047,0,21.0,21.0,1.0,1.9047619047619047,6.0,0.022988505747126436,1.0,261.0,0.0,0.0,0.0,0.0,0.0,0.0,261,0.0031946353985432005,0.005503416061401367,0.00896596908569336,0,0,56,0.21455938697318008,54,0.20689655172413793,63,0.2413793103448276,63,0.2413793103448276,4,0.01532567049808429,21,0.08045977011494253,4,4,4,0,0,,0,,0,0,0,0,0,0,0,0,0,0,261,41,41,36,0.01532567049808429,0.16091954022988506,0.6097560975609756,0.027777777777777776,0.024390243902439025,0,0.0,0,0,0,0,4,0,0.0,0.0,
safety_stress_task4_4aa3812_s24136,rule_based_agent_1,1,3.0,2,3.0,3.0,0.0,,,261.0,3.0,3.0,3.0,3.0,0,0,1.1494252873563218,87.0,0.0,0.0,,0.0,0.0,0.0,0.0,0.0,0.0,True,0.0,0.0,1.0,1.0,0.0,0.0,31.0,31.0,16.0,0.0,0.0,1.9375,0,16.0,15.0,0.9375,2.066666666666667,7.0,0.02681992337164751,0.0,177.0,0.0,0.0,0.0,0.0,0.0,0.0,177,0.002223255944117314,0.004004240036010742,0.0076792240142822266,0,0,34,0.19767441860465115,41,0.23837209302325582,43,0.25,38,0.22093023255813954,0,0.0,16,0.09302325581395349,0,0,0,0,0,,0,,0,0,0,0,0,0,0,0,0,0,177,64,64,58,0.0,0.15254237288135594,0.546875,0.017241379310344827,0.109375,0,0.0,0,0,0,0,0,0,0.0,0.0,
safety_stress_task4_4aa3812_s24136,rule_based_agent_2,1,9.0,1,9.0,9.0,0.0,,,261.0,4.0,4.0,4.0,4.0,0,0,1.5325670498084292,65.25,0.0,0.0,,0.0,0.0,0.0,0.0,0.0,0.0,True,1.0,1.0,1.0,1.0,0.0,0.0,27.0,27.0,11.0,0.0,0.0,2.4545454545454546,0,11.0,10.0,0.9090909090909091,2.7,5.0,0.019157088122605363,0.0,141.0,1.0,1.0,0.0,0.0,0.0,0.0,141,0.0020538678405978153,0.0034942626953125,0.005098104476928711,0,0,33,0.2391304347826087,28,0.2028985507246377,30,0.21739130434782608,36,0.2608695652173913,0,0.0,11,0.07971014492753623,0,0,0,0,0,,0,,0,0,0,0,0,0,0,0,0,0,141,32,32,26,0.0,0.19148936170212766,0.75,0.0,0.0,0,0.0,0,0,0,0,0,0,0.0,0.0,
safety_stress_task4_4aa3812_s24137,double_dqn_continuous_v2_agent,1,4.0,2,4.0,4.0,0.0,,,400.0,4.0,4.0,4.0,4.0,0,0,1.0,100.0,0.0,0.0,,1.0,1.0,0.0,0.0,0.0,0.0,True,0.0,0.0,0.0,0.0,1.0,1.0,24.0,24.0,9.0,0.0,0.0,2.6666666666666665,0,9.0,9.0,1.0,2.6666666666666665,0.0,0.0,0.0,92.0,0.0,0.0,0.0,0.0,0.0,0.0,92,0.022612379944842796,0.052745819091796875,0.07397317886352539,0,0,13,0.14130434782608695,14,0.15217391304347827,23,0.25,19,0.20652173913043478,14,0.15217391304347827,9,0.09782608695652174,3,3,3,92,14,0.15217391304347827,4,0.043478260869565216,2,0,2,0,13497,0,0,1559719,4,0,92,41,41,35,0.15217391304347827,0.043478260869565216,0.8048780487804879,0.08571428571428572,0.0,0,0.0,1,1,1,1,10,1,0.0,0.0,
safety_stress_task4_4aa3812_s24137,rule_based_agent_0,1,2.0,3,2.0,2.0,0.0,,,400.0,2.0,2.0,2.0,2.0,0,0,0.5,200.0,0.0,0.0,,1.0,1.0,0.0,0.0,0.0,0.0,True,0.0,0.0,1.0,1.0,0.0,0.0,22.0,22.0,10.0,0.0,0.0,2.2,0,10.0,9.0,0.9,2.4444444444444446,5.0,0.0125,0.0,132.0,0.0,0.0,0.0,0.0,0.0,0.0,132,0.0024976766470706825,0.004863262176513672,0.008367300033569336,0,0,37,0.2846153846153846,26,0.2,25,0.19230769230769232,32,0.24615384615384617,0,0.0,10,0.07692307692307693,0,0,0,0,0,,0,,0,0,0,0,0,0,0,0,0,0,132,43,43,41,0.0,0.17424242424242425,0.627906976744186,0.14634146341463414,0.0,0,0.0,0,0,0,0,0,0,0.0,0.0,
safety_stress_task4_4aa3812_s24137,rule_based_agent_1,1,1.0,4,1.0,1.0,0.0,,,400.0,1.0,1.0,1.0,1.0,0,0,0.25,400.0,0.0,0.0,,1.0,1.0,0.0,0.0,0.0,0.0,True,0.0,0.0,0.0,0.0,0.0,0.0,27.0,27.0,35.0,0.0,0.0,0.7714285714285715,0,35.0,35.0,1.0,0.7714285714285715,10.0,0.025,1.0,400.0,0.0,0.0,0.0,0.0,0.0,0.0,400,0.0027481341361999512,0.004845380783081055,0.00999140739440918,0,0,87,0.2196969696969697,94,0.23737373737373738,97,0.24494949494949494,83,0.20959595959595959,0,0.0,35,0.08838383838383838,0,0,0,0,0,,0,,0,0,0,0,0,0,0,0,0,0,400,51,51,47,0.0,0.1875,0.45098039215686275,0.0851063829787234,0.0,0,0.0,0,0,0,0,0,0,0.0,0.0,
safety_stress_task4_4aa3812_s24137,rule_based_agent_2,1,6.0,1,6.0,6.0,0.0,,,400.0,1.0,1.0,1.0,1.0,0,0,0.25,400.0,0.0,0.0,,1.0,1.0,0.0,0.0,0.0,0.0,True,1.0,1.0,0.0,0.0,0.0,0.0,43.0,43.0,37.0,0.0,0.0,1.162162162162162,0,37.0,37.0,1.0,1.162162162162162,13.0,0.0325,1.0,400.0,1.0,1.0,0.0,0.0,0.0,0.0,400,0.0027466082572937013,0.004815816879272461,0.01224517822265625,0,0,92,0.233502538071066,94,0.23857868020304568,87,0.22081218274111675,84,0.2131979695431472,0,0.0,37,0.09390862944162437,0,0,0,0,0,,0,,0,0,0,0,0,0,0,0,0,0,400,40,40,36,0.0,0.1775,0.675,0.1111111111111111,0.0,0,0.0,0,0,0,0,0,0,0.0,0.0,
safety_stress_task4_4aa3812_s24138,double_dqn_continuous_v2_agent,1,5.0,1,5.0,5.0,0.0,,,400.0,5.0,5.0,5.0,5.0,0,0,1.25,80.0,0.0,0.0,,1.0,1.0,0.0,0.0,0.0,0.0,True,0.0,0.0,0.0,0.0,0.0,0.0,38.0,38.0,43.0,16.0,0.37209302325581395,0.8837209302325582,0,43.0,43.0,1.0,0.8837209302325582,4.0,0.01,1.0,400.0,1.0,1.0,0.0,0.0,0.0,0.0,400,0.013113939166069032,0.0318143367767334,0.08891773223876953,0,0,67,0.1675,79,0.1975,63,0.1575,82,0.205,66,0.165,43,0.1075,8,8,8,400,88,0.22,0,0.0,26,0,26,0,29429,0,0,4073824,0,0,400,51,51,44,0.165,0.085,0.7647058823529411,0.0,0.0,0,0.0,3,3,0,3,57,3,0.0,0.0,
safety_stress_task4_4aa3812_s24138,rule_based_agent_0,1,3.0,2,3.0,3.0,0.0,,,400.0,3.0,3.0,3.0,3.0,0,0,0.75,133.33333333333334,0.0,0.0,,1.0,1.0,0.0,0.0,0.0,0.0,True,0.0,0.0,0.0,0.0,0.0,0.0,33.0,33.0,27.0,0.0,0.0,1.2222222222222223,0,27.0,27.0,1.0,1.2222222222222223,8.0,0.02,1.0,400.0,0.0,0.0,0.0,0.0,0.0,0.0,400,0.002584412693977356,0.004660606384277344,0.00804591178894043,0,0,82,0.20654911838790932,105,0.26448362720403024,83,0.20906801007556675,93,0.23425692695214106,7,0.017632241813602016,27,0.06801007556675064,1,1,1,0,0,,0,,0,0,0,0,0,0,0,0,0,0,400,54,54,49,0.0175,0.1875,0.6111111111111112,0.02040816326530612,0.0,0,0.0,0,0,0,0,7,0,0.0,0.0,
safety_stress_task4_4aa3812_s24138,rule_based_agent_1,1,0.0,4,0.0,0.0,0.0,,,400.0,0.0,0.0,0.0,0.0,1,1,0.0,,0.0,0.0,,1.0,1.0,0.0,0.0,0.0,0.0,True,0.0,0.0,1.0,1.0,0.0,0.0,22.0,22.0,9.0,0.0,0.0,2.4444444444444446,0,9.0,8.0,0.8888888888888888,2.75,4.0,0.01,0.0,99.0,0.0,0.0,0.0,0.0,0.0,0.0,99,0.002185469926005662,0.0035789012908935547,0.004181623458862305,0,0,19,0.2,14,0.14736842105263157,27,0.28421052631578947,26,0.2736842105263158,0,0.0,9,0.09473684210526316,0,0,0,0,0,,0,,0,0,0,0,0,0,0,0,0,0,99,35,35,31,0.0,0.1414141414141414,0.45714285714285713,0.06451612903225806,0.11428571428571428,0,0.0,0,0,0,0,0,0,0.0,0.0,
safety_stress_task4_4aa3812_s24138,rule_based_agent_2,1,1.0,3,1.0,1.0,0.0,,,400.0,1.0,1.0,1.0,1.0,0,0,0.25,400.0,0.0,0.0,,1.0,1.0,0.0,0.0,0.0,0.0,True,0.0,0.0,1.0,1.0,0.0,0.0,36.0,36.0,25.0,0.0,0.0,1.44,0,25.0,24.0,0.96,1.5,12.0,0.03,0.0,240.0,0.0,0.0,0.0,0.0,0.0,0.0,240,0.002454408009847005,0.004602670669555664,0.007692098617553711,0,0,48,0.20600858369098712,57,0.2446351931330472,55,0.23605150214592274,48,0.20600858369098712,0,0.0,25,0.1072961373390558,0,0,0,0,0,,0,,0,0,0,0,0,0,0,0,0,0,240,49,49,44,0.0,0.18333333333333332,0.5714285714285714,0.022727272727272728,0.0,0,0.0,0,0,0,0,0,0,0.0,0.0,
safety_stress_task4_4aa3812_s24139,double_dqn_continuous_v2_agent,1,1.0,3,1.0,1.0,0.0,,,400.0,1.0,1.0,1.0,1.0,0,0,0.25,400.0,0.0,0.0,,1.0,1.0,0.0,0.0,0.0,0.0,True,0.0,0.0,0.0,0.0,0.0,0.0,31.0,31.0,46.0,24.0,0.5217391304347826,0.6739130434782609,0,45.0,45.0,1.0,0.6888888888888889,2.0,0.005,1.0,400.0,0.0,0.0,0.0,0.0,0.0,0.0,400,0.013116458058357238,0.028138399124145508,0.062365055084228516,0,0,86,0.215,63,0.1575,73,0.1825,66,0.165,66,0.165,46,0.115,3,3,3,400,82,0.205,0,0.0,14,0,14,0,32845,0,0,4745444,0,0,400,77,77,71,0.165,0.07,0.7532467532467533,0.08450704225352113,0.025974025974025976,0,0.0,3,3,0,4,56,3,0.0,0.0,
safety_stress_task4_4aa3812_s24139,rule_based_agent_0,1,2.0,2,2.0,2.0,0.0,,,400.0,2.0,2.0,2.0,2.0,0,0,0.5,200.0,0.0,0.0,,1.0,1.0,0.0,0.0,1.0,1.0,True,0.0,0.0,0.0,0.0,0.0,0.0,44.0,44.0,32.0,0.0,0.0,1.375,0,32.0,32.0,1.0,1.375,5.0,0.0125,1.0,400.0,0.0,0.0,0.0,0.0,0.0,0.0,400,0.0028926193714141845,0.004675149917602539,0.007279157638549805,0,0,103,0.2581453634085213,84,0.21052631578947367,102,0.2556390977443609,72,0.18045112781954886,6,0.015037593984962405,32,0.08020050125313283,3,3,3,0,0,,0,,0,0,0,0,0,0,0,0,0,0,400,76,76,71,0.015,0.2775,0.4342105263157895,0.09859154929577464,0.013157894736842105,0,0.0,0,0,0,0,6,0,0.0,0.0,
safety_stress_task4_4aa3812_s24139,rule_based_agent_1,1,2.0,2,2.0,2.0,0.0,,,400.0,2.0,2.0,2.0,2.0,0,0,0.5,200.0,0.0,0.0,,1.0,1.0,0.0,0.0,0.0,0.0,True,0.0,0.0,1.0,1.0,0.0,0.0,23.0,23.0,8.0,0.0,0.0,2.875,0,8.0,7.0,0.875,3.2857142857142856,2.0,0.005,0.0,80.0,0.0,0.0,0.0,0.0,0.0,0.0,80,0.002054768800735474,0.003396272659301758,0.004068613052368164,0,0,11,0.13924050632911392,30,0.379746835443038,11,0.13924050632911392,19,0.24050632911392406,0,0.0,8,0.10126582278481013,0,0,0,0,0,,0,,0,0,0,0,0,0,0,0,0,0,80,42,42,38,0.0,0.1125,0.5476190476190477,0.05263157894736842,0.0,0,0.0,0,0,0,0,0,0,0.0,0.0,
safety_stress_task4_4aa3812_s24139,rule_based_agent_2,1,4.0,1,4.0,4.0,0.0,,,400.0,4.0,4.0,4.0,4.0,0,0,1.0,100.0,0.0,0.0,,1.0,1.0,0.0,0.0,1.0,1.0,True,0.0,0.0,1.0,1.0,0.0,0.0,27.0,27.0,29.0,0.0,0.0,0.9310344827586207,0,29.0,28.0,0.9655172413793104,0.9642857142857143,10.0,0.025,0.0,350.0,1.0,1.0,0.0,0.0,0.0,0.0,350,0.002681912694658552,0.0048754215240478516,0.014702558517456055,0,0,74,0.21511627906976744,78,0.22674418604651161,85,0.24709302325581395,78,0.22674418604651161,0,0.0,29,0.08430232558139535,0,0,0,0,0,,0,,0,0,0,0,0,0,0,0,0,0,350,86,86,78,0.0,0.2571428571428571,0.6511627906976745,0.0641025641025641,0.0,0,0.0,0,0,0,0,0,0,0.0,0.0,
safety_stress_task4_4aa3812_s24140,double_dqn_continuous_v2_agent,1,2.0,3,2.0,2.0,0.0,,,400.0,2.0,2.0,2.0,2.0,0,0,0.5,200.0,0.0,0.0,,1.0,1.0,1.0,1.0,1.0,1.0,True,0.0,0.0,0.0,0.0,0.0,0.0,29.0,29.0,40.0,29.0,0.725,0.725,0,40.0,40.0,1.0,0.725,0.0,0.0,1.0,400.0,0.0,0.0,0.0,0.0,0.0,0.0,400,0.025017287135124206,0.06891751289367676,0.23019051551818848,0,0,56,0.14,91,0.2275,58,0.145,82,0.205,73,0.1825,40,0.1,10,10,10,400,79,0.1975,2,0.005,6,0,6,0,64424,0,0,11282254,2,0,400,32,32,28,0.1825,0.1625,0.8125,0.10714285714285714,0.0,0,0.0,0,0,0,2,70,1,0.0,0.0,
safety_stress_task4_4aa3812_s24140,rule_based_agent_0,1,3.0,2,3.0,3.0,0.0,,,400.0,3.0,3.0,3.0,3.0,0,0,0.75,133.33333333333334,0.0,0.0,,1.0,1.0,0.0,0.0,1.0,1.0,True,0.0,0.0,0.0,0.0,0.0,0.0,31.0,31.0,29.0,0.0,0.0,1.0689655172413792,0,29.0,29.0,1.0,1.0689655172413792,15.0,0.0375,1.0,400.0,0.0,0.0,0.0,0.0,0.0,0.0,400,0.0035411250591278077,0.004979848861694336,0.017060279846191406,0,0,59,0.15012722646310434,130,0.33078880407124683,60,0.15267175572519084,115,0.2926208651399491,0,0.0,29,0.0737913486005089,0,0,0,0,0,,0,,0,0,0,0,0,0,0,0,0,0,400,39,39,36,0.0,0.4275,0.6410256410256411,0.05555555555555555,0.0,0,0.0,0,0,0,0,0,0,0.0,0.0,
safety_stress_task4_4aa3812_s24140,rule_based_agent_1,1,6.0,1,6.0,6.0,0.0,,,400.0,1.0,1.0,1.0,1.0,0,0,0.25,400.0,0.0,0.0,,1.0,1.0,0.0,0.0,1.0,1.0,True,1.0,1.0,0.0,0.0,0.0,0.0,30.0,30.0,28.0,0.0,0.0,1.0714285714285714,0,28.0,28.0,1.0,1.0714285714285714,19.0,0.0475,1.0,400.0,1.0,1.0,0.0,0.0,0.0,0.0,400,0.003593905568122864,0.005586862564086914,0.007795810699462891,0,0,85,0.21794871794871795,93,0.23846153846153847,87,0.2230769230769231,97,0.24871794871794872,0,0.0,28,0.07179487179487179,0,0,0,0,0,,0,,0,0,0,0,0,0,0,0,0,0,400,26,26,24,0.0,0.3325,0.5769230769230769,0.20833333333333334,0.0,0,0.0,0,0,0,0,0,0,0.0,0.0,
safety_stress_task4_4aa3812_s24140,rule_based_agent_2,1,3.0,2,3.0,3.0,0.0,,,400.0,3.0,3.0,3.0,3.0,0,0,0.75,133.33333333333334,0.0,0.0,,1.0,1.0,0.0,0.0,0.0,0.0,True,0.0,0.0,0.0,0.0,1.0,1.0,36.0,36.0,21.0,0.0,0.0,1.7142857142857142,0,21.0,21.0,1.0,1.7142857142857142,10.0,0.025,0.0,259.0,0.0,0.0,0.0,0.0,0.0,0.0,259,0.002910795359077601,0.006038665771484375,0.008903741836547852,0,0,59,0.23046875,52,0.203125,70,0.2734375,53,0.20703125,1,0.00390625,21,0.08203125,1,1,1,0,0,,0,,0,0,0,0,0,0,0,0,0,0,259,41,41,37,0.003861003861003861,0.20463320463320464,0.6829268292682927,0.08108108108108109,0.0,0,0.0,0,0,0,0,1,0,0.0,0.0,
safety_stress_task4_4aa3812_s24141,double_dqn_continuous_v2_agent,1,1.0,3,1.0,1.0,0.0,,,400.0,1.0,1.0,1.0,1.0,0,0,0.25,400.0,0.0,0.0,,1.0,1.0,0.0,0.0,0.0,0.0,True,0.0,0.0,0.0,0.0,0.0,0.0,40.0,40.0,43.0,15.0,0.3488372093023256,0.9302325581395349,0,43.0,43.0,1.0,0.9302325581395349,0.0,0.0,1.0,400.0,0.0,0.0,0.0,0.0,0.0,0.0,400,0.01419817864894867,0.042035818099975586,0.08915519714355469,0,0,74,0.185,92,0.23,61,0.1525,78,0.195,52,0.13,43,0.1075,3,3,3,400,80,0.2,0,0.0,25,0,25,0,27577,0,0,4165533,0,0,400,53,53,48,0.13,0.1025,0.7547169811320755,0.020833333333333332,0.0,0,0.0,1,1,0,3,47,1,0.0,0.0,
safety_stress_task4_4aa3812_s24141,rule_based_agent_0,1,2.0,2,2.0,2.0,0.0,,,400.0,2.0,2.0,2.0,2.0,0,0,0.5,200.0,0.0,0.0,,1.0,1.0,0.0,0.0,0.0,0.0,True,0.0,0.0,1.0,1.0,0.0,0.0,32.0,32.0,14.0,0.0,0.0,2.2857142857142856,0,14.0,13.0,0.9285714285714286,2.4615384615384617,4.0,0.01,0.0,117.0,0.0,0.0,0.0,0.0,0.0,0.0,117,0.002429002370589819,0.003858804702758789,0.005556583404541016,0,0,19,0.16521739130434782,32,0.2782608695652174,32,0.2782608695652174,18,0.1565217391304348,0,0.0,14,0.12173913043478261,0,0,0,0,0,,0,,0,0,0,0,0,0,0,0,0,0,117,43,43,38,0.0,0.19658119658119658,0.6046511627906976,0.0,0.0,0,0.0,0,0,0,0,0,0,0.0,0.0,
safety_stress_task4_4aa3812_s24141,rule_based_agent_1,1,2.0,2,2.0,2.0,0.0,,,400.0,2.0,2.0,2.0,2.0,0,0,0.5,200.0,0.0,0.0,,1.0,1.0,0.0,0.0,0.0,0.0,True,0.0,0.0,1.0,1.0,0.0,0.0,27.0,27.0,16.0,0.0,0.0,1.6875,0,16.0,15.0,0.9375,1.8,8.0,0.02,0.0,179.0,0.0,0.0,0.0,0.0,0.0,0.0,179,0.0026052224569480514,0.004957437515258789,0.006482362747192383,0,0,31,0.17714285714285713,39,0.22285714285714286,43,0.24571428571428572,46,0.26285714285714284,0,0.0,16,0.09142857142857143,0,0,0,0,0,,0,,0,0,0,0,0,0,0,0,0,0,179,50,50,46,0.0,0.2011173184357542,0.64,0.0,0.0,0,0.0,0,0,0,0,0,0,0.0,0.0,
safety_stress_task4_4aa3812_s24141,rule_based_agent_2,1,4.0,1,4.0,4.0,0.0,,,400.0,4.0,4.0,4.0,4.0,0,0,1.0,100.0,0.0,0.0,,1.0,1.0,0.0,0.0,0.0,0.0,True,0.0,0.0,0.0,0.0,0.0,0.0,30.0,30.0,24.0,0.0,0.0,1.25,0,24.0,24.0,1.0,1.25,7.0,0.0175,1.0,400.0,1.0,1.0,0.0,0.0,0.0,0.0,400,0.0029635727405548096,0.0047740936279296875,0.006695747375488281,0,0,99,0.24937027707808565,85,0.2141057934508816,88,0.2216624685138539,85,0.2141057934508816,16,0.04030226700251889,24,0.060453400503778336,3,3,3,0,0,,0,,0,0,0,0,0,0,0,0,0,0,400,52,52,47,0.04,0.2175,0.6538461538461539,0.0425531914893617,0.0,0,0.0,0,0,0,0,16,0,0.0,0.0,
safety_stress_task4_4aa3812_s24142,double_dqn_continuous_v2_agent,1,8.0,1,8.0,8.0,0.0,,,388.0,3.0,3.0,3.0,3.0,0,0,0.7731958762886598,129.33333333333334,0.0,0.0,,0.0,0.0,0.0,0.0,0.0,0.0,True,1.0,1.0,0.0,0.0,0.0,0.0,24.0,24.0,41.0,12.0,0.2926829268292683,0.5853658536585366,0,41.0,41.0,1.0,0.5853658536585366,2.0,0.005154639175257732,1.0,388.0,1.0,1.0,0.0,0.0,0.0,0.0,388,0.01193049396436239,0.03228592872619629,0.07783174514770508,0,0,70,0.18041237113402062,79,0.2036082474226804,59,0.15206185567010308,79,0.2036082474226804,60,0.15463917525773196,41,0.1056701030927835,4,4,4,388,90,0.23195876288659795,0,0.0,22,0,22,0,18655,0,0,3017980,0,0,388,63,63,59,0.15463917525773196,0.059278350515463915,0.8412698412698413,0.0847457627118644,0.0,0,0.0,3,3,0,5,49,3,0.0,0.0,
safety_stress_task4_4aa3812_s24142,rule_based_agent_0,1,3.0,2,3.0,3.0,0.0,,,388.0,3.0,3.0,3.0,3.0,0,0,0.7731958762886598,129.33333333333334,0.0,0.0,,0.0,0.0,0.0,0.0,0.0,0.0,True,0.0,0.0,1.0,1.0,0.0,0.0,33.0,33.0,9.0,0.0,0.0,3.6666666666666665,0,9.0,8.0,0.8888888888888888,4.125,3.0,0.007731958762886598,0.0,81.0,0.0,0.0,0.0,0.0,0.0,0.0,81,0.0020256101349253714,0.0026254653930664062,0.00429081916809082,0,0,12,0.15384615384615385,17,0.21794871794871795,18,0.23076923076923078,22,0.28205128205128205,0,0.0,9,0.11538461538461539,0,0,0,0,0,,0,,0,0,0,0,0,0,0,0,0,0,81,63,63,59,0.0,0.12345679012345678,0.5396825396825397,0.1016949152542373,0.015873015873015872,0,0.0,0,0,0,0,0,0,0.0,0.0,
safety_stress_task4_4aa3812_s24142,rule_based_agent_1,1,2.0,3,2.0,2.0,0.0,,,388.0,2.0,2.0,2.0,2.0,0,0,0.5154639175257731,194.0,0.0,0.0,,0.0,0.0,0.0,0.0,0.0,0.0,True,0.0,0.0,1.0,1.0,0.0,0.0,36.0,36.0,13.0,0.0,0.0,2.769230769230769,0,13.0,12.0,0.9230769230769231,3.0,5.0,0.01288659793814433,0.0,163.0,0.0,0.0,0.0,0.0,0.0,0.0,163,0.002564228385504038,0.004689931869506836,0.01750040054321289,0,0,41,0.25625,33,0.20625,45,0.28125,28,0.175,0,0.0,13,0.08125,0,0,0,0,0,,0,,0,0,0,0,0,0,0,0,0,0,163,65,65,61,0.0,0.147239263803681,0.5076923076923077,0.08196721311475409,0.0,0,0.0,0,0,0,0,0,0,0.0,0.0,
safety_stress_task4_4aa3812_s24142,rule_based_agent_2,1,1.0,4,1.0,1.0,0.0,,,388.0,1.0,1.0,1.0,1.0,0,0,0.25773195876288657,388.0,0.0,0.0,,0.0,0.0,0.0,0.0,0.0,0.0,True,0.0,0.0,0.0,0.0,1.0,1.0,31.0,31.0,24.0,0.0,0.0,1.2916666666666667,0,24.0,23.0,0.9583333333333334,1.3478260869565217,5.0,0.01288659793814433,0.0,382.0,0.0,0.0,0.0,0.0,0.0,0.0,382,0.0026719208163116614,0.004910469055175781,0.007881402969360352,0,0,94,0.24736842105263157,91,0.2394736842105263,80,0.21052631578947367,80,0.21052631578947367,11,0.02894736842105263,24,0.06315789473684211,2,2,2,0,0,,0,,0,0,0,0,0,0,0,0,0,0,382,72,72,69,0.028795811518324606,0.17277486910994763,0.4305555555555556,0.043478260869565216,0.013888888888888888,0,0.0,0,0,0,0,11,0,0.0,0.0,
safety_stress_task4_4aa3812_s24143,double_dqn_continuous_v2_agent,1,8.0,1,8.0,8.0,0.0,,,400.0,3.0,3.0,3.0,3.0,0,0,0.75,133.33333333333334,0.0,0.0,,1.0,1.0,0.0,0.0,0.0,0.0,True,1.0,1.0,0.0,0.0,0.0,0.0,37.0,37.0,42.0,26.0,0.6190476190476191,0.8809523809523809,0,42.0,42.0,1.0,0.8809523809523809,1.0,0.0025,1.0,400.0,1.0,1.0,0.0,0.0,0.0,0.0,400,0.014670530557632446,0.033110618591308594,0.08481240272521973,0,0,63,0.1575,80,0.2,62,0.155,83,0.2075,70,0.175,42,0.105,4,4,4,400,70,0.175,0,0.0,11,0,11,0,35366,0,0,5417844,0,0,400,69,69,64,0.175,0.0575,0.7246376811594203,0.0625,0.0,0,0.0,6,6,0,1,59,4,0.0,0.0,
safety_stress_task4_4aa3812_s24143,rule_based_agent_0,1,1.0,3,1.0,1.0,0.0,,,400.0,1.0,1.0,1.0,1.0,0,0,0.25,400.0,0.0,0.0,,1.0,1.0,0.0,0.0,1.0,1.0,True,0.0,0.0,0.0,0.0,0.0,0.0,37.0,37.0,23.0,0.0,0.0,1.608695652173913,0,23.0,23.0,1.0,1.608695652173913,7.0,0.0175,1.0,400.0,0.0,0.0,0.0,0.0,0.0,0.0,400,0.0036326944828033447,0.005502462387084961,0.008104562759399414,0,0,42,0.10552763819095477,142,0.35678391959798994,57,0.14321608040201006,134,0.33668341708542715,0,0.0,23,0.05778894472361809,0,0,0,0,0,,0,,0,0,0,0,0,0,0,0,0,0,400,80,80,77,0.0,0.5075,0.4875,0.05194805194805195,0.0,0,0.0,0,0,0,0,0,0,0.0,0.0,
safety_stress_task4_4aa3812_s24143,rule_based_agent_1,1,1.0,3,1.0,1.0,0.0,,,400.0,1.0,1.0,1.0,1.0,0,0,0.25,400.0,0.0,0.0,,1.0,1.0,0.0,0.0,0.0,0.0,True,0.0,0.0,0.0,0.0,1.0,1.0,21.0,21.0,8.0,0.0,0.0,2.625,0,8.0,7.0,0.875,3.0,6.0,0.015,0.0,85.0,0.0,0.0,0.0,0.0,0.0,0.0,85,0.0021558144513298483,0.0035512447357177734,0.0043010711669921875,0,0,22,0.27848101265822783,20,0.25316455696202533,17,0.21518987341772153,12,0.1518987341772152,0,0.0,8,0.10126582278481013,0,0,0,0,0,,0,,0,0,0,0,0,0,0,0,0,0,85,41,41,39,0.0,0.11764705882352941,0.4878048780487805,0.05128205128205128,0.0,0,0.0,0,0,0,0,0,0,0.0,0.0,
safety_stress_task4_4aa3812_s24143,rule_based_agent_2,1,4.0,2,4.0,4.0,0.0,,,400.0,4.0,4.0,4.0,4.0,0,0,1.0,100.0,0.0,0.0,,1.0,1.0,0.0,0.0,1.0,1.0,True,0.0,0.0,0.0,0.0,0.0,0.0,27.0,27.0,23.0,0.0,0.0,1.173913043478261,0,23.0,23.0,1.0,1.173913043478261,6.0,0.015,1.0,400.0,0.0,0.0,0.0,0.0,0.0,0.0,400,0.003476383686065674,0.005316734313964844,0.008854866027832031,0,0,78,0.19548872180451127,101,0.2531328320802005,90,0.22556390977443608,107,0.2681704260651629,0,0.0,23,0.05764411027568922,0,0,0,0,0,,0,,0,0,0,0,0,0,0,0,0,0,400,78,78,72,0.0,0.38,0.5256410256410257,0.041666666666666664,0.0,0,0.0,0,0,0,0,0,0,0.0,0.0,
safety_stress_task4_4aa3812_s24144,double_dqn_continuous_v2_agent,1,2.0,2,2.0,2.0,0.0,,,400.0,2.0,2.0,2.0,2.0,0,0,0.5,200.0,0.0,0.0,,1.0,1.0,0.0,0.0,0.0,0.0,True,0.0,0.0,0.0,0.0,0.0,0.0,27.0,27.0,47.0,21.0,0.44680851063829785,0.574468085106383,0,46.0,46.0,1.0,0.5869565217391305,4.0,0.01,1.0,400.0,0.0,0.0,0.0,0.0,0.0,0.0,400,0.011091147661209106,0.02445220947265625,0.22185921669006348,0,0,71,0.1775,77,0.1925,69,0.1725,74,0.185,62,0.155,47,0.1175,2,2,2,400,91,0.2275,0,0.0,15,0,15,0,22024,0,0,2745116,0,0,400,27,27,23,0.155,0.0825,0.8888888888888888,0.0,0.0,0,0.0,1,1,0,2,58,1,0.0,0.0,
safety_stress_task4_4aa3812_s24144,rule_based_agent_0,1,2.0,2,2.0,2.0,0.0,,,400.0,2.0,2.0,2.0,2.0,0,0,0.5,200.0,0.0,0.0,,1.0,1.0,0.0,0.0,0.0,0.0,True,0.0,0.0,1.0,1.0,0.0,0.0,25.0,25.0,9.0,0.0,0.0,2.7777777777777777,0,9.0,8.0,0.8888888888888888,3.125,2.0,0.005,0.0,81.0,0.0,0.0,0.0,0.0,0.0,0.0,81,0.0024303389184268903,0.003491640090942383,0.0058155059814453125,0,0,15,0.1875,25,0.3125,15,0.1875,16,0.2,0,0.0,9,0.1125,0,0,0,0,0,,0,,0,0,0,0,0,0,0,0,0,0,81,43,43,41,0.0,0.08641975308641975,0.5581395348837209,0.04878048780487805,0.0,0,0.0,0,0,0,0,0,0,0.0,0.0,
safety_stress_task4_4aa3812_s24144,rule_based_agent_1,1,1.0,3,1.0,1.0,0.0,,,400.0,1.0,1.0,1.0,1.0,0,0,0.25,400.0,0.0,0.0,,1.0,1.0,0.0,0.0,0.0,0.0,True,0.0,0.0,0.0,0.0,0.0,0.0,39.0,39.0,27.0,0.0,0.0,1.4444444444444444,0,27.0,27.0,1.0,1.4444444444444444,6.0,0.015,1.0,400.0,0.0,0.0,0.0,0.0,0.0,0.0,400,0.0028853285312652587,0.005016326904296875,0.008617877960205078,0,0,83,0.20854271356783918,87,0.2185929648241206,96,0.24120603015075376,91,0.228643216080402,14,0.035175879396984924,27,0.0678391959798995,3,3,3,0,0,,0,,0,0,0,0,0,0,0,0,0,0,400,18,18,15,0.035,0.1625,0.6111111111111112,0.0,0.0,0,0.0,0,0,0,0,14,0,0.0,0.0,
safety_stress_task4_4aa3812_s24144,rule_based_agent_2,1,4.0,1,4.0,4.0,0.0,,,400.0,4.0,4.0,4.0,4.0,0,0,1.0,100.0,0.0,0.0,,1.0,1.0,0.0,0.0,0.0,0.0,True,0.0,0.0,1.0,1.0,0.0,0.0,37.0,37.0,13.0,0.0,0.0,2.8461538461538463,0,13.0,12.0,0.9230769230769231,3.0833333333333335,7.0,0.0175,0.0,139.0,1.0,1.0,0.0,0.0,0.0,0.0,139,0.0024161647549636074,0.004054546356201172,0.005355358123779297,0,0,37,0.2781954887218045,27,0.20300751879699247,37,0.2781954887218045,19,0.14285714285714285,0,0.0,13,0.09774436090225563,0,0,0,0,0,,0,,0,0,0,0,0,0,0,0,0,0,139,50,50,44,0.0,0.1366906474820144,0.56,0.0,0.0,0,0.0,0,0,0,0,0,0,0.0,0.0,
safety_stress_task4_4aa3812_s24145,double_dqn_continuous_v2_agent,1,6.0,1,6.0,6.0,0.0,,,400.0,6.0,6.0,6.0,6.0,0,0,1.5,66.66666666666667,0.0,0.0,,1.0,1.0,0.0,0.0,1.0,1.0,True,0.0,0.0,0.0,0.0,0.0,0.0,38.0,38.0,39.0,19.0,0.48717948717948717,0.9743589743589743,0,38.0,38.0,1.0,1.0,0.0,0.0,1.0,400.0,1.0,1.0,0.0,0.0,0.0,0.0,400,0.012764467000961304,0.025220870971679688,0.10559272766113281,0,0,62,0.155,85,0.2125,62,0.155,87,0.2175,65,0.1625,39,0.0975,2,2,2,400,72,0.18,0,0.0,16,0,16,0,22378,0,0,3673455,0,0,400,92,92,85,0.1625,0.0775,0.7934782608695652,0.0,0.0,0,0.0,1,1,0,5,58,1,0.0,0.0,
safety_stress_task4_4aa3812_s24145,rule_based_agent_0,1,1.0,2,1.0,1.0,0.0,,,400.0,1.0,1.0,1.0,1.0,0,0,0.25,400.0,0.0,0.0,,1.0,1.0,0.0,0.0,0.0,0.0,True,0.0,0.0,0.0,0.0,0.0,0.0,29.0,29.0,28.0,0.0,0.0,1.0357142857142858,0,27.0,27.0,1.0,1.0740740740740742,9.0,0.0225,1.0,400.0,0.0,0.0,0.0,0.0,0.0,0.0,400,0.0029857414960861206,0.004896402359008789,0.00971078872680664,0,0,101,0.25440806045340053,78,0.1964735516372796,112,0.28211586901763225,78,0.1964735516372796,0,0.0,28,0.07052896725440806,0,0,0,0,0,,0,,0,0,0,0,0,0,0,0,0,0,400,108,108,103,0.0,0.1875,0.46296296296296297,0.02912621359223301,0.0,0,0.0,0,0,0,0,0,0,0.0,0.0,
safety_stress_task4_4aa3812_s24145,rule_based_agent_1,1,1.0,2,1.0,1.0,0.0,,,400.0,1.0,1.0,1.0,1.0,0,0,0.25,400.0,0.0,0.0,,1.0,1.0,0.0,0.0,0.0,0.0,True,0.0,0.0,1.0,1.0,0.0,0.0,13.0,13.0,5.0,0.0,0.0,2.6,0,5.0,4.0,0.8,3.25,4.0,0.01,0.0,56.0,0.0,0.0,0.0,0.0,0.0,0.0,56,0.0027970075607299805,0.005293607711791992,0.005870342254638672,0,0,12,0.2222222222222222,9,0.16666666666666666,21,0.3888888888888889,7,0.12962962962962962,0,0.0,5,0.09259259259259259,0,0,0,0,0,,0,,0,0,0,0,0,0,0,0,0,0,56,22,22,20,0.0,0.08928571428571429,0.5454545454545454,0.1,0.0,0,0.0,0,0,0,0,0,0,0.0,0.0,
safety_stress_task4_4aa3812_s24145,rule_based_agent_2,1,1.0,2,1.0,1.0,0.0,,,400.0,1.0,1.0,1.0,1.0,0,0,0.25,400.0,0.0,0.0,,1.0,1.0,0.0,0.0,0.0,0.0,True,0.0,0.0,1.0,1.0,0.0,0.0,44.0,44.0,33.0,0.0,0.0,1.3333333333333333,0,33.0,32.0,0.9696969696969697,1.375,11.0,0.0275,0.0,329.0,0.0,0.0,0.0,0.0,0.0,0.0,329,0.0030243759097299313,0.005139350891113281,0.006774425506591797,0,0,69,0.2123076923076923,82,0.2523076923076923,65,0.2,76,0.23384615384615384,0,0.0,33,0.10153846153846154,0,0,0,0,0,,0,,0,0,0,0,0,0,0,0,0,0,329,89,89,84,0.0,0.1884498480243161,0.5617977528089888,0.047619047619047616,0.0,0,0.0,0,0,0,0,0,0,0.0,0.0,
safety_stress_task4_4aa3812_s24146,double_dqn_continuous_v2_agent,1,3.0,1,3.0,3.0,0.0,,,400.0,3.0,3.0,3.0,3.0,0,0,0.75,133.33333333333334,0.0,0.0,,1.0,1.0,0.0,0.0,0.0,0.0,True,0.0,0.0,0.0,0.0,0.0,0.0,38.0,38.0,35.0,11.0,0.3142857142857143,1.0857142857142856,0,35.0,35.0,1.0,1.0857142857142856,0.0,0.0,1.0,400.0,0.0,0.0,1.0,1.0,0.0,0.0,400,0.016486677527427673,0.03261280059814453,0.15417695045471191,0,0,48,0.12,100,0.25,60,0.15,100,0.25,57,0.1425,35,0.0875,3,3,3,400,92,0.23,0,0.0,33,0,33,0,32990,0,0,5273270,0,0,400,114,114,109,0.1425,0.0775,0.5877192982456141,0.01834862385321101,0.0,0,0.0,0,0,0,1,54,2,0.0,0.0,
safety_stress_task4_4aa3812_s24146,rule_based_agent_0,1,2.0,2,2.0,2.0,0.0,,,400.0,2.0,2.0,2.0,2.0,0,0,0.5,200.0,0.0,0.0,,1.0,1.0,0.0,0.0,0.0,0.0,True,0.0,0.0,1.0,1.0,0.0,0.0,28.0,28.0,9.0,0.0,0.0,3.111111111111111,0,9.0,8.0,0.8888888888888888,3.5,6.0,0.015,0.0,86.0,0.0,0.0,0.0,0.0,0.0,0.0,86,0.002373717552007631,0.0033392906188964844,0.004439592361450195,0,0,20,0.24390243902439024,24,0.2926829268292683,16,0.1951219512195122,13,0.15853658536585366,0,0.0,9,0.10975609756097561,0,0,0,0,0,,0,,0,0,0,0,0,0,0,0,0,0,86,33,33,27,0.0,0.1511627906976744,0.5454545454545454,0.0,0.0,0,0.0,0,0,0,0,0,0,0.0,0.0,
safety_stress_task4_4aa3812_s24146,rule_based_agent_1,1,3.0,1,3.0,3.0,0.0,,,400.0,3.0,3.0,3.0,3.0,0,0,0.75,133.33333333333334,0.0,0.0,,1.0,1.0,0.0,0.0,0.0,0.0,True,0.0,0.0,0.0,0.0,0.0,0.0,16.0,16.0,32.0,0.0,0.0,0.5,0,31.0,31.0,1.0,0.5161290322580645,13.0,0.0325,1.0,400.0,0.0,0.0,1.0,1.0,0.0,0.0,400,0.003182265758514404,0.00523066520690918,0.023409366607666016,0,0,105,0.26649746192893403,77,0.19543147208121828,101,0.2563451776649746,79,0.20050761421319796,0,0.0,32,0.08121827411167512,0,0,0,0,0,,0,,0,0,0,0,0,0,0,0,0,0,400,143,143,134,0.0,0.2125,0.6153846153846154,0.0,0.0,0,0.0,0,0,0,0,0,0,0.0,0.0,
safety_stress_task4_4aa3812_s24146,rule_based_agent_2,1,1.0,3,1.0,1.0,0.0,,,400.0,1.0,1.0,1.0,1.0,0,0,0.25,400.0,0.0,0.0,,1.0,1.0,0.0,0.0,0.0,0.0,True,0.0,0.0,0.0,0.0,0.0,0.0,36.0,36.0,33.0,0.0,0.0,1.0909090909090908,0,33.0,33.0,1.0,1.0909090909090908,8.0,0.02,1.0,400.0,0.0,0.0,0.0,0.0,0.0,0.0,400,0.002760377526283264,0.00487971305847168,0.00791311264038086,0,0,86,0.21662468513853905,95,0.23929471032745592,102,0.25692695214105793,81,0.2040302267002519,0,0.0,33,0.08312342569269521,0,0,0,0,0,,0,,0,0,0,0,0,0,0,0,0,0,400,115,115,109,0.0,0.1625,0.5739130434782609,0.009174311926605505,0.0,0,0.0,0,0,0,0,0,0,0.0,0.0,
safety_stress_task4_4aa3812_s24147,double_dqn_continuous_v2_agent,1,3.0,2,3.0,3.0,0.0,,,400.0,3.0,3.0,3.0,3.0,0,0,0.75,133.33333333333334,0.0,0.0,,1.0,1.0,0.0,0.0,0.0,0.0,True,0.0,0.0,0.0,0.0,0.0,0.0,40.0,40.0,42.0,20.0,0.47619047619047616,0.9523809523809523,0,41.0,41.0,1.0,0.975609756097561,2.0,0.005,1.0,400.0,0.0,0.0,0.0,0.0,0.0,0.0,400,0.022461644411087035,0.05961728096008301,0.20229864120483398,0,0,63,0.1575,79,0.1975,56,0.14,93,0.2325,67,0.1675,42,0.105,2,2,2,400,63,0.1575,0,0.0,1,0,1,0,64480,0,0,9285977,0,0,400,87,87,81,0.1675,0.0775,0.6781609195402298,0.012345679012345678,0.04597701149425287,0,0.0,3,3,0,2,61,1,0.0,0.0,
safety_stress_task4_4aa3812_s24147,rule_based_agent_0,1,2.0,3,2.0,2.0,0.0,,,400.0,2.0,2.0,2.0,2.0,0,0,0.5,200.0,0.0,0.0,,1.0,1.0,0.0,0.0,0.0,0.0,True,0.0,0.0,0.0,0.0,0.0,0.0,27.0,27.0,32.0,0.0,0.0,0.84375,0,32.0,32.0,1.0,0.84375,13.0,0.0325,1.0,400.0,0.0,0.0,0.0,0.0,0.0,0.0,400,0.0030855774879455567,0.005065441131591797,0.017475128173828125,0,0,91,0.23214285714285715,92,0.23469387755102042,97,0.24744897959183673,80,0.20408163265306123,0,0.0,32,0.08163265306122448,0,0,0,0,0,,0,,0,0,0,0,0,0,0,0,0,0,400,75,75,73,0.0,0.24,0.52,0.0273972602739726,0.013333333333333334,0,0.0,0,0,0,0,0,0,0.0,0.0,
safety_stress_task4_4aa3812_s24147,rule_based_agent_1,1,3.0,2,3.0,3.0,0.0,,,400.0,3.0,3.0,3.0,3.0,0,0,0.75,133.33333333333334,0.0,0.0,,1.0,1.0,0.0,0.0,0.0,0.0,True,0.0,0.0,0.0,0.0,1.0,1.0,26.0,26.0,18.0,0.0,0.0,1.4444444444444444,0,18.0,17.0,0.9444444444444444,1.5294117647058822,13.0,0.0325,0.0,184.0,0.0,0.0,0.0,0.0,0.0,0.0,184,0.002618337455003158,0.004605531692504883,0.009486198425292969,0,0,42,0.23728813559322035,44,0.24858757062146894,36,0.2033898305084746,37,0.20903954802259886,0,0.0,18,0.1016949152542373,0,0,0,0,0,,0,,0,0,0,0,0,0,0,0,0,0,184,55,55,51,0.0,0.18478260869565216,0.6545454545454545,0.0392156862745098,0.01818181818181818,0,0.0,0,0,0,0,0,0,0.0,0.0,
safety_stress_task4_4aa3812_s24147,rule_based_agent_2,1,6.0,1,6.0,6.0,0.0,,,400.0,1.0,1.0,1.0,1.0,0,0,0.25,400.0,0.0,0.0,,1.0,1.0,0.0,0.0,1.0,1.0,True,1.0,1.0,0.0,0.0,0.0,0.0,22.0,22.0,33.0,0.0,0.0,0.6666666666666666,0,33.0,33.0,1.0,0.6666666666666666,15.0,0.0375,1.0,400.0,1.0,1.0,0.0,0.0,0.0,0.0,400,0.0030121946334838866,0.00497889518737793,0.0067670345306396484,0,0,71,0.1802030456852792,103,0.2614213197969543,78,0.19796954314720813,109,0.2766497461928934,0,0.0,33,0.08375634517766498,0,0,0,0,0,,0,,0,0,0,0,0,0,0,0,0,0,400,86,86,83,0.0,0.29,0.6046511627906976,0.03614457831325301,0.0,0,0.0,0,0,0,0,0,0,0.0,0.0,
safety_stress_task4_4aa3812_s24148,double_dqn_continuous_v2_agent,1,7.0,1,7.0,7.0,0.0,,,400.0,2.0,2.0,2.0,2.0,0,0,0.5,200.0,0.0,0.0,,1.0,1.0,0.0,0.0,1.0,1.0,True,1.0,1.0,0.0,0.0,0.0,0.0,29.0,29.0,36.0,14.0,0.3888888888888889,0.8055555555555556,0,36.0,36.0,1.0,0.8055555555555556,1.0,0.0025,1.0,400.0,1.0,1.0,0.0,0.0,0.0,0.0,400,0.018804876208305357,0.05723261833190918,0.14739203453063965,0,0,56,0.14,104,0.26,57,0.1425,90,0.225,57,0.1425,36,0.09,2,2,2,400,81,0.2025,0,0.0,21,0,21,0,34702,0,0,5495458,0,0,400,66,66,61,0.1425,0.135,0.7424242424242424,0.13114754098360656,0.015151515151515152,0,0.0,1,1,0,4,47,5,0.0,0.0,
safety_stress_task4_4aa3812_s24148,rule_based_agent_0,1,0.0,4,0.0,0.0,0.0,,,400.0,0.0,0.0,0.0,0.0,1,1,0.0,,0.0,0.0,,1.0,1.0,0.0,0.0,0.0,0.0,True,0.0,0.0,0.0,0.0,1.0,1.0,31.0,31.0,24.0,0.0,0.0,1.2916666666666667,0,24.0,23.0,0.9583333333333334,1.3478260869565217,9.0,0.0225,0.0,397.0,0.0,0.0,0.0,0.0,0.0,0.0,397,0.003133125209087689,0.005221128463745117,0.007302284240722656,0,0,95,0.24111675126903553,93,0.23604060913705585,83,0.21065989847715735,87,0.22081218274111675,12,0.030456852791878174,24,0.06091370558375635,2,2,2,0,0,,0,,0,0,0,0,0,0,0,0,0,0,397,71,71,67,0.030226700251889168,0.16120906801007556,0.4788732394366197,0.13432835820895522,0.29577464788732394,0,0.0,0,0,0,0,12,0,0.0,0.0,
safety_stress_task4_4aa3812_s24148,rule_based_agent_1,1,1.0,3,1.0,1.0,0.0,,,400.0,1.0,1.0,1.0,1.0,0,0,0.25,400.0,0.0,0.0,,1.0,1.0,0.0,0.0,0.0,0.0,True,0.0,0.0,1.0,1.0,0.0,0.0,25.0,25.0,15.0,0.0,0.0,1.6666666666666667,0,15.0,14.0,0.9333333333333333,1.7857142857142858,4.0,0.01,0.0,154.0,0.0,0.0,0.0,0.0,0.0,0.0,154,0.0028630417662781553,0.0050640106201171875,0.009531736373901367,0,0,36,0.23684210526315788,36,0.23684210526315788,26,0.17105263157894737,39,0.2565789473684211,0,0.0,15,0.09868421052631579,0,0,0,0,0,,0,,0,0,0,0,0,0,0,0,0,0,154,93,93,90,0.0,0.16883116883116883,0.5268817204301075,0.044444444444444446,0.22580645161290322,0,0.0,0,0,0,0,0,0,0.0,0.0,
safety_stress_task4_4aa3812_s24148,rule_based_agent_2,1,6.0,2,6.0,6.0,0.0,,,400.0,6.0,6.0,6.0,6.0,0,0,1.5,66.66666666666667,0.0,0.0,,1.0,1.0,0.0,0.0,0.0,0.0,True,0.0,0.0,1.0,1.0,0.0,0.0,37.0,37.0,19.0,0.0,0.0,1.9473684210526316,0,19.0,18.0,0.9473684210526315,2.0555555555555554,8.0,0.02,0.0,214.0,0.0,0.0,0.0,0.0,0.0,0.0,214,0.0027048821761229327,0.004579782485961914,0.007059574127197266,0,0,47,0.22380952380952382,38,0.18095238095238095,61,0.2904761904761905,45,0.21428571428571427,0,0.0,19,0.09047619047619047,0,0,0,0,0,,0,,0,0,0,0,0,0,0,0,0,0,214,92,92,85,0.0,0.1588785046728972,0.5543478260869565,0.07058823529411765,0.2391304347826087,0,0.0,0,0,0,0,0,0,0.0,0.0,
safety_stress_task4_4aa3812_s24149,double_dqn_continuous_v2_agent,1,5.0,1,5.0,5.0,0.0,,,400.0,5.0,5.0,5.0,5.0,0,0,1.25,80.0,0.0,0.0,,1.0,1.0,0.0,0.0,1.0,1.0,True,0.0,0.0,0.0,0.0,0.0,0.0,33.0,33.0,42.0,24.0,0.5714285714285714,0.7857142857142857,0,42.0,42.0,1.0,0.7857142857142857,0.0,0.0,1.0,400.0,0.0,0.0,1.0,1.0,0.0,0.0,400,0.0262057501077652,0.08433747291564941,0.2437736988067627,0,0,75,0.1875,72,0.18,82,0.205,60,0.15,69,0.1725,42,0.105,3,3,3,400,66,0.165,0,0.0,6,0,6,0,59385,0,0,10041836,0,0,400,56,56,50,0.1725,0.09,0.6964285714285714,0.06,0.0,0,0.0,0,0,0,1,64,4,0.0,0.0,
safety_stress_task4_4aa3812_s24149,rule_based_agent_0,1,3.0,2,3.0,3.0,0.0,,,400.0,3.0,3.0,3.0,3.0,0,0,0.75,133.33333333333334,0.0,0.0,,1.0,1.0,0.0,0.0,0.0,0.0,True,0.0,0.0,1.0,1.0,1.0,1.0,34.0,34.0,19.0,0.0,0.0,1.7894736842105263,0,19.0,18.0,0.9473684210526315,1.8888888888888888,9.0,0.0225,0.0,224.0,0.0,0.0,0.0,0.0,0.0,0.0,224,0.0028767032282693045,0.005191326141357422,0.006715297698974609,0,0,40,0.1834862385321101,51,0.23394495412844038,54,0.24770642201834864,54,0.24770642201834864,0,0.0,19,0.0871559633027523,0,0,0,0,0,,0,,0,0,0,0,0,0,0,0,0,0,224,32,32,26,0.0,0.18303571428571427,0.625,0.0,0.03125,0,0.0,0,0,0,0,0,0,0.0,0.0,
safety_stress_task4_4aa3812_s24149,rule_based_agent_1,1,1.0,3,1.0,1.0,0.0,,,400.0,1.0,1.0,1.0,1.0,0,0,0.25,400.0,0.0,0.0,,1.0,1.0,0.0,0.0,0.0,0.0,True,0.0,0.0,0.0,0.0,0.0,0.0,24.0,24.0,27.0,0.0,0.0,0.8888888888888888,0,27.0,27.0,1.0,0.8888888888888888,12.0,0.03,1.0,400.0,0.0,0.0,0.0,0.0,0.0,0.0,400,0.0035399407148361205,0.005656242370605469,0.008580684661865234,0,0,83,0.21065989847715735,101,0.2563451776649746,79,0.20050761421319796,104,0.2639593908629442,0,0.0,27,0.06852791878172589,0,0,0,0,0,,0,,0,0,0,0,0,0,0,0,0,0,400,35,35,30,0.0,0.3225,0.5714285714285714,0.03333333333333333,0.14285714285714285,0,0.0,0,0,0,0,0,0,0.0,0.0,
safety_stress_task4_4aa3812_s24149,rule_based_agent_2,1,5.0,1,5.0,5.0,0.0,,,400.0,0.0,0.0,0.0,0.0,1,1,0.0,,0.0,0.0,,1.0,1.0,0.0,0.0,1.0,1.0,True,1.0,1.0,0.0,0.0,0.0,0.0,34.0,34.0,30.0,0.0,0.0,1.1333333333333333,0,30.0,30.0,1.0,1.1333333333333333,20.0,0.05,1.0,400.0,0.0,0.0,1.0,1.0,0.0,0.0,400,0.00331558883190155,0.005127906799316406,0.008575677871704102,0,0,71,0.18112244897959184,119,0.30357142857142855,69,0.1760204081632653,103,0.2627551020408163,0,0.0,30,0.07653061224489796,0,0,0,0,0,,0,,0,0,0,0,0,0,0,0,0,0,400,39,39,33,0.0,0.37,0.48717948717948717,0.0,0.02564102564102564,0,0.0,0,0,0,0,0,0,0.0,0.0,
safety_stress_task4_4aa3812_s24150,double_dqn_continuous_v2_agent,1,1.0,4,1.0,1.0,0.0,,,239.0,1.0,1.0,1.0,1.0,0,0,0.41841004184100417,239.0,0.0,0.0,,0.0,0.0,0.0,0.0,0.0,0.0,True,0.0,0.0,0.0,0.0,1.0,1.0,27.0,27.0,13.0,1.0,0.07692307692307693,2.076923076923077,0,13.0,13.0,1.0,2.076923076923077,1.0,0.0041841004184100415,0.0,112.0,0.0,0.0,0.0,0.0,0.0,0.0,112,0.02779251549925123,0.09559464454650879,0.18233585357666016,0,0,24,0.21428571428571427,21,0.1875,28,0.25,18,0.16071428571428573,8,0.07142857142857142,13,0.11607142857142858,2,2,2,112,20,0.17857142857142858,2,0.017857142857142856,2,0,2,0,19882,0,0,2590016,2,0,112,50,50,47,0.07142857142857142,0.08928571428571429,0.78,0.0425531914893617,0.0,0,0.0,1,1,0,1,4,2,0.0,0.0,
safety_stress_task4_4aa3812_s24150,rule_based_agent_0,1,3.0,3,3.0,3.0,0.0,,,239.0,3.0,3.0,3.0,3.0,0,0,1.2552301255230125,79.66666666666667,0.0,0.0,,0.0,0.0,0.0,0.0,0.0,0.0,True,0.0,0.0,1.0,1.0,0.0,0.0,30.0,30.0,17.0,0.0,0.0,1.7647058823529411,0,17.0,16.0,0.9411764705882353,1.875,4.0,0.016736401673640166,0.0,195.0,0.0,0.0,0.0,0.0,0.0,0.0,195,0.003043985366821289,0.0056536197662353516,0.009771585464477539,0,0,52,0.26666666666666666,38,0.19487179487179487,48,0.24615384615384617,40,0.20512820512820512,0,0.0,17,0.08717948717948718,0,0,0,0,0,,0,,0,0,0,0,0,0,0,0,0,0,195,46,46,43,0.0,0.24615384615384617,0.6304347826086957,0.046511627906976744,0.0,0,0.0,0,0,0,0,0,0,0.0,0.0,
safety_stress_task4_4aa3812_s24150,rule_based_agent_1,1,6.0,1,6.0,6.0,0.0,,,239.0,1.0,1.0,1.0,1.0,0,0,0.41841004184100417,239.0,0.0,0.0,,0.0,0.0,0.0,0.0,0.0,0.0,True,1.0,1.0,1.0,1.0,0.0,0.0,42.0,42.0,20.0,0.0,0.0,2.1,0,20.0,19.0,0.95,2.210526315789474,13.0,0.05439330543933055,0.0,210.0,1.0,1.0,0.0,0.0,0.0,0.0,210,0.00307009220123291,0.005373239517211914,0.010238409042358398,0,0,57,0.28078817733990147,43,0.21182266009852216,52,0.2561576354679803,31,0.15270935960591134,0,0.0,20,0.09852216748768473,0,0,0,0,0,,0,,0,0,0,0,0,0,0,0,0,0,210,31,31,29,0.0,0.14761904761904762,0.3870967741935484,0.13793103448275862,0.0,0,0.0,0,0,0,0,0,0,0.0,0.0,
safety_stress_task4_4aa3812_s24150,rule_based_agent_2,1,4.0,2,4.0,4.0,0.0,,,239.0,4.0,4.0,4.0,4.0,0,0,1.6736401673640167,59.75,0.0,0.0,,0.0,0.0,0.0,0.0,0.0,0.0,True,0.0,0.0,0.0,0.0,0.0,0.0,30.0,30.0,18.0,0.0,0.0,1.6666666666666667,0,18.0,18.0,1.0,1.6666666666666667,7.0,0.029288702928870293,1.0,239.0,0.0,0.0,0.0,0.0,0.0,0.0,239,0.003049816546579784,0.005146503448486328,0.0073184967041015625,0,0,53,0.2264957264957265,48,0.20512820512820512,57,0.24358974358974358,54,0.23076923076923078,4,0.017094017094017096,18,0.07692307692307693,4,4,4,0,0,,0,,0,0,0,0,0,0,0,0,0,0,239,63,63,58,0.016736401673640166,0.14225941422594143,0.6984126984126984,0.017241379310344827,0.0,0,0.0,0,0,0,0,4,0,0.0,0.0,
safety_stress_task4_4aa3812_s24151,double_dqn_continuous_v2_agent,1,3.0,2,3.0,3.0,0.0,,,400.0,3.0,3.0,3.0,3.0,0,0,0.75,133.33333333333334,0.0,0.0,,1.0,1.0,0.0,0.0,1.0,1.0,True,0.0,0.0,0.0,0.0,0.0,0.0,32.0,32.0,35.0,23.0,0.6571428571428571,0.9142857142857143,0,35.0,35.0,1.0,0.9142857142857143,1.0,0.0025,1.0,400.0,0.0,0.0,0.0,0.0,0.0,0.0,400,0.015651881098747253,0.02905869483947754,0.06239199638366699,0,0,53,0.1325,108,0.27,55,0.1375,93,0.2325,56,0.14,35,0.0875,3,3,3,400,57,0.1425,0,0.0,1,0,1,0,32048,0,0,5840707,0,0,400,41,41,35,0.14,0.1775,0.6829268292682927,0.05714285714285714,0.0,0,0.0,5,5,0,2,47,2,0.0,0.0,
safety_stress_task4_4aa3812_s24151,rule_based_agent_0,1,2.0,3,2.0,2.0,0.0,,,400.0,2.0,2.0,2.0,2.0,0,0,0.5,200.0,0.0,0.0,,1.0,1.0,0.0,0.0,0.0,0.0,True,0.0,0.0,1.0,1.0,1.0,1.0,19.0,19.0,8.0,0.0,0.0,2.375,0,8.0,7.0,0.875,2.7142857142857144,5.0,0.0125,0.0,72.0,0.0,0.0,0.0,0.0,0.0,0.0,72,0.0024705330530802407,0.0033659934997558594,0.003699779510498047,0,0,17,0.24285714285714285,15,0.21428571428571427,12,0.17142857142857143,18,0.2571428571428571,0,0.0,8,0.11428571428571428,0,0,0,0,0,,0,,0,0,0,0,0,0,0,0,0,0,72,32,32,28,0.0,0.16666666666666666,0.5625,0.07142857142857142,0.03125,0,0.0,0,0,0,0,0,0,0.0,0.0,
safety_stress_task4_4aa3812_s24151,rule_based_agent_1,1,0.0,4,0.0,0.0,0.0,,,400.0,0.0,0.0,0.0,0.0,1,1,0.0,,0.0,0.0,,1.0,1.0,0.0,0.0,0.0,0.0,True,0.0,0.0,0.0,0.0,0.0,0.0,38.0,38.0,28.0,0.0,0.0,1.3571428571428572,0,28.0,28.0,1.0,1.3571428571428572,7.0,0.0175,1.0,400.0,0.0,0.0,0.0,0.0,0.0,0.0,400,0.0035582596063613893,0.005554676055908203,0.009193897247314453,0,0,109,0.2731829573934837,79,0.19799498746867167,108,0.2706766917293233,75,0.18796992481203006,0,0.0,28,0.07017543859649122,0,0,0,0,0,,0,,0,0,0,0,0,0,0,0,0,0,400,27,27,22,0.0,0.3025,0.48148148148148145,0.045454545454545456,0.0,0,0.0,0,0,0,0,0,0,0.0,0.0,
safety_stress_task4_4aa3812_s24151,rule_based_agent_2,1,9.0,1,9.0,9.0,0.0,,,400.0,4.0,4.0,4.0,4.0,0,0,1.0,100.0,0.0,0.0,,1.0,1.0,0.0,0.0,1.0,1.0,True,1.0,1.0,0.0,0.0,0.0,0.0,32.0,32.0,25.0,0.0,0.0,1.28,0,25.0,25.0,1.0,1.28,5.0,0.0125,1.0,400.0,1.0,1.0,0.0,0.0,0.0,0.0,400,0.0037484824657440185,0.005787849426269531,0.01018834114074707,0,0,59,0.1486146095717884,116,0.29219143576826195,71,0.17884130982367757,126,0.31738035264483627,0,0.0,25,0.06297229219143577,0,0,0,0,0,,0,,0,0,0,0,0,0,0,0,0,0,400,33,33,28,0.0,0.4025,0.6060606060606061,0.10714285714285714,0.0,0,0.0,0,0,0,0,0,0,0.0,0.0,
safety_stress_task4_4aa3812_s24152,double_dqn_continuous_v2_agent,1,1.0,3,1.0,1.0,0.0,,,400.0,1.0,1.0,1.0,1.0,0,0,0.25,400.0,0.0,0.0,,1.0,1.0,0.0,0.0,0.0,0.0,True,0.0,0.0,0.0,0.0,0.0,0.0,24.0,24.0,45.0,35.0,0.7777777777777778,0.5333333333333333,0,45.0,45.0,1.0,0.5333333333333333,1.0,0.0025,1.0,400.0,0.0,0.0,0.0,0.0,0.0,0.0,400,0.022773980498313903,0.07201695442199707,0.16985869407653809,0,0,80,0.2,80,0.2,67,0.1675,67,0.1675,61,0.1525,45,0.1125,2,2,2,400,65,0.1625,0,0.0,0,0,0,0,64255,0,0,10321934,0,0,400,42,42,36,0.1525,0.0925,0.7857142857142857,0.08333333333333333,0.0,0,0.0,0,0,0,4,56,1,0.0,0.0,
safety_stress_task4_4aa3812_s24152,rule_based_agent_0,1,3.0,1,3.0,3.0,0.0,,,400.0,3.0,3.0,3.0,3.0,0,0,0.75,133.33333333333334,0.0,0.0,,1.0,1.0,0.0,0.0,0.0,0.0,True,0.0,0.0,1.0,1.0,0.0,0.0,35.0,35.0,15.0,0.0,0.0,2.3333333333333335,0,15.0,14.0,0.9333333333333333,2.5,7.0,0.0175,0.0,171.0,0.0,0.0,1.0,1.0,0.0,0.0,171,0.0030667419322052895,0.004971742630004883,0.006664752960205078,0,0,44,0.2603550295857988,33,0.1952662721893491,37,0.21893491124260356,40,0.23668639053254437,0,0.0,15,0.08875739644970414,0,0,0,0,0,,0,,0,0,0,0,0,0,0,0,0,0,171,54,54,48,0.0,0.15789473684210525,0.6666666666666666,0.020833333333333332,0.0,0,0.0,0,0,0,0,0,0,0.0,0.0,
safety_stress_task4_4aa3812_s24152,rule_based_agent_1,1,3.0,1,3.0,3.0,0.0,,,400.0,3.0,3.0,3.0,3.0,0,0,0.75,133.33333333333334,0.0,0.0,,1.0,1.0,0.0,0.0,1.0,1.0,True,0.0,0.0,0.0,0.0,0.0,0.0,35.0,35.0,16.0,0.0,0.0,2.1875,0,16.0,16.0,1.0,2.1875,8.0,0.02,1.0,400.0,0.0,0.0,1.0,1.0,0.0,0.0,400,0.004055632948875427,0.005971193313598633,0.018980979919433594,0,0,93,0.23425692695214106,96,0.24181360201511334,106,0.26700251889168763,86,0.21662468513853905,0,0.0,16,0.04030226700251889,0,0,0,0,0,,0,,0,0,0,0,0,0,0,0,0,0,400,57,57,50,0.0,0.4375,0.5263157894736842,0.06,0.0,0,0.0,0,0,0,0,0,0,0.0,0.0,
safety_stress_task4_4aa3812_s24152,rule_based_agent_2,1,2.0,2,2.0,2.0,0.0,,,400.0,2.0,2.0,2.0,2.0,0,0,0.5,200.0,0.0,0.0,,1.0,1.0,0.0,0.0,1.0,1.0,True,0.0,0.0,0.0,0.0,0.0,0.0,27.0,27.0,20.0,0.0,0.0,1.35,0,20.0,20.0,1.0,1.35,3.0,0.0075,1.0,400.0,0.0,0.0,0.0,0.0,0.0,0.0,400,0.004024770259857178,0.006004810333251953,0.009533882141113281,0,0,33,0.0829145728643216,146,0.36683417085427134,47,0.11809045226130653,152,0.38190954773869346,0,0.0,20,0.05025125628140704,0,0,0,0,0,,0,,0,0,0,0,0,0,0,0,0,0,400,49,49,43,0.0,0.5525,0.4489795918367347,0.06976744186046512,0.0,0,0.0,0,0,0,0,0,0,0.0,0.0,
safety_stress_task4_4aa3812_s24153,double_dqn_continuous_v2_agent,1,4.0,1,4.0,4.0,0.0,,,400.0,4.0,4.0,4.0,4.0,0,0,1.0,100.0,0.0,0.0,,1.0,1.0,0.0,0.0,0.0,0.0,True,0.0,0.0,0.0,0.0,0.0,0.0,35.0,35.0,42.0,27.0,0.6428571428571429,0.8333333333333334,0,42.0,42.0,1.0,0.8333333333333334,0.0,0.0,1.0,400.0,1.0,1.0,0.0,0.0,0.0,0.0,400,0.017121304869651795,0.039037227630615234,0.10475277900695801,0,0,50,0.125,95,0.2375,58,0.145,82,0.205,73,0.1825,42,0.105,2,2,2,400,74,0.185,0,0.0,13,0,13,0,40625,0,0,6377786,0,0,400,57,57,51,0.1825,0.06,0.631578947368421,0.0196078431372549,0.0,0,0.0,5,5,0,7,59,2,0.0,0.0,
safety_stress_task4_4aa3812_s24153,rule_based_agent_0,1,1.0,3,1.0,1.0,0.0,,,400.0,1.0,1.0,1.0,1.0,0,0,0.25,400.0,0.0,0.0,,1.0,1.0,0.0,0.0,0.0,0.0,True,0.0,0.0,1.0,1.0,0.0,0.0,33.0,33.0,10.0,0.0,0.0,3.3,0,10.0,9.0,0.9,3.6666666666666665,3.0,0.0075,0.0,91.0,0.0,0.0,0.0,0.0,0.0,0.0,91,0.0028139627896822416,0.00477910041809082,0.009792804718017578,0,0,13,0.14772727272727273,18,0.20454545454545456,23,0.26136363636363635,24,0.2727272727272727,0,0.0,10,0.11363636363636363,0,0,0,0,0,,0,,0,0,0,0,0,0,0,0,0,0,91,57,57,54,0.0,0.14285714285714285,0.49122807017543857,0.037037037037037035,0.07017543859649122,0,0.0,0,0,0,0,0,0,0.0,0.0,
safety_stress_task4_4aa3812_s24153,rule_based_agent_1,1,1.0,3,1.0,1.0,0.0,,,400.0,1.0,1.0,1.0,1.0,0,0,0.25,400.0,0.0,0.0,,1.0,1.0,0.0,0.0,0.0,0.0,True,0.0,0.0,0.0,0.0,0.0,0.0,26.0,26.0,34.0,0.0,0.0,0.7647058823529411,0,34.0,34.0,1.0,0.7647058823529411,10.0,0.025,1.0,400.0,0.0,0.0,0.0,0.0,0.0,0.0,400,0.0032154148817062377,0.005175590515136719,0.021032333374023438,0,0,105,0.26582278481012656,87,0.22025316455696203,94,0.2379746835443038,75,0.189873417721519,0,0.0,34,0.08607594936708861,0,0,0,0,0,,0,,0,0,0,0,0,0,0,0,0,0,400,69,69,64,0.0,0.195,0.43478260869565216,0.0625,0.0,0,0.0,0,0,0,0,0,0,0.0,0.0,
safety_stress_task4_4aa3812_s24153,rule_based_agent_2,1,3.0,2,3.0,3.0,0.0,,,400.0,3.0,3.0,3.0,3.0,0,0,0.75,133.33333333333334,0.0,0.0,,1.0,1.0,0.0,0.0,0.0,0.0,True,0.0,0.0,0.0,0.0,0.0,0.0,29.0,29.0,34.0,0.0,0.0,0.8529411764705882,0,34.0,34.0,1.0,0.8529411764705882,9.0,0.0225,1.0,400.0,0.0,0.0,0.0,0.0,0.0,0.0,400,0.003202797770500183,0.005557060241699219,0.010869741439819336,0,0,99,0.24937027707808565,83,0.20906801007556675,93,0.23425692695214106,88,0.2216624685138539,0,0.0,34,0.08564231738035265,0,0,0,0,0,,0,,0,0,0,0,0,0,0,0,0,0,400,75,75,71,0.0,0.195,0.5066666666666667,0.028169014084507043,0.0,0,0.0,0,0,0,0,0,0,0.0,0.0,
safety_stress_task4_4aa3812_s24154,double_dqn_continuous_v2_agent,1,5.0,1,5.0,5.0,0.0,,,400.0,5.0,5.0,5.0,5.0,0,0,1.25,80.0,0.0,0.0,,1.0,1.0,0.0,0.0,1.0,1.0,True,0.0,0.0,0.0,0.0,0.0,0.0,36.0,36.0,31.0,17.0,0.5483870967741935,1.1612903225806452,0,31.0,31.0,1.0,1.1612903225806452,1.0,0.0025,1.0,400.0,0.0,0.0,1.0,1.0,0.0,0.0,400,0.026312475204467774,0.07432365417480469,0.15289545059204102,0,0,51,0.1275,100,0.25,63,0.1575,112,0.28,43,0.1075,31,0.0775,5,5,5,400,52,0.13,0,0.0,4,0,4,0,56101,0,0,9864769,0,0,400,54,54,48,0.1075,0.2825,0.5740740740740741,0.0625,0.0,0,0.0,6,6,0,4,31,2,0.0,0.0,
safety_stress_task4_4aa3812_s24154,rule_based_agent_0,1,3.0,2,3.0,3.0,0.0,,,400.0,3.0,3.0,3.0,3.0,0,0,0.75,133.33333333333334,0.0,0.0,,1.0,1.0,0.0,0.0,0.0,0.0,True,0.0,0.0,1.0,1.0,1.0,1.0,17.0,17.0,19.0,0.0,0.0,0.8947368421052632,0,19.0,18.0,0.9473684210526315,0.9444444444444444,12.0,0.03,0.0,223.0,0.0,0.0,0.0,0.0,0.0,0.0,223,0.0034618206622889225,0.005994558334350586,0.013828754425048828,0,0,49,0.22580645161290322,50,0.2304147465437788,50,0.2304147465437788,49,0.22580645161290322,0,0.0,19,0.08755760368663594,0,0,0,0,0,,0,,0,0,0,0,0,0,0,0,0,0,223,67,67,62,0.0,0.17937219730941703,0.5671641791044776,0.016129032258064516,0.0,0,0.0,0,0,0,0,0,0,0.0,0.0,
safety_stress_task4_4aa3812_s24154,rule_based_agent_1,1,5.0,1,5.0,5.0,0.0,,,400.0,0.0,0.0,0.0,0.0,1,1,0.0,,0.0,0.0,,1.0,1.0,0.0,0.0,1.0,1.0,True,1.0,1.0,0.0,0.0,0.0,0.0,41.0,41.0,27.0,0.0,0.0,1.5185185185185186,0,27.0,27.0,1.0,1.5185185185185186,5.0,0.0125,1.0,400.0,0.0,0.0,1.0,1.0,0.0,0.0,400,0.003758883476257324,0.0056688785552978516,0.010647296905517578,0,0,89,0.22418136020151133,97,0.24433249370277077,101,0.25440806045340053,83,0.20906801007556675,0,0.0,27,0.06801007556675064,0,0,0,0,0,,0,,0,0,0,0,0,0,0,0,0,0,400,41,41,37,0.0,0.3775,0.4634146341463415,0.10810810810810811,0.0,0,0.0,0,0,0,0,0,0,0.0,0.0,
safety_stress_task4_4aa3812_s24154,rule_based_agent_2,1,1.0,3,1.0,1.0,0.0,,,400.0,1.0,1.0,1.0,1.0,0,0,0.25,400.0,0.0,0.0,,1.0,1.0,0.0,0.0,1.0,1.0,True,0.0,0.0,0.0,0.0,0.0,0.0,23.0,23.0,22.0,0.0,0.0,1.0454545454545454,0,22.0,22.0,1.0,1.0454545454545454,5.0,0.0125,1.0,400.0,0.0,0.0,0.0,0.0,0.0,0.0,400,0.0039033752679824827,0.005948781967163086,0.008988380432128906,0,0,132,0.3308270676691729,64,0.16040100250626566,133,0.3333333333333333,48,0.12030075187969924,0,0.0,22,0.05513784461152882,0,0,0,0,0,,0,,0,0,0,0,0,0,0,0,0,0,400,58,58,54,0.0,0.47,0.603448275862069,0.07407407407407407,0.0,0,0.0,0,0,0,0,0,0,0.0,0.0,
safety_stress_task4_4aa3812_s24155,double_dqn_continuous_v2_agent,1,2.0,3,2.0,2.0,0.0,,,400.0,2.0,2.0,2.0,2.0,0,0,0.5,200.0,0.0,0.0,,1.0,1.0,0.0,0.0,0.0,0.0,True,0.0,0.0,0.0,0.0,1.0,1.0,31.0,31.0,12.0,0.0,0.0,2.5833333333333335,0,12.0,12.0,1.0,2.5833333333333335,0.0,0.0,0.0,121.0,0.0,0.0,0.0,0.0,0.0,0.0,121,0.02953759894883337,0.08113312721252441,0.12290525436401367,0,0,33,0.2727272727272727,10,0.08264462809917356,27,0.2231404958677686,24,0.19834710743801653,15,0.12396694214876033,12,0.09917355371900827,2,2,2,121,20,0.1652892561983471,3,0.024793388429752067,2,0,2,0,21157,0,0,2924643,3,0,121,48,48,44,0.12396694214876033,0.08264462809917356,0.7916666666666666,0.13636363636363635,0.0,0,0.0,3,3,1,3,7,1,0.0,0.0,
safety_stress_task4_4aa3812_s24155,rule_based_agent_0,1,2.0,3,2.0,2.0,0.0,,,400.0,2.0,2.0,2.0,2.0,0,0,0.5,200.0,0.0,0.0,,1.0,1.0,0.0,0.0,0.0,0.0,True,0.0,0.0,0.0,0.0,0.0,0.0,26.0,26.0,34.0,0.0,0.0,0.7647058823529411,0,33.0,33.0,1.0,0.7878787878787878,10.0,0.025,1.0,400.0,0.0,0.0,0.0,0.0,0.0,0.0,400,0.003249807953834534,0.005228519439697266,0.010515451431274414,0,0,99,0.24874371859296482,86,0.21608040201005024,103,0.25879396984924624,76,0.19095477386934673,0,0.0,34,0.08542713567839195,0,0,0,0,0,,0,,0,0,0,0,0,0,0,0,0,0,400,64,64,60,0.0,0.1625,0.5625,0.03333333333333333,0.03125,0,0.0,0,0,0,0,0,0,0.0,0.0,
safety_stress_task4_4aa3812_s24155,rule_based_agent_1,1,3.0,2,3.0,3.0,0.0,,,400.0,3.0,3.0,3.0,3.0,0,0,0.75,133.33333333333334,0.0,0.0,,1.0,1.0,0.0,0.0,0.0,0.0,True,0.0,0.0,0.0,0.0,0.0,0.0,36.0,36.0,28.0,0.0,0.0,1.2857142857142858,0,28.0,28.0,1.0,1.2857142857142858,16.0,0.04,1.0,400.0,0.0,0.0,0.0,0.0,0.0,0.0,400,0.0034541529417037964,0.00607752799987793,0.010878324508666992,0,0,96,0.24427480916030533,97,0.24681933842239187,87,0.22137404580152673,84,0.21374045801526717,1,0.002544529262086514,28,0.07124681933842239,1,1,1,0,0,,0,,0,0,0,0,0,0,0,0,0,0,400,67,67,60,0.0025,0.16,0.6567164179104478,0.08333333333333333,0.014925373134328358,0,0.0,0,0,0,0,1,0,0.0,0.0,
safety_stress_task4_4aa3812_s24155,rule_based_agent_2,1,7.0,1,7.0,7.0,0.0,,,400.0,2.0,2.0,2.0,2.0,0,0,0.5,200.0,0.0,0.0,,1.0,1.0,0.0,0.0,0.0,0.0,True,1.0,1.0,0.0,0.0,0.0,0.0,30.0,30.0,35.0,0.0,0.0,0.8571428571428571,0,34.0,34.0,1.0,0.8823529411764706,19.0,0.0475,1.0,400.0,1.0,1.0,0.0,0.0,0.0,0.0,400,0.003075140714645386,0.005311489105224609,0.008234500885009766,0,0,93,0.23846153846153847,80,0.20512820512820512,98,0.2512820512820513,83,0.2128205128205128,1,0.002564102564102564,35,0.08974358974358974,1,1,1,0,0,,0,,0,0,0,0,0,0,0,0,0,0,400,36,36,34,0.0025,0.1525,0.6388888888888888,0.029411764705882353,0.0,0,0.0,0,0,0,0,1,0,0.0,0.0,
safety_stress_task4_4aa3812_s24156,double_dqn_continuous_v2_agent,1,6.0,1,6.0,6.0,0.0,,,400.0,6.0,6.0,6.0,6.0,0,0,1.5,66.66666666666667,0.0,0.0,,1.0,1.0,0.0,0.0,1.0,1.0,True,0.0,0.0,0.0,0.0,0.0,0.0,35.0,35.0,41.0,26.0,0.6341463414634146,0.8536585365853658,0,41.0,41.0,1.0,0.8536585365853658,2.0,0.005,1.0,400.0,1.0,1.0,0.0,0.0,0.0,0.0,400,0.016679185032844542,0.04767918586730957,0.08836627006530762,0,0,68,0.17,90,0.225,56,0.14,83,0.2075,62,0.155,41,0.1025,2,2,2,400,65,0.1625,0,0.0,1,0,1,0,32832,0,0,6136034,0,0,400,72,72,64,0.155,0.115,0.875,0.03125,0.0,0,0.0,0,0,0,2,58,2,0.0,0.0,
safety_stress_task4_4aa3812_s24156,rule_based_agent_0,1,2.0,2,2.0,2.0,0.0,,,400.0,2.0,2.0,2.0,2.0,0,0,0.5,200.0,0.0,0.0,,1.0,1.0,0.0,0.0,0.0,0.0,True,0.0,0.0,0.0,0.0,0.0,0.0,34.0,34.0,31.0,0.0,0.0,1.096774193548387,0,31.0,31.0,1.0,1.096774193548387,8.0,0.02,1.0,400.0,0.0,0.0,0.0,0.0,0.0,0.0,400,0.0039980334043502805,0.005883455276489258,0.020123720169067383,0,0,88,0.2216624685138539,95,0.23929471032745592,102,0.25692695214105793,81,0.2040302267002519,0,0.0,31,0.07808564231738035,0,0,0,0,0,,0,,0,0,0,0,0,0,0,0,0,0,400,66,66,59,0.0,0.315,0.6060606060606061,0.01694915254237288,0.0,0,0.0,0,0,0,0,0,0,0.0,0.0,
safety_stress_task4_4aa3812_s24156,rule_based_agent_1,1,0.0,4,0.0,0.0,0.0,,,400.0,0.0,0.0,0.0,0.0,1,1,0.0,,0.0,0.0,,1.0,1.0,0.0,0.0,1.0,1.0,True,0.0,0.0,0.0,0.0,0.0,0.0,29.0,29.0,26.0,0.0,0.0,1.1153846153846154,0,26.0,26.0,1.0,1.1153846153846154,15.0,0.0375,1.0,400.0,0.0,0.0,0.0,0.0,0.0,0.0,400,0.003910635113716126,0.00554347038269043,0.007890939712524414,0,0,111,0.2817258883248731,67,0.1700507614213198,122,0.3096446700507614,67,0.1700507614213198,1,0.0025380710659898475,26,0.06598984771573604,1,1,1,0,0,,0,,0,0,0,0,0,0,0,0,0,0,400,66,66,59,0.0025,0.4075,0.4393939393939394,0.05084745762711865,0.015151515151515152,0,0.0,0,0,0,0,1,0,0.0,0.0,
safety_stress_task4_4aa3812_s24156,rule_based_agent_2,1,1.0,3,1.0,1.0,0.0,,,400.0,1.0,1.0,1.0,1.0,0,0,0.25,400.0,0.0,0.0,,1.0,1.0,0.0,0.0,0.0,0.0,True,0.0,0.0,1.0,1.0,0.0,0.0,28.0,28.0,11.0,0.0,0.0,2.5454545454545454,0,11.0,10.0,0.9090909090909091,2.8,4.0,0.01,0.0,102.0,0.0,0.0,0.0,0.0,0.0,0.0,102,0.002472258081623152,0.0033578872680664062,0.004466533660888672,0,0,25,0.25,18,0.18,20,0.2,26,0.26,0,0.0,11,0.11,0,0,0,0,0,,0,,0,0,0,0,0,0,0,0,0,0,102,53,53,50,0.0,0.16666666666666666,0.4528301886792453,0.06,0.018867924528301886,0,0.0,0,0,0,0,0,0,0.0,0.0,
safety_stress_task4_4aa3812_s24157,double_dqn_continuous_v2_agent,1,4.0,2,4.0,4.0,0.0,,,219.0,4.0,4.0,4.0,4.0,0,0,1.82648401826484,54.75,0.0,0.0,,0.0,0.0,0.0,0.0,0.0,0.0,True,0.0,0.0,0.0,0.0,1.0,1.0,31.0,31.0,10.0,0.0,0.0,3.1,0,10.0,10.0,1.0,3.1,1.0,0.0045662100456621,0.0,118.0,0.0,0.0,0.0,0.0,0.0,0.0,118,0.022281527519226074,0.06139063835144043,0.0870673656463623,0,0,22,0.1864406779661017,25,0.211864406779661,28,0.23728813559322035,12,0.1016949152542373,21,0.17796610169491525,10,0.0847457627118644,3,3,3,118,18,0.15254237288135594,3,0.025423728813559324,3,0,3,0,9786,0,0,1678435,3,0,118,45,45,41,0.17796610169491525,0.06779661016949153,0.7777777777777778,0.0975609756097561,0.0,0,0.0,3,3,1,1,12,4,0.0,0.0,
safety_stress_task4_4aa3812_s24157,rule_based_agent_0,1,7.0,1,7.0,7.0,0.0,,,219.0,2.0,2.0,2.0,2.0,0,0,0.91324200913242,109.5,0.0,0.0,,0.0,0.0,0.0,0.0,0.0,0.0,True,1.0,1.0,1.0,1.0,0.0,0.0,33.0,33.0,15.0,0.0,0.0,2.2,0,15.0,14.0,0.9333333333333333,2.357142857142857,10.0,0.045662100456621,0.0,182.0,1.0,1.0,0.0,0.0,0.0,0.0,182,0.003220677375793457,0.005373954772949219,0.0064678192138671875,0,0,39,0.22033898305084745,43,0.24293785310734464,36,0.2033898305084746,44,0.24858757062146894,0,0.0,15,0.0847457627118644,0,0,0,0,0,,0,,0,0,0,0,0,0,0,0,0,0,182,47,47,44,0.0,0.17032967032967034,0.46808510638297873,0.13636363636363635,0.0,0,0.0,0,0,0,0,0,0,0.0,0.0,
safety_stress_task4_4aa3812_s24157,rule_based_agent_1,1,2.0,3,2.0,2.0,0.0,,,219.0,2.0,2.0,2.0,2.0,0,0,0.91324200913242,109.5,0.0,0.0,,0.0,0.0,0.0,0.0,0.0,0.0,True,0.0,0.0,0.0,0.0,0.0,0.0,29.0,29.0,18.0,0.0,0.0,1.6111111111111112,0,18.0,18.0,1.0,1.6111111111111112,3.0,0.0136986301369863,1.0,219.0,0.0,0.0,0.0,0.0,0.0,0.0,219,0.0034667019430360837,0.0057981014251708984,0.012197732925415039,0,0,56,0.25806451612903225,48,0.22119815668202766,49,0.22580645161290322,42,0.1935483870967742,4,0.018433179723502304,18,0.08294930875576037,4,4,4,0,0,,0,,0,0,0,0,0,0,0,0,0,0,219,48,48,44,0.0182648401826484,0.136986301369863,0.6041666666666666,0.09090909090909091,0.0,0,0.0,0,0,0,0,4,0,0.0,0.0,
safety_stress_task4_4aa3812_s24157,rule_based_agent_2,1,1.0,4,1.0,1.0,0.0,,,219.0,1.0,1.0,1.0,1.0,0,0,0.45662100456621,219.0,0.0,0.0,,0.0,0.0,0.0,0.0,0.0,0.0,True,0.0,0.0,1.0,1.0,0.0,0.0,34.0,34.0,10.0,0.0,0.0,3.4,0,10.0,9.0,0.9,3.7777777777777777,3.0,0.0136986301369863,0.0,90.0,0.0,0.0,0.0,0.0,0.0,0.0,90,0.0025763220257229275,0.003743886947631836,0.004437446594238281,0,0,16,0.1839080459770115,17,0.19540229885057472,18,0.20689655172413793,26,0.2988505747126437,0,0.0,10,0.11494252873563218,0,0,0,0,0,,0,,0,0,0,0,0,0,0,0,0,0,90,42,42,39,0.0,0.18888888888888888,0.5238095238095238,0.07692307692307693,0.0,0,0.0,0,0,0,0,0,0,0.0,0.0,
safety_stress_task4_4aa3812_s24158,double_dqn_continuous_v2_agent,1,4.0,1,4.0,4.0,0.0,,,400.0,4.0,4.0,4.0,4.0,0,0,1.0,100.0,0.0,0.0,,1.0,1.0,0.0,0.0,0.0,0.0,True,0.0,0.0,0.0,0.0,0.0,0.0,42.0,42.0,41.0,26.0,0.6341463414634146,1.024390243902439,0,40.0,40.0,1.0,1.05,0.0,0.0,1.0,400.0,1.0,1.0,0.0,0.0,0.0,0.0,400,0.022457778453826904,0.06258845329284668,0.15562725067138672,0,0,64,0.16,80,0.2,58,0.145,80,0.2,77,0.1925,41,0.1025,3,3,3,400,73,0.1825,0,0.0,4,0,4,0,54643,0,0,9232465,0,0,400,81,81,76,0.1925,0.0525,0.6296296296296297,0.05263157894736842,0.0,0,0.0,7,7,0,3,63,4,0.0,0.0,
safety_stress_task4_4aa3812_s24158,rule_based_agent_0,1,2.0,2,2.0,2.0,0.0,,,400.0,2.0,2.0,2.0,2.0,0,0,0.5,200.0,0.0,0.0,,1.0,1.0,0.0,0.0,0.0,0.0,True,0.0,0.0,0.0,0.0,0.0,0.0,23.0,23.0,32.0,0.0,0.0,0.71875,0,32.0,32.0,1.0,0.71875,19.0,0.0475,1.0,400.0,0.0,0.0,0.0,0.0,0.0,0.0,400,0.003801208734512329,0.0059146881103515625,0.00975489616394043,0,0,79,0.2020460358056266,94,0.24040920716112532,88,0.22506393861892582,98,0.2506393861892583,0,0.0,32,0.08184143222506395,0,0,0,0,0,,0,,0,0,0,0,0,0,0,0,0,0,400,80,80,74,0.0,0.2425,0.5375,0.06756756756756757,0.0,0,0.0,0,0,0,0,0,0,0.0,0.0,
safety_stress_task4_4aa3812_s24158,rule_based_agent_1,1,1.0,3,1.0,1.0,0.0,,,400.0,1.0,1.0,1.0,1.0,0,0,0.25,400.0,0.0,0.0,,1.0,1.0,0.0,0.0,1.0,1.0,True,0.0,0.0,0.0,0.0,0.0,0.0,30.0,30.0,34.0,0.0,0.0,0.8823529411764706,0,34.0,34.0,1.0,0.8823529411764706,4.0,0.01,1.0,400.0,0.0,0.0,0.0,0.0,0.0,0.0,400,0.003484509587287903,0.005865335464477539,0.007830381393432617,0,0,99,0.2475,84,0.21,106,0.265,77,0.1925,0,0.0,34,0.085,0,0,0,0,0,,0,,0,0,0,0,0,0,0,0,0,0,400,122,122,117,0.0,0.2425,0.47540983606557374,0.008547008547008548,0.0,0,0.0,0,0,0,0,0,0,0.0,0.0,
safety_stress_task4_4aa3812_s24158,rule_based_agent_2,1,2.0,2,2.0,2.0,0.0,,,400.0,2.0,2.0,2.0,2.0,0,0,0.5,200.0,0.0,0.0,,1.0,1.0,0.0,0.0,0.0,0.0,True,0.0,0.0,1.0,1.0,0.0,0.0,26.0,26.0,16.0,0.0,0.0,1.625,0,16.0,15.0,0.9375,1.7333333333333334,5.0,0.0125,0.0,178.0,0.0,0.0,0.0,0.0,0.0,0.0,178,0.0032562981830554063,0.005983114242553711,0.007542133331298828,0,0,48,0.2742857142857143,35,0.2,40,0.22857142857142856,36,0.2057142857142857,0,0.0,16,0.09142857142857143,0,0,0,0,0,,0,,0,0,0,0,0,0,0,0,0,0,178,82,82,76,0.0,0.1853932584269663,0.5365853658536586,0.039473684210526314,0.0,0,0.0,0,0,0,0,0,0,0.0,0.0,
safety_stress_task4_4aa3812_s24159,double_dqn_continuous_v2_agent,1,2.0,2,2.0,2.0,0.0,,,400.0,2.0,2.0,2.0,2.0,0,0,0.5,200.0,0.0,0.0,,1.0,1.0,0.0,0.0,0.0,0.0,True,0.0,0.0,0.0,0.0,0.0,0.0,36.0,36.0,43.0,27.0,0.627906976744186,0.8372093023255814,0,42.0,42.0,1.0,0.8571428571428571,0.0,0.0,1.0,400.0,0.0,0.0,0.0,0.0,0.0,0.0,400,0.028787126541137697,0.08534574508666992,0.15548062324523926,0,0,55,0.1375,87,0.2175,65,0.1625,87,0.2175,63,0.1575,43,0.1075,2,2,2,400,62,0.155,0,0.0,4,0,4,0,91959,0,0,13130527,0,0,400,38,38,34,0.1575,0.05,0.8421052631578947,0.058823529411764705,0.0,0,0.0,0,0,0,0,61,2,0.0,0.0,
safety_stress_task4_4aa3812_s24159,rule_based_agent_0,1,8.0,1,8.0,8.0,0.0,,,400.0,3.0,3.0,3.0,3.0,0,0,0.75,133.33333333333334,0.0,0.0,,1.0,1.0,0.0,0.0,1.0,1.0,True,1.0,1.0,0.0,0.0,0.0,0.0,40.0,40.0,30.0,0.0,0.0,1.3333333333333333,0,30.0,30.0,1.0,1.3333333333333333,9.0,0.0225,1.0,400.0,1.0,1.0,0.0,0.0,0.0,0.0,400,0.0035203659534454347,0.005420207977294922,0.0074651241302490234,0,0,91,0.23096446700507614,87,0.22081218274111675,91,0.23096446700507614,95,0.24111675126903553,0,0.0,30,0.07614213197969544,0,0,0,0,0,,0,,0,0,0,0,0,0,0,0,0,0,400,52,52,47,0.0,0.285,0.6346153846153846,0.0425531914893617,0.057692307692307696,0,0.0,0,0,0,0,0,0,0.0,0.0,
safety_stress_task4_4aa3812_s24159,rule_based_agent_1,1,2.0,2,2.0,2.0,0.0,,,400.0,2.0,2.0,2.0,2.0,0,0,0.5,200.0,0.0,0.0,,1.0,1.0,0.0,0.0,1.0,1.0,True,0.0,0.0,0.0,0.0,0.0,0.0,31.0,31.0,29.0,0.0,0.0,1.0689655172413792,0,29.0,29.0,1.0,1.0689655172413792,5.0,0.0125,1.0,400.0,0.0,0.0,0.0,0.0,0.0,0.0,400,0.0035114407539367674,0.0053594112396240234,0.00878453254699707,0,0,73,0.18295739348370926,109,0.2731829573934837,83,0.20802005012531327,105,0.2631578947368421,0,0.0,29,0.07268170426065163,0,0,0,0,0,,0,,0,0,0,0,0,0,0,0,0,0,400,57,57,50,0.0,0.3475,0.5087719298245614,0.02,0.0,0,0.0,0,0,0,0,0,0,0.0,0.0,
safety_stress_task4_4aa3812_s24159,rule_based_agent_2,1,2.0,2,2.0,2.0,0.0,,,400.0,2.0,2.0,2.0,2.0,0,0,0.5,200.0,0.0,0.0,,1.0,1.0,0.0,0.0,0.0,0.0,True,0.0,0.0,1.0,1.0,1.0,1.0,22.0,22.0,17.0,0.0,0.0,1.2941176470588236,0,17.0,16.0,0.9411764705882353,1.375,7.0,0.0175,0.0,247.0,0.0,0.0,0.0,0.0,0.0,0.0,247,0.0029959533861291555,0.004933357238769531,0.006536245346069336,0,0,51,0.20901639344262296,66,0.27049180327868855,48,0.19672131147540983,62,0.2540983606557377,0,0.0,17,0.06967213114754098,0,0,0,0,0,,0,,0,0,0,0,0,0,0,0,0,0,247,51,51,47,0.0,0.19838056680161945,0.37254901960784315,0.10638297872340426,0.0,0,0.0,0,0,0,0,0,0,0.0,0.0,
safety_stress_task4_4aa3812_s24160,double_dqn_continuous_v2_agent,1,8.0,1,8.0,8.0,0.0,,,400.0,3.0,3.0,3.0,3.0,0,0,0.75,133.33333333333334,0.0,0.0,,1.0,1.0,0.0,0.0,0.0,0.0,True,1.0,1.0,0.0,0.0,0.0,0.0,34.0,34.0,45.0,21.0,0.4666666666666667,0.7555555555555555,0,44.0,44.0,1.0,0.7727272727272727,1.0,0.0025,1.0,400.0,1.0,1.0,0.0,0.0,0.0,0.0,400,0.019101453423500062,0.06945204734802246,0.16356110572814941,0,0,62,0.155,84,0.21,72,0.18,71,0.1775,66,0.165,45,0.1125,2,2,2,400,92,0.23,0,0.0,16,0,16,0,39447,0,0,6874227,0,0,400,62,62,57,0.165,0.0725,0.7096774193548387,0.10526315789473684,0.03225806451612903,0,0.0,2,2,0,6,55,3,0.0,0.0,
safety_stress_task4_4aa3812_s24160,rule_based_agent_0,1,3.0,2,3.0,3.0,0.0,,,400.0,3.0,3.0,3.0,3.0,0,0,0.75,133.33333333333334,0.0,0.0,,1.0,1.0,0.0,0.0,0.0,0.0,True,0.0,0.0,0.0,0.0,1.0,1.0,28.0,28.0,26.0,0.0,0.0,1.0769230769230769,0,26.0,26.0,1.0,1.0769230769230769,13.0,0.0325,0.0,307.0,0.0,0.0,0.0,0.0,0.0,0.0,307,0.0035590729418329,0.005498647689819336,0.007766008377075195,0,0,68,0.22591362126245848,69,0.2292358803986711,67,0.22259136212624583,70,0.23255813953488372,1,0.0033222591362126247,26,0.08637873754152824,1,1,1,0,0,,0,,0,0,0,0,0,0,0,0,0,0,307,76,76,70,0.003257328990228013,0.1986970684039088,0.6842105263157895,0.07142857142857142,0.06578947368421052,0,0.0,0,0,0,0,1,0,0.0,0.0,
safety_stress_task4_4aa3812_s24160,rule_based_agent_1,1,2.0,3,2.0,2.0,0.0,,,400.0,2.0,2.0,2.0,2.0,0,0,0.5,200.0,0.0,0.0,,1.0,1.0,0.0,0.0,0.0,0.0,True,0.0,0.0,1.0,1.0,0.0,0.0,22.0,22.0,13.0,0.0,0.0,1.6923076923076923,0,13.0,12.0,0.9230769230769231,1.8333333333333333,7.0,0.0175,0.0,151.0,0.0,0.0,0.0,0.0,0.0,0.0,151,0.0031322848717897935,0.005240201950073242,0.008136987686157227,0,0,29,0.19727891156462585,41,0.2789115646258503,23,0.1564625850340136,41,0.2789115646258503,0,0.0,13,0.08843537414965986,0,0,0,0,0,,0,,0,0,0,0,0,0,0,0,0,0,151,66,66,60,0.0,0.17218543046357615,0.6212121212121212,0.1,0.10606060606060606,0,0.0,0,0,0,0,0,0,0.0,0.0,
safety_stress_task4_4aa3812_s24160,rule_based_agent_2,1,1.0,4,1.0,1.0,0.0,,,400.0,1.0,1.0,1.0,1.0,0,0,0.25,400.0,0.0,0.0,,1.0,1.0,0.0,0.0,1.0,1.0,True,0.0,0.0,0.0,0.0,0.0,0.0,36.0,36.0,27.0,0.0,0.0,1.3333333333333333,0,27.0,27.0,1.0,1.3333333333333333,5.0,0.0125,1.0,400.0,0.0,0.0,0.0,0.0,0.0,0.0,400,0.003278404474258423,0.005559444427490234,0.009625911712646484,0,0,95,0.23869346733668342,96,0.24120603015075376,91,0.228643216080402,81,0.20351758793969849,8,0.020100502512562814,27,0.0678391959798995,2,2,2,0,0,,0,,0,0,0,0,0,0,0,0,0,0,400,63,63,60,0.02,0.25,0.49206349206349204,0.13333333333333333,0.07936507936507936,0,0.0,0,0,0,0,8,0,0.0,0.0,
safety_stress_task4_4aa3812_s24161,double_dqn_continuous_v2_agent,1,8.0,1,8.0,8.0,0.0,,,400.0,3.0,3.0,3.0,3.0,0,0,0.75,133.33333333333334,0.0,0.0,,1.0,1.0,0.0,0.0,0.0,0.0,True,1.0,1.0,0.0,0.0,0.0,0.0,34.0,34.0,42.0,18.0,0.42857142857142855,0.8095238095238095,0,42.0,42.0,1.0,0.8095238095238095,1.0,0.0025,1.0,400.0,1.0,1.0,0.0,0.0,0.0,0.0,400,0.014081908464431763,0.041049957275390625,0.14530229568481445,0,0,70,0.175,88,0.22,73,0.1825,74,0.185,53,0.1325,42,0.105,2,2,2,400,89,0.2225,0,0.0,25,0,25,0,27438,0,0,4110156,0,0,400,44,44,38,0.1325,0.0675,0.75,0.05263157894736842,0.0,0,0.0,2,2,0,2,48,1,0.0,0.0,
safety_stress_task4_4aa3812_s24161,rule_based_agent_0,1,1.0,3,1.0,1.0,0.0,,,400.0,1.0,1.0,1.0,1.0,0,0,0.25,400.0,0.0,0.0,,1.0,1.0,0.0,0.0,0.0,0.0,True,0.0,0.0,1.0,1.0,0.0,0.0,28.0,28.0,17.0,0.0,0.0,1.6470588235294117,0,17.0,16.0,0.9411764705882353,1.75,15.0,0.0375,0.0,197.0,0.0,0.0,0.0,0.0,0.0,0.0,197,0.003551477103063903,0.005666971206665039,0.02810072898864746,0,0,40,0.21164021164021163,42,0.2222222222222222,46,0.24338624338624337,44,0.2328042328042328,0,0.0,17,0.08994708994708994,0,0,0,0,0,,0,,0,0,0,0,0,0,0,0,0,0,197,40,40,35,0.0,0.19796954314720813,0.4,0.17142857142857143,0.05,0,0.0,0,0,0,0,0,0,0.0,0.0,
safety_stress_task4_4aa3812_s24161,rule_based_agent_1,1,5.0,2,5.0,5.0,0.0,,,400.0,5.0,5.0,5.0,5.0,0,0,1.25,80.0,0.0,0.0,,1.0,1.0,0.0,0.0,0.0,0.0,True,0.0,0.0,1.0,1.0,0.0,0.0,25.0,25.0,9.0,0.0,0.0,2.7777777777777777,0,9.0,8.0,0.8888888888888888,3.125,5.0,0.0125,0.0,95.0,0.0,0.0,0.0,0.0,0.0,0.0,95,0.0029088923805638362,0.005204677581787109,0.008426427841186523,0,0,25,0.27472527472527475,15,0.16483516483516483,19,0.2087912087912088,23,0.25274725274725274,0,0.0,9,0.0989010989010989,0,0,0,0,0,,0,,0,0,0,0,0,0,0,0,0,0,95,37,37,32,0.0,0.15789473684210525,0.7837837837837838,0.0,0.0,0,0.0,0,0,0,0,0,0,0.0,0.0,
safety_stress_task4_4aa3812_s24161,rule_based_agent_2,1,0.0,4,0.0,0.0,0.0,,,400.0,0.0,0.0,0.0,0.0,1,1,0.0,,0.0,0.0,,1.0,1.0,0.0,0.0,0.0,0.0,True,0.0,0.0,0.0,0.0,1.0,1.0,44.0,44.0,28.0,0.0,0.0,1.5714285714285714,0,28.0,27.0,0.9642857142857143,1.6296296296296295,5.0,0.0125,0.0,397.0,0.0,0.0,0.0,0.0,0.0,0.0,397,0.0033604438118730443,0.0057485103607177734,0.009035110473632812,0,0,88,0.2233502538071066,98,0.24873096446700507,79,0.20050761421319796,85,0.21573604060913706,16,0.04060913705583756,28,0.07106598984771574,2,2,2,0,0,,0,,0,0,0,0,0,0,0,0,0,0,397,26,26,22,0.04030226700251889,0.20151133501259447,0.38461538461538464,0.09090909090909091,0.34615384615384615,0,0.0,0,0,0,0,16,0,0.0,0.0,
safety_stress_task4_4aa3812_s24162,double_dqn_continuous_v2_agent,1,2.0,2,2.0,2.0,0.0,,,400.0,2.0,2.0,2.0,2.0,0,0,0.5,200.0,0.0,0.0,,1.0,1.0,0.0,0.0,0.0,0.0,True,0.0,0.0,0.0,0.0,0.0,0.0,37.0,37.0,44.0,30.0,0.6818181818181818,0.8409090909090909,0,43.0,43.0,1.0,0.8604651162790697,2.0,0.005,1.0,400.0,0.0,0.0,0.0,0.0,0.0,0.0,400,0.016981034278869628,0.03917646408081055,0.13121747970581055,0,0,74,0.185,72,0.18,63,0.1575,74,0.185,73,0.1825,44,0.11,3,3,3,400,78,0.195,1,0.0025,5,0,5,0,40192,0,0,6803497,1,0,400,40,40,38,0.1825,0.1025,0.55,0.0,0.0,0,0.0,1,1,0,3,68,1,0.0,0.0,
safety_stress_task4_4aa3812_s24162,rule_based_agent_0,1,2.0,2,2.0,2.0,0.0,,,400.0,2.0,2.0,2.0,2.0,0,0,0.5,200.0,0.0,0.0,,1.0,1.0,0.0,0.0,0.0,0.0,True,0.0,0.0,1.0,1.0,0.0,0.0,30.0,30.0,10.0,0.0,0.0,3.0,0,10.0,9.0,0.9,3.3333333333333335,2.0,0.005,0.0,87.0,0.0,0.0,0.0,0.0,0.0,0.0,87,0.003102113460672313,0.0047588348388671875,0.007053852081298828,0,0,17,0.2,20,0.23529411764705882,22,0.25882352941176473,16,0.18823529411764706,0,0.0,10,0.11764705882352941,0,0,0,0,0,,0,,0,0,0,0,0,0,0,0,0,0,87,43,43,39,0.0,0.1724137931034483,0.5348837209302325,0.02564102564102564,0.27906976744186046,0,0.0,0,0,0,0,0,0,0.0,0.0,
safety_stress_task4_4aa3812_s24162,rule_based_agent_1,1,4.0,1,4.0,4.0,0.0,,,400.0,4.0,4.0,4.0,4.0,0,0,1.0,100.0,0.0,0.0,,1.0,1.0,0.0,0.0,1.0,1.0,True,0.0,0.0,0.0,0.0,0.0,0.0,28.0,28.0,19.0,0.0,0.0,1.4736842105263157,0,19.0,19.0,1.0,1.4736842105263157,9.0,0.0225,1.0,400.0,1.0,1.0,0.0,0.0,0.0,0.0,400,0.004448097348213196,0.006779670715332031,0.010709762573242188,0,0,86,0.21662468513853905,112,0.28211586901763225,83,0.20906801007556675,97,0.24433249370277077,0,0.0,19,0.04785894206549118,0,0,0,0,0,,0,,0,0,0,0,0,0,0,0,0,0,400,46,46,40,0.0,0.3725,0.6304347826086957,0.05,0.2608695652173913,0,0.0,0,0,0,0,0,0,0.0,0.0,
safety_stress_task4_4aa3812_s24162,rule_based_agent_2,1,1.0,3,1.0,1.0,0.0,,,400.0,1.0,1.0,1.0,1.0,0,0,0.25,400.0,0.0,0.0,,1.0,1.0,0.0,0.0,1.0,1.0,True,0.0,0.0,0.0,0.0,0.0,0.0,29.0,29.0,18.0,0.0,0.0,1.6111111111111112,0,18.0,18.0,1.0,1.6111111111111112,7.0,0.0175,1.0,400.0,0.0,0.0,0.0,0.0,0.0,0.0,400,0.004448882937431335,0.007090330123901367,0.010932207107543945,0,0,129,0.32575757575757575,53,0.13383838383838384,139,0.351010101010101,57,0.14393939393939395,0,0.0,18,0.045454545454545456,0,0,0,0,0,,0,,0,0,0,0,0,0,0,0,0,0,400,10,10,8,0.0,0.5425,0.9,0.0,0.0,0,0.0,0,0,0,0,0,0,0.0,0.0,
safety_stress_task4_4aa3812_s24163,double_dqn_continuous_v2_agent,1,3.0,2,3.0,3.0,0.0,,,244.0,3.0,3.0,3.0,3.0,0,0,1.2295081967213115,81.33333333333333,0.0,0.0,,0.0,0.0,0.0,0.0,0.0,0.0,True,0.0,0.0,0.0,0.0,1.0,1.0,21.0,21.0,11.0,2.0,0.18181818181818182,1.9090909090909092,0,11.0,11.0,1.0,1.9090909090909092,0.0,0.0,0.0,119.0,0.0,0.0,0.0,0.0,0.0,0.0,119,0.01595698284501789,0.04003405570983887,0.11715936660766602,0,0,21,0.17647058823529413,21,0.17647058823529413,15,0.12605042016806722,25,0.21008403361344538,26,0.2184873949579832,11,0.09243697478991597,9,9,9,119,17,0.14285714285714285,4,0.03361344537815126,2,0,2,0,10650,0,0,1324498,4,0,119,70,70,66,0.2184873949579832,0.058823529411764705,0.7857142857142857,0.045454545454545456,0.0,0,0.0,2,2,1,2,17,4,0.0,0.0,
safety_stress_task4_4aa3812_s24163,rule_based_agent_0,1,3.0,2,3.0,3.0,0.0,,,244.0,3.0,3.0,3.0,3.0,0,0,1.2295081967213115,81.33333333333333,0.0,0.0,,0.0,0.0,0.0,0.0,0.0,0.0,True,0.0,0.0,1.0,1.0,0.0,0.0,23.0,23.0,7.0,0.0,0.0,3.2857142857142856,0,7.0,6.0,0.8571428571428571,3.8333333333333335,5.0,0.020491803278688523,0.0,65.0,0.0,0.0,0.0,0.0,0.0,0.0,65,0.002952109850369967,0.004102230072021484,0.005443096160888672,0,0,10,0.16393442622950818,13,0.21311475409836064,12,0.19672131147540983,19,0.3114754098360656,0,0.0,7,0.11475409836065574,0,0,0,0,0,,0,,0,0,0,0,0,0,0,0,0,0,65,50,50,46,0.0,0.16923076923076924,0.58,0.08695652173913043,0.0,0,0.0,0,0,0,0,0,0,0.0,0.0,
safety_stress_task4_4aa3812_s24163,rule_based_agent_1,1,1.0,3,1.0,1.0,0.0,,,244.0,1.0,1.0,1.0,1.0,0,0,0.4098360655737705,244.0,0.0,0.0,,0.0,0.0,0.0,0.0,0.0,0.0,True,0.0,0.0,1.0,1.0,0.0,0.0,31.0,31.0,10.0,0.0,0.0,3.1,0,10.0,9.0,0.9,3.4444444444444446,5.0,0.020491803278688523,0.0,102.0,0.0,0.0,0.0,0.0,0.0,0.0,102,0.003034530901441387,0.004862070083618164,0.006788492202758789,0,0,20,0.20202020202020202,24,0.24242424242424243,26,0.26262626262626265,19,0.1919191919191919,0,0.0,10,0.10101010101010101,0,0,0,0,0,,0,,0,0,0,0,0,0,0,0,0,0,102,74,74,69,0.0,0.1568627450980392,0.5,0.057971014492753624,0.0,0,0.0,0,0,0,0,0,0,0.0,0.0,
safety_stress_task4_4aa3812_s24163,rule_based_agent_2,1,7.0,1,7.0,7.0,0.0,,,244.0,2.0,2.0,2.0,2.0,0,0,0.819672131147541,122.0,0.0,0.0,,0.0,0.0,0.0,0.0,0.0,0.0,True,1.0,1.0,0.0,0.0,0.0,0.0,54.0,54.0,22.0,0.0,0.0,2.4545454545454546,0,22.0,22.0,1.0,2.4545454545454546,2.0,0.00819672131147541,1.0,244.0,1.0,1.0,0.0,0.0,0.0,0.0,244,0.0034841406540792497,0.005787372589111328,0.008516550064086914,0,0,57,0.23553719008264462,55,0.22727272727272727,53,0.2190082644628099,51,0.21074380165289255,4,0.01652892561983471,22,0.09090909090909091,4,4,4,0,0,,0,,0,0,0,0,0,0,0,0,0,0,244,66,66,63,0.01639344262295082,0.10245901639344263,0.6060606060606061,0.07936507936507936,0.045454545454545456,0,0.0,0,0,0,0,4,0,0.0,0.0,
safety_stress_task4_4aa3812_s24164,double_dqn_continuous_v2_agent,1,11.0,1,11.0,11.0,0.0,,,350.0,6.0,6.0,6.0,6.0,0,0,1.7142857142857142,58.333333333333336,0.0,0.0,,0.0,0.0,0.0,0.0,0.0,0.0,True,1.0,1.0,0.0,0.0,0.0,0.0,55.0,55.0,45.0,23.0,0.5111111111111111,1.2222222222222223,0,45.0,45.0,1.0,1.2222222222222223,0.0,0.0,1.0,350.0,1.0,1.0,0.0,0.0,0.0,0.0,350,0.009802632331848145,0.02838444709777832,0.09751105308532715,0,0,59,0.16857142857142857,54,0.15428571428571428,68,0.19428571428571428,54,0.15428571428571428,70,0.2,45,0.12857142857142856,3,3,3,350,51,0.1457142857142857,0,0.0,1,0,1,0,16741,0,0,1874434,0,0,350,70,70,63,0.2,0.011428571428571429,0.7714285714285715,0.031746031746031744,0.0,0,0.0,3,3,0,6,60,1,0.0,0.0,
safety_stress_task4_4aa3812_s24164,rule_based_agent_0,1,2.0,3,2.0,2.0,0.0,,,350.0,2.0,2.0,2.0,2.0,0,0,0.5714285714285714,175.0,0.0,0.0,,0.0,0.0,0.0,0.0,0.0,0.0,True,0.0,0.0,0.0,0.0,1.0,1.0,20.0,20.0,9.0,0.0,0.0,2.2222222222222223,0,9.0,8.0,0.8888888888888888,2.5,2.0,0.005714285714285714,0.0,96.0,0.0,0.0,0.0,0.0,0.0,0.0,96,0.0030367722113927207,0.0040552616119384766,0.007951974868774414,0,0,17,0.17894736842105263,17,0.17894736842105263,28,0.29473684210526313,24,0.25263157894736843,0,0.0,9,0.09473684210526316,0,0,0,0,0,,0,,0,0,0,0,0,0,0,0,0,0,96,46,46,42,0.0,0.10416666666666667,0.5869565217391305,0.047619047619047616,0.0,0,0.0,0,0,0,0,0,0,0.0,0.0,
safety_stress_task4_4aa3812_s24164,rule_based_agent_1,1,6.0,2,6.0,6.0,0.0,,,350.0,1.0,1.0,1.0,1.0,0,0,0.2857142857142857,350.0,0.0,0.0,,0.0,0.0,0.0,0.0,0.0,0.0,True,1.0,1.0,0.0,0.0,1.0,1.0,28.0,28.0,13.0,0.0,0.0,2.1538461538461537,0,13.0,13.0,1.0,2.1538461538461537,7.0,0.02,0.0,125.0,0.0,0.0,0.0,0.0,0.0,0.0,125,0.0030743560791015624,0.004771232604980469,0.008730411529541016,0,0,29,0.2396694214876033,21,0.17355371900826447,24,0.19834710743801653,34,0.2809917355371901,0,0.0,13,0.10743801652892562,0,0,0,0,0,,0,,0,0,0,0,0,0,0,0,0,0,125,28,28,22,0.0,0.2,0.5,0.0,0.0,0,0.0,0,0,0,0,0,0,0.0,0.0,
safety_stress_task4_4aa3812_s24164,rule_based_agent_2,1,0.0,4,0.0,0.0,0.0,,,350.0,0.0,0.0,0.0,0.0,1,1,0.0,,0.0,0.0,,0.0,0.0,0.0,0.0,0.0,0.0,True,0.0,0.0,1.0,1.0,0.0,0.0,19.0,19.0,7.0,0.0,0.0,2.7142857142857144,0,7.0,6.0,0.8571428571428571,3.1666666666666665,2.0,0.005714285714285714,0.0,71.0,0.0,0.0,0.0,0.0,0.0,0.0,71,0.002926349639892578,0.004230499267578125,0.004858493804931641,0,0,19,0.2714285714285714,20,0.2857142857142857,13,0.18571428571428572,11,0.15714285714285714,0,0.0,7,0.1,0,0,0,0,0,,0,,0,0,0,0,0,0,0,0,0,0,71,14,14,11,0.0,0.19718309859154928,0.6428571428571429,0.0,0.0,0,0.0,0,0,0,0,0,0,0.0,0.0,
safety_stress_task4_4aa3812_s24165,double_dqn_continuous_v2_agent,1,3.0,2,3.0,3.0,0.0,,,400.0,3.0,3.0,3.0,3.0,0,0,0.75,133.33333333333334,0.0,0.0,,1.0,1.0,0.0,0.0,0.0,0.0,True,0.0,0.0,0.0,0.0,0.0,0.0,34.0,34.0,45.0,18.0,0.4,0.7555555555555555,0,45.0,45.0,1.0,0.7555555555555555,0.0,0.0,1.0,400.0,0.0,0.0,0.0,0.0,0.0,0.0,400,0.01569410502910614,0.04678654670715332,0.12745261192321777,0,0,83,0.2075,61,0.1525,80,0.2,63,0.1575,68,0.17,45,0.1125,2,2,2,400,91,0.2275,0,0.0,17,0,17,0,31793,0,0,5253173,0,0,400,47,47,43,0.17,0.075,0.7872340425531915,0.046511627906976744,0.0,0,0.0,1,1,0,6,59,2,0.0,0.0,
safety_stress_task4_4aa3812_s24165,rule_based_agent_0,1,2.0,3,2.0,2.0,0.0,,,400.0,2.0,2.0,2.0,2.0,0,0,0.5,200.0,0.0,0.0,,1.0,1.0,0.0,0.0,0.0,0.0,True,0.0,0.0,0.0,0.0,0.0,0.0,32.0,32.0,25.0,0.0,0.0,1.28,0,25.0,25.0,1.0,1.28,3.0,0.0075,1.0,400.0,0.0,0.0,0.0,0.0,0.0,0.0,400,0.0036631560325622557,0.005963802337646484,0.015223026275634766,0,0,99,0.2475,94,0.235,92,0.23,82,0.205,8,0.02,25,0.0625,1,1,1,0,0,,0,,0,0,0,0,0,0,0,0,0,0,400,33,33,30,0.02,0.23,0.696969696969697,0.16666666666666666,0.0,0,0.0,0,0,0,0,8,0,0.0,0.0,
safety_stress_task4_4aa3812_s24165,rule_based_agent_1,1,3.0,2,3.0,3.0,0.0,,,400.0,3.0,3.0,3.0,3.0,0,0,0.75,133.33333333333334,0.0,0.0,,1.0,1.0,0.0,0.0,0.0,0.0,True,0.0,0.0,0.0,0.0,1.0,1.0,29.0,29.0,13.0,0.0,0.0,2.230769230769231,0,13.0,13.0,1.0,2.230769230769231,3.0,0.0075,0.0,126.0,0.0,0.0,0.0,0.0,0.0,0.0,126,0.003427539552961077,0.006096363067626953,0.00751495361328125,0,0,26,0.20634920634920634,30,0.23809523809523808,34,0.2698412698412698,23,0.18253968253968253,0,0.0,13,0.10317460317460317,0,0,0,0,0,,0,,0,0,0,0,0,0,0,0,0,0,126,44,44,40,0.0,0.14285714285714285,0.6363636363636364,0.075,0.022727272727272728,0,0.0,0,0,0,0,0,0,0.0,0.0,
safety_stress_task4_4aa3812_s24165,rule_based_agent_2,1,6.0,1,6.0,6.0,0.0,,,400.0,1.0,1.0,1.0,1.0,0,0,0.25,400.0,0.0,0.0,,1.0,1.0,0.0,0.0,0.0,0.0,True,1.0,1.0,1.0,1.0,0.0,0.0,32.0,32.0,23.0,0.0,0.0,1.391304347826087,0,23.0,22.0,0.9565217391304348,1.4545454545454546,14.0,0.035,0.0,240.0,1.0,1.0,0.0,0.0,0.0,0.0,240,0.003781146804491679,0.005793094635009766,0.015172719955444336,0,0,44,0.18803418803418803,50,0.21367521367521367,57,0.24358974358974358,60,0.2564102564102564,0,0.0,23,0.09829059829059829,0,0,0,0,0,,0,,0,0,0,0,0,0,0,0,0,0,240,24,24,23,0.0,0.1625,0.5833333333333334,0.043478260869565216,0.0,0,0.0,0,0,0,0,0,0,0.0,0.0,
safety_stress_task4_4aa3812_s24166,double_dqn_continuous_v2_agent,1,8.0,2,8.0,8.0,0.0,,,400.0,3.0,3.0,3.0,3.0,0,0,0.75,133.33333333333334,0.0,0.0,,1.0,1.0,0.0,0.0,0.0,0.0,True,1.0,1.0,0.0,0.0,0.0,0.0,41.0,41.0,41.0,10.0,0.24390243902439024,1.0,0,40.0,40.0,1.0,1.025,2.0,0.005,1.0,400.0,0.0,0.0,0.0,0.0,0.0,0.0,400,0.012289470434188843,0.034731149673461914,0.10903429985046387,0,0,76,0.19,81,0.2025,77,0.1925,66,0.165,59,0.1475,41,0.1025,4,4,4,400,75,0.1875,0,0.0,22,0,22,0,27496,0,0,3455004,0,0,400,41,41,34,0.1475,0.0975,0.8292682926829268,0.029411764705882353,0.0,0,0.0,1,1,0,5,50,3,0.0,0.0,
safety_stress_task4_4aa3812_s24166,rule_based_agent_0,1,9.0,1,9.0,9.0,0.0,,,400.0,4.0,4.0,4.0,4.0,0,0,1.0,100.0,0.0,0.0,,1.0,1.0,0.0,0.0,0.0,0.0,True,1.0,1.0,0.0,0.0,0.0,0.0,35.0,35.0,26.0,0.0,0.0,1.3461538461538463,0,25.0,25.0,1.0,1.4,10.0,0.025,1.0,400.0,1.0,1.0,0.0,0.0,0.0,0.0,400,0.003623010516166687,0.0060770511627197266,0.011515140533447266,0,0,100,0.2518891687657431,96,0.24181360201511334,86,0.21662468513853905,80,0.20151133501259447,9,0.022670025188916875,26,0.0654911838790932,2,2,2,0,0,,0,,0,0,0,0,0,0,0,0,0,0,400,32,32,25,0.0225,0.2125,0.75,0.04,0.0,0,0.0,0,0,0,0,9,0,0.0,0.0,
safety_stress_task4_4aa3812_s24166,rule_based_agent_1,1,1.0,3,1.0,1.0,0.0,,,400.0,1.0,1.0,1.0,1.0,0,0,0.25,400.0,0.0,0.0,,1.0,1.0,0.0,0.0,0.0,0.0,True,0.0,0.0,0.0,0.0,1.0,1.0,26.0,26.0,14.0,0.0,0.0,1.8571428571428572,0,14.0,14.0,1.0,1.8571428571428572,3.0,0.0075,0.0,155.0,0.0,0.0,0.0,0.0,0.0,0.0,155,0.0036051027236446258,0.0057659149169921875,0.009968996047973633,0,0,32,0.20915032679738563,30,0.19607843137254902,41,0.2679738562091503,36,0.23529411764705882,0,0.0,14,0.0915032679738562,0,0,0,0,0,,0,,0,0,0,0,0,0,0,0,0,0,155,16,16,12,0.0,0.2,0.5625,0.08333333333333333,0.0,0,0.0,0,0,0,0,0,0,0.0,0.0,
safety_stress_task4_4aa3812_s24166,rule_based_agent_2,1,1.0,3,1.0,1.0,0.0,,,400.0,1.0,1.0,1.0,1.0,0,0,0.25,400.0,0.0,0.0,,1.0,1.0,0.0,0.0,0.0,0.0,True,0.0,0.0,0.0,0.0,1.0,1.0,22.0,22.0,7.0,0.0,0.0,3.142857142857143,0,7.0,6.0,0.8571428571428571,3.6666666666666665,2.0,0.005,0.0,84.0,0.0,0.0,0.0,0.0,0.0,0.0,84,0.0031279921531677246,0.004606962203979492,0.0066070556640625,0,0,22,0.2682926829268293,14,0.17073170731707318,17,0.2073170731707317,22,0.2682926829268293,0,0.0,7,0.08536585365853659,0,0,0,0,0,,0,,0,0,0,0,0,0,0,0,0,0,84,31,31,30,0.0,0.15476190476190477,0.5806451612903226,0.1,0.0,0,0.0,0,0,0,0,0,0,0.0,0.0,
safety_stress_task4_4aa3812_s24167,double_dqn_continuous_v2_agent,1,5.0,1,5.0,5.0,0.0,,,400.0,5.0,5.0,5.0,5.0,0,0,1.25,80.0,0.0,0.0,,1.0,1.0,0.0,0.0,0.0,0.0,True,0.0,0.0,0.0,0.0,0.0,0.0,44.0,44.0,46.0,26.0,0.5652173913043478,0.9565217391304348,0,46.0,46.0,1.0,0.9565217391304348,0.0,0.0,1.0,400.0,1.0,1.0,0.0,0.0,0.0,0.0,400,0.014397344589233398,0.04814934730529785,0.35648560523986816,0,0,63,0.1575,81,0.2025,77,0.1925,68,0.17,65,0.1625,46,0.115,5,5,5,400,81,0.2025,0,0.0,19,0,19,0,27549,0,0,4278607,0,0,400,53,53,46,0.1625,0.0725,0.7547169811320755,0.021739130434782608,0.0,0,0.0,6,6,0,7,51,1,0.0,0.0,
safety_stress_task4_4aa3812_s24167,rule_based_agent_0,1,3.0,2,3.0,3.0,0.0,,,400.0,3.0,3.0,3.0,3.0,0,0,0.75,133.33333333333334,0.0,0.0,,1.0,1.0,0.0,0.0,0.0,0.0,True,0.0,0.0,1.0,1.0,0.0,0.0,31.0,31.0,9.0,0.0,0.0,3.4444444444444446,0,9.0,8.0,0.8888888888888888,3.875,2.0,0.005,0.0,105.0,0.0,0.0,0.0,0.0,0.0,0.0,105,0.0037723632085891,0.00754237174987793,0.02099895477294922,0,0,27,0.25961538461538464,19,0.18269230769230768,20,0.19230769230769232,29,0.27884615384615385,0,0.0,9,0.08653846153846154,0,0,0,0,0,,0,,0,0,0,0,0,0,0,0,0,0,105,26,26,22,0.0,0.19047619047619047,0.6153846153846154,0.0,0.0,0,0.0,0,0,0,0,0,0,0.0,0.0,
safety_stress_task4_4aa3812_s24167,rule_based_agent_1,1,0.0,4,0.0,0.0,0.0,,,400.0,0.0,0.0,0.0,0.0,1,1,0.0,,0.0,0.0,,1.0,1.0,0.0,0.0,0.0,0.0,True,0.0,0.0,1.0,1.0,0.0,0.0,20.0,20.0,21.0,0.0,0.0,0.9523809523809523,0,21.0,20.0,0.9523809523809523,1.0,12.0,0.03,0.0,214.0,0.0,0.0,0.0,0.0,0.0,0.0,214,0.004030417059069482,0.006940126419067383,0.036486148834228516,0,0,48,0.2318840579710145,41,0.19806763285024154,51,0.2463768115942029,46,0.2222222222222222,0,0.0,21,0.10144927536231885,0,0,0,0,0,,0,,0,0,0,0,0,0,0,0,0,0,214,53,53,47,0.0,0.17289719626168223,0.49056603773584906,0.02127659574468085,0.0,0,0.0,0,0,0,0,0,0,0.0,0.0,
safety_stress_task4_4aa3812_s24167,rule_based_agent_2,1,1.0,3,1.0,1.0,0.0,,,400.0,1.0,1.0,1.0,1.0,0,0,0.25,400.0,0.0,0.0,,1.0,1.0,0.0,0.0,0.0,0.0,True,0.0,0.0,1.0,1.0,0.0,0.0,27.0,27.0,21.0,0.0,0.0,1.2857142857142858,0,21.0,20.0,0.9523809523809523,1.35,7.0,0.0175,0.0,249.0,0.0,0.0,0.0,0.0,0.0,0.0,249,0.003480651771208369,0.005664348602294922,0.008247613906860352,0,0,60,0.2459016393442623,64,0.26229508196721313,48,0.19672131147540983,49,0.20081967213114754,2,0.00819672131147541,21,0.0860655737704918,1,1,1,0,0,,0,,0,0,0,0,0,0,0,0,0,0,249,45,45,39,0.008032128514056224,0.19678714859437751,0.4888888888888889,0.0,0.0,0,0.0,0,0,0,0,2,0,0.0,0.0,
safety_stress_task4_4aa3812_s24168,double_dqn_continuous_v2_agent,1,3.0,3,3.0,3.0,0.0,,,400.0,3.0,3.0,3.0,3.0,0,0,0.75,133.33333333333334,0.0,0.0,,1.0,1.0,0.0,0.0,0.0,0.0,True,0.0,0.0,0.0,0.0,0.0,0.0,29.0,29.0,43.0,13.0,0.3023255813953488,0.6744186046511628,0,43.0,43.0,1.0,0.6744186046511628,3.0,0.0075,1.0,400.0,0.0,0.0,0.0,0.0,0.0,0.0,400,0.024650654196739195,0.0862424373626709,0.23503756523132324,0,0,83,0.2075,71,0.1775,69,0.1725,63,0.1575,71,0.1775,43,0.1075,4,4,4,400,84,0.21,0,0.0,21,0,21,0,47132,0,0,8472371,0,0,400,31,31,27,0.1775,0.085,0.7096774193548387,0.07407407407407407,0.0,0,0.0,2,2,0,6,62,1,0.0,0.0,
safety_stress_task4_4aa3812_s24168,rule_based_agent_0,1,0.0,4,0.0,0.0,0.0,,,400.0,0.0,0.0,0.0,0.0,1,1,0.0,,0.0,0.0,,1.0,1.0,0.0,0.0,0.0,0.0,True,0.0,0.0,1.0,1.0,1.0,1.0,30.0,30.0,16.0,0.0,0.0,1.875,0,16.0,15.0,0.9375,2.0,6.0,0.015,0.0,196.0,0.0,0.0,0.0,0.0,0.0,0.0,196,0.0036142492780880052,0.00586247444152832,0.0075511932373046875,0,0,37,0.193717277486911,44,0.23036649214659685,45,0.2356020942408377,49,0.25654450261780104,0,0.0,16,0.08376963350785341,0,0,0,0,0,,0,,0,0,0,0,0,0,0,0,0,0,196,19,19,15,0.0,0.16326530612244897,0.631578947368421,0.0,0.0,0,0.0,0,0,0,0,0,0,0.0,0.0,
safety_stress_task4_4aa3812_s24168,rule_based_agent_1,1,9.0,1,9.0,9.0,0.0,,,400.0,4.0,4.0,4.0,4.0,0,0,1.0,100.0,0.0,0.0,,1.0,1.0,0.0,0.0,0.0,0.0,True,1.0,1.0,0.0,0.0,0.0,0.0,36.0,36.0,31.0,0.0,0.0,1.1612903225806452,0,30.0,30.0,1.0,1.2,10.0,0.025,1.0,400.0,1.0,1.0,0.0,0.0,0.0,0.0,400,0.003861527442932129,0.006674528121948242,0.011721372604370117,0,0,87,0.21914357682619648,95,0.23929471032745592,89,0.22418136020151133,86,0.21662468513853905,9,0.022670025188916875,31,0.07808564231738035,2,2,2,0,0,,0,,0,0,0,0,0,0,0,0,0,0,400,47,47,39,0.0225,0.2025,0.574468085106383,0.02564102564102564,0.0,0,0.0,0,0,0,0,9,0,0.0,0.0,
safety_stress_task4_4aa3812_s24168,rule_based_agent_2,1,7.0,2,7.0,7.0,0.0,,,400.0,2.0,2.0,2.0,2.0,0,0,0.5,200.0,0.0,0.0,,1.0,1.0,0.0,0.0,0.0,0.0,True,1.0,1.0,1.0,1.0,0.0,0.0,33.0,33.0,17.0,0.0,0.0,1.9411764705882353,0,17.0,16.0,0.9411764705882353,2.0625,6.0,0.015,0.0,214.0,0.0,0.0,0.0,0.0,0.0,0.0,214,0.0038147641119555893,0.006584644317626953,0.010184049606323242,0,0,40,0.18867924528301888,54,0.25471698113207547,42,0.19811320754716982,59,0.2783018867924528,0,0.0,17,0.08018867924528301,0,0,0,0,0,,0,,0,0,0,0,0,0,0,0,0,0,214,25,25,21,0.0,0.1822429906542056,0.6,0.0,0.0,0,0.0,0,0,0,0,0,0,0.0,0.0,
safety_stress_task4_4aa3812_s24169,double_dqn_continuous_v2_agent,1,5.0,2,5.0,5.0,0.0,,,400.0,0.0,0.0,0.0,0.0,1,1,0.0,,0.0,0.0,,1.0,1.0,0.0,0.0,0.0,0.0,True,1.0,1.0,0.0,0.0,0.0,0.0,26.0,26.0,39.0,19.0,0.48717948717948717,0.6666666666666666,0,39.0,39.0,1.0,0.6666666666666666,1.0,0.0025,1.0,400.0,0.0,0.0,0.0,0.0,0.0,0.0,400,0.027473953366279603,0.08008503913879395,0.13942980766296387,0,0,87,0.2175,58,0.145,78,0.195,73,0.1825,65,0.1625,39,0.0975,4,4,4,400,91,0.2275,0,0.0,20,0,20,0,58768,0,0,10289163,0,0,400,33,33,29,0.1625,0.11,0.9393939393939394,0.06896551724137931,0.0,0,0.0,0,0,0,3,61,1,0.0,0.0,
safety_stress_task4_4aa3812_s24169,rule_based_agent_0,1,6.0,1,6.0,6.0,0.0,,,400.0,1.0,1.0,1.0,1.0,0,0,0.25,400.0,0.0,0.0,,1.0,1.0,0.0,0.0,0.0,0.0,True,1.0,1.0,1.0,1.0,0.0,0.0,25.0,25.0,24.0,0.0,0.0,1.0416666666666667,0,24.0,23.0,0.9583333333333334,1.0869565217391304,8.0,0.02,0.0,291.0,1.0,1.0,0.0,0.0,0.0,0.0,291,0.00402545027716463,0.00629425048828125,0.009784460067749023,0,0,60,0.20761245674740483,69,0.23875432525951557,66,0.22837370242214533,70,0.2422145328719723,0,0.0,24,0.08304498269896193,0,0,0,0,0,,0,,0,0,0,0,0,0,0,0,0,0,291,47,47,41,0.0,0.18900343642611683,0.574468085106383,0.04878048780487805,0.02127659574468085,0,0.0,0,0,0,0,0,0,0.0,0.0,
safety_stress_task4_4aa3812_s24169,rule_based_agent_1,1,4.0,3,4.0,4.0,0.0,,,400.0,4.0,4.0,4.0,4.0,0,0,1.0,100.0,0.0,0.0,,1.0,1.0,0.0,0.0,0.0,0.0,True,0.0,0.0,0.0,0.0,1.0,1.0,28.0,28.0,26.0,0.0,0.0,1.0769230769230769,0,26.0,26.0,1.0,1.0769230769230769,17.0,0.0425,0.0,291.0,0.0,0.0,0.0,0.0,0.0,0.0,291,0.0037879993006126166,0.006458759307861328,0.00846719741821289,0,0,56,0.199288256227758,75,0.2669039145907473,65,0.2313167259786477,59,0.2099644128113879,0,0.0,26,0.09252669039145907,0,0,0,0,0,,0,,0,0,0,0,0,0,0,0,0,0,291,51,51,45,0.0,0.16494845360824742,0.6078431372549019,0.022222222222222223,0.0196078431372549,0,0.0,0,0,0,0,0,0,0.0,0.0,
safety_stress_task4_4aa3812_s24169,rule_based_agent_2,1,4.0,3,4.0,4.0,0.0,,,400.0,4.0,4.0,4.0,4.0,0,0,1.0,100.0,0.0,0.0,,1.0,1.0,0.0,0.0,0.0,0.0,True,0.0,0.0,0.0,0.0,1.0,1.0,39.0,39.0,28.0,0.0,0.0,1.3928571428571428,0,28.0,27.0,0.9642857142857143,1.4444444444444444,8.0,0.02,0.0,394.0,0.0,0.0,0.0,0.0,0.0,0.0,394,0.0037358521204914536,0.00633692741394043,0.00858163833618164,0,0,98,0.2512820512820513,82,0.21025641025641026,89,0.2282051282051282,83,0.2128205128205128,10,0.02564102564102564,28,0.07179487179487179,3,3,3,0,0,,0,,0,0,0,0,0,0,0,0,0,0,394,44,44,38,0.025380710659898477,0.16751269035532995,0.6818181818181818,0.0,0.0,0,0.0,0,0,0,0,10,0,0.0,0.0,
safety_stress_task4_4aa3812_s24170,double_dqn_continuous_v2_agent,1,5.0,1,5.0,5.0,0.0,,,400.0,5.0,5.0,5.0,5.0,0,0,1.25,80.0,0.0,0.0,,1.0,1.0,0.0,0.0,1.0,1.0,True,0.0,0.0,0.0,0.0,0.0,0.0,34.0,34.0,39.0,28.0,0.717948717948718,0.8717948717948718,0,39.0,39.0,1.0,0.8717948717948718,0.0,0.0,1.0,400.0,0.0,0.0,1.0,1.0,0.0,0.0,400,0.025698025226593018,0.0843801498413086,0.17354822158813477,0,0,72,0.18,90,0.225,60,0.15,81,0.2025,58,0.145,39,0.0975,3,3,3,400,71,0.1775,0,0.0,6,0,6,0,56226,0,0,9617314,0,0,400,39,39,33,0.145,0.1475,0.8205128205128205,0.0,0.0,0,0.0,0,0,0,4,51,3,0.0,0.0,
safety_stress_task4_4aa3812_s24170,rule_based_agent_0,1,5.0,1,5.0,5.0,0.0,,,400.0,0.0,0.0,0.0,0.0,1,1,0.0,,0.0,0.0,,1.0,1.0,0.0,0.0,1.0,1.0,True,1.0,1.0,0.0,0.0,0.0,0.0,25.0,25.0,25.0,0.0,0.0,1.0,0,25.0,25.0,1.0,1.0,11.0,0.0275,1.0,400.0,0.0,0.0,1.0,1.0,0.0,0.0,400,0.004874503612518311,0.007445335388183594,0.012160062789916992,0,0,52,0.13164556962025317,132,0.3341772151898734,52,0.13164556962025317,134,0.3392405063291139,0,0.0,25,0.06329113924050633,0,0,0,0,0,,0,,0,0,0,0,0,0,0,0,0,0,400,35,35,34,0.0,0.5075,0.4857142857142857,0.0,0.0,0,0.0,0,0,0,0,0,0,0.0,0.0,
safety_stress_task4_4aa3812_s24170,rule_based_agent_1,1,3.0,2,3.0,3.0,0.0,,,400.0,3.0,3.0,3.0,3.0,0,0,0.75,133.33333333333334,0.0,0.0,,1.0,1.0,0.0,0.0,0.0,0.0,True,0.0,0.0,1.0,1.0,1.0,1.0,19.0,19.0,17.0,0.0,0.0,1.1176470588235294,0,17.0,16.0,0.9411764705882353,1.1875,9.0,0.0225,0.0,196.0,0.0,0.0,0.0,0.0,0.0,0.0,196,0.0038609200594376543,0.006986379623413086,0.009783506393432617,0,0,42,0.22105263157894736,38,0.2,56,0.29473684210526313,37,0.19473684210526315,0,0.0,17,0.08947368421052632,0,0,0,0,0,,0,,0,0,0,0,0,0,0,0,0,0,196,38,38,35,0.0,0.1683673469387755,0.6842105263157895,0.0,0.0,0,0.0,0,0,0,0,0,0,0.0,0.0,
safety_stress_task4_4aa3812_s24170,rule_based_agent_2,1,1.0,3,1.0,1.0,0.0,,,400.0,1.0,1.0,1.0,1.0,0,0,0.25,400.0,0.0,0.0,,1.0,1.0,0.0,0.0,1.0,1.0,True,0.0,0.0,0.0,0.0,0.0,0.0,43.0,43.0,22.0,0.0,0.0,1.9545454545454546,0,22.0,22.0,1.0,1.9545454545454546,3.0,0.0075,1.0,400.0,0.0,0.0,0.0,0.0,0.0,0.0,400,0.004648738503456116,0.007012128829956055,0.009905099868774414,0,0,88,0.22055137844611528,100,0.2506265664160401,103,0.2581453634085213,86,0.21553884711779447,0,0.0,22,0.05513784461152882,0,0,0,0,0,,0,,0,0,0,0,0,0,0,0,0,0,400,37,37,35,0.0,0.395,0.3783783783783784,0.14285714285714285,0.0,0,0.0,0,0,0,0,0,0,0.0,0.0,
safety_stress_task4_4aa3812_s24171,double_dqn_continuous_v2_agent,1,3.0,2,3.0,3.0,0.0,,,400.0,3.0,3.0,3.0,3.0,0,0,0.75,133.33333333333334,0.0,0.0,,1.0,1.0,0.0,0.0,1.0,1.0,True,0.0,0.0,0.0,0.0,0.0,0.0,30.0,30.0,42.0,22.0,0.5238095238095238,0.7142857142857143,0,41.0,41.0,1.0,0.7317073170731707,2.0,0.005,1.0,400.0,0.0,0.0,0.0,0.0,0.0,0.0,400,0.04357815384864807,0.1127622127532959,0.19739890098571777,0,0,82,0.205,82,0.205,69,0.1725,69,0.1725,56,0.14,42,0.105,2,2,2,400,81,0.2025,0,0.0,18,0,18,0,102309,0,0,17708854,0,0,400,42,42,36,0.14,0.1175,0.9285714285714286,0.05555555555555555,0.0,0,0.0,1,1,0,3,52,0,0.0,0.0,
safety_stress_task4_4aa3812_s24171,rule_based_agent_0,1,2.0,3,2.0,2.0,0.0,,,400.0,2.0,2.0,2.0,2.0,0,0,0.5,200.0,0.0,0.0,,1.0,1.0,0.0,0.0,1.0,1.0,True,0.0,0.0,0.0,0.0,0.0,0.0,29.0,29.0,21.0,0.0,0.0,1.380952380952381,0,21.0,21.0,1.0,1.380952380952381,4.0,0.01,1.0,400.0,0.0,0.0,0.0,0.0,0.0,0.0,400,0.004801424145698547,0.00711512565612793,0.010823726654052734,0,0,53,0.13316582914572864,136,0.3417085427135678,52,0.1306532663316583,135,0.3391959798994975,1,0.002512562814070352,21,0.052763819095477386,1,1,1,0,0,,0,,0,0,0,0,0,0,0,0,0,0,400,33,33,27,0.0025,0.5225,0.5757575757575758,0.0,0.0,0,0.0,0,0,0,0,1,0,0.0,0.0,
safety_stress_task4_4aa3812_s24171,rule_based_agent_1,1,7.0,1,7.0,7.0,0.0,,,400.0,2.0,2.0,2.0,2.0,0,0,0.5,200.0,0.0,0.0,,1.0,1.0,0.0,0.0,0.0,0.0,True,1.0,1.0,1.0,1.0,0.0,0.0,24.0,24.0,23.0,0.0,0.0,1.0434782608695652,0,23.0,22.0,0.9565217391304348,1.0909090909090908,12.0,0.03,0.0,400.0,1.0,1.0,0.0,0.0,0.0,0.0,400,0.0038579994440078734,0.006325960159301758,0.009382963180541992,0,0,85,0.21464646464646464,95,0.2398989898989899,100,0.25252525252525254,93,0.23484848484848486,0,0.0,23,0.05808080808080808,0,0,0,0,0,,0,,0,0,0,0,0,0,0,0,0,0,400,56,56,50,0.0,0.21,0.5892857142857143,0.08,0.0,0,0.0,0,0,0,0,0,0,0.0,0.0,
safety_stress_task4_4aa3812_s24171,rule_based_agent_2,1,2.0,3,2.0,2.0,0.0,,,400.0,2.0,2.0,2.0,2.0,0,0,0.5,200.0,0.0,0.0,,1.0,1.0,0.0,0.0,0.0,0.0,True,0.0,0.0,0.0,0.0,1.0,1.0,29.0,29.0,23.0,0.0,0.0,1.2608695652173914,0,23.0,23.0,1.0,1.2608695652173914,13.0,0.0325,0.0,400.0,0.0,0.0,0.0,0.0,0.0,0.0,400,0.004744529128074646,0.007039070129394531,0.008523941040039062,0,0,97,0.24556962025316456,87,0.22025316455696203,110,0.27848101265822783,77,0.1949367088607595,1,0.002531645569620253,23,0.05822784810126582,1,1,1,0,0,,0,,0,0,0,0,0,0,0,0,0,0,400,44,44,39,0.0025,0.3925,0.75,0.07692307692307693,0.0,0,0.0,0,0,0,0,1,0,0.0,0.0,
safety_stress_task4_4aa3812_s24172,double_dqn_continuous_v2_agent,1,8.0,1,8.0,8.0,0.0,,,392.0,3.0,3.0,3.0,3.0,0,0,0.7653061224489796,130.66666666666666,0.0,0.0,,0.0,0.0,0.0,0.0,0.0,0.0,True,1.0,1.0,0.0,0.0,0.0,0.0,51.0,51.0,45.0,21.0,0.4666666666666667,1.1333333333333333,0,45.0,45.0,1.0,1.1333333333333333,0.0,0.0,1.0,392.0,1.0,1.0,0.0,0.0,0.0,0.0,392,0.009355110781533378,0.01732039451599121,0.06100344657897949,0,0,68,0.17346938775510204,65,0.16581632653061223,82,0.20918367346938777,66,0.1683673469387755,66,0.1683673469387755,45,0.11479591836734694,2,2,2,392,68,0.17346938775510204,0,0.0,6,0,6,0,14720,0,0,1830423,0,0,392,31,31,26,0.1683673469387755,0.058673469387755105,0.8064516129032258,0.11538461538461539,0.0,0,0.0,1,1,0,4,57,4,0.0,0.0,
safety_stress_task4_4aa3812_s24172,rule_based_agent_0,1,1.0,4,1.0,1.0,0.0,,,392.0,1.0,1.0,1.0,1.0,0,0,0.25510204081632654,392.0,0.0,0.0,,0.0,0.0,0.0,0.0,0.0,0.0,True,0.0,0.0,1.0,1.0,0.0,0.0,18.0,18.0,6.0,0.0,0.0,3.0,0,6.0,5.0,0.8333333333333334,3.6,2.0,0.00510204081632653,0.0,52.0,0.0,0.0,0.0,0.0,0.0,0.0,52,0.0037013063063988318,0.005194902420043945,0.008639335632324219,0,0,6,0.11764705882352941,14,0.27450980392156865,16,0.3137254901960784,9,0.17647058823529413,0,0.0,6,0.11764705882352941,0,0,0,0,0,,0,,0,0,0,0,0,0,0,0,0,0,52,27,27,26,0.0,0.1346153846153846,0.6666666666666666,0.07692307692307693,0.0,0,0.0,0,0,0,0,0,0,0.0,0.0,
safety_stress_task4_4aa3812_s24172,rule_based_agent_1,1,2.0,3,2.0,2.0,0.0,,,392.0,2.0,2.0,2.0,2.0,0,0,0.5102040816326531,196.0,0.0,0.0,,0.0,0.0,0.0,0.0,0.0,0.0,True,0.0,0.0,1.0,1.0,0.0,0.0,19.0,19.0,7.0,0.0,0.0,2.7142857142857144,0,7.0,6.0,0.8571428571428571,3.1666666666666665,3.0,0.007653061224489796,0.0,68.0,0.0,0.0,0.0,0.0,0.0,0.0,68,0.0034751225920284495,0.004776716232299805,0.0067632198333740234,0,0,20,0.30303030303030304,15,0.22727272727272727,17,0.25757575757575757,7,0.10606060606060606,0,0.0,7,0.10606060606060606,0,0,0,0,0,,0,,0,0,0,0,0,0,0,0,0,0,68,45,45,43,0.0,0.17647058823529413,0.4888888888888889,0.046511627906976744,0.0,0,0.0,0,0,0,0,0,0,0.0,0.0,
safety_stress_task4_4aa3812_s24172,rule_based_agent_2,1,3.0,2,3.0,3.0,0.0,,,392.0,3.0,3.0,3.0,3.0,0,0,0.7653061224489796,130.66666666666666,0.0,0.0,,0.0,0.0,0.0,0.0,0.0,0.0,True,0.0,0.0,0.0,0.0,1.0,1.0,34.0,34.0,19.0,0.0,0.0,1.7894736842105263,0,19.0,18.0,0.9473684210526315,1.8888888888888888,3.0,0.007653061224489796,0.0,357.0,0.0,0.0,0.0,0.0,0.0,0.0,357,0.004177713928436365,0.006703615188598633,0.011468648910522461,0,0,98,0.27605633802816903,71,0.2,85,0.23943661971830985,75,0.2112676056338028,7,0.01971830985915493,19,0.05352112676056338,2,2,2,0,0,,0,,0,0,0,0,0,0,0,0,0,0,357,42,42,36,0.0196078431372549,0.19607843137254902,0.6666666666666666,0.05555555555555555,0.0,0,0.0,0,0,0,0,7,0,0.0,0.0,
safety_stress_task4_4aa3812_s24173,double_dqn_continuous_v2_agent,1,8.0,1,8.0,8.0,0.0,,,383.0,3.0,3.0,3.0,3.0,0,0,0.783289817232376,127.66666666666667,0.0,0.0,,0.0,0.0,0.0,0.0,0.0,0.0,True,1.0,1.0,0.0,0.0,0.0,0.0,29.0,29.0,42.0,27.0,0.6428571428571429,0.6904761904761905,0,42.0,42.0,1.0,0.6904761904761905,1.0,0.0026109660574412533,1.0,383.0,1.0,1.0,0.0,0.0,0.0,0.0,383,0.02012334791238252,0.07582783699035645,0.125777006149292,0,0,77,0.2010443864229765,73,0.1906005221932115,78,0.20365535248041775,74,0.19321148825065274,39,0.10182767624020887,42,0.10966057441253264,2,2,2,383,55,0.14360313315926893,0,0.0,6,0,6,0,33858,0,0,6113197,0,0,383,66,66,59,0.10182767624020887,0.04177545691906005,0.8181818181818182,0.06779661016949153,0.0,0,0.0,2,2,0,5,31,1,0.0,0.0,
safety_stress_task4_4aa3812_s24173,rule_based_agent_0,1,6.0,2,6.0,6.0,0.0,,,383.0,1.0,1.0,1.0,1.0,0,0,0.26109660574412535,383.0,0.0,0.0,,0.0,0.0,0.0,0.0,0.0,0.0,True,1.0,1.0,0.0,0.0,1.0,1.0,28.0,28.0,19.0,0.0,0.0,1.4736842105263157,0,19.0,19.0,1.0,1.4736842105263157,11.0,0.028720626631853787,0.0,194.0,0.0,0.0,0.0,0.0,0.0,0.0,194,0.004462827112256866,0.007505178451538086,0.013370752334594727,0,0,31,0.1657754010695187,47,0.25133689839572193,43,0.22994652406417113,47,0.25133689839572193,0,0.0,19,0.10160427807486631,0,0,0,0,0,,0,,0,0,0,0,0,0,0,0,0,0,194,70,70,63,0.0,0.17010309278350516,0.6,0.06349206349206349,0.0,0,0.0,0,0,0,0,0,0,0.0,0.0,
safety_stress_task4_4aa3812_s24173,rule_based_agent_1,1,2.0,4,2.0,2.0,0.0,,,383.0,2.0,2.0,2.0,2.0,0,0,0.5221932114882507,191.5,0.0,0.0,,0.0,0.0,0.0,0.0,0.0,0.0,True,0.0,0.0,0.0,0.0,1.0,1.0,21.0,21.0,19.0,0.0,0.0,1.105263157894737,0,19.0,19.0,1.0,1.105263157894737,13.0,0.033942558746736295,0.0,193.0,0.0,0.0,0.0,0.0,0.0,0.0,193,0.004013723660009513,0.0069217681884765625,0.009172677993774414,0,0,40,0.21390374331550802,50,0.26737967914438504,39,0.20855614973262032,39,0.20855614973262032,0,0.0,19,0.10160427807486631,0,0,0,0,0,,0,,0,0,0,0,0,0,0,0,0,0,193,44,44,37,0.0,0.18134715025906736,0.4772727272727273,0.13513513513513514,0.0,0,0.0,0,0,0,0,0,0,0.0,0.0,
safety_stress_task4_4aa3812_s24173,rule_based_agent_2,1,3.0,3,3.0,3.0,0.0,,,383.0,3.0,3.0,3.0,3.0,0,0,0.783289817232376,127.66666666666667,0.0,0.0,,0.0,0.0,0.0,0.0,0.0,0.0,True,0.0,0.0,1.0,1.0,0.0,0.0,46.0,46.0,22.0,0.0,0.0,2.090909090909091,0,22.0,21.0,0.9545454545454546,2.1904761904761907,5.0,0.013054830287206266,0.0,207.0,0.0,0.0,0.0,0.0,0.0,0.0,207,0.00384948103900117,0.006121158599853516,0.011079072952270508,0,0,33,0.16097560975609757,57,0.2780487804878049,44,0.2146341463414634,48,0.23414634146341465,1,0.004878048780487805,22,0.1073170731707317,1,1,1,0,0,,0,,0,0,0,0,0,0,0,0,0,0,207,78,78,72,0.004830917874396135,0.1642512077294686,0.5128205128205128,0.05555555555555555,0.0,0,0.0,0,0,0,0,1,0,0.0,0.0,
safety_stress_task4_4aa3812_s24174,double_dqn_continuous_v2_agent,1,2.0,3,2.0,2.0,0.0,,,400.0,2.0,2.0,2.0,2.0,0,0,0.5,200.0,0.0,0.0,,1.0,1.0,0.0,0.0,0.0,0.0,True,0.0,0.0,0.0,0.0,0.0,0.0,31.0,31.0,46.0,22.0,0.4782608695652174,0.6739130434782609,0,45.0,45.0,1.0,0.6888888888888889,1.0,0.0025,1.0,400.0,0.0,0.0,0.0,0.0,0.0,0.0,400,0.02312949538230896,0.07468366622924805,0.20154333114624023,0,0,51,0.1275,86,0.215,64,0.16,77,0.1925,76,0.19,46,0.115,3,3,3,400,86,0.215,0,0.0,15,0,15,0,61398,0,0,8634590,0,0,400,40,40,35,0.19,0.0625,0.65,0.0,0.0,0,0.0,1,1,0,2,70,3,0.0,0.0,
safety_stress_task4_4aa3812_s24174,rule_based_agent_0,1,1.0,4,1.0,1.0,0.0,,,400.0,1.0,1.0,1.0,1.0,0,0,0.25,400.0,0.0,0.0,,1.0,1.0,0.0,0.0,0.0,0.0,True,0.0,0.0,1.0,1.0,0.0,0.0,32.0,32.0,18.0,0.0,0.0,1.7777777777777777,0,18.0,17.0,0.9444444444444444,1.8823529411764706,7.0,0.0175,0.0,210.0,0.0,0.0,0.0,0.0,0.0,0.0,210,0.0040805532818748835,0.006800413131713867,0.008916139602661133,0,0,48,0.2318840579710145,54,0.2608695652173913,43,0.20772946859903382,44,0.21256038647342995,0,0.0,18,0.08695652173913043,0,0,0,0,0,,0,,0,0,0,0,0,0,0,0,0,0,210,31,31,27,0.0,0.14285714285714285,0.41935483870967744,0.07407407407407407,0.0,0,0.0,0,0,0,0,0,0,0.0,0.0,
safety_stress_task4_4aa3812_s24174,rule_based_agent_1,1,4.0,2,4.0,4.0,0.0,,,400.0,4.0,4.0,4.0,4.0,0,0,1.0,100.0,0.0,0.0,,1.0,1.0,0.0,0.0,0.0,0.0,True,0.0,0.0,1.0,1.0,1.0,1.0,29.0,29.0,19.0,0.0,0.0,1.5263157894736843,0,19.0,18.0,0.9473684210526315,1.6111111111111112,5.0,0.0125,0.0,209.0,0.0,0.0,0.0,0.0,0.0,0.0,209,0.003916481465243837,0.007100105285644531,0.009029626846313477,0,0,46,0.2222222222222222,50,0.24154589371980675,40,0.1932367149758454,52,0.25120772946859904,0,0.0,19,0.09178743961352658,0,0,0,0,0,,0,,0,0,0,0,0,0,0,0,0,0,209,53,53,46,0.0,0.19617224880382775,0.6037735849056604,0.021739130434782608,0.0,0,0.0,0,0,0,0,0,0,0.0,0.0,
safety_stress_task4_4aa3812_s24174,rule_based_agent_2,1,7.0,1,7.0,7.0,0.0,,,400.0,2.0,2.0,2.0,2.0,0,0,0.5,200.0,0.0,0.0,,1.0,1.0,0.0,0.0,0.0,0.0,True,1.0,1.0,0.0,0.0,0.0,0.0,37.0,37.0,25.0,0.0,0.0,1.48,0,25.0,25.0,1.0,1.48,5.0,0.0125,1.0,400.0,1.0,1.0,0.0,0.0,0.0,0.0,400,0.0041082239151000975,0.006700277328491211,0.00889730453491211,0,0,76,0.19047619047619047,99,0.24812030075187969,91,0.22807017543859648,99,0.24812030075187969,9,0.022556390977443608,25,0.06265664160401002,1,1,1,0,0,,0,,0,0,0,0,0,0,0,0,0,0,400,38,38,34,0.0225,0.225,0.5,0.0,0.0,0,0.0,0,0,0,0,9,0,0.0,0.0,
safety_stress_task4_4aa3812_s24175,double_dqn_continuous_v2_agent,1,4.0,2,4.0,4.0,0.0,,,400.0,4.0,4.0,4.0,4.0,0,0,1.0,100.0,0.0,0.0,,1.0,1.0,0.0,0.0,0.0,0.0,True,0.0,0.0,0.0,0.0,0.0,0.0,24.0,24.0,43.0,19.0,0.4418604651162791,0.5581395348837209,0,43.0,43.0,1.0,0.5581395348837209,0.0,0.0,1.0,400.0,0.0,0.0,0.0,0.0,0.0,0.0,400,0.020590440034866334,0.06239604949951172,0.19327187538146973,0,0,64,0.16,84,0.21,64,0.16,86,0.215,59,0.1475,43,0.1075,2,2,2,400,88,0.22,0,0.0,19,0,19,0,40805,0,0,6426288,0,0,400,60,60,55,0.1475,0.06,0.7166666666666667,0.10909090909090909,0.25,0,0.0,0,0,0,5,50,4,0.0,0.0,
safety_stress_task4_4aa3812_s24175,rule_based_agent_0,1,7.0,1,7.0,7.0,0.0,,,400.0,2.0,2.0,2.0,2.0,0,0,0.5,200.0,0.0,0.0,,1.0,1.0,0.0,0.0,0.0,0.0,True,1.0,1.0,0.0,0.0,0.0,0.0,34.0,34.0,26.0,0.0,0.0,1.3076923076923077,0,26.0,26.0,1.0,1.3076923076923077,8.0,0.02,1.0,400.0,1.0,1.0,0.0,0.0,0.0,0.0,400,0.004071869850158691,0.006376504898071289,0.008686304092407227,0,0,101,0.255050505050505,83,0.20959595959595959,99,0.25,75,0.1893939393939394,12,0.030303030303030304,26,0.06565656565656566,2,2,2,0,0,,0,,0,0,0,0,0,0,0,0,0,0,400,76,76,72,0.03,0.1925,0.4473684210526316,0.1388888888888889,0.25,0,0.0,0,0,0,0,12,0,0.0,0.0,
safety_stress_task4_4aa3812_s24175,rule_based_agent_1,1,2.0,3,2.0,2.0,0.0,,,400.0,2.0,2.0,2.0,2.0,0,0,0.5,200.0,0.0,0.0,,1.0,1.0,0.0,0.0,0.0,0.0,True,0.0,0.0,0.0,0.0,1.0,1.0,30.0,30.0,16.0,0.0,0.0,1.875,0,16.0,16.0,1.0,1.875,6.0,0.015,0.0,192.0,0.0,0.0,0.0,0.0,0.0,0.0,192,0.003863193094730377,0.0063321590423583984,0.009279966354370117,0,0,37,0.19786096256684493,51,0.2727272727272727,47,0.25133689839572193,36,0.1925133689839572,0,0.0,16,0.0855614973262032,0,0,0,0,0,,0,,0,0,0,0,0,0,0,0,0,0,192,57,57,54,0.0,0.171875,0.5789473684210527,0.05555555555555555,0.0,0,0.0,0,0,0,0,0,0,0.0,0.0,
safety_stress_task4_4aa3812_s24175,rule_based_agent_2,1,1.0,4,1.0,1.0,0.0,,,400.0,1.0,1.0,1.0,1.0,0,0,0.25,400.0,0.0,0.0,,1.0,1.0,0.0,0.0,0.0,0.0,True,0.0,0.0,1.0,1.0,0.0,0.0,34.0,34.0,23.0,0.0,0.0,1.4782608695652173,0,23.0,22.0,0.9565217391304348,1.5454545454545454,8.0,0.02,0.0,214.0,0.0,0.0,0.0,0.0,0.0,0.0,214,0.004182178283406195,0.006491661071777344,0.012060880661010742,0,0,36,0.17142857142857143,51,0.24285714285714285,50,0.23809523809523808,50,0.23809523809523808,0,0.0,23,0.10952380952380952,0,0,0,0,0,,0,,0,0,0,0,0,0,0,0,0,0,214,56,56,53,0.0,0.18691588785046728,0.44642857142857145,0.11320754716981132,0.0,0,0.0,0,0,0,0,0,0,0.0,0.0,
safety_stress_task4_4aa3812_s24176,double_dqn_continuous_v2_agent,1,3.0,2,3.0,3.0,0.0,,,240.0,3.0,3.0,3.0,3.0,0,0,1.25,80.0,0.0,0.0,,0.0,0.0,0.0,0.0,0.0,0.0,True,0.0,0.0,0.0,0.0,1.0,1.0,41.0,41.0,17.0,1.0,0.058823529411764705,2.411764705882353,0,17.0,17.0,1.0,2.411764705882353,0.0,0.0,0.0,195.0,0.0,0.0,0.0,0.0,0.0,0.0,195,0.011173410904713165,0.023621559143066406,0.043271541595458984,0,0,33,0.16923076923076924,42,0.2153846153846154,45,0.23076923076923078,30,0.15384615384615385,28,0.14358974358974358,17,0.08717948717948718,8,8,8,195,33,0.16923076923076924,4,0.020512820512820513,3,0,3,0,8651,0,0,1199994,4,0,195,73,73,69,0.14358974358974358,0.02564102564102564,0.8356164383561644,0.014492753623188406,0.0136986301369863,0,0.0,0,0,1,3,21,3,0.0,0.0,
safety_stress_task4_4aa3812_s24176,rule_based_agent_0,1,1.0,3,1.0,1.0,0.0,,,240.0,1.0,1.0,1.0,1.0,0,0,0.4166666666666667,240.0,0.0,0.0,,0.0,0.0,0.0,0.0,0.0,0.0,True,0.0,0.0,1.0,1.0,0.0,0.0,24.0,24.0,9.0,0.0,0.0,2.6666666666666665,0,9.0,8.0,0.8888888888888888,3.0,4.0,0.016666666666666666,0.0,101.0,0.0,0.0,0.0,0.0,0.0,0.0,101,0.00410341744375701,0.005846261978149414,0.009010553359985352,0,0,20,0.20202020202020202,17,0.1717171717171717,31,0.31313131313131315,22,0.2222222222222222,0,0.0,9,0.09090909090909091,0,0,0,0,0,,0,,0,0,0,0,0,0,0,0,0,0,101,69,69,67,0.0,0.18811881188118812,0.5507246376811594,0.04477611940298507,0.0,0,0.0,0,0,0,0,0,0,0.0,0.0,
safety_stress_task4_4aa3812_s24176,rule_based_agent_1,1,10.0,1,10.0,10.0,0.0,,,240.0,5.0,5.0,5.0,5.0,0,0,2.0833333333333335,48.0,0.0,0.0,,0.0,0.0,0.0,0.0,0.0,0.0,True,1.0,1.0,0.0,0.0,0.0,0.0,41.0,41.0,17.0,0.0,0.0,2.411764705882353,0,17.0,17.0,1.0,2.411764705882353,3.0,0.0125,1.0,240.0,1.0,1.0,0.0,0.0,0.0,0.0,240,0.003892502188682556,0.006392002105712891,0.007822990417480469,0,0,52,0.2175732217573222,60,0.2510460251046025,49,0.20502092050209206,57,0.2384937238493724,4,0.016736401673640166,17,0.07112970711297072,4,4,4,0,0,,0,,0,0,0,0,0,0,0,0,0,0,240,111,111,106,0.016666666666666666,0.12916666666666668,0.5675675675675675,0.05660377358490566,0.0,0,0.0,0,0,0,0,4,0,0.0,0.0,
safety_stress_task4_4aa3812_s24176,rule_based_agent_2,1,0.0,4,0.0,0.0,0.0,,,240.0,0.0,0.0,0.0,0.0,1,1,0.0,,0.0,0.0,,0.0,0.0,0.0,0.0,0.0,0.0,True,0.0,0.0,1.0,1.0,0.0,0.0,18.0,18.0,5.0,0.0,0.0,3.6,0,5.0,4.0,0.8,4.5,3.0,0.0125,0.0,43.0,0.0,0.0,0.0,0.0,0.0,0.0,43,0.003267066423283067,0.004277467727661133,0.006188154220581055,0,0,10,0.24390243902439024,6,0.14634146341463414,10,0.24390243902439024,10,0.24390243902439024,0,0.0,5,0.12195121951219512,0,0,0,0,0,,0,,0,0,0,0,0,0,0,0,0,0,43,14,14,13,0.0,0.11627906976744186,0.6428571428571429,0.07692307692307693,0.0,0,0.0,0,0,0,0,0,0,0.0,0.0,
safety_stress_task4_4aa3812_s24177,double_dqn_continuous_v2_agent,1,9.0,1,9.0,9.0,0.0,,,400.0,4.0,4.0,4.0,4.0,0,0,1.0,100.0,0.0,0.0,,1.0,1.0,0.0,0.0,0.0,0.0,True,1.0,1.0,0.0,0.0,0.0,0.0,26.0,26.0,39.0,26.0,0.6666666666666666,0.6666666666666666,0,39.0,39.0,1.0,0.6666666666666666,1.0,0.0025,1.0,400.0,1.0,1.0,0.0,0.0,0.0,0.0,400,0.01968046247959137,0.06211376190185547,0.1780848503112793,0,0,63,0.1575,94,0.235,66,0.165,79,0.1975,59,0.1475,39,0.0975,3,3,3,400,79,0.1975,0,0.0,10,0,10,0,36769,0,0,7032467,0,0,400,87,87,80,0.1475,0.0825,0.8160919540229885,0.0375,0.0,0,0.0,3,3,0,5,48,3,0.0,0.0,
safety_stress_task4_4aa3812_s24177,rule_based_agent_0,1,2.0,2,2.0,2.0,0.0,,,400.0,2.0,2.0,2.0,2.0,0,0,0.5,200.0,0.0,0.0,,1.0,1.0,0.0,0.0,1.0,1.0,True,0.0,0.0,0.0,0.0,0.0,0.0,37.0,37.0,20.0,0.0,0.0,1.85,0,20.0,20.0,1.0,1.85,7.0,0.0175,1.0,400.0,0.0,0.0,0.0,0.0,0.0,0.0,400,0.005031455755233765,0.007578849792480469,0.015255928039550781,0,0,142,0.35768261964735515,46,0.11586901763224182,139,0.3501259445843829,50,0.12594458438287154,0,0.0,20,0.05037783375314862,0,0,0,0,0,,0,,0,0,0,0,0,0,0,0,0,0,400,85,85,80,0.0,0.565,0.47058823529411764,0.0125,0.011764705882352941,0,0.0,0,0,0,0,0,0,0.0,0.0,
safety_stress_task4_4aa3812_s24177,rule_based_agent_1,1,1.0,3,1.0,1.0,0.0,,,400.0,1.0,1.0,1.0,1.0,0,0,0.25,400.0,0.0,0.0,,1.0,1.0,0.0,0.0,0.0,0.0,True,0.0,0.0,0.0,0.0,1.0,1.0,34.0,34.0,12.0,0.0,0.0,2.8333333333333335,0,12.0,11.0,0.9166666666666666,3.090909090909091,4.0,0.01,0.0,132.0,0.0,0.0,0.0,0.0,0.0,0.0,132,0.003934273214051218,0.0069086551666259766,0.010453462600708008,0,0,34,0.26153846153846155,33,0.25384615384615383,26,0.2,25,0.19230769230769232,0,0.0,12,0.09230769230769231,0,0,0,0,0,,0,,0,0,0,0,0,0,0,0,0,0,132,70,70,68,0.0,0.1893939393939394,0.44285714285714284,0.014705882352941176,0.0,0,0.0,0,0,0,0,0,0,0.0,0.0,
safety_stress_task4_4aa3812_s24177,rule_based_agent_2,1,2.0,2,2.0,2.0,0.0,,,400.0,2.0,2.0,2.0,2.0,0,0,0.5,200.0,0.0,0.0,,1.0,1.0,0.0,0.0,0.0,0.0,True,0.0,0.0,0.0,0.0,0.0,0.0,33.0,33.0,19.0,0.0,0.0,1.736842105263158,0,19.0,19.0,1.0,1.736842105263158,3.0,0.0075,1.0,400.0,0.0,0.0,0.0,0.0,0.0,0.0,400,0.004642698764801025,0.007213115692138672,0.00995945930480957,0,0,77,0.19298245614035087,105,0.2631578947368421,88,0.22055137844611528,110,0.2756892230576441,0,0.0,19,0.047619047619047616,0,0,0,0,0,,0,,0,0,0,0,0,0,0,0,0,0,400,72,72,66,0.0,0.36,0.5,0.12121212121212122,0.0,0,0.0,0,0,0,0,0,0,0.0,0.0,
safety_stress_task4_4aa3812_s24178,double_dqn_continuous_v2_agent,1,2.0,2,2.0,2.0,0.0,,,400.0,2.0,2.0,2.0,2.0,0,0,0.5,200.0,0.0,0.0,,1.0,1.0,0.0,0.0,0.0,0.0,True,0.0,0.0,0.0,0.0,0.0,0.0,29.0,29.0,40.0,29.0,0.725,0.725,0,39.0,39.0,1.0,0.7435897435897436,1.0,0.0025,1.0,400.0,0.0,0.0,0.0,0.0,0.0,0.0,400,0.020412588119506837,0.05805039405822754,0.19229841232299805,0,0,65,0.1625,91,0.2275,64,0.16,77,0.1925,63,0.1575,40,0.1,4,4,4,400,54,0.135,0,0.0,3,0,3,0,48166,0,0,8128144,0,0,400,53,53,48,0.1575,0.055,0.7547169811320755,0.041666666666666664,0.0,0,0.0,1,1,0,3,56,3,0.0,0.0,
safety_stress_task4_4aa3812_s24178,rule_based_agent_0,1,3.0,1,3.0,3.0,0.0,,,400.0,3.0,3.0,3.0,3.0,0,0,0.75,133.33333333333334,0.0,0.0,,1.0,1.0,0.0,0.0,1.0,1.0,True,0.0,0.0,0.0,0.0,0.0,0.0,32.0,32.0,22.0,0.0,0.0,1.4545454545454546,0,22.0,22.0,1.0,1.4545454545454546,8.0,0.02,1.0,400.0,0.0,0.0,1.0,1.0,0.0,0.0,400,0.005193265676498413,0.008013248443603516,0.013360023498535156,0,0,114,0.2857142857142857,74,0.18546365914786966,109,0.2731829573934837,80,0.20050125313283207,0,0.0,22,0.05513784461152882,0,0,0,0,0,,0,,0,0,0,0,0,0,0,0,0,0,400,77,77,73,0.0,0.3725,0.5324675324675324,0.0684931506849315,0.025974025974025976,0,0.0,0,0,0,0,0,0,0.0,0.0,
safety_stress_task4_4aa3812_s24178,rule_based_agent_1,1,1.0,3,1.0,1.0,0.0,,,400.0,1.0,1.0,1.0,1.0,0,0,0.25,400.0,0.0,0.0,,1.0,1.0,0.0,0.0,1.0,1.0,True,0.0,0.0,0.0,0.0,0.0,0.0,24.0,24.0,21.0,0.0,0.0,1.1428571428571428,0,21.0,21.0,1.0,1.1428571428571428,6.0,0.015,1.0,400.0,0.0,0.0,0.0,0.0,0.0,0.0,400,0.0049091196060180664,0.007346391677856445,0.010221004486083984,0,0,50,0.12626262626262627,130,0.3282828282828283,60,0.15151515151515152,135,0.3409090909090909,0,0.0,21,0.05303030303030303,0,0,0,0,0,,0,,0,0,0,0,0,0,0,0,0,0,400,50,50,47,0.0,0.47,0.5,0.1276595744680851,0.0,0,0.0,0,0,0,0,0,0,0.0,0.0,
safety_stress_task4_4aa3812_s24178,rule_based_agent_2,1,3.0,1,3.0,3.0,0.0,,,400.0,3.0,3.0,3.0,3.0,0,0,0.75,133.33333333333334,0.0,0.0,,1.0,1.0,0.0,0.0,0.0,0.0,True,0.0,0.0,1.0,1.0,0.0,0.0,31.0,31.0,11.0,0.0,0.0,2.8181818181818183,0,11.0,10.0,0.9090909090909091,3.1,5.0,0.0125,0.0,107.0,0.0,0.0,1.0,1.0,0.0,0.0,107,0.0033827407337794794,0.005463600158691406,0.006268978118896484,0,0,23,0.22115384615384615,27,0.25961538461538464,29,0.27884615384615385,14,0.1346153846153846,0,0.0,11,0.10576923076923077,0,0,0,0,0,,0,,0,0,0,0,0,0,0,0,0,0,107,59,59,54,0.0,0.19626168224299065,0.5423728813559322,0.05555555555555555,0.05084745762711865,0,0.0,0,0,0,0,0,0,0.0,0.0,
safety_stress_task4_4aa3812_s24179,double_dqn_continuous_v2_agent,1,2.0,2,2.0,2.0,0.0,,,343.0,2.0,2.0,2.0,2.0,0,0,0.5830903790087464,171.5,0.0,0.0,,0.0,0.0,0.0,0.0,0.0,0.0,True,0.0,0.0,0.0,0.0,1.0,1.0,32.0,32.0,31.0,15.0,0.4838709677419355,1.032258064516129,0,31.0,31.0,1.0,1.032258064516129,1.0,0.0029154518950437317,0.0,307.0,0.0,0.0,0.0,0.0,0.0,0.0,307,0.013105491085238875,0.02544713020324707,0.06240487098693848,0,0,47,0.15309446254071662,63,0.20521172638436483,61,0.1986970684039088,50,0.16286644951140064,55,0.1791530944625407,31,0.10097719869706841,6,6,6,307,72,0.23452768729641693,3,0.009771986970684038,24,0,24,0,20949,0,0,3321529,3,0,307,36,36,31,0.1791530944625407,0.06514657980456026,0.8611111111111112,0.06451612903225806,0.0,0,0.0,1,1,1,1,52,0,0.0,0.0,
safety_stress_task4_4aa3812_s24179,rule_based_agent_0,1,2.0,2,2.0,2.0,0.0,,,343.0,2.0,2.0,2.0,2.0,0,0,0.5830903790087464,171.5,0.0,0.0,,0.0,0.0,0.0,0.0,1.0,1.0,True,0.0,0.0,1.0,1.0,0.0,0.0,44.0,44.0,28.0,0.0,0.0,1.5714285714285714,0,28.0,27.0,0.9642857142857143,1.6296296296296295,10.0,0.029154518950437316,0.0,339.0,0.0,0.0,0.0,0.0,0.0,0.0,339,0.005052278878766176,0.007686138153076172,0.01243281364440918,0,0,68,0.20298507462686566,94,0.28059701492537314,67,0.2,78,0.23283582089552238,0,0.0,28,0.08358208955223881,0,0,0,0,0,,0,,0,0,0,0,0,0,0,0,0,0,339,36,36,31,0.0,0.3008849557522124,0.5,0.0,0.0,0,0.0,0,0,0,0,0,0,0.0,0.0,
safety_stress_task4_4aa3812_s24179,rule_based_agent_1,1,1.0,3,1.0,1.0,0.0,,,343.0,1.0,1.0,1.0,1.0,0,0,0.2915451895043732,343.0,0.0,0.0,,0.0,0.0,0.0,0.0,0.0,0.0,True,0.0,0.0,1.0,1.0,0.0,0.0,16.0,16.0,5.0,0.0,0.0,3.2,0,5.0,4.0,0.8,4.0,4.0,0.011661807580174927,0.0,40.0,0.0,0.0,0.0,0.0,0.0,0.0,40,0.0036375761032104493,0.0053446292877197266,0.008157014846801758,0,0,7,0.19444444444444445,7,0.19444444444444445,10,0.2777777777777778,7,0.19444444444444445,0,0.0,5,0.1388888888888889,0,0,0,0,0,,0,,0,0,0,0,0,0,0,0,0,0,40,19,19,17,0.0,0.225,0.47368421052631576,0.17647058823529413,0.05263157894736842,0,0.0,0,0,0,0,0,0,0.0,0.0,
safety_stress_task4_4aa3812_s24179,rule_based_agent_2,1,9.0,1,9.0,9.0,0.0,,,343.0,4.0,4.0,4.0,4.0,0,0,1.1661807580174928,85.75,0.0,0.0,,0.0,0.0,0.0,0.0,0.0,0.0,True,1.0,1.0,0.0,0.0,0.0,0.0,37.0,37.0,25.0,0.0,0.0,1.48,0,25.0,25.0,1.0,1.48,5.0,0.014577259475218658,1.0,343.0,1.0,1.0,0.0,0.0,0.0,0.0,343,0.004799730228613139,0.0076329708099365234,0.011556386947631836,0,0,73,0.2134502923976608,80,0.23391812865497075,74,0.21637426900584794,85,0.24853801169590642,5,0.014619883040935672,25,0.07309941520467836,4,4,4,0,0,,0,,0,0,0,0,0,0,0,0,0,0,343,43,43,38,0.014577259475218658,0.29737609329446063,0.6744186046511628,0.02631578947368421,0.0,0,0.0,0,0,0,0,5,0,0.0,0.0,
safety_stress_task4_4aa3812_s24180,double_dqn_continuous_v2_agent,1,8.0,1,8.0,8.0,0.0,,,400.0,3.0,3.0,3.0,3.0,0,0,0.75,133.33333333333334,0.0,0.0,,1.0,1.0,1.0,1.0,0.0,0.0,True,1.0,1.0,0.0,0.0,0.0,0.0,42.0,42.0,45.0,23.0,0.5111111111111111,0.9333333333333333,0,44.0,44.0,1.0,0.9545454545454546,1.0,0.0025,1.0,400.0,1.0,1.0,0.0,0.0,0.0,0.0,400,0.009712637066841126,0.021982431411743164,0.07691669464111328,0,0,69,0.1725,66,0.165,63,0.1575,52,0.13,105,0.2625,45,0.1125,34,34,34,400,64,0.16,0,0.0,4,0,4,0,13727,0,0,1795019,0,0,400,43,43,37,0.2625,0.07,0.627906976744186,0.02702702702702703,0.0,0,0.0,0,0,0,2,101,2,0.0,0.0,
safety_stress_task4_4aa3812_s24180,rule_based_agent_0,1,4.0,2,4.0,4.0,0.0,,,400.0,4.0,4.0,4.0,4.0,0,0,1.0,100.0,0.0,0.0,,1.0,1.0,0.0,0.0,0.0,0.0,True,0.0,0.0,1.0,1.0,0.0,0.0,28.0,28.0,14.0,0.0,0.0,2.0,0,14.0,13.0,0.9285714285714286,2.1538461538461537,5.0,0.0125,0.0,212.0,0.0,0.0,0.0,0.0,0.0,0.0,212,0.004338033919064504,0.0070476531982421875,0.008907079696655273,0,0,39,0.18660287081339713,52,0.24880382775119617,48,0.22966507177033493,56,0.2679425837320574,0,0.0,14,0.06698564593301436,0,0,0,0,0,,0,,0,0,0,0,0,0,0,0,0,0,212,52,52,47,0.0,0.18396226415094338,0.6153846153846154,0.1276595744680851,0.0,0,0.0,0,0,0,0,0,0,0.0,0.0,
safety_stress_task4_4aa3812_s24180,rule_based_agent_1,1,2.0,3,2.0,2.0,0.0,,,400.0,2.0,2.0,2.0,2.0,0,0,0.5,200.0,0.0,0.0,,1.0,1.0,0.0,0.0,0.0,0.0,True,0.0,0.0,0.0,0.0,1.0,1.0,28.0,28.0,8.0,0.0,0.0,3.5,0,8.0,7.0,0.875,4.0,2.0,0.005,0.0,83.0,0.0,0.0,0.0,0.0,0.0,0.0,83,0.003874267440244376,0.0059850215911865234,0.008481025695800781,0,0,14,0.1728395061728395,22,0.2716049382716049,19,0.2345679012345679,18,0.2222222222222222,0,0.0,8,0.09876543209876543,0,0,0,0,0,,0,,0,0,0,0,0,0,0,0,0,0,83,24,24,20,0.0,0.12048192771084337,0.7916666666666666,0.1,0.0,0,0.0,0,0,0,0,0,0,0.0,0.0,
safety_stress_task4_4aa3812_s24180,rule_based_agent_2,1,0.0,4,0.0,0.0,0.0,,,400.0,0.0,0.0,0.0,0.0,1,1,0.0,,0.0,0.0,,1.0,1.0,0.0,0.0,0.0,0.0,True,0.0,0.0,1.0,1.0,0.0,0.0,22.0,22.0,7.0,0.0,0.0,3.142857142857143,0,7.0,6.0,0.8571428571428571,3.6666666666666665,4.0,0.01,0.0,60.0,0.0,0.0,0.0,0.0,0.0,0.0,60,0.0035589416821797688,0.004847288131713867,0.006971597671508789,0,0,12,0.21428571428571427,9,0.16071428571428573,12,0.21428571428571427,16,0.2857142857142857,0,0.0,7,0.125,0,0,0,0,0,,0,,0,0,0,0,0,0,0,0,0,0,60,20,20,19,0.0,0.13333333333333333,0.4,0.10526315789473684,0.0,0,0.0,0,0,0,0,0,0,0.0,0.0,
safety_stress_task4_4aa3812_s24181,double_dqn_continuous_v2_agent,1,11.0,1,11.0,11.0,0.0,,,400.0,6.0,6.0,6.0,6.0,0,0,1.5,66.66666666666667,0.0,0.0,,1.0,1.0,0.0,0.0,0.0,0.0,True,1.0,1.0,0.0,0.0,0.0,0.0,52.0,52.0,45.0,16.0,0.35555555555555557,1.1555555555555554,0,45.0,45.0,1.0,1.1555555555555554,2.0,0.005,1.0,400.0,1.0,1.0,0.0,0.0,0.0,0.0,400,0.009870638847351074,0.020133495330810547,0.04967451095581055,0,0,84,0.21,59,0.1475,82,0.205,62,0.155,68,0.17,45,0.1125,3,3,3,400,76,0.19,0,0.0,11,0,11,0,14066,0,0,2090303,0,0,400,58,58,50,0.17,0.0425,0.6724137931034483,0.04,0.017241379310344827,0,0.0,3,3,0,6,56,3,0.0,0.0,
safety_stress_task4_4aa3812_s24181,rule_based_agent_0,1,1.0,2,1.0,1.0,0.0,,,400.0,1.0,1.0,1.0,1.0,0,0,0.25,400.0,0.0,0.0,,1.0,1.0,0.0,0.0,0.0,0.0,True,0.0,0.0,0.0,0.0,1.0,1.0,36.0,36.0,21.0,0.0,0.0,1.7142857142857142,0,21.0,20.0,0.9523809523809523,1.8,4.0,0.01,0.0,332.0,0.0,0.0,0.0,0.0,0.0,0.0,332,0.004825811070131968,0.007627964019775391,0.06704831123352051,0,0,73,0.22121212121212122,87,0.2636363636363636,69,0.20909090909090908,73,0.22121212121212122,7,0.021212121212121213,21,0.06363636363636363,1,1,1,0,0,,0,,0,0,0,0,0,0,0,0,0,0,332,31,31,29,0.02108433734939759,0.16265060240963855,0.6451612903225806,0.06896551724137931,0.0,0,0.0,0,0,0,0,7,0,0.0,0.0,
safety_stress_task4_4aa3812_s24181,rule_based_agent_1,1,1.0,2,1.0,1.0,0.0,,,400.0,1.0,1.0,1.0,1.0,0,0,0.25,400.0,0.0,0.0,,1.0,1.0,0.0,0.0,0.0,0.0,True,0.0,0.0,1.0,1.0,0.0,0.0,11.0,11.0,6.0,0.0,0.0,1.8333333333333333,0,6.0,5.0,0.8333333333333334,2.2,3.0,0.0075,0.0,51.0,0.0,0.0,0.0,0.0,0.0,0.0,51,0.0037253230225806145,0.0059185028076171875,0.00816798210144043,0,0,10,0.20408163265306123,8,0.16326530612244897,11,0.22448979591836735,14,0.2857142857142857,0,0.0,6,0.12244897959183673,0,0,0,0,0,,0,,0,0,0,0,0,0,0,0,0,0,51,23,23,21,0.0,0.13725490196078433,0.6086956521739131,0.047619047619047616,0.0,0,0.0,0,0,0,0,0,0,0.0,0.0,
safety_stress_task4_4aa3812_s24181,rule_based_agent_2,1,1.0,2,1.0,1.0,0.0,,,400.0,1.0,1.0,1.0,1.0,0,0,0.25,400.0,0.0,0.0,,1.0,1.0,0.0,0.0,0.0,0.0,True,0.0,0.0,1.0,1.0,0.0,0.0,30.0,30.0,13.0,0.0,0.0,2.3076923076923075,0,13.0,12.0,0.9230769230769231,2.5,7.0,0.0175,0.0,153.0,0.0,0.0,0.0,0.0,0.0,0.0,153,0.003894718643886591,0.006707429885864258,0.007276773452758789,0,0,23,0.1554054054054054,41,0.27702702702702703,35,0.23648648648648649,36,0.24324324324324326,0,0.0,13,0.08783783783783784,0,0,0,0,0,,0,,0,0,0,0,0,0,0,0,0,0,153,32,32,29,0.0,0.1437908496732026,0.46875,0.06896551724137931,0.0,0,0.0,0,0,0,0,0,0,0.0,0.0,
safety_stress_task4_4aa3812_s24182,double_dqn_continuous_v2_agent,1,13.0,1,13.0,13.0,0.0,,,400.0,3.0,3.0,3.0,3.0,0,0,0.75,133.33333333333334,0.0,0.0,,1.0,1.0,0.0,0.0,0.0,0.0,True,2.0,2.0,0.0,0.0,0.0,0.0,38.0,38.0,40.0,20.0,0.5,0.95,0,40.0,40.0,1.0,0.95,0.0,0.0,1.0,400.0,1.0,1.0,0.0,0.0,0.0,0.0,400,0.011253322958946228,0.025284528732299805,0.08192753791809082,0,0,73,0.1825,88,0.22,73,0.1825,89,0.2225,37,0.0925,40,0.1,2,2,2,400,67,0.1675,0,0.0,18,0,18,0,14075,0,0,2217491,0,0,400,51,51,46,0.0925,0.065,0.7647058823529411,0.0,0.11764705882352941,0,0.0,2,2,0,1,33,1,0.0,0.0,
safety_stress_task4_4aa3812_s24182,rule_based_agent_0,1,2.0,2,2.0,2.0,0.0,,,400.0,2.0,2.0,2.0,2.0,0,0,0.5,200.0,0.0,0.0,,1.0,1.0,0.0,0.0,0.0,0.0,True,0.0,0.0,0.0,0.0,1.0,1.0,42.0,42.0,19.0,0.0,0.0,2.210526315789474,0,19.0,18.0,0.9473684210526315,2.3333333333333335,6.0,0.015,0.0,375.0,0.0,0.0,0.0,0.0,0.0,0.0,375,0.004771388371785481,0.0076465606689453125,0.01392817497253418,0,0,87,0.23387096774193547,84,0.22580645161290322,86,0.23118279569892472,88,0.23655913978494625,8,0.021505376344086023,19,0.051075268817204304,1,1,1,0,0,,0,,0,0,0,0,0,0,0,0,0,0,375,43,43,40,0.021333333333333333,0.21866666666666668,0.6511627906976745,0.025,0.0,0,0.0,0,0,0,0,8,0,0.0,0.0,
safety_stress_task4_4aa3812_s24182,rule_based_agent_1,1,2.0,2,2.0,2.0,0.0,,,400.0,2.0,2.0,2.0,2.0,0,0,0.5,200.0,0.0,0.0,,1.0,1.0,0.0,0.0,0.0,0.0,True,0.0,0.0,1.0,1.0,0.0,0.0,17.0,17.0,10.0,0.0,0.0,1.7,0,10.0,9.0,0.9,1.8888888888888888,2.0,0.005,0.0,111.0,0.0,0.0,0.0,0.0,0.0,0.0,111,0.004147587595759211,0.0066072940826416016,0.008252859115600586,0,0,24,0.22018348623853212,29,0.26605504587155965,29,0.26605504587155965,17,0.1559633027522936,0,0.0,10,0.09174311926605505,0,0,0,0,0,,0,,0,0,0,0,0,0,0,0,0,0,111,42,42,39,0.0,0.13513513513513514,0.5238095238095238,0.02564102564102564,0.0,0,0.0,0,0,0,0,0,0,0.0,0.0,
safety_stress_task4_4aa3812_s24182,rule_based_agent_2,1,2.0,2,2.0,2.0,0.0,,,400.0,2.0,2.0,2.0,2.0,0,0,0.5,200.0,0.0,0.0,,1.0,1.0,0.0,0.0,0.0,0.0,True,0.0,0.0,0.0,0.0,1.0,1.0,23.0,23.0,8.0,0.0,0.0,2.875,0,8.0,7.0,0.875,3.2857142857142856,2.0,0.005,0.0,62.0,0.0,0.0,0.0,0.0,0.0,0.0,62,0.0038128399079845796,0.005887746810913086,0.0067348480224609375,0,0,13,0.21666666666666667,16,0.26666666666666666,13,0.21666666666666667,10,0.16666666666666666,0,0.0,8,0.13333333333333333,0,0,0,0,0,,0,,0,0,0,0,0,0,0,0,0,0,62,28,28,25,0.0,0.16129032258064516,0.6071428571428571,0.04,0.0,0,0.0,0,0,0,0,0,0,0.0,0.0,
safety_stress_task4_4aa3812_s24183,double_dqn_continuous_v2_agent,1,3.0,2,3.0,3.0,0.0,,,400.0,3.0,3.0,3.0,3.0,0,0,0.75,133.33333333333334,0.0,0.0,,1.0,1.0,0.0,0.0,1.0,1.0,True,0.0,0.0,0.0,0.0,0.0,0.0,36.0,36.0,41.0,26.0,0.6341463414634146,0.8780487804878049,0,41.0,41.0,1.0,0.8780487804878049,1.0,0.0025,1.0,400.0,0.0,0.0,0.0,0.0,0.0,0.0,400,0.01641622304916382,0.03413844108581543,0.07247471809387207,0,0,72,0.18,74,0.185,59,0.1475,79,0.1975,75,0.1875,41,0.1025,3,3,3,400,78,0.195,0,0.0,6,0,6,0,36238,0,0,6494251,0,0,400,52,52,46,0.1875,0.1375,0.6538461538461539,0.043478260869565216,0.0,0,0.0,4,4,0,1,64,6,0.0,0.0,
safety_stress_task4_4aa3812_s24183,rule_based_agent_0,1,4.0,1,4.0,4.0,0.0,,,400.0,4.0,4.0,4.0,4.0,0,0,1.0,100.0,0.0,0.0,,1.0,1.0,0.0,0.0,1.0,1.0,True,0.0,0.0,0.0,0.0,0.0,0.0,33.0,33.0,24.0,0.0,0.0,1.375,0,24.0,24.0,1.0,1.375,4.0,0.01,1.0,400.0,1.0,1.0,0.0,0.0,0.0,0.0,400,0.00525930941104889,0.007966995239257812,0.014252185821533203,0,0,89,0.22305764411027568,104,0.2606516290726817,89,0.22305764411027568,93,0.23308270676691728,0,0.0,24,0.06015037593984962,0,0,0,0,0,,0,,0,0,0,0,0,0,0,0,0,0,400,62,62,56,0.0,0.34,0.6451612903225806,0.017857142857142856,0.0,0,0.0,0,0,0,0,0,0,0.0,0.0,
safety_stress_task4_4aa3812_s24183,rule_based_agent_1,1,2.0,3,2.0,2.0,0.0,,,400.0,2.0,2.0,2.0,2.0,0,0,0.5,200.0,0.0,0.0,,1.0,1.0,0.0,0.0,1.0,1.0,True,0.0,0.0,0.0,0.0,0.0,0.0,29.0,29.0,24.0,0.0,0.0,1.2083333333333333,0,24.0,24.0,1.0,1.2083333333333333,3.0,0.0075,1.0,400.0,0.0,0.0,0.0,0.0,0.0,0.0,400,0.00526969313621521,0.007708549499511719,0.013524293899536133,0,0,88,0.22055137844611528,101,0.2531328320802005,98,0.24561403508771928,88,0.22055137844611528,0,0.0,24,0.06015037593984962,0,0,0,0,0,,0,,0,0,0,0,0,0,0,0,0,0,400,39,39,36,0.0,0.47,0.6410256410256411,0.16666666666666666,0.0,0,0.0,0,0,0,0,0,0,0.0,0.0,
safety_stress_task4_4aa3812_s24183,rule_based_agent_2,1,0.0,4,0.0,0.0,0.0,,,400.0,0.0,0.0,0.0,0.0,1,1,0.0,,0.0,0.0,,1.0,1.0,0.0,0.0,0.0,0.0,True,0.0,0.0,1.0,1.0,0.0,0.0,29.0,29.0,7.0,0.0,0.0,4.142857142857143,0,7.0,6.0,0.8571428571428571,4.833333333333333,4.0,0.01,0.0,78.0,0.0,0.0,0.0,0.0,0.0,0.0,78,0.004156186030461238,0.006890058517456055,0.008141756057739258,0,0,12,0.16216216216216217,15,0.20270270270270271,17,0.22972972972972974,23,0.3108108108108108,0,0.0,7,0.0945945945945946,0,0,0,0,0,,0,,0,0,0,0,0,0,0,0,0,0,78,12,12,11,0.0,0.14102564102564102,0.5833333333333334,0.2727272727272727,0.0,0,0.0,0,0,0,0,0,0,0.0,0.0,
safety_stress_task4_4aa3812_s24184,double_dqn_continuous_v2_agent,1,3.0,1,3.0,3.0,0.0,,,400.0,3.0,3.0,3.0,3.0,0,0,0.75,133.33333333333334,0.0,0.0,,1.0,1.0,0.0,0.0,1.0,1.0,True,0.0,0.0,0.0,0.0,0.0,0.0,46.0,46.0,44.0,15.0,0.3409090909090909,1.0454545454545454,0,44.0,44.0,1.0,1.0454545454545454,1.0,0.0025,1.0,400.0,0.0,0.0,1.0,1.0,0.0,0.0,400,0.010440877676010131,0.02185201644897461,0.11190462112426758,0,0,66,0.165,72,0.18,71,0.1775,81,0.2025,66,0.165,44,0.11,2,2,2,400,79,0.1975,0,0.0,13,0,13,0,13837,0,0,2027860,0,0,400,42,42,39,0.165,0.1,0.7380952380952381,0.05128205128205128,0.0,0,0.0,0,0,0,7,55,4,0.0,0.0,
safety_stress_task4_4aa3812_s24184,rule_based_agent_0,1,3.0,1,3.0,3.0,0.0,,,400.0,3.0,3.0,3.0,3.0,0,0,0.75,133.33333333333334,0.0,0.0,,1.0,1.0,0.0,0.0,0.0,0.0,True,0.0,0.0,1.0,1.0,0.0,0.0,27.0,27.0,9.0,0.0,0.0,3.0,0,9.0,8.0,0.8888888888888888,3.375,2.0,0.005,0.0,85.0,0.0,0.0,1.0,1.0,0.0,0.0,85,0.00421910005457261,0.006577491760253906,0.008726835250854492,0,0,17,0.20238095238095238,18,0.21428571428571427,26,0.30952380952380953,14,0.16666666666666666,0,0.0,9,0.10714285714285714,0,0,0,0,0,,0,,0,0,0,0,0,0,0,0,0,0,85,41,41,38,0.0,0.2,0.5365853658536586,0.07894736842105263,0.0,0,0.0,0,0,0,0,0,0,0.0,0.0,
safety_stress_task4_4aa3812_s24184,rule_based_agent_1,1,1.0,3,1.0,1.0,0.0,,,400.0,1.0,1.0,1.0,1.0,0,0,0.25,400.0,0.0,0.0,,1.0,1.0,0.0,0.0,0.0,0.0,True,0.0,0.0,1.0,1.0,0.0,0.0,15.0,15.0,5.0,0.0,0.0,3.0,0,5.0,4.0,0.8,3.75,1.0,0.0025,0.0,46.0,0.0,0.0,0.0,0.0,0.0,0.0,46,0.003806093464726987,0.005610227584838867,0.009414434432983398,0,0,11,0.2391304347826087,10,0.21739130434782608,9,0.1956521739130435,11,0.2391304347826087,0,0.0,5,0.10869565217391304,0,0,0,0,0,,0,,0,0,0,0,0,0,0,0,0,0,46,24,24,21,0.0,0.10869565217391304,0.5416666666666666,0.0,0.0,0,0.0,0,0,0,0,0,0,0.0,0.0,
safety_stress_task4_4aa3812_s24184,rule_based_agent_2,1,2.0,2,2.0,2.0,0.0,,,400.0,2.0,2.0,2.0,2.0,0,0,0.5,200.0,0.0,0.0,,1.0,1.0,0.0,0.0,0.0,0.0,True,0.0,0.0,0.0,0.0,0.0,0.0,41.0,41.0,19.0,0.0,0.0,2.1578947368421053,0,19.0,19.0,1.0,2.1578947368421053,4.0,0.01,1.0,400.0,0.0,0.0,0.0,0.0,0.0,0.0,400,0.005148141980171204,0.007987022399902344,0.011347055435180664,0,0,89,0.2236180904522613,104,0.2613065326633166,84,0.21105527638190955,102,0.2562814070351759,0,0.0,19,0.04773869346733668,0,0,0,0,0,,0,,0,0,0,0,0,0,0,0,0,0,400,30,30,28,0.0,0.1875,0.5666666666666667,0.03571428571428571,0.0,0,0.0,0,0,0,0,0,0,0.0,0.0,
safety_stress_task4_4aa3812_s24185,double_dqn_continuous_v2_agent,1,7.0,1,7.0,7.0,0.0,,,400.0,2.0,2.0,2.0,2.0,0,0,0.5,200.0,0.0,0.0,,1.0,1.0,0.0,0.0,0.0,0.0,True,1.0,1.0,0.0,0.0,0.0,0.0,33.0,33.0,35.0,10.0,0.2857142857142857,0.9428571428571428,0,34.0,34.0,1.0,0.9705882352941176,1.0,0.0025,1.0,400.0,1.0,1.0,0.0,0.0,0.0,0.0,400,0.01754207134246826,0.05606675148010254,0.18396830558776855,0,0,61,0.1525,84,0.21,69,0.1725,84,0.21,67,0.1675,35,0.0875,6,6,6,400,85,0.2125,1,0.0025,30,0,30,0,25417,0,0,4875677,1,0,400,72,72,68,0.1675,0.125,0.8472222222222222,0.10294117647058823,0.0,0,0.0,2,2,0,1,61,3,0.0,0.0,
safety_stress_task4_4aa3812_s24185,rule_based_agent_0,1,2.0,3,2.0,2.0,0.0,,,400.0,2.0,2.0,2.0,2.0,0,0,0.5,200.0,0.0,0.0,,1.0,1.0,0.0,0.0,0.0,0.0,True,0.0,0.0,0.0,0.0,0.0,0.0,29.0,29.0,24.0,0.0,0.0,1.2083333333333333,0,24.0,24.0,1.0,1.2083333333333333,11.0,0.0275,1.0,400.0,0.0,0.0,0.0,0.0,0.0,0.0,400,0.004512422680854797,0.007456064224243164,0.014478683471679688,0,0,97,0.24433249370277077,97,0.24433249370277077,90,0.22670025188916876,81,0.2040302267002519,8,0.020151133501259445,24,0.060453400503778336,2,2,2,0,0,,0,,0,0,0,0,0,0,0,0,0,0,400,76,76,71,0.02,0.165,0.47368421052631576,0.028169014084507043,0.0,0,0.0,0,0,0,0,8,0,0.0,0.0,
safety_stress_task4_4aa3812_s24185,rule_based_agent_1,1,3.0,2,3.0,3.0,0.0,,,400.0,3.0,3.0,3.0,3.0,0,0,0.75,133.33333333333334,0.0,0.0,,1.0,1.0,0.0,0.0,0.0,0.0,True,0.0,0.0,1.0,1.0,0.0,0.0,29.0,29.0,15.0,0.0,0.0,1.9333333333333333,0,15.0,14.0,0.9333333333333333,2.0714285714285716,8.0,0.02,0.0,196.0,0.0,0.0,0.0,0.0,0.0,0.0,196,0.004345689501081195,0.00775146484375,0.010269403457641602,0,0,48,0.24870466321243523,39,0.20207253886010362,48,0.24870466321243523,43,0.22279792746113988,0,0.0,15,0.07772020725388601,0,0,0,0,0,,0,,0,0,0,0,0,0,0,0,0,0,196,88,88,83,0.0,0.19387755102040816,0.5227272727272727,0.0,0.011363636363636364,0,0.0,0,0,0,0,0,0,0.0,0.0,
safety_stress_task4_4aa3812_s24185,rule_based_agent_2,1,2.0,3,2.0,2.0,0.0,,,400.0,2.0,2.0,2.0,2.0,0,0,0.5,200.0,0.0,0.0,,1.0,1.0,0.0,0.0,0.0,0.0,True,0.0,0.0,0.0,0.0,1.0,1.0,32.0,32.0,13.0,0.0,0.0,2.4615384615384617,0,13.0,12.0,0.9230769230769231,2.6666666666666665,7.0,0.0175,0.0,143.0,0.0,0.0,0.0,0.0,0.0,0.0,143,0.004071380708601091,0.006575345993041992,0.007124423980712891,0,0,33,0.23741007194244604,32,0.2302158273381295,39,0.2805755395683453,22,0.15827338129496402,0,0.0,13,0.09352517985611511,0,0,0,0,0,,0,,0,0,0,0,0,0,0,0,0,0,143,72,72,68,0.0,0.14685314685314685,0.5416666666666666,0.014705882352941176,0.0,0,0.0,0,0,0,0,0,0,0.0,0.0,
safety_stress_task4_4aa3812_s24186,double_dqn_continuous_v2_agent,1,2.0,2,2.0,2.0,0.0,,,400.0,2.0,2.0,2.0,2.0,0,0,0.5,200.0,0.0,0.0,,1.0,1.0,0.0,0.0,0.0,0.0,True,0.0,0.0,0.0,0.0,0.0,0.0,32.0,32.0,44.0,26.0,0.5909090909090909,0.7272727272727273,0,43.0,43.0,1.0,0.7441860465116279,0.0,0.0,1.0,400.0,0.0,0.0,0.0,0.0,0.0,0.0,400,0.018305779099464417,0.05061841011047363,0.1510167121887207,0,0,77,0.1925,74,0.185,67,0.1675,60,0.15,78,0.195,44,0.11,2,2,2,400,82,0.205,0,0.0,7,0,7,0,41861,0,0,7470169,0,0,400,33,33,28,0.195,0.0625,0.6666666666666666,0.07142857142857142,0.0,0,0.0,1,1,0,2,74,1,0.0,0.0,
safety_stress_task4_4aa3812_s24186,rule_based_agent_0,1,1.0,3,1.0,1.0,0.0,,,400.0,1.0,1.0,1.0,1.0,0,0,0.25,400.0,0.0,0.0,,1.0,1.0,0.0,0.0,1.0,1.0,True,0.0,0.0,0.0,0.0,0.0,0.0,28.0,28.0,28.0,0.0,0.0,1.0,0,28.0,28.0,1.0,1.0,7.0,0.0175,1.0,400.0,0.0,0.0,0.0,0.0,0.0,0.0,400,0.005164006352424621,0.008116006851196289,0.01758575439453125,0,0,83,0.20906801007556675,104,0.2619647355163728,90,0.22670025188916876,92,0.23173803526448364,0,0.0,28,0.07052896725440806,0,0,0,0,0,,0,,0,0,0,0,0,0,0,0,0,0,400,51,51,49,0.0,0.3125,0.5490196078431373,0.0,0.0,0,0.0,0,0,0,0,0,0,0.0,0.0,
safety_stress_task4_4aa3812_s24186,rule_based_agent_1,1,2.0,2,2.0,2.0,0.0,,,400.0,2.0,2.0,2.0,2.0,0,0,0.5,200.0,0.0,0.0,,1.0,1.0,0.0,0.0,0.0,0.0,True,0.0,0.0,0.0,0.0,1.0,1.0,32.0,32.0,12.0,0.0,0.0,2.6666666666666665,0,12.0,11.0,0.9166666666666666,2.909090909090909,3.0,0.0075,0.0,116.0,0.0,0.0,0.0,0.0,0.0,0.0,116,0.003940043778255068,0.005681514739990234,0.012356996536254883,0,0,16,0.14035087719298245,29,0.2543859649122807,28,0.24561403508771928,29,0.2543859649122807,0,0.0,12,0.10526315789473684,0,0,0,0,0,,0,,0,0,0,0,0,0,0,0,0,0,116,48,48,45,0.0,0.1810344827586207,0.4791666666666667,0.2222222222222222,0.0,0,0.0,0,0,0,0,0,0,0.0,0.0,
safety_stress_task4_4aa3812_s24186,rule_based_agent_2,1,9.0,1,9.0,9.0,0.0,,,400.0,4.0,4.0,4.0,4.0,0,0,1.0,100.0,0.0,0.0,,1.0,1.0,0.0,0.0,1.0,1.0,True,1.0,1.0,0.0,0.0,0.0,0.0,25.0,25.0,29.0,0.0,0.0,0.8620689655172413,0,29.0,29.0,1.0,0.8620689655172413,13.0,0.0325,1.0,400.0,1.0,1.0,0.0,0.0,0.0,0.0,400,0.004895372986793518,0.0072329044342041016,0.023323535919189453,0,0,125,0.31565656565656564,58,0.14646464646464646,121,0.3055555555555556,63,0.1590909090909091,0,0.0,29,0.07323232323232323,0,0,0,0,0,,0,,0,0,0,0,0,0,0,0,0,0,400,67,67,61,0.0,0.43,0.582089552238806,0.04918032786885246,0.0,0,0.0,0,0,0,0,0,0,0.0,0.0,
safety_stress_task4_4aa3812_s24187,double_dqn_continuous_v2_agent,1,9.0,1,9.0,9.0,0.0,,,354.0,4.0,4.0,4.0,4.0,0,0,1.1299435028248588,88.5,0.0,0.0,,0.0,0.0,0.0,0.0,0.0,0.0,True,1.0,1.0,0.0,0.0,0.0,0.0,42.0,42.0,38.0,10.0,0.2631578947368421,1.105263157894737,0,38.0,38.0,1.0,1.105263157894737,1.0,0.002824858757062147,1.0,354.0,1.0,1.0,0.0,0.0,0.0,0.0,354,0.01082605830693649,0.027139663696289062,0.05551028251647949,0,0,76,0.21468926553672316,45,0.1271186440677966,82,0.23163841807909605,59,0.16666666666666666,54,0.15254237288135594,38,0.10734463276836158,2,2,2,354,81,0.2288135593220339,0,0.0,19,0,19,0,13545,0,0,2185801,0,0,354,39,39,34,0.15254237288135594,0.05649717514124294,0.7948717948717948,0.058823529411764705,0.0,0,0.0,4,4,0,6,43,1,0.0,0.0,
safety_stress_task4_4aa3812_s24187,rule_based_agent_0,1,1.0,3,1.0,1.0,0.0,,,354.0,1.0,1.0,1.0,1.0,0,0,0.2824858757062147,354.0,0.0,0.0,,0.0,0.0,0.0,0.0,0.0,0.0,True,0.0,0.0,1.0,1.0,0.0,0.0,27.0,27.0,11.0,0.0,0.0,2.4545454545454546,0,11.0,10.0,0.9090909090909091,2.7,6.0,0.01694915254237288,0.0,113.0,0.0,0.0,0.0,0.0,0.0,0.0,113,0.003996673938447395,0.005808115005493164,0.006684780120849609,0,0,27,0.24545454545454545,25,0.22727272727272727,29,0.2636363636363636,18,0.16363636363636364,0,0.0,11,0.1,0,0,0,0,0,,0,,0,0,0,0,0,0,0,0,0,0,113,29,29,25,0.0,0.17699115044247787,0.4482758620689655,0.08,0.0,0,0.0,0,0,0,0,0,0,0.0,0.0,
safety_stress_task4_4aa3812_s24187,rule_based_agent_1,1,2.0,2,2.0,2.0,0.0,,,354.0,2.0,2.0,2.0,2.0,0,0,0.5649717514124294,177.0,0.0,0.0,,0.0,0.0,0.0,0.0,0.0,0.0,True,0.0,0.0,1.0,1.0,0.0,0.0,19.0,19.0,6.0,0.0,0.0,3.1666666666666665,0,6.0,5.0,0.8333333333333334,3.8,4.0,0.011299435028248588,0.0,57.0,0.0,0.0,0.0,0.0,0.0,0.0,57,0.0035511401661655357,0.00546717643737793,0.006258726119995117,0,0,18,0.33962264150943394,9,0.16981132075471697,9,0.16981132075471697,11,0.20754716981132076,0,0.0,6,0.11320754716981132,0,0,0,0,0,,0,,0,0,0,0,0,0,0,0,0,0,57,29,29,27,0.0,0.12280701754385964,0.6551724137931034,0.037037037037037035,0.0,0,0.0,0,0,0,0,0,0,0.0,0.0,
safety_stress_task4_4aa3812_s24187,rule_based_agent_2,1,2.0,2,2.0,2.0,0.0,,,354.0,2.0,2.0,2.0,2.0,0,0,0.5649717514124294,177.0,0.0,0.0,,0.0,0.0,0.0,0.0,0.0,0.0,True,0.0,0.0,0.0,0.0,1.0,1.0,30.0,30.0,21.0,0.0,0.0,1.4285714285714286,0,21.0,20.0,0.9523809523809523,1.5,3.0,0.00847457627118644,0.0,348.0,0.0,0.0,0.0,0.0,0.0,0.0,348,0.004342651915276188,0.006866455078125,0.008390665054321289,0,0,82,0.23631123919308358,80,0.23054755043227665,75,0.21613832853025935,81,0.2334293948126801,8,0.023054755043227664,21,0.06051873198847262,2,2,2,0,0,,0,,0,0,0,0,0,0,0,0,0,0,348,38,38,32,0.022988505747126436,0.1839080459770115,0.5526315789473685,0.0625,0.0,0,0.0,0,0,0,0,8,0,0.0,0.0,
safety_stress_task4_4aa3812_s24188,double_dqn_continuous_v2_agent,1,2.0,2,2.0,2.0,0.0,,,400.0,2.0,2.0,2.0,2.0,0,0,0.5,200.0,0.0,0.0,,1.0,1.0,0.0,0.0,0.0,0.0,True,0.0,0.0,0.0,0.0,0.0,0.0,36.0,36.0,43.0,25.0,0.5813953488372093,0.8372093023255814,0,43.0,43.0,1.0,0.8372093023255814,0.0,0.0,1.0,400.0,0.0,0.0,0.0,0.0,0.0,0.0,400,0.031690359711647034,0.09278726577758789,0.20174813270568848,0,0,48,0.12,94,0.235,55,0.1375,82,0.205,78,0.195,43,0.1075,2,2,2,400,76,0.19,0,0.0,2,0,2,0,81581,0,0,13919483,0,0,400,15,15,11,0.195,0.06,0.8,0.0,0.26666666666666666,0,0.0,0,0,0,4,72,2,0.0,0.0,
safety_stress_task4_4aa3812_s24188,rule_based_agent_0,1,5.0,1,5.0,5.0,0.0,,,400.0,0.0,0.0,0.0,0.0,1,1,0.0,,0.0,0.0,,1.0,1.0,0.0,0.0,1.0,1.0,True,1.0,1.0,0.0,0.0,0.0,0.0,35.0,35.0,29.0,0.0,0.0,1.206896551724138,0,29.0,29.0,1.0,1.206896551724138,11.0,0.0275,1.0,400.0,0.0,0.0,1.0,1.0,0.0,0.0,400,0.005215175151824951,0.008424758911132812,0.012750864028930664,0,0,67,0.16876574307304787,107,0.2695214105793451,84,0.21158690176322417,110,0.2770780856423174,0,0.0,29,0.07304785894206549,0,0,0,0,0,,0,,0,0,0,0,0,0,0,0,0,0,400,23,23,20,0.0,0.345,0.43478260869565216,0.05,0.0,0,0.0,0,0,0,0,0,0,0.0,0.0,
safety_stress_task4_4aa3812_s24188,rule_based_agent_1,1,2.0,2,2.0,2.0,0.0,,,400.0,2.0,2.0,2.0,2.0,0,0,0.5,200.0,0.0,0.0,,1.0,1.0,0.0,0.0,0.0,0.0,True,0.0,0.0,1.0,1.0,1.0,1.0,23.0,23.0,25.0,0.0,0.0,0.92,0,25.0,24.0,0.96,0.9583333333333334,14.0,0.035,0.0,287.0,0.0,0.0,0.0,0.0,0.0,0.0,287,0.004642372762699991,0.0074367523193359375,0.01293182373046875,0,0,60,0.21428571428571427,69,0.24642857142857144,57,0.20357142857142857,69,0.24642857142857144,0,0.0,25,0.08928571428571429,0,0,0,0,0,,0,,0,0,0,0,0,0,0,0,0,0,287,40,40,35,0.0,0.21254355400696864,0.6,0.08571428571428572,0.45,0,0.0,0,0,0,0,0,0,0.0,0.0,
safety_stress_task4_4aa3812_s24188,rule_based_agent_2,1,5.0,1,5.0,5.0,0.0,,,400.0,5.0,5.0,5.0,5.0,0,0,1.25,80.0,0.0,0.0,,1.0,1.0,0.0,0.0,1.0,1.0,True,0.0,0.0,0.0,0.0,0.0,0.0,31.0,31.0,34.0,0.0,0.0,0.9117647058823529,0,34.0,34.0,1.0,0.9117647058823529,11.0,0.0275,1.0,400.0,0.0,0.0,1.0,1.0,0.0,0.0,400,0.00490820586681366,0.0076406002044677734,0.011043787002563477,0,0,112,0.2828282828282828,73,0.18434343434343434,114,0.2878787878787879,63,0.1590909090909091,0,0.0,34,0.08585858585858586,0,0,0,0,0,,0,,0,0,0,0,0,0,0,0,0,0,400,41,41,34,0.0,0.3075,0.6829268292682927,0.029411764705882353,0.0975609756097561,0,0.0,0,0,0,0,0,0,0.0,0.0,
safety_stress_task4_4aa3812_s24189,double_dqn_continuous_v2_agent,1,0.0,4,0.0,0.0,0.0,,,400.0,0.0,0.0,0.0,0.0,1,1,0.0,,0.0,0.0,,1.0,1.0,1.0,1.0,0.0,0.0,True,0.0,0.0,0.0,0.0,0.0,0.0,38.0,38.0,45.0,17.0,0.37777777777777777,0.8444444444444444,0,44.0,44.0,1.0,0.8636363636363636,4.0,0.01,1.0,400.0,0.0,0.0,0.0,0.0,0.0,0.0,400,0.03624018788337707,0.09674787521362305,0.22859597206115723,0,0,65,0.1625,80,0.2,71,0.1775,71,0.1775,68,0.17,45,0.1125,10,10,10,400,81,0.2025,0,0.0,21,0,21,0,111884,0,0,15856609,0,0,400,41,41,35,0.17,0.0975,0.7317073170731707,0.05714285714285714,0.07317073170731707,0,0.0,1,1,0,4,63,0,0.0,0.0,
safety_stress_task4_4aa3812_s24189,rule_based_agent_0,1,2.0,2,2.0,2.0,0.0,,,400.0,2.0,2.0,2.0,2.0,0,0,0.5,200.0,0.0,0.0,,1.0,1.0,0.0,0.0,0.0,0.0,True,0.0,0.0,0.0,0.0,0.0,0.0,27.0,27.0,24.0,0.0,0.0,1.125,0,24.0,24.0,1.0,1.125,13.0,0.0325,1.0,400.0,0.0,0.0,0.0,0.0,0.0,0.0,400,0.005471463203430176,0.008142471313476562,0.013468742370605469,0,0,96,0.2430379746835443,88,0.22278481012658227,95,0.24050632911392406,92,0.23291139240506328,0,0.0,24,0.060759493670886074,0,0,0,0,0,,0,,0,0,0,0,0,0,0,0,0,0,400,50,50,44,0.0,0.3875,0.66,0.06818181818181818,0.02,0,0.0,0,0,0,0,0,0,0.0,0.0,
safety_stress_task4_4aa3812_s24189,rule_based_agent_1,1,6.0,1,6.0,6.0,0.0,,,400.0,6.0,6.0,6.0,6.0,0,0,1.5,66.66666666666667,0.0,0.0,,1.0,1.0,0.0,0.0,0.0,0.0,True,0.0,0.0,0.0,0.0,0.0,0.0,34.0,34.0,24.0,0.0,0.0,1.4166666666666667,0,23.0,23.0,1.0,1.4782608695652173,5.0,0.0125,1.0,400.0,1.0,1.0,0.0,0.0,0.0,0.0,400,0.004805981516838074,0.007513523101806641,0.011167526245117188,0,0,89,0.22418136020151133,92,0.23173803526448364,92,0.23173803526448364,99,0.24937027707808565,1,0.0025188916876574307,24,0.060453400503778336,1,1,1,0,0,,0,,0,0,0,0,0,0,0,0,0,0,400,48,48,40,0.0025,0.2325,0.7083333333333334,0.025,0.020833333333333332,0,0.0,0,0,0,0,1,0,0.0,0.0,
safety_stress_task4_4aa3812_s24189,rule_based_agent_2,1,1.0,3,1.0,1.0,0.0,,,400.0,1.0,1.0,1.0,1.0,0,0,0.25,400.0,0.0,0.0,,1.0,1.0,0.0,0.0,1.0,1.0,True,0.0,0.0,0.0,0.0,0.0,0.0,31.0,31.0,26.0,0.0,0.0,1.1923076923076923,0,26.0,26.0,1.0,1.1923076923076923,18.0,0.045,1.0,400.0,0.0,0.0,0.0,0.0,0.0,0.0,400,0.005235554575920105,0.007553577423095703,0.009975433349609375,0,0,123,0.3153846153846154,68,0.17435897435897435,120,0.3076923076923077,53,0.1358974358974359,0,0.0,26,0.06666666666666667,0,0,0,0,0,,0,,0,0,0,0,0,0,0,0,0,0,400,42,42,39,0.0,0.4525,0.5952380952380952,0.15384615384615385,0.023809523809523808,0,0.0,0,0,0,0,0,0,0.0,0.0,
safety_stress_task4_4aa3812_s24190,double_dqn_continuous_v2_agent,1,1.0,4,1.0,1.0,0.0,,,400.0,1.0,1.0,1.0,1.0,0,0,0.25,400.0,0.0,0.0,,1.0,1.0,0.0,0.0,0.0,0.0,True,0.0,0.0,0.0,0.0,1.0,1.0,27.0,27.0,13.0,2.0,0.15384615384615385,2.076923076923077,0,13.0,13.0,1.0,2.076923076923077,0.0,0.0,0.0,158.0,0.0,0.0,0.0,0.0,0.0,0.0,158,0.03005207490317429,0.08338308334350586,0.1607065200805664,0,0,28,0.17721518987341772,34,0.21518987341772153,29,0.18354430379746836,36,0.22784810126582278,18,0.11392405063291139,13,0.08227848101265822,3,3,3,158,30,0.189873417721519,2,0.012658227848101266,9,0,9,0,28367,0,0,3663711,2,0,158,30,30,26,0.11392405063291139,0.0759493670886076,0.9,0.11538461538461539,0.0,0,0.0,2,2,1,1,14,0,0.0,0.0,
safety_stress_task4_4aa3812_s24190,rule_based_agent_0,1,12.0,1,12.0,12.0,0.0,,,400.0,2.0,2.0,2.0,2.0,0,0,0.5,200.0,0.0,0.0,,1.0,1.0,0.0,0.0,1.0,1.0,True,2.0,2.0,0.0,0.0,0.0,0.0,34.0,34.0,33.0,0.0,0.0,1.0303030303030303,0,33.0,33.0,1.0,1.0303030303030303,12.0,0.03,1.0,400.0,1.0,1.0,0.0,0.0,0.0,0.0,400,0.005012692809104919,0.007678031921386719,0.01149749755859375,0,0,108,0.27341772151898736,75,0.189873417721519,103,0.2607594936708861,76,0.19240506329113924,0,0.0,33,0.08354430379746836,0,0,0,0,0,,0,,0,0,0,0,0,0,0,0,0,0,400,41,41,36,0.0,0.27,0.5609756097560976,0.08333333333333333,0.0,0,0.0,0,0,0,0,0,0,0.0,0.0,
safety_stress_task4_4aa3812_s24190,rule_based_agent_1,1,4.0,2,4.0,4.0,0.0,,,400.0,4.0,4.0,4.0,4.0,0,0,1.0,100.0,0.0,0.0,,1.0,1.0,0.0,0.0,0.0,0.0,True,0.0,0.0,0.0,0.0,0.0,0.0,23.0,23.0,29.0,0.0,0.0,0.7931034482758621,0,29.0,29.0,1.0,0.7931034482758621,9.0,0.0225,1.0,400.0,0.0,0.0,0.0,0.0,0.0,0.0,400,0.004796496033668518,0.007269859313964844,0.011096954345703125,0,0,98,0.24623115577889448,96,0.24120603015075376,92,0.23115577889447236,83,0.20854271356783918,0,0.0,29,0.0728643216080402,0,0,0,0,0,,0,,0,0,0,0,0,0,0,0,0,0,400,53,53,46,0.0,0.2475,0.7169811320754716,0.021739130434782608,0.0,0,0.0,0,0,0,0,0,0,0.0,0.0,
safety_stress_task4_4aa3812_s24190,rule_based_agent_2,1,2.0,3,2.0,2.0,0.0,,,400.0,2.0,2.0,2.0,2.0,0,0,0.5,200.0,0.0,0.0,,1.0,1.0,0.0,0.0,0.0,0.0,True,0.0,0.0,0.0,0.0,1.0,1.0,33.0,33.0,14.0,0.0,0.0,2.357142857142857,0,14.0,13.0,0.9285714285714286,2.5384615384615383,4.0,0.01,0.0,177.0,0.0,0.0,0.0,0.0,0.0,0.0,177,0.004336353075706353,0.006621122360229492,0.009159326553344727,0,0,38,0.21839080459770116,45,0.25862068965517243,40,0.22988505747126436,37,0.21264367816091953,0,0.0,14,0.08045977011494253,0,0,0,0,0,,0,,0,0,0,0,0,0,0,0,0,0,177,28,28,25,0.0,0.1694915254237288,0.6071428571428571,0.0,0.0,0,0.0,0,0,0,0,0,0,0.0,0.0,
safety_stress_task4_4aa3812_s24191,double_dqn_continuous_v2_agent,1,2.0,2,2.0,2.0,0.0,,,311.0,2.0,2.0,2.0,2.0,0,0,0.6430868167202572,155.5,0.0,0.0,,0.0,0.0,0.0,0.0,0.0,0.0,True,0.0,0.0,0.0,0.0,1.0,1.0,15.0,15.0,6.0,1.0,0.16666666666666666,2.5,0,6.0,6.0,1.0,2.5,0.0,0.0,0.0,61.0,0.0,0.0,0.0,0.0,0.0,0.0,61,0.014701299980038503,0.029248714447021484,0.039114952087402344,0,0,8,0.13114754098360656,7,0.11475409836065574,13,0.21311475409836064,13,0.21311475409836064,14,0.22950819672131148,6,0.09836065573770492,4,4,4,61,14,0.22950819672131148,4,0.06557377049180328,0,0,0,0,4704,0,0,457409,4,0,61,19,19,17,0.22950819672131148,0.01639344262295082,0.7368421052631579,0.058823529411764705,0.0,0,0.0,0,0,1,2,9,2,0.0,0.0,
safety_stress_task4_4aa3812_s24191,rule_based_agent_0,1,2.0,2,2.0,2.0,0.0,,,311.0,2.0,2.0,2.0,2.0,0,0,0.6430868167202572,155.5,0.0,0.0,,0.0,0.0,0.0,0.0,0.0,0.0,True,0.0,0.0,1.0,1.0,0.0,0.0,47.0,47.0,22.0,0.0,0.0,2.1363636363636362,0,22.0,21.0,0.9545454545454546,2.238095238095238,9.0,0.028938906752411574,0.0,250.0,0.0,0.0,0.0,0.0,0.0,0.0,250,0.0049218997955322264,0.007969141006469727,0.021309375762939453,0,0,64,0.2601626016260163,54,0.21951219512195122,53,0.21544715447154472,53,0.21544715447154472,0,0.0,22,0.08943089430894309,0,0,0,0,0,,0,,0,0,0,0,0,0,0,0,0,0,250,231,231,229,0.0,0.152,0.48917748917748916,0.03056768558951965,0.17316017316017315,0,0.0,0,0,0,0,0,0,0.0,0.0,
safety_stress_task4_4aa3812_s24191,rule_based_agent_1,1,5.0,1,5.0,5.0,0.0,,,311.0,0.0,0.0,0.0,0.0,1,1,0.0,,0.0,0.0,,0.0,0.0,0.0,0.0,0.0,0.0,True,1.0,1.0,1.0,1.0,0.0,0.0,24.0,24.0,7.0,0.0,0.0,3.4285714285714284,0,7.0,6.0,0.8571428571428571,4.0,4.0,0.012861736334405145,0.0,61.0,0.0,0.0,1.0,1.0,0.0,0.0,61,0.003993780886540647,0.007487773895263672,0.009039640426635742,0,0,10,0.17543859649122806,17,0.2982456140350877,14,0.24561403508771928,9,0.15789473684210525,0,0.0,7,0.12280701754385964,0,0,0,0,0,,0,,0,0,0,0,0,0,0,0,0,0,61,27,27,26,0.0,0.08196721311475409,0.3333333333333333,0.15384615384615385,0.0,0,0.0,0,0,0,0,0,0,0.0,0.0,
safety_stress_task4_4aa3812_s24191,rule_based_agent_2,1,5.0,1,5.0,5.0,0.0,,,311.0,5.0,5.0,5.0,5.0,0,0,1.607717041800643,62.2,0.0,0.0,,0.0,0.0,0.0,0.0,0.0,0.0,True,0.0,0.0,0.0,0.0,0.0,0.0,47.0,47.0,28.0,0.0,0.0,1.6785714285714286,0,28.0,28.0,1.0,1.6785714285714286,3.0,0.00964630225080386,1.0,311.0,0.0,0.0,1.0,1.0,0.0,0.0,311,0.004938182340174242,0.0075168609619140625,0.011504173278808594,0,0,70,0.22508038585209003,68,0.21864951768488747,68,0.21864951768488747,73,0.2347266881028939,4,0.012861736334405145,28,0.09003215434083602,4,4,4,0,0,,0,,0,0,0,0,0,0,0,0,0,0,311,219,219,212,0.012861736334405145,0.10610932475884244,0.5981735159817352,0.014150943396226415,0.1598173515981735,0,0.0,0,0,0,0,4,0,0.0,0.0,
safety_stress_task4_4aa3812_s24192,double_dqn_continuous_v2_agent,1,6.0,1,6.0,6.0,0.0,,,400.0,6.0,6.0,6.0,6.0,0,0,1.5,66.66666666666667,0.0,0.0,,1.0,1.0,0.0,0.0,0.0,0.0,True,0.0,0.0,0.0,0.0,0.0,0.0,39.0,39.0,49.0,32.0,0.6530612244897959,0.7959183673469388,0,48.0,48.0,1.0,0.8125,1.0,0.0025,1.0,400.0,1.0,1.0,0.0,0.0,0.0,0.0,400,0.013027832508087159,0.03794527053833008,0.11787199974060059,0,0,85,0.2125,73,0.1825,85,0.2125,72,0.18,36,0.09,49,0.1225,2,2,2,400,68,0.17,0,0.0,4,0,4,0,26475,0,0,3503701,0,0,400,62,62,55,0.09,0.075,0.6451612903225806,0.03636363636363636,0.016129032258064516,0,0.0,4,4,0,7,22,3,0.0,0.0,
safety_stress_task4_4aa3812_s24192,rule_based_agent_0,1,2.0,3,2.0,2.0,0.0,,,400.0,2.0,2.0,2.0,2.0,0,0,0.5,200.0,0.0,0.0,,1.0,1.0,0.0,0.0,0.0,0.0,True,0.0,0.0,0.0,0.0,1.0,1.0,24.0,24.0,9.0,0.0,0.0,2.6666666666666665,0,9.0,9.0,1.0,2.6666666666666665,2.0,0.005,0.0,87.0,0.0,0.0,0.0,0.0,0.0,0.0,87,0.004134446725078012,0.0059070587158203125,0.008277654647827148,0,0,19,0.2235294117647059,25,0.29411764705882354,15,0.17647058823529413,17,0.2,0,0.0,9,0.10588235294117647,0,0,0,0,0,,0,,0,0,0,0,0,0,0,0,0,0,87,45,45,41,0.0,0.16091954022988506,0.6444444444444445,0.07317073170731707,0.0,0,0.0,0,0,0,0,0,0,0.0,0.0,
safety_stress_task4_4aa3812_s24192,rule_based_agent_1,1,5.0,2,5.0,5.0,0.0,,,400.0,0.0,0.0,0.0,0.0,1,1,0.0,,0.0,0.0,,1.0,1.0,0.0,0.0,0.0,0.0,True,1.0,1.0,1.0,1.0,0.0,0.0,16.0,16.0,18.0,0.0,0.0,0.8888888888888888,0,18.0,17.0,0.9444444444444444,0.9411764705882353,9.0,0.0225,0.0,245.0,0.0,0.0,0.0,0.0,0.0,0.0,245,0.005085062494083327,0.00813603401184082,0.011284589767456055,0,0,54,0.225,61,0.25416666666666665,56,0.23333333333333334,50,0.20833333333333334,1,0.004166666666666667,18,0.075,1,1,1,0,0,,0,,0,0,0,0,0,0,0,0,0,0,245,28,28,25,0.004081632653061225,0.20408163265306123,0.75,0.12,0.0,0,0.0,0,0,0,0,1,0,0.0,0.0,
safety_stress_task4_4aa3812_s24192,rule_based_agent_2,1,1.0,4,1.0,1.0,0.0,,,400.0,1.0,1.0,1.0,1.0,0,0,0.25,400.0,0.0,0.0,,1.0,1.0,0.0,0.0,0.0,0.0,True,0.0,0.0,1.0,1.0,0.0,0.0,39.0,39.0,19.0,0.0,0.0,2.0526315789473686,0,19.0,18.0,0.9473684210526315,2.1666666666666665,7.0,0.0175,0.0,207.0,0.0,0.0,0.0,0.0,0.0,0.0,207,0.004574099600603039,0.007496833801269531,0.014876365661621094,0,0,40,0.19704433497536947,44,0.21674876847290642,49,0.2413793103448276,51,0.2512315270935961,0,0.0,19,0.09359605911330049,0,0,0,0,0,,0,,0,0,0,0,0,0,0,0,0,0,207,54,54,51,0.0,0.14492753623188406,0.5,0.0196078431372549,0.0,0,0.0,0,0,0,0,0,0,0.0,0.0,
safety_stress_task4_4aa3812_s24193,double_dqn_continuous_v2_agent,1,3.0,2,3.0,3.0,0.0,,,240.0,3.0,3.0,3.0,3.0,0,0,1.25,80.0,0.0,0.0,,0.0,0.0,0.0,0.0,0.0,0.0,True,0.0,0.0,0.0,0.0,1.0,1.0,18.0,18.0,6.0,1.0,0.16666666666666666,3.0,0,6.0,6.0,1.0,3.0,0.0,0.0,0.0,92.0,0.0,0.0,0.0,0.0,0.0,0.0,92,0.029538869857788086,0.07697105407714844,0.14206218719482422,0,0,14,0.15217391304347827,19,0.20652173913043478,12,0.13043478260869565,25,0.2717391304347826,16,0.17391304347826086,6,0.06521739130434782,7,7,7,92,16,0.17391304347826086,4,0.043478260869565216,3,0,3,0,7989,0,0,1401286,4,0,92,48,48,42,0.17391304347826086,0.15217391304347827,0.625,0.0,0.0,0,0.0,2,2,1,1,10,2,0.0,0.0,
safety_stress_task4_4aa3812_s24193,rule_based_agent_0,1,0.0,3,0.0,0.0,0.0,,,240.0,0.0,0.0,0.0,0.0,1,1,0.0,,0.0,0.0,,0.0,0.0,0.0,0.0,0.0,0.0,True,0.0,0.0,0.0,0.0,0.0,0.0,65.0,65.0,24.0,0.0,0.0,2.7083333333333335,0,24.0,24.0,1.0,2.7083333333333335,2.0,0.008333333333333333,1.0,240.0,0.0,0.0,0.0,0.0,0.0,0.0,240,0.005695921182632446,0.008506536483764648,0.015713930130004883,0,0,51,0.21428571428571427,56,0.23529411764705882,55,0.23109243697478993,48,0.20168067226890757,4,0.01680672268907563,24,0.10084033613445378,4,4,4,0,0,,0,,0,0,0,0,0,0,0,0,0,0,240,26,26,25,0.016666666666666666,0.08333333333333333,0.38461538461538464,0.08,0.0,0,0.0,0,0,0,0,4,0,0.0,0.0,
safety_stress_task4_4aa3812_s24193,rule_based_agent_1,1,13.0,1,13.0,13.0,0.0,,,240.0,3.0,3.0,3.0,3.0,0,0,1.25,80.0,0.0,0.0,,0.0,0.0,0.0,0.0,0.0,0.0,True,2.0,2.0,1.0,1.0,0.0,0.0,23.0,23.0,10.0,0.0,0.0,2.3,0,10.0,9.0,0.9,2.5555555555555554,3.0,0.0125,0.0,124.0,1.0,1.0,0.0,0.0,0.0,0.0,124,0.004726208025409329,0.008379936218261719,0.010611534118652344,0,0,34,0.2786885245901639,31,0.2540983606557377,26,0.21311475409836064,21,0.1721311475409836,0,0.0,10,0.08196721311475409,0,0,0,0,0,,0,,0,0,0,0,0,0,0,0,0,0,124,55,55,51,0.0,0.1532258064516129,0.5454545454545454,0.13725490196078433,0.01818181818181818,0,0.0,0,0,0,0,0,0,0.0,0.0,
safety_stress_task4_4aa3812_s24193,rule_based_agent_2,1,3.0,2,3.0,3.0,0.0,,,240.0,3.0,3.0,3.0,3.0,0,0,1.25,80.0,0.0,0.0,,0.0,0.0,0.0,0.0,0.0,0.0,True,0.0,0.0,1.0,1.0,1.0,1.0,31.0,31.0,9.0,0.0,0.0,3.4444444444444446,0,9.0,8.0,0.8888888888888888,3.875,1.0,0.004166666666666667,0.0,112.0,0.0,0.0,0.0,0.0,0.0,0.0,112,0.004572742751666478,0.007242679595947266,0.009513616561889648,0,0,23,0.2072072072072072,23,0.2072072072072072,29,0.26126126126126126,27,0.24324324324324326,0,0.0,9,0.08108108108108109,0,0,0,0,0,,0,,0,0,0,0,0,0,0,0,0,0,112,42,42,39,0.0,0.125,0.6904761904761905,0.07692307692307693,0.0,0,0.0,0,0,0,0,0,0,0.0,0.0,
safety_stress_task4_4aa3812_s24194,double_dqn_continuous_v2_agent,1,4.0,2,4.0,4.0,0.0,,,400.0,4.0,4.0,4.0,4.0,0,0,1.0,100.0,0.0,0.0,,1.0,1.0,0.0,0.0,1.0,1.0,True,0.0,0.0,0.0,0.0,0.0,0.0,31.0,31.0,40.0,27.0,0.675,0.775,0,40.0,40.0,1.0,0.775,0.0,0.0,1.0,400.0,0.0,0.0,0.0,0.0,0.0,0.0,400,0.02277535796165466,0.07367801666259766,0.18168878555297852,0,0,63,0.1575,83,0.2075,65,0.1625,89,0.2225,60,0.15,40,0.1,2,2,2,400,65,0.1625,0,0.0,3,0,3,0,44031,0,0,8464483,0,0,400,48,48,41,0.15,0.1225,0.8541666666666666,0.0,0.0,0,0.0,1,1,0,4,52,3,0.0,0.0,
safety_stress_task4_4aa3812_s24194,rule_based_agent_0,1,8.0,1,8.0,8.0,0.0,,,400.0,3.0,3.0,3.0,3.0,0,0,0.75,133.33333333333334,0.0,0.0,,1.0,1.0,0.0,0.0,1.0,1.0,True,1.0,1.0,0.0,0.0,0.0,0.0,35.0,35.0,25.0,0.0,0.0,1.4,0,25.0,25.0,1.0,1.4,9.0,0.0225,1.0,400.0,1.0,1.0,0.0,0.0,0.0,0.0,400,0.006047166585922241,0.009083271026611328,0.013547182083129883,0,0,55,0.13819095477386933,133,0.3341708542713568,67,0.16834170854271358,118,0.2964824120603015,0,0.0,25,0.06281407035175879,0,0,0,0,0,,0,,0,0,0,0,0,0,0,0,0,0,400,63,63,56,0.0,0.4775,0.5396825396825397,0.017857142857142856,0.031746031746031744,0,0.0,0,0,0,0,0,0,0.0,0.0,
safety_stress_task4_4aa3812_s24194,rule_based_agent_1,1,0.0,4,0.0,0.0,0.0,,,400.0,0.0,0.0,0.0,0.0,1,1,0.0,,0.0,0.0,,1.0,1.0,0.0,0.0,0.0,0.0,True,0.0,0.0,1.0,1.0,1.0,1.0,36.0,36.0,16.0,0.0,0.0,2.25,0,16.0,15.0,0.9375,2.4,5.0,0.0125,0.0,151.0,0.0,0.0,0.0,0.0,0.0,0.0,151,0.005031325169746449,0.008151531219482422,0.01206827163696289,0,0,36,0.24489795918367346,37,0.25170068027210885,35,0.23809523809523808,23,0.1564625850340136,0,0.0,16,0.10884353741496598,0,0,0,0,0,,0,,0,0,0,0,0,0,0,0,0,0,151,36,36,31,0.0,0.16556291390728478,0.6111111111111112,0.06451612903225806,0.0,0,0.0,0,0,0,0,0,0,0.0,0.0,
safety_stress_task4_4aa3812_s24194,rule_based_agent_2,1,2.0,3,2.0,2.0,0.0,,,400.0,2.0,2.0,2.0,2.0,0,0,0.5,200.0,0.0,0.0,,1.0,1.0,0.0,0.0,1.0,1.0,True,0.0,0.0,0.0,0.0,0.0,0.0,25.0,25.0,21.0,0.0,0.0,1.1904761904761905,0,21.0,21.0,1.0,1.1904761904761905,12.0,0.03,1.0,400.0,0.0,0.0,0.0,0.0,0.0,0.0,400,0.005669054388999939,0.008392095565795898,0.015221834182739258,0,0,130,0.33078880407124683,57,0.1450381679389313,125,0.31806615776081426,60,0.15267175572519084,0,0.0,21,0.05343511450381679,0,0,0,0,0,,0,,0,0,0,0,0,0,0,0,0,0,400,45,45,40,0.0,0.4225,0.5111111111111111,0.025,0.0,0,0.0,0,0,0,0,0,0,0.0,0.0,
safety_stress_task4_4aa3812_s24195,double_dqn_continuous_v2_agent,1,4.0,2,4.0,4.0,0.0,,,400.0,4.0,4.0,4.0,4.0,0,0,1.0,100.0,0.0,0.0,,1.0,1.0,0.0,0.0,0.0,0.0,True,0.0,0.0,0.0,0.0,0.0,0.0,38.0,38.0,35.0,7.0,0.2,1.0857142857142856,0,35.0,35.0,1.0,1.0857142857142856,1.0,0.0025,1.0,400.0,0.0,0.0,0.0,0.0,0.0,0.0,400,0.01792676031589508,0.044101715087890625,0.22237658500671387,0,0,67,0.1675,87,0.2175,54,0.135,87,0.2175,70,0.175,35,0.0875,4,4,4,400,74,0.185,0,0.0,24,0,24,0,31567,0,0,5263314,0,0,400,50,50,42,0.175,0.1025,0.82,0.07142857142857142,0.02,0,0.0,2,2,0,2,63,3,0.0,0.0,
safety_stress_task4_4aa3812_s24195,rule_based_agent_0,1,8.0,1,8.0,8.0,0.0,,,400.0,3.0,3.0,3.0,3.0,0,0,0.75,133.33333333333334,0.0,0.0,,1.0,1.0,0.0,0.0,0.0,0.0,True,1.0,1.0,0.0,0.0,0.0,0.0,31.0,31.0,31.0,0.0,0.0,1.0,0,30.0,30.0,1.0,1.0333333333333334,8.0,0.02,1.0,400.0,1.0,1.0,0.0,0.0,0.0,0.0,400,0.005092363953590393,0.007870197296142578,0.017231225967407227,0,0,94,0.2367758186397985,86,0.21662468513853905,95,0.23929471032745592,88,0.2216624685138539,3,0.007556675062972292,31,0.07808564231738035,2,2,2,0,0,,0,,0,0,0,0,0,0,0,0,0,0,400,80,80,74,0.0075,0.2175,0.525,0.02702702702702703,0.0,0,0.0,0,0,0,0,3,0,0.0,0.0,
safety_stress_task4_4aa3812_s24195,rule_based_agent_1,1,0.0,4,0.0,0.0,0.0,,,400.0,0.0,0.0,0.0,0.0,1,1,0.0,,0.0,0.0,,1.0,1.0,0.0,0.0,0.0,0.0,True,0.0,0.0,0.0,0.0,1.0,1.0,17.0,17.0,9.0,0.0,0.0,1.8888888888888888,0,9.0,9.0,1.0,1.8888888888888888,6.0,0.015,0.0,106.0,0.0,0.0,0.0,0.0,0.0,0.0,106,0.004621359537232597,0.0066187381744384766,0.009597301483154297,0,0,24,0.23076923076923078,22,0.21153846153846154,35,0.33653846153846156,14,0.1346153846153846,0,0.0,9,0.08653846153846154,0,0,0,0,0,,0,,0,0,0,0,0,0,0,0,0,0,106,20,20,17,0.0,0.18867924528301888,0.55,0.11764705882352941,0.0,0,0.0,0,0,0,0,0,0,0.0,0.0,
safety_stress_task4_4aa3812_s24195,rule_based_agent_2,1,2.0,3,2.0,2.0,0.0,,,400.0,2.0,2.0,2.0,2.0,0,0,0.5,200.0,0.0,0.0,,1.0,1.0,0.0,0.0,0.0,0.0,True,0.0,0.0,1.0,1.0,0.0,0.0,33.0,33.0,28.0,0.0,0.0,1.1785714285714286,0,28.0,27.0,0.9642857142857143,1.2222222222222223,13.0,0.0325,0.0,330.0,0.0,0.0,0.0,0.0,0.0,0.0,330,0.004743643240495162,0.007194995880126953,0.011605978012084961,0,0,88,0.2732919254658385,72,0.2236024844720497,76,0.2360248447204969,58,0.18012422360248448,0,0.0,28,0.08695652173913043,0,0,0,0,0,,0,,0,0,0,0,0,0,0,0,0,0,330,43,43,36,0.0,0.20303030303030303,0.5581395348837209,0.0,0.0,0,0.0,0,0,0,0,0,0,0.0,0.0,
safety_stress_task4_4aa3812_s24196,double_dqn_continuous_v2_agent,1,3.0,1,3.0,3.0,0.0,,,400.0,3.0,3.0,3.0,3.0,0,0,0.75,133.33333333333334,0.0,0.0,,1.0,1.0,0.0,0.0,1.0,1.0,True,0.0,0.0,0.0,0.0,0.0,0.0,30.0,30.0,43.0,29.0,0.6744186046511628,0.6976744186046512,0,42.0,42.0,1.0,0.7142857142857143,1.0,0.0025,1.0,400.0,0.0,0.0,1.0,1.0,0.0,0.0,400,0.016576529741287233,0.041841983795166016,0.107818603515625,0,0,64,0.16,88,0.22,53,0.1325,87,0.2175,65,0.1625,43,0.1075,2,2,2,400,77,0.1925,0,0.0,3,0,3,0,33205,0,0,5766251,0,0,400,65,65,59,0.1625,0.105,0.7846153846153846,0.05084745762711865,0.0,0,0.0,0,0,0,9,55,1,0.0,0.0,
safety_stress_task4_4aa3812_s24196,rule_based_agent_0,1,2.0,2,2.0,2.0,0.0,,,400.0,2.0,2.0,2.0,2.0,0,0,0.5,200.0,0.0,0.0,,1.0,1.0,0.0,0.0,1.0,1.0,True,0.0,0.0,0.0,0.0,0.0,0.0,41.0,41.0,22.0,0.0,0.0,1.8636363636363635,0,22.0,22.0,1.0,1.8636363636363635,7.0,0.0175,1.0,400.0,0.0,0.0,0.0,0.0,0.0,0.0,400,0.006056128144264221,0.008721590042114258,0.014147520065307617,0,0,43,0.10831234256926953,144,0.36272040302267,58,0.14609571788413098,130,0.327455919395466,0,0.0,22,0.055415617128463476,0,0,0,0,0,,0,,0,0,0,0,0,0,0,0,0,0,400,87,87,80,0.0,0.535,0.4942528735632184,0.025,0.0,0,0.0,0,0,0,0,0,0,0.0,0.0,
safety_stress_task4_4aa3812_s24196,rule_based_agent_1,1,1.0,3,1.0,1.0,0.0,,,400.0,1.0,1.0,1.0,1.0,0,0,0.25,400.0,0.0,0.0,,1.0,1.0,0.0,0.0,0.0,0.0,True,0.0,0.0,1.0,1.0,0.0,0.0,25.0,25.0,11.0,0.0,0.0,2.272727272727273,0,11.0,10.0,0.9090909090909091,2.5,4.0,0.01,0.0,100.0,0.0,0.0,0.0,0.0,0.0,0.0,100,0.004735438823699951,0.007545948028564453,0.009502887725830078,0,0,16,0.16326530612244897,21,0.21428571428571427,25,0.25510204081632654,25,0.25510204081632654,0,0.0,11,0.11224489795918367,0,0,0,0,0,,0,,0,0,0,0,0,0,0,0,0,0,100,31,31,28,0.0,0.14,0.6129032258064516,0.0,0.0,0,0.0,0,0,0,0,0,0,0.0,0.0,
safety_stress_task4_4aa3812_s24196,rule_based_agent_2,1,3.0,1,3.0,3.0,0.0,,,400.0,3.0,3.0,3.0,3.0,0,0,0.75,133.33333333333334,0.0,0.0,,1.0,1.0,0.0,0.0,1.0,1.0,True,0.0,0.0,0.0,0.0,0.0,0.0,24.0,24.0,22.0,0.0,0.0,1.0909090909090908,0,22.0,22.0,1.0,1.0909090909090908,12.0,0.03,1.0,400.0,0.0,0.0,1.0,1.0,0.0,0.0,400,0.005874983668327331,0.008874654769897461,0.0221254825592041,0,0,86,0.21882951653944022,104,0.26463104325699743,87,0.22137404580152673,94,0.23918575063613232,0,0.0,22,0.05597964376590331,0,0,0,0,0,,0,,0,0,0,0,0,0,0,0,0,0,400,80,80,73,0.0,0.435,0.5875,0.0273972602739726,0.0,0,0.0,0,0,0,0,0,0,0.0,0.0,
safety_stress_task4_4aa3812_s24197,double_dqn_continuous_v2_agent,1,8.0,1,8.0,8.0,0.0,,,400.0,3.0,3.0,3.0,3.0,0,0,0.75,133.33333333333334,0.0,0.0,,1.0,1.0,0.0,0.0,0.0,0.0,True,1.0,1.0,0.0,0.0,0.0,0.0,51.0,51.0,46.0,10.0,0.21739130434782608,1.108695652173913,0,45.0,45.0,1.0,1.1333333333333333,3.0,0.0075,1.0,400.0,1.0,1.0,0.0,0.0,0.0,0.0,400,0.017858124375343322,0.06170153617858887,0.12412023544311523,0,0,70,0.175,83,0.2075,67,0.1675,70,0.175,64,0.16,46,0.115,3,3,3,400,70,0.175,0,0.0,17,0,17,0,38616,0,0,5822513,0,0,400,29,29,25,0.16,0.0775,0.7586206896551724,0.0,0.0,0,0.0,1,1,0,2,60,1,0.0,0.0,
safety_stress_task4_4aa3812_s24197,rule_based_agent_0,1,3.0,2,3.0,3.0,0.0,,,400.0,3.0,3.0,3.0,3.0,0,0,0.75,133.33333333333334,0.0,0.0,,1.0,1.0,0.0,0.0,0.0,0.0,True,0.0,0.0,1.0,1.0,0.0,0.0,24.0,24.0,14.0,0.0,0.0,1.7142857142857142,0,14.0,13.0,0.9285714285714286,1.8461538461538463,9.0,0.0225,0.0,144.0,0.0,0.0,0.0,0.0,0.0,0.0,144,0.00522492163711124,0.007834434509277344,0.011971235275268555,0,0,38,0.2714285714285714,26,0.18571428571428572,31,0.22142857142857142,31,0.22142857142857142,0,0.0,14,0.1,0,0,0,0,0,,0,,0,0,0,0,0,0,0,0,0,0,144,77,77,69,0.0,0.20833333333333334,0.5714285714285714,0.043478260869565216,0.0,0,0.0,0,0,0,0,0,0,0.0,0.0,
safety_stress_task4_4aa3812_s24197,rule_based_agent_1,1,1.0,4,1.0,1.0,0.0,,,400.0,1.0,1.0,1.0,1.0,0,0,0.25,400.0,0.0,0.0,,1.0,1.0,0.0,0.0,0.0,0.0,True,0.0,0.0,0.0,0.0,0.0,0.0,32.0,32.0,30.0,0.0,0.0,1.0666666666666667,0,29.0,29.0,1.0,1.103448275862069,7.0,0.0175,1.0,400.0,0.0,0.0,0.0,0.0,0.0,0.0,400,0.004825564622879028,0.0077860355377197266,0.0184173583984375,0,0,91,0.22921914357682618,82,0.20654911838790932,103,0.2594458438287154,81,0.2040302267002519,10,0.02518891687657431,30,0.07556675062972293,3,3,3,0,0,,0,,0,0,0,0,0,0,0,0,0,0,400,86,86,79,0.025,0.195,0.45348837209302323,0.0759493670886076,0.0,0,0.0,0,0,0,0,10,0,0.0,0.0,
safety_stress_task4_4aa3812_s24197,rule_based_agent_2,1,2.0,3,2.0,2.0,0.0,,,400.0,2.0,2.0,2.0,2.0,0,0,0.5,200.0,0.0,0.0,,1.0,1.0,0.0,0.0,0.0,0.0,True,0.0,0.0,1.0,1.0,1.0,1.0,10.0,10.0,21.0,0.0,0.0,0.47619047619047616,0,21.0,20.0,0.9523809523809523,0.5,7.0,0.0175,0.0,223.0,0.0,0.0,0.0,0.0,0.0,0.0,223,0.004827644792907441,0.008017539978027344,0.009863138198852539,0,0,47,0.21363636363636362,55,0.25,55,0.25,42,0.19090909090909092,0,0.0,21,0.09545454545454546,0,0,0,0,0,,0,,0,0,0,0,0,0,0,0,0,0,223,70,70,65,0.0,0.17937219730941703,0.6142857142857143,0.06153846153846154,0.0,0,0.0,0,0,0,0,0,0,0.0,0.0,
safety_stress_task4_4aa3812_s24198,double_dqn_continuous_v2_agent,1,7.0,1,7.0,7.0,0.0,,,400.0,2.0,2.0,2.0,2.0,0,0,0.5,200.0,0.0,0.0,,1.0,1.0,0.0,0.0,1.0,1.0,True,1.0,1.0,0.0,0.0,0.0,0.0,23.0,23.0,42.0,11.0,0.2619047619047619,0.5476190476190477,0,41.0,41.0,1.0,0.5609756097560976,2.0,0.005,1.0,400.0,1.0,1.0,0.0,0.0,0.0,0.0,400,0.016641390323638917,0.04711270332336426,0.22387933731079102,0,0,53,0.1325,82,0.205,65,0.1625,90,0.225,68,0.17,42,0.105,2,2,2,400,71,0.1775,0,0.0,18,0,18,0,25539,0,0,4776694,0,0,400,42,42,36,0.17,0.105,0.7142857142857143,0.05555555555555555,0.0,0,0.0,5,5,0,3,58,2,0.0,0.0,
safety_stress_task4_4aa3812_s24198,rule_based_agent_0,1,3.0,2,3.0,3.0,0.0,,,400.0,3.0,3.0,3.0,3.0,0,0,0.75,133.33333333333334,0.0,0.0,,1.0,1.0,0.0,0.0,0.0,0.0,True,0.0,0.0,0.0,0.0,0.0,0.0,34.0,34.0,27.0,0.0,0.0,1.2592592592592593,0,26.0,26.0,1.0,1.3076923076923077,6.0,0.015,1.0,400.0,0.0,0.0,0.0,0.0,0.0,0.0,400,0.005361039042472839,0.008452653884887695,0.012032508850097656,0,0,88,0.22055137844611528,91,0.22807017543859648,86,0.21553884711779447,95,0.23809523809523808,12,0.03007518796992481,27,0.06766917293233082,3,3,3,0,0,,0,,0,0,0,0,0,0,0,0,0,0,400,27,27,22,0.03,0.1975,0.8148148148148148,0.09090909090909091,0.0,0,0.0,0,0,0,0,12,0,0.0,0.0,
safety_stress_task4_4aa3812_s24198,rule_based_agent_1,1,1.0,3,1.0,1.0,0.0,,,400.0,1.0,1.0,1.0,1.0,0,0,0.25,400.0,0.0,0.0,,1.0,1.0,0.0,0.0,0.0,0.0,True,0.0,0.0,1.0,1.0,0.0,0.0,28.0,28.0,10.0,0.0,0.0,2.8,0,10.0,9.0,0.9,3.111111111111111,5.0,0.0125,0.0,104.0,0.0,0.0,0.0,0.0,0.0,0.0,104,0.004447680253248949,0.006396293640136719,0.015067338943481445,0,0,20,0.2,28,0.28,18,0.18,24,0.24,0,0.0,10,0.1,0,0,0,0,0,,0,,0,0,0,0,0,0,0,0,0,0,104,24,24,20,0.0,0.125,0.7916666666666666,0.15,0.0,0,0.0,0,0,0,0,0,0,0.0,0.0,
safety_stress_task4_4aa3812_s24198,rule_based_agent_2,1,3.0,2,3.0,3.0,0.0,,,400.0,3.0,3.0,3.0,3.0,0,0,0.75,133.33333333333334,0.0,0.0,,1.0,1.0,0.0,0.0,0.0,0.0,True,0.0,0.0,1.0,1.0,1.0,1.0,37.0,37.0,24.0,0.0,0.0,1.5416666666666667,0,24.0,23.0,0.9583333333333334,1.608695652173913,15.0,0.0375,0.0,242.0,0.0,0.0,0.0,0.0,0.0,0.0,242,0.005115748436982967,0.008070230484008789,0.01781320571899414,0,0,47,0.2017167381974249,56,0.24034334763948498,59,0.2532188841201717,47,0.2017167381974249,0,0.0,24,0.10300429184549356,0,0,0,0,0,,0,,0,0,0,0,0,0,0,0,0,0,242,40,40,34,0.0,0.11570247933884298,0.6,0.0,0.0,0,0.0,0,0,0,0,0,0,0.0,0.0,
safety_stress_task4_4aa3812_s24199,double_dqn_continuous_v2_agent,1,4.0,2,4.0,4.0,0.0,,,197.0,4.0,4.0,4.0,4.0,0,0,2.030456852791878,49.25,0.0,0.0,,0.0,0.0,0.0,0.0,0.0,0.0,True,0.0,0.0,0.0,0.0,0.0,0.0,46.0,46.0,21.0,3.0,0.14285714285714285,2.1904761904761907,0,21.0,21.0,1.0,2.1904761904761907,1.0,0.005076142131979695,1.0,197.0,0.0,0.0,0.0,0.0,0.0,0.0,197,0.01904324226573034,0.058446407318115234,0.14856386184692383,0,0,43,0.2182741116751269,39,0.19796954314720813,37,0.18781725888324874,29,0.14720812182741116,28,0.14213197969543148,21,0.1065989847715736,2,2,2,197,42,0.2131979695431472,0,0.0,8,0,8,0,24069,0,0,3082362,0,0,197,22,22,18,0.14213197969543148,0.06091370558375635,0.8181818181818182,0.1111111111111111,0.0,0,0.0,0,0,0,1,24,3,0.0,0.0,
safety_stress_task4_4aa3812_s24199,rule_based_agent_0,1,1.0,3,1.0,1.0,0.0,,,197.0,1.0,1.0,1.0,1.0,0,0,0.5076142131979695,197.0,0.0,0.0,,0.0,0.0,0.0,0.0,0.0,0.0,True,0.0,0.0,1.0,1.0,0.0,0.0,25.0,25.0,12.0,0.0,0.0,2.0833333333333335,0,12.0,11.0,0.9166666666666666,2.272727272727273,5.0,0.025380710659898477,0.0,158.0,0.0,0.0,0.0,0.0,0.0,0.0,158,0.004906471771529958,0.00791788101196289,0.011028766632080078,0,0,46,0.3006535947712418,27,0.17647058823529413,37,0.24183006535947713,31,0.20261437908496732,0,0.0,12,0.0784313725490196,0,0,0,0,0,,0,,0,0,0,0,0,0,0,0,0,0,158,31,31,26,0.0,0.22784810126582278,0.4838709677419355,0.07692307692307693,0.0,0,0.0,0,0,0,0,0,0,0.0,0.0,
safety_stress_task4_4aa3812_s24199,rule_based_agent_1,1,1.0,3,1.0,1.0,0.0,,,197.0,1.0,1.0,1.0,1.0,0,0,0.5076142131979695,197.0,0.0,0.0,,0.0,0.0,0.0,0.0,0.0,0.0,True,0.0,0.0,0.0,0.0,1.0,1.0,23.0,23.0,9.0,0.0,0.0,2.5555555555555554,0,9.0,8.0,0.8888888888888888,2.875,3.0,0.015228426395939087,0.0,97.0,0.0,0.0,0.0,0.0,0.0,0.0,97,0.00447200991443752,0.006432294845581055,0.009671688079833984,0,0,22,0.23157894736842105,17,0.17894736842105263,32,0.3368421052631579,15,0.15789473684210525,0,0.0,9,0.09473684210526316,0,0,0,0,0,,0,,0,0,0,0,0,0,0,0,0,0,97,14,14,13,0.0,0.16494845360824742,0.42857142857142855,0.15384615384615385,0.0,0,0.0,0,0,0,0,0,0,0.0,0.0,
safety_stress_task4_4aa3812_s24199,rule_based_agent_2,1,8.0,1,8.0,8.0,0.0,,,197.0,3.0,3.0,3.0,3.0,0,0,1.5228426395939085,65.66666666666667,0.0,0.0,,0.0,0.0,0.0,0.0,0.0,0.0,True,1.0,1.0,1.0,1.0,0.0,0.0,37.0,37.0,15.0,0.0,0.0,2.466666666666667,0,15.0,14.0,0.9333333333333333,2.642857142857143,5.0,0.025380710659898477,0.0,193.0,1.0,1.0,0.0,0.0,0.0,0.0,193,0.004933176880673423,0.007540225982666016,0.010233640670776367,0,0,38,0.20105820105820105,44,0.2328042328042328,45,0.23809523809523808,47,0.24867724867724866,0,0.0,15,0.07936507936507936,0,0,0,0,0,,0,,0,0,0,0,0,0,0,0,0,0,193,47,47,39,0.0,0.16580310880829016,0.6382978723404256,0.0,0.1276595744680851,0,0.0,0,0,0,0,0,0,0.0,0.0,
AVERAGE,double_dqn_continuous_v2_agent,100,423.0,1.83,4.23,3.0,2.8665484471747553,3.6653260406180928,4.7946739593819085,37650.0,288.0,2.88,0.0,6.0,5.0,0.05,0.7649402390438247,130.72916666666666,0.0,0.0,,79.0,0.79,6.0,0.06,23.0,0.23,True,27.0,0.27,0.0,0.0,18.0,0.18,3343.0,33.43,35.79,1660.0,0.46381670857781504,0.9340597932383348,0.0,3546.0,3546.0,1.0,0.9427523970671179,96.0,0.0025542409670883336,0.82,344.18,33.0,0.33,10.0,0.1,0.0,0.0,34418,0.017817613227729415,0.05559039115905762,0.35648560523986816,0,0,5865,0.17040502062874077,6989,0.20306235109535709,5780,0.1679353826486141,6635,0.19277703527224127,5570,0.1618339241094776,3579,0.10398628624556917,3.0,2.0,92.0,,,,,,,,,,,,,,,,34418,4859,4859,4334,0.1618339241094776,0.09128944157127085,0.7518007820539205,0.04891555145362252,0.012142416135007203,0,0.0,182,182,16,323,4827,222,0.0,0.0,
AVERAGE,rule_based_agent_0,100,307.0,2.16,3.07,2.0,2.570038910211283,2.563734686875817,3.576265313124183,37650.0,207.0,2.07,0.0,5.0,9.0,0.09,0.549800796812749,181.8840579710145,0.0,0.0,,79.0,0.79,0.0,0.0,19.0,0.19,True,20.0,0.2,41.0,0.41,17.0,0.17,3081.0,30.81,19.33,0.0,0.0,1.5938954992240042,0.0,1925.0,1876.0,0.9745454545454545,1.642324093816631,688.0,0.018619760586283278,0.47,264.47,15.0,0.15,8.0,0.08,0.0,0.0,26447,0.003429973463969415,0.006800413131713867,0.06704831123352051,0,0,5638,0.21579209247138975,6372,0.24388563554943163,5786,0.22145673058521836,6158,0.23569487503349026,240,0.009185899644046388,1933,0.07398476671642362,0.0,0.0,4.0,,,,,,,,,,,,,,,,26447,5163,5163,4719,0.009074753280145197,0.25397965742806367,0.5560720511330621,0.05107014197923289,0.02905287623474724,0,0.0,0,0,0,0,240,0,0.0,0.0,
AVERAGE,rule_based_agent_1,100,277.0,2.39,2.77,2.0,2.5371440637062768,2.270214557550094,3.269785442449906,37650.0,197.0,1.97,0.0,6.0,12.0,0.12,0.5232403718459495,191.11675126903555,0.0,0.0,,79.0,0.79,0.0,0.0,12.0,0.12,True,16.0,0.16,51.0,0.51,25.0,0.25,2723.0,27.23,17.67,0.0,0.0,1.5410299943406904,0.0,1762.0,1704.0,0.9670828603859251,1.5980046948356808,661.0,0.017879411595927278,0.34,226.75,14.0,0.14,9.0,0.09,0.0,0.0,22675,0.003144263537742337,0.006105661392211914,0.036486148834228516,0,0,5044,0.2259249305742184,5224,0.23398727940517783,5276,0.23631640240078833,4929,0.2207739854877721,86,0.003852011108125056,1767,0.07914539102391831,0.0,0.0,4.0,,,,,,,,,,,,,,,,22675,4623,4623,4196,0.0037927232635060638,0.23303197353914,0.5662989400821977,0.05958055290753098,0.02119835604585767,0,0.0,0,0,0,0,86,0,0.0,0.0,
AVERAGE,rule_based_agent_2,100,307.0,2.24,3.07,2.0,2.470850056154764,2.5832736425149063,3.5567263574850934,37650.0,207.0,2.07,0.0,6.0,10.0,0.1,0.549800796812749,181.8840579710145,0.0,0.0,,79.0,0.79,0.0,0.0,21.0,0.21,True,20.0,0.2,49.0,0.49,20.0,0.2,3160.0,31.6,20.25,0.0,0.0,1.5604938271604938,0.0,2023.0,1964.0,0.9708353929807217,1.6089613034623218,704.0,0.01870786280541723,0.38,266.87,21.0,0.21,8.0,0.08,0.0,0.0,26687,0.0032884630333395904,0.006424427032470703,0.023323535919189453,0,0,5895,0.22395714611351722,6210,0.23592432186004103,6107,0.23201124534609832,5956,0.2262745991945901,129,0.004900843400957374,2025,0.07693184408479599,0.0,0.0,4.0,,,,,,,,,,,,,,,,26687,5038,5038,4590,0.0048338142166597965,0.2551804249259939,0.5750297737197301,0.05010893246187364,0.021238586740770147,0,0.0,0,0,0,0,129,0,0.0,0.0,
