run_id,agent_name,episode_count,total_score,rank_by_total_score,mean_score,median_score,score_std,mean_score_ci95_low,mean_score_ci95_high,total_round_steps,coins,mean_coins,min_coins_per_round,max_coins_per_round,zero_coin_round_count,zero_coin_round_rate,coins_per_100_steps,steps_per_coin,all_coins_count,all_coins_rate,mean_all_coins_completion_steps,max_steps_count,max_steps_rate,long_wait_loop_count,long_wait_loop_rate,long_ping_pong_loop_count,long_ping_pong_loop_rate,exploration_disabled,kills,mean_kills,suicides,suicide_rate,killed_by_opponent,killed_by_opponent_rate,crates,mean_crates,mean_bombs,zero_utility_bombs,zero_utility_bomb_rate,crates_per_bomb,zero_bomb_round_rate,bombs_resolved,bombs_survived,survived_bomb_rate,crates_per_survived_bomb,invalid_actions,invalid_action_rate,survival_rate,mean_survival_steps,exclusive_wins,exclusive_win_rate,tied_first,tied_first_rate,zero_score_ties,zero_score_tie_rate,act_count,act_mean_time,act_p95_time,act_max_time,act_timeout_count,act_skipped_count,up_action_count,up_action_rate,right_action_count,right_action_rate,down_action_count,down_action_rate,left_action_count,left_action_rate,wait_action_count,wait_action_rate_all_actions,bomb_action_count,bomb_action_rate,median_longest_wait_streak,min_longest_wait_streak,max_longest_wait_streak,safety_decisions,safety_interventions,safety_intervention_rate,safety_fallbacks,safety_fallback_rate,robust_safety_interventions,robust_to_v1_fallbacks,opponent_robust_interventions,opponent_to_v3_fallbacks,opponent_scenarios_evaluated,robust_guarantee_losses,robust_search_timeouts,robust_states_evaluated,v1_to_physical_fallbacks,avoidable_escape_collapses,navigation_decisions,coin_distance_comparable_count,coin_target_observation_count,coin_target_continuity_opportunity_count,wait_action_rate,immediate_reverse_rate,coin_distance_reducing_rate,coin_target_switch_rate,multiple_nearest_coin_rate,conditional_loop_count,conditional_loop_rate,avoidable_wait_count,wait_penalized_count,wait_exempt_current_danger_count,wait_exempt_next_danger_count,wait_exempt_no_reachable_coin_count,wait_exempt_no_safe_progress_move_count,unseen_q_states,q_decisions,unseen_q_state_rate
safety_stress_task3_4aa3812_s24100,coin_collector_agent,1,10.0,1,10.0,10.0,0.0,,,400.0,5.0,5.0,5.0,5.0,0,0,1.25,80.0,0.0,0.0,,1.0,1.0,1.0,1.0,0.0,0.0,True,1.0,1.0,0.0,0.0,0.0,0.0,62.0,62.0,21.0,0.0,0.0,2.9523809523809526,0,21.0,21.0,1.0,2.9523809523809526,1.0,0.0025,1.0,400.0,1.0,1.0,0.0,0.0,0.0,0.0,400,0.0008374208211898804,0.0029723644256591797,0.0034165382385253906,0,0,59,0.14786967418546365,49,0.12280701754385964,47,0.11779448621553884,46,0.11528822055137844,177,0.44360902255639095,21,0.05263157894736842,173,173,173,0,0,,0,,0,0,0,0,0,0,0,0,0,0,400,37,37,31,0.4425,0.0675,0.6756756756756757,0.03225806451612903,0.0,0,0.0,0,0,0,0,177,0,0.0,0.0,
safety_stress_task3_4aa3812_s24100,double_dqn_continuous_v2_agent,1,4.0,2,4.0,4.0,0.0,,,400.0,4.0,4.0,4.0,4.0,0,0,1.0,100.0,0.0,0.0,,1.0,1.0,0.0,0.0,1.0,1.0,True,0.0,0.0,0.0,0.0,0.0,0.0,52.0,52.0,43.0,18.0,0.4186046511627907,1.2093023255813953,0,42.0,42.0,1.0,1.2380952380952381,1.0,0.0025,1.0,400.0,0.0,0.0,0.0,0.0,0.0,0.0,400,0.008624460697174072,0.016825437545776367,0.022709131240844727,0,0,51,0.1275,85,0.2125,66,0.165,85,0.2125,70,0.175,43,0.1075,4,4,4,400,77,0.1925,0,0.0,0,0,0,0,15200,0,0,2351481,0,0,400,49,49,41,0.175,0.115,0.7142857142857143,0.024390243902439025,0.0,0,0.0,1,1,0,1,62,6,0.0,0.0,
safety_stress_task3_4aa3812_s24100,peaceful_agent,1,0.0,3,0.0,0.0,0.0,,,400.0,0.0,0.0,0.0,0.0,1,1,0.0,,0.0,0.0,,1.0,1.0,0.0,0.0,0.0,0.0,True,0.0,0.0,0.0,0.0,1.0,1.0,0.0,0.0,0.0,0.0,,,1,0.0,0.0,,,100.0,0.25,0.0,194.0,0.0,0.0,0.0,0.0,0.0,0.0,194,9.794579338781612e-05,0.00018668174743652344,0.0002715587615966797,0,0,48,0.24742268041237114,48,0.24742268041237114,47,0.2422680412371134,51,0.26288659793814434,0,0.0,0,0.0,0,0,0,0,0,,0,,0,0,0,0,0,0,0,0,0,0,194,1,5,4,0.0,0.23195876288659795,1.0,0.0,0.0,0,0.0,0,0,0,0,0,0,0.0,0.0,
safety_stress_task3_4aa3812_s24101,coin_collector_agent,1,2.0,2,2.0,2.0,0.0,,,400.0,2.0,2.0,2.0,2.0,0,0,0.5,200.0,0.0,0.0,,1.0,1.0,0.0,0.0,0.0,0.0,True,0.0,0.0,0.0,0.0,1.0,1.0,55.0,55.0,14.0,0.0,0.0,3.9285714285714284,0,14.0,14.0,1.0,3.9285714285714284,2.0,0.005,0.0,133.0,0.0,0.0,0.0,0.0,0.0,0.0,133,0.0009797479873313044,0.0019762516021728516,0.0024917125701904297,0,0,18,0.13740458015267176,30,0.22900763358778625,29,0.22137404580152673,40,0.3053435114503817,0,0.0,14,0.10687022900763359,0,0,0,0,0,,0,,0,0,0,0,0,0,0,0,0,0,133,39,39,34,0.0,0.12781954887218044,0.6410256410256411,0.029411764705882353,0.0,0,0.0,0,0,0,0,0,0,0.0,0.0,
safety_stress_task3_4aa3812_s24101,double_dqn_continuous_v2_agent,1,17.0,1,17.0,17.0,0.0,,,400.0,7.0,7.0,7.0,7.0,0,0,1.75,57.142857142857146,0.0,0.0,,1.0,1.0,0.0,0.0,0.0,0.0,True,2.0,2.0,0.0,0.0,0.0,0.0,69.0,69.0,37.0,8.0,0.21621621621621623,1.864864864864865,0,37.0,37.0,1.0,1.864864864864865,0.0,0.0,1.0,400.0,1.0,1.0,0.0,0.0,0.0,0.0,400,0.006832366585731506,0.012300252914428711,0.021359682083129883,0,0,90,0.225,53,0.1325,79,0.1975,53,0.1325,88,0.22,37,0.0925,2,2,2,400,54,0.135,0,0.0,4,0,4,0,8381,0,0,1047501,0,0,400,64,64,57,0.22,0.0925,0.71875,0.017543859649122806,0.0,0,0.0,1,1,0,2,81,4,0.0,0.0,
safety_stress_task3_4aa3812_s24101,peaceful_agent,1,0.0,3,0.0,0.0,0.0,,,400.0,0.0,0.0,0.0,0.0,1,1,0.0,,0.0,0.0,,1.0,1.0,0.0,0.0,0.0,0.0,True,0.0,0.0,0.0,0.0,1.0,1.0,0.0,0.0,0.0,0.0,,,1,0.0,0.0,,,97.0,0.2425,0.0,153.0,0.0,0.0,0.0,0.0,0.0,0.0,153,0.00010197302874396829,0.0001773834228515625,0.00021648406982421875,0,0,48,0.3137254901960784,40,0.26143790849673204,32,0.20915032679738563,33,0.21568627450980393,0,0.0,0,0.0,0,0,0,0,0,,0,,0,0,0,0,0,0,0,0,0,0,153,0,3,3,0.0,0.2679738562091503,,0.3333333333333333,0.0,0,0.0,0,0,0,0,0,0,0.0,0.0,
safety_stress_task3_4aa3812_s24102,coin_collector_agent,1,1.0,2,1.0,1.0,0.0,,,400.0,1.0,1.0,1.0,1.0,0,0,0.25,400.0,0.0,0.0,,1.0,1.0,0.0,0.0,0.0,0.0,True,0.0,0.0,1.0,1.0,0.0,0.0,28.0,28.0,8.0,0.0,0.0,3.5,0,8.0,7.0,0.875,4.0,4.0,0.01,0.0,81.0,0.0,0.0,0.0,0.0,0.0,0.0,81,0.0009267506776032624,0.0016140937805175781,0.0018291473388671875,0,0,16,0.20512820512820512,21,0.2692307692307692,11,0.14102564102564102,22,0.28205128205128205,0,0.0,8,0.10256410256410256,0,0,0,0,0,,0,,0,0,0,0,0,0,0,0,0,0,81,26,26,24,0.0,0.14814814814814814,0.5384615384615384,0.08333333333333333,0.0,0,0.0,0,0,0,0,0,0,0.0,0.0,
safety_stress_task3_4aa3812_s24102,double_dqn_continuous_v2_agent,1,8.0,1,8.0,8.0,0.0,,,400.0,8.0,8.0,8.0,8.0,0,0,2.0,50.0,0.0,0.0,,1.0,1.0,0.0,0.0,0.0,0.0,True,0.0,0.0,0.0,0.0,0.0,0.0,89.0,89.0,47.0,13.0,0.2765957446808511,1.8936170212765957,0,47.0,47.0,1.0,1.8936170212765957,0.0,0.0,1.0,400.0,1.0,1.0,0.0,0.0,0.0,0.0,400,0.007137959003448486,0.01007699966430664,0.013695240020751953,0,0,63,0.1575,80,0.2,68,0.17,68,0.17,74,0.185,47,0.1175,4,4,4,400,94,0.235,0,0.0,30,0,30,0,10567,0,0,1353827,0,0,400,92,92,84,0.185,0.035,0.717391304347826,0.0,0.0,0,0.0,4,4,0,3,64,3,0.0,0.0,
safety_stress_task3_4aa3812_s24102,peaceful_agent,1,0.0,3,0.0,0.0,0.0,,,400.0,0.0,0.0,0.0,0.0,1,1,0.0,,0.0,0.0,,1.0,1.0,0.0,0.0,0.0,0.0,True,0.0,0.0,0.0,0.0,0.0,0.0,0.0,0.0,0.0,0.0,,,1,0.0,0.0,,,157.0,0.3925,1.0,400.0,0.0,0.0,0.0,0.0,0.0,0.0,400,0.00012486398220062255,0.00021076202392578125,0.0010573863983154297,0,0,102,0.255,101,0.2525,101,0.2525,96,0.24,0,0.0,0,0.0,0,0,0,0,0,,0,,0,0,0,0,0,0,0,0,0,0,400,21,39,36,0.0,0.28,0.6190476190476191,0.0,0.0,0,0.0,0,0,0,0,0,0,0.0,0.0,
safety_stress_task3_4aa3812_s24103,coin_collector_agent,1,10.0,1,10.0,10.0,0.0,,,400.0,5.0,5.0,5.0,5.0,0,0,1.25,80.0,0.0,0.0,,1.0,1.0,1.0,1.0,0.0,0.0,True,1.0,1.0,0.0,0.0,0.0,0.0,66.0,66.0,21.0,0.0,0.0,3.142857142857143,0,21.0,21.0,1.0,3.142857142857143,1.0,0.0025,1.0,400.0,1.0,1.0,0.0,0.0,0.0,0.0,400,0.0009764236211776733,0.003142833709716797,0.003919124603271484,0,0,47,0.11779448621553884,52,0.13032581453634084,57,0.14285714285714285,46,0.11528822055137844,176,0.44110275689223055,21,0.05263157894736842,176,176,176,0,0,,0,,0,0,0,0,0,0,0,0,0,0,400,58,58,51,0.44,0.0725,0.7241379310344828,0.0,0.0,0,0.0,0,0,0,0,176,0,0.0,0.0,
safety_stress_task3_4aa3812_s24103,double_dqn_continuous_v2_agent,1,4.0,2,4.0,4.0,0.0,,,400.0,4.0,4.0,4.0,4.0,0,0,1.0,100.0,0.0,0.0,,1.0,1.0,0.0,0.0,0.0,0.0,True,0.0,0.0,0.0,0.0,0.0,0.0,52.0,52.0,46.0,28.0,0.6086956521739131,1.1304347826086956,0,46.0,46.0,1.0,1.1304347826086956,0.0,0.0,1.0,400.0,0.0,0.0,0.0,0.0,0.0,0.0,400,0.00727725625038147,0.010737180709838867,0.015175104141235352,0,0,68,0.17,83,0.2075,57,0.1425,69,0.1725,77,0.1925,46,0.115,2,2,2,400,76,0.19,0,0.0,1,0,1,0,11756,0,0,1764485,0,0,400,37,37,32,0.1925,0.05,0.7027027027027027,0.03125,0.0,0,0.0,2,2,0,9,62,4,0.0,0.0,
safety_stress_task3_4aa3812_s24103,peaceful_agent,1,0.0,3,0.0,0.0,0.0,,,400.0,0.0,0.0,0.0,0.0,1,1,0.0,,0.0,0.0,,1.0,1.0,0.0,0.0,0.0,0.0,True,0.0,0.0,0.0,0.0,1.0,1.0,0.0,0.0,0.0,0.0,,,1,0.0,0.0,,,45.0,0.1125,0.0,69.0,0.0,0.0,0.0,0.0,0.0,0.0,69,0.0001318592956100685,0.00021719932556152344,0.0002663135528564453,0,0,10,0.14492753623188406,22,0.3188405797101449,14,0.2028985507246377,23,0.3333333333333333,0,0.0,0,0.0,0,0,0,0,0,,0,,0,0,0,0,0,0,0,0,0,0,69,0,0,0,0.0,0.2028985507246377,,,,0,0.0,0,0,0,0,0,0,0.0,0.0,
safety_stress_task3_4aa3812_s24104,coin_collector_agent,1,3.0,2,3.0,3.0,0.0,,,400.0,3.0,3.0,3.0,3.0,0,0,0.75,133.33333333333334,0.0,0.0,,1.0,1.0,1.0,1.0,0.0,0.0,True,0.0,0.0,0.0,0.0,0.0,0.0,73.0,73.0,27.0,0.0,0.0,2.7037037037037037,0,27.0,27.0,1.0,2.7037037037037037,2.0,0.005,1.0,400.0,0.0,0.0,0.0,0.0,0.0,0.0,400,0.0010649818181991577,0.0030579566955566406,0.003805398941040039,0,0,45,0.11306532663316583,74,0.18592964824120603,55,0.13819095477386933,66,0.1658291457286432,131,0.32914572864321606,27,0.0678391959798995,131,131,131,0,0,,0,,0,0,0,0,0,0,0,0,0,0,400,65,65,58,0.3275,0.0625,0.4307692307692308,0.034482758620689655,0.0,0,0.0,0,0,0,0,131,0,0.0,0.0,
safety_stress_task3_4aa3812_s24104,double_dqn_continuous_v2_agent,1,11.0,1,11.0,11.0,0.0,,,400.0,6.0,6.0,6.0,6.0,0,0,1.5,66.66666666666667,0.0,0.0,,1.0,1.0,0.0,0.0,0.0,0.0,True,1.0,1.0,0.0,0.0,0.0,0.0,47.0,47.0,44.0,24.0,0.5454545454545454,1.0681818181818181,0,44.0,44.0,1.0,1.0681818181818181,0.0,0.0,1.0,400.0,1.0,1.0,0.0,0.0,0.0,0.0,400,0.008098742365837098,0.014286518096923828,0.01819610595703125,0,0,84,0.21,73,0.1825,72,0.18,60,0.15,67,0.1675,44,0.11,3,3,3,400,79,0.1975,0,0.0,6,0,6,0,14304,0,0,2104578,0,0,400,64,64,57,0.1675,0.0575,0.828125,0.017543859649122806,0.0,0,0.0,0,0,0,3,63,1,0.0,0.0,
safety_stress_task3_4aa3812_s24104,peaceful_agent,1,0.0,3,0.0,0.0,0.0,,,400.0,0.0,0.0,0.0,0.0,1,1,0.0,,0.0,0.0,,1.0,1.0,0.0,0.0,0.0,0.0,True,0.0,0.0,0.0,0.0,1.0,1.0,0.0,0.0,0.0,0.0,,,1,0.0,0.0,,,117.0,0.2925,0.0,178.0,0.0,0.0,0.0,0.0,0.0,0.0,178,0.0003490206900607334,0.0002541542053222656,0.03667473793029785,0,0,44,0.24719101123595505,48,0.2696629213483146,39,0.21910112359550563,47,0.2640449438202247,0,0.0,0,0.0,0,0,0,0,0,,0,,0,0,0,0,0,0,0,0,0,0,178,0,0,0,0.0,0.28651685393258425,,,,0,0.0,0,0,0,0,0,0,0.0,0.0,
safety_stress_task3_4aa3812_s24105,coin_collector_agent,1,10.0,1,10.0,10.0,0.0,,,400.0,5.0,5.0,5.0,5.0,0,0,1.25,80.0,0.0,0.0,,1.0,1.0,1.0,1.0,0.0,0.0,True,1.0,1.0,0.0,0.0,0.0,0.0,75.0,75.0,25.0,0.0,0.0,3.0,0,25.0,25.0,1.0,3.0,2.0,0.005,1.0,400.0,1.0,1.0,0.0,0.0,0.0,0.0,400,0.0011773908138275147,0.0034253597259521484,0.004065275192260742,0,0,59,0.14824120603015076,63,0.15829145728643215,59,0.14824120603015076,59,0.14824120603015076,133,0.3341708542713568,25,0.06281407035175879,133,133,133,0,0,,0,,0,0,0,0,0,0,0,0,0,0,400,68,68,63,0.3325,0.085,0.6029411764705882,0.06349206349206349,0.0,0,0.0,0,0,0,0,133,0,0.0,0.0,
safety_stress_task3_4aa3812_s24105,double_dqn_continuous_v2_agent,1,4.0,2,4.0,4.0,0.0,,,400.0,4.0,4.0,4.0,4.0,0,0,1.0,100.0,0.0,0.0,,1.0,1.0,0.0,0.0,0.0,0.0,True,0.0,0.0,0.0,0.0,0.0,0.0,53.0,53.0,44.0,25.0,0.5681818181818182,1.2045454545454546,0,43.0,43.0,1.0,1.2325581395348837,0.0,0.0,1.0,400.0,0.0,0.0,0.0,0.0,0.0,0.0,400,0.007973517179489137,0.01408839225769043,0.020967721939086914,0,0,72,0.18,66,0.165,77,0.1925,66,0.165,75,0.1875,44,0.11,3,3,3,400,70,0.175,0,0.0,2,0,2,0,12334,0,0,1885174,0,0,400,71,71,63,0.1875,0.055,0.8309859154929577,0.015873015873015872,0.0,0,0.0,2,2,0,5,65,3,0.0,0.0,
safety_stress_task3_4aa3812_s24105,peaceful_agent,1,0.0,3,0.0,0.0,0.0,,,400.0,0.0,0.0,0.0,0.0,1,1,0.0,,0.0,0.0,,1.0,1.0,0.0,0.0,0.0,0.0,True,0.0,0.0,0.0,0.0,1.0,1.0,0.0,0.0,0.0,0.0,,,1,0.0,0.0,,,113.0,0.2825,0.0,166.0,0.0,0.0,0.0,0.0,0.0,0.0,166,0.00017822363290442042,0.00026798248291015625,0.0024759769439697266,0,0,38,0.2289156626506024,41,0.2469879518072289,35,0.21084337349397592,52,0.3132530120481928,0,0.0,0,0.0,0,0,0,0,0,,0,,0,0,0,0,0,0,0,0,0,0,166,0,0,0,0.0,0.21084337349397592,,,,0,0.0,0,0,0,0,0,0,0.0,0.0,
safety_stress_task3_4aa3812_s24106,coin_collector_agent,1,1.0,2,1.0,1.0,0.0,,,352.0,1.0,1.0,1.0,1.0,0,0,0.2840909090909091,352.0,0.0,0.0,,0.0,0.0,0.0,0.0,0.0,0.0,True,0.0,0.0,1.0,1.0,0.0,0.0,45.0,45.0,15.0,0.0,0.0,3.0,0,15.0,14.0,0.9333333333333333,3.2142857142857144,6.0,0.017045454545454544,0.0,158.0,0.0,0.0,0.0,0.0,0.0,0.0,158,0.0013109611559517776,0.0030717849731445312,0.004191875457763672,0,0,27,0.17763157894736842,36,0.23684210526315788,37,0.24342105263157895,37,0.24342105263157895,0,0.0,15,0.09868421052631579,0,0,0,0,0,,0,,0,0,0,0,0,0,0,0,0,0,158,13,13,11,0.0,0.14556962025316456,0.7692307692307693,0.09090909090909091,0.0,0,0.0,0,0,0,0,0,0,0.0,0.0,
safety_stress_task3_4aa3812_s24106,double_dqn_continuous_v2_agent,1,13.0,1,13.0,13.0,0.0,,,352.0,8.0,8.0,8.0,8.0,0,0,2.272727272727273,44.0,0.0,0.0,,0.0,0.0,0.0,0.0,0.0,0.0,True,1.0,1.0,0.0,0.0,0.0,0.0,79.0,79.0,43.0,12.0,0.27906976744186046,1.8372093023255813,0,43.0,43.0,1.0,1.8372093023255813,0.0,0.0,1.0,352.0,1.0,1.0,0.0,0.0,0.0,0.0,352,0.00694319334897128,0.013741493225097656,0.02288198471069336,0,0,66,0.1875,55,0.15625,61,0.17329545454545456,55,0.15625,72,0.20454545454545456,43,0.12215909090909091,2,2,2,352,65,0.1846590909090909,0,0.0,0,0,0,0,11354,0,0,1190683,0,0,352,47,47,39,0.20454545454545456,0.014204545454545454,0.7872340425531915,0.0,0.0,0,0.0,1,1,0,4,62,5,0.0,0.0,
safety_stress_task3_4aa3812_s24106,peaceful_agent,1,0.0,3,0.0,0.0,0.0,,,352.0,0.0,0.0,0.0,0.0,1,1,0.0,,0.0,0.0,,0.0,0.0,0.0,0.0,0.0,0.0,True,0.0,0.0,0.0,0.0,1.0,1.0,0.0,0.0,0.0,0.0,,,1,0.0,0.0,,,108.0,0.3068181818181818,0.0,156.0,0.0,0.0,0.0,0.0,0.0,0.0,156,0.0001832873393327762,0.0002732276916503906,0.0013093948364257812,0,0,37,0.23717948717948717,48,0.3076923076923077,38,0.24358974358974358,33,0.21153846153846154,0,0.0,0,0.0,0,0,0,0,0,,0,,0,0,0,0,0,0,0,0,0,0,156,0,0,0,0.0,0.28846153846153844,,,,0,0.0,0,0,0,0,0,0,0.0,0.0,
safety_stress_task3_4aa3812_s24107,coin_collector_agent,1,3.0,2,3.0,3.0,0.0,,,400.0,3.0,3.0,3.0,3.0,0,0,0.75,133.33333333333334,0.0,0.0,,1.0,1.0,1.0,1.0,0.0,0.0,True,0.0,0.0,0.0,0.0,0.0,0.0,62.0,62.0,25.0,0.0,0.0,2.48,0,25.0,25.0,1.0,2.48,2.0,0.005,1.0,400.0,0.0,0.0,0.0,0.0,0.0,0.0,400,0.0012856483459472655,0.003290414810180664,0.003674030303955078,0,0,55,0.13819095477386933,62,0.15577889447236182,65,0.16331658291457288,66,0.1658291457286432,125,0.314070351758794,25,0.06281407035175879,125,125,125,0,0,,0,,0,0,0,0,0,0,0,0,0,0,400,67,67,60,0.3125,0.09,0.5970149253731343,0.03333333333333333,0.0,0,0.0,0,0,0,0,125,0,0.0,0.0,
safety_stress_task3_4aa3812_s24107,double_dqn_continuous_v2_agent,1,11.0,1,11.0,11.0,0.0,,,400.0,6.0,6.0,6.0,6.0,0,0,1.5,66.66666666666667,0.0,0.0,,1.0,1.0,0.0,0.0,0.0,0.0,True,1.0,1.0,0.0,0.0,0.0,0.0,60.0,60.0,42.0,20.0,0.47619047619047616,1.4285714285714286,0,42.0,42.0,1.0,1.4285714285714286,0.0,0.0,1.0,400.0,1.0,1.0,0.0,0.0,0.0,0.0,400,0.008661431670188903,0.015367984771728516,0.026376724243164062,0,0,79,0.1975,61,0.1525,67,0.1675,61,0.1525,90,0.225,42,0.105,7,7,7,400,100,0.25,0,0.0,31,0,31,0,14771,0,0,2261221,0,0,400,74,74,66,0.225,0.075,0.7162162162162162,0.0,0.0,0,0.0,2,2,0,6,79,3,0.0,0.0,
safety_stress_task3_4aa3812_s24107,peaceful_agent,1,0.0,3,0.0,0.0,0.0,,,400.0,0.0,0.0,0.0,0.0,1,1,0.0,,0.0,0.0,,1.0,1.0,0.0,0.0,0.0,0.0,True,0.0,0.0,0.0,0.0,1.0,1.0,0.0,0.0,0.0,0.0,,,1,0.0,0.0,,,137.0,0.3425,0.0,214.0,0.0,0.0,0.0,0.0,0.0,0.0,214,0.00020304461505925544,0.0002944469451904297,0.0031995773315429688,0,0,56,0.2616822429906542,46,0.21495327102803738,58,0.27102803738317754,54,0.2523364485981308,0,0.0,0,0.0,0,0,0,0,0,,0,,0,0,0,0,0,0,0,0,0,0,214,4,8,7,0.0,0.21962616822429906,0.5,0.14285714285714285,0.0,0,0.0,0,0,0,0,0,0,0.0,0.0,
safety_stress_task3_4aa3812_s24108,coin_collector_agent,1,3.0,2,3.0,3.0,0.0,,,400.0,3.0,3.0,3.0,3.0,0,0,0.75,133.33333333333334,0.0,0.0,,1.0,1.0,1.0,1.0,0.0,0.0,True,0.0,0.0,0.0,0.0,0.0,0.0,64.0,64.0,22.0,0.0,0.0,2.909090909090909,0,22.0,22.0,1.0,2.909090909090909,1.0,0.0025,1.0,400.0,0.0,0.0,0.0,0.0,0.0,0.0,400,0.0010122358798980713,0.0027446746826171875,0.0033261775970458984,0,0,47,0.11779448621553884,48,0.12030075187969924,50,0.12531328320802004,58,0.14536340852130325,174,0.43609022556390975,22,0.05513784461152882,170,170,170,0,0,,0,,0,0,0,0,0,0,0,0,0,0,400,71,71,67,0.435,0.0575,0.5211267605633803,0.029850746268656716,0.0,0,0.0,0,0,0,0,174,0,0.0,0.0,
safety_stress_task3_4aa3812_s24108,double_dqn_continuous_v2_agent,1,11.0,1,11.0,11.0,0.0,,,400.0,6.0,6.0,6.0,6.0,0,0,1.5,66.66666666666667,0.0,0.0,,1.0,1.0,0.0,0.0,1.0,1.0,True,1.0,1.0,0.0,0.0,0.0,0.0,57.0,57.0,40.0,17.0,0.425,1.425,0,39.0,39.0,1.0,1.4615384615384615,0.0,0.0,1.0,400.0,1.0,1.0,0.0,0.0,0.0,0.0,400,0.007470182180404663,0.012100934982299805,0.020028352737426758,0,0,70,0.175,87,0.2175,69,0.1725,73,0.1825,61,0.1525,40,0.1,4,4,4,400,54,0.135,0,0.0,0,0,0,0,9025,0,0,1524531,0,0,400,74,74,66,0.1525,0.1,0.8378378378378378,0.045454545454545456,0.0,0,0.0,0,0,0,1,58,2,0.0,0.0,
safety_stress_task3_4aa3812_s24108,peaceful_agent,1,0.0,3,0.0,0.0,0.0,,,400.0,0.0,0.0,0.0,0.0,1,1,0.0,,0.0,0.0,,1.0,1.0,0.0,0.0,0.0,0.0,True,0.0,0.0,0.0,0.0,1.0,1.0,0.0,0.0,0.0,0.0,,,1,0.0,0.0,,,65.0,0.1625,0.0,109.0,0.0,0.0,0.0,0.0,0.0,0.0,109,0.00019955416338159404,0.0003197193145751953,0.000385284423828125,0,0,32,0.29357798165137616,26,0.23853211009174313,26,0.23853211009174313,25,0.22935779816513763,0,0.0,0,0.0,0,0,0,0,0,,0,,0,0,0,0,0,0,0,0,0,0,109,10,33,32,0.0,0.25688073394495414,0.6,0.0,0.0,0,0.0,0,0,0,0,0,0,0.0,0.0,
safety_stress_task3_4aa3812_s24109,coin_collector_agent,1,3.0,2,3.0,3.0,0.0,,,400.0,3.0,3.0,3.0,3.0,0,0,0.75,133.33333333333334,0.0,0.0,,1.0,1.0,1.0,1.0,0.0,0.0,True,0.0,0.0,0.0,0.0,0.0,0.0,63.0,63.0,20.0,0.0,0.0,3.15,0,20.0,20.0,1.0,3.15,0.0,0.0,1.0,400.0,0.0,0.0,0.0,0.0,0.0,0.0,400,0.0013198751211166383,0.003434896469116211,0.004562854766845703,0,0,49,0.1225,49,0.1225,55,0.1375,62,0.155,165,0.4125,20,0.05,165,165,165,0,0,,0,,0,0,0,0,0,0,0,0,0,0,400,64,64,57,0.4125,0.06,0.6875,0.0,0.0,0,0.0,0,0,0,0,165,0,0.0,0.0,
safety_stress_task3_4aa3812_s24109,double_dqn_continuous_v2_agent,1,6.0,1,6.0,6.0,0.0,,,400.0,6.0,6.0,6.0,6.0,0,0,1.5,66.66666666666667,0.0,0.0,,1.0,1.0,0.0,0.0,0.0,0.0,True,0.0,0.0,0.0,0.0,0.0,0.0,60.0,60.0,47.0,27.0,0.574468085106383,1.2765957446808511,0,46.0,46.0,1.0,1.3043478260869565,0.0,0.0,1.0,400.0,1.0,1.0,0.0,0.0,0.0,0.0,400,0.01228463888168335,0.024856090545654297,0.03831005096435547,0,0,75,0.1875,71,0.1775,73,0.1825,57,0.1425,77,0.1925,47,0.1175,4,4,4,400,71,0.1775,0,0.0,1,0,1,0,31871,0,0,5105319,0,0,400,73,73,66,0.1925,0.045,0.589041095890411,0.030303030303030304,0.0,0,0.0,7,7,0,1,63,6,0.0,0.0,
safety_stress_task3_4aa3812_s24109,peaceful_agent,1,0.0,3,0.0,0.0,0.0,,,400.0,0.0,0.0,0.0,0.0,1,1,0.0,,0.0,0.0,,1.0,1.0,0.0,0.0,0.0,0.0,True,0.0,0.0,0.0,0.0,0.0,0.0,0.0,0.0,0.0,0.0,,,1,0.0,0.0,,,166.0,0.415,1.0,400.0,0.0,0.0,0.0,0.0,0.0,0.0,400,0.00021261751651763917,0.0003299713134765625,0.0018417835235595703,0,0,99,0.2475,103,0.2575,91,0.2275,107,0.2675,0,0.0,0,0.0,0,0,0,0,0,,0,,0,0,0,0,0,0,0,0,0,0,400,15,24,20,0.0,0.2625,0.6,0.0,0.0,0,0.0,0,0,0,0,0,0,0.0,0.0,
safety_stress_task3_4aa3812_s24110,coin_collector_agent,1,2.0,2,2.0,2.0,0.0,,,400.0,2.0,2.0,2.0,2.0,0,0,0.5,200.0,0.0,0.0,,1.0,1.0,0.0,0.0,0.0,0.0,True,0.0,0.0,0.0,0.0,1.0,1.0,33.0,33.0,11.0,0.0,0.0,3.0,0,11.0,10.0,0.9090909090909091,3.3,4.0,0.01,0.0,122.0,0.0,0.0,0.0,0.0,0.0,0.0,122,0.0012577713512983478,0.002304553985595703,0.003577709197998047,0,0,25,0.211864406779661,23,0.19491525423728814,33,0.2796610169491525,26,0.22033898305084745,0,0.0,11,0.09322033898305085,0,0,0,0,0,,0,,0,0,0,0,0,0,0,0,0,0,122,36,36,33,0.0,0.1721311475409836,0.5555555555555556,0.09090909090909091,0.0,0,0.0,0,0,0,0,0,0,0.0,0.0,
safety_stress_task3_4aa3812_s24110,double_dqn_continuous_v2_agent,1,12.0,1,12.0,12.0,0.0,,,400.0,7.0,7.0,7.0,7.0,0,0,1.75,57.142857142857146,0.0,0.0,,1.0,1.0,0.0,0.0,1.0,1.0,True,1.0,1.0,0.0,0.0,0.0,0.0,86.0,86.0,38.0,11.0,0.2894736842105263,2.263157894736842,0,38.0,38.0,1.0,2.263157894736842,0.0,0.0,1.0,400.0,1.0,1.0,0.0,0.0,0.0,0.0,400,0.007966153025627136,0.01157069206237793,0.019893646240234375,0,0,52,0.13,98,0.245,52,0.13,92,0.23,68,0.17,38,0.095,2,2,2,400,61,0.1525,0,0.0,6,0,6,0,10782,0,0,1619282,0,0,400,58,58,51,0.17,0.2275,0.6896551724137931,0.0196078431372549,0.0,0,0.0,6,6,0,4,54,4,0.0,0.0,
safety_stress_task3_4aa3812_s24110,peaceful_agent,1,0.0,3,0.0,0.0,0.0,,,400.0,0.0,0.0,0.0,0.0,1,1,0.0,,0.0,0.0,,1.0,1.0,0.0,0.0,0.0,0.0,True,0.0,0.0,0.0,0.0,0.0,0.0,0.0,0.0,0.0,0.0,,,1,0.0,0.0,,,197.0,0.4925,1.0,400.0,0.0,0.0,0.0,0.0,0.0,0.0,400,0.00022286772727966308,0.00032639503479003906,0.002980947494506836,0,0,95,0.2375,104,0.26,96,0.24,105,0.2625,0,0.0,0,0.0,0,0,0,0,0,,0,,0,0,0,0,0,0,0,0,0,0,400,7,9,7,0.0,0.255,0.5714285714285714,0.0,0.0,0,0.0,0,0,0,0,0,0,0.0,0.0,
safety_stress_task3_4aa3812_s24111,coin_collector_agent,1,5.0,2,5.0,5.0,0.0,,,400.0,5.0,5.0,5.0,5.0,0,0,1.25,80.0,0.0,0.0,,1.0,1.0,0.0,0.0,0.0,0.0,True,0.0,0.0,1.0,1.0,0.0,0.0,36.0,36.0,12.0,0.0,0.0,3.0,0,12.0,11.0,0.9166666666666666,3.272727272727273,3.0,0.0075,0.0,115.0,0.0,0.0,0.0,0.0,0.0,0.0,115,0.0011146379553753397,0.0017197132110595703,0.0022258758544921875,0,0,21,0.1875,30,0.26785714285714285,31,0.2767857142857143,18,0.16071428571428573,0,0.0,12,0.10714285714285714,0,0,0,0,0,,0,,0,0,0,0,0,0,0,0,0,0,115,65,65,59,0.0,0.14782608695652175,0.6615384615384615,0.0,0.0,0,0.0,0,0,0,0,0,0,0.0,0.0,
safety_stress_task3_4aa3812_s24111,double_dqn_continuous_v2_agent,1,8.0,1,8.0,8.0,0.0,,,400.0,3.0,3.0,3.0,3.0,0,0,0.75,133.33333333333334,0.0,0.0,,1.0,1.0,0.0,0.0,0.0,0.0,True,1.0,1.0,0.0,0.0,0.0,0.0,76.0,76.0,51.0,22.0,0.43137254901960786,1.4901960784313726,0,51.0,51.0,1.0,1.4901960784313726,2.0,0.005,1.0,400.0,1.0,1.0,0.0,0.0,0.0,0.0,400,0.005983178019523621,0.010668277740478516,0.021733760833740234,0,0,69,0.1725,68,0.17,60,0.15,54,0.135,98,0.245,51,0.1275,2,2,2,400,72,0.18,0,0.0,2,0,2,0,5643,0,0,708610,0,0,400,45,45,39,0.245,0.01,0.6444444444444445,0.05128205128205128,0.0,0,0.0,4,4,0,2,88,4,0.0,0.0,
safety_stress_task3_4aa3812_s24111,peaceful_agent,1,1.0,3,1.0,1.0,0.0,,,400.0,1.0,1.0,1.0,1.0,0,0,0.25,400.0,0.0,0.0,,1.0,1.0,0.0,0.0,0.0,0.0,True,0.0,0.0,0.0,0.0,1.0,1.0,0.0,0.0,0.0,0.0,,,1,0.0,0.0,,,69.0,0.1725,0.0,108.0,0.0,0.0,0.0,0.0,0.0,0.0,108,0.0002449331460175691,0.00036215782165527344,0.0012536048889160156,0,0,26,0.24074074074074073,27,0.25,27,0.25,28,0.25925925925925924,0,0.0,0,0.0,0,0,0,0,0,,0,,0,0,0,0,0,0,0,0,0,0,108,3,4,3,0.0,0.28703703703703703,1.0,0.0,0.0,0,0.0,0,0,0,0,0,0,0.0,0.0,
safety_stress_task3_4aa3812_s24112,coin_collector_agent,1,4.0,2,4.0,4.0,0.0,,,400.0,4.0,4.0,4.0,4.0,0,0,1.0,100.0,0.0,0.0,,1.0,1.0,1.0,1.0,0.0,0.0,True,0.0,0.0,0.0,0.0,0.0,0.0,65.0,65.0,20.0,0.0,0.0,3.25,0,20.0,20.0,1.0,3.25,1.0,0.0025,1.0,400.0,0.0,0.0,0.0,0.0,0.0,0.0,400,0.001118168830871582,0.0025026798248291016,0.00429844856262207,0,0,50,0.125,44,0.11,49,0.1225,52,0.13,185,0.4625,20,0.05,185,185,185,0,0,,0,,0,0,0,0,0,0,0,0,0,0,400,87,87,81,0.4625,0.07,0.5747126436781609,0.037037037037037035,0.034482758620689655,0,0.0,0,0,0,0,185,0,0.0,0.0,
safety_stress_task3_4aa3812_s24112,double_dqn_continuous_v2_agent,1,5.0,1,5.0,5.0,0.0,,,400.0,5.0,5.0,5.0,5.0,0,0,1.25,80.0,0.0,0.0,,1.0,1.0,0.0,0.0,0.0,0.0,True,0.0,0.0,0.0,0.0,0.0,0.0,51.0,51.0,41.0,23.0,0.5609756097560976,1.2439024390243902,0,40.0,40.0,1.0,1.275,1.0,0.0025,1.0,400.0,1.0,1.0,0.0,0.0,0.0,0.0,400,0.013277304768562316,0.026176929473876953,0.03624153137207031,0,0,72,0.18,76,0.19,74,0.185,77,0.1925,60,0.15,41,0.1025,2,2,2,400,82,0.205,0,0.0,8,0,8,0,36135,0,0,6113451,0,0,400,87,87,80,0.15,0.0775,0.8390804597701149,0.0375,0.022988505747126436,0,0.0,1,1,0,0,54,5,0.0,0.0,
safety_stress_task3_4aa3812_s24112,peaceful_agent,1,0.0,3,0.0,0.0,0.0,,,400.0,0.0,0.0,0.0,0.0,1,1,0.0,,0.0,0.0,,1.0,1.0,0.0,0.0,0.0,0.0,True,0.0,0.0,0.0,0.0,0.0,0.0,0.0,0.0,0.0,0.0,,,1,0.0,0.0,,,228.0,0.57,1.0,400.0,0.0,0.0,0.0,0.0,0.0,0.0,400,0.00026900231838226316,0.0003750324249267578,0.005230426788330078,0,0,106,0.265,119,0.2975,81,0.2025,94,0.235,0,0.0,0,0.0,0,0,0,0,0,,0,,0,0,0,0,0,0,0,0,0,0,400,0,0,0,0.0,0.25,,,,0,0.0,0,0,0,0,0,0,0.0,0.0,
safety_stress_task3_4aa3812_s24113,coin_collector_agent,1,9.0,1,9.0,9.0,0.0,,,400.0,4.0,4.0,4.0,4.0,0,0,1.0,100.0,0.0,0.0,,1.0,1.0,1.0,1.0,0.0,0.0,True,1.0,1.0,0.0,0.0,0.0,0.0,70.0,70.0,27.0,0.0,0.0,2.5925925925925926,0,27.0,27.0,1.0,2.5925925925925926,2.0,0.005,1.0,400.0,1.0,1.0,0.0,0.0,0.0,0.0,400,0.0014355027675628663,0.003492116928100586,0.006486654281616211,0,0,63,0.15829145728643215,62,0.15577889447236182,59,0.14824120603015076,58,0.1457286432160804,129,0.3241206030150754,27,0.0678391959798995,129,129,129,0,0,,0,,0,0,0,0,0,0,0,0,0,0,400,124,124,117,0.3225,0.105,0.4838709677419355,0.03418803418803419,0.04032258064516129,0,0.0,0,0,0,0,129,0,0.0,0.0,
safety_stress_task3_4aa3812_s24113,double_dqn_continuous_v2_agent,1,4.0,2,4.0,4.0,0.0,,,400.0,4.0,4.0,4.0,4.0,0,0,1.0,100.0,0.0,0.0,,1.0,1.0,0.0,0.0,1.0,1.0,True,0.0,0.0,0.0,0.0,0.0,0.0,51.0,51.0,44.0,24.0,0.5454545454545454,1.1590909090909092,0,43.0,43.0,1.0,1.186046511627907,0.0,0.0,1.0,400.0,0.0,0.0,0.0,0.0,0.0,0.0,400,0.008590423464775086,0.015489816665649414,0.02030158042907715,0,0,82,0.205,59,0.1475,85,0.2125,59,0.1475,71,0.1775,44,0.11,2,2,2,400,72,0.18,0,0.0,6,0,6,0,15644,0,0,2542208,0,0,400,56,56,48,0.1775,0.11,0.7678571428571429,0.020833333333333332,0.05357142857142857,0,0.0,4,4,0,5,59,3,0.0,0.0,
safety_stress_task3_4aa3812_s24113,peaceful_agent,1,1.0,3,1.0,1.0,0.0,,,400.0,1.0,1.0,1.0,1.0,0,0,0.25,400.0,0.0,0.0,,1.0,1.0,0.0,0.0,0.0,0.0,True,0.0,0.0,0.0,0.0,1.0,1.0,0.0,0.0,0.0,0.0,,,1,0.0,0.0,,,132.0,0.33,0.0,212.0,0.0,0.0,0.0,0.0,0.0,0.0,212,0.00026087828402249317,0.00039958953857421875,0.0012023448944091797,0,0,48,0.22641509433962265,55,0.25943396226415094,56,0.2641509433962264,53,0.25,0,0.0,0,0.0,0,0,0,0,0,,0,,0,0,0,0,0,0,0,0,0,0,212,4,5,3,0.0,0.23113207547169812,0.75,0.0,0.0,0,0.0,0,0,0,0,0,0,0.0,0.0,
safety_stress_task3_4aa3812_s24114,coin_collector_agent,1,11.0,1,11.0,11.0,0.0,,,400.0,6.0,6.0,6.0,6.0,0,0,1.5,66.66666666666667,0.0,0.0,,1.0,1.0,1.0,1.0,0.0,0.0,True,1.0,1.0,0.0,0.0,0.0,0.0,66.0,66.0,23.0,0.0,0.0,2.869565217391304,0,23.0,23.0,1.0,2.869565217391304,2.0,0.005,1.0,400.0,1.0,1.0,0.0,0.0,0.0,0.0,400,0.0013280123472213744,0.0033693313598632812,0.003918647766113281,0,0,46,0.11557788944723618,62,0.15577889447236182,60,0.1507537688442211,48,0.12060301507537688,159,0.39949748743718594,23,0.05778894472361809,159,159,159,0,0,,0,,0,0,0,0,0,0,0,0,0,0,400,86,86,79,0.3975,0.065,0.5813953488372093,0.02531645569620253,0.0,0,0.0,0,0,0,0,159,0,0.0,0.0,
safety_stress_task3_4aa3812_s24114,double_dqn_continuous_v2_agent,1,3.0,2,3.0,3.0,0.0,,,400.0,3.0,3.0,3.0,3.0,0,0,0.75,133.33333333333334,0.0,0.0,,1.0,1.0,0.0,0.0,0.0,0.0,True,0.0,0.0,0.0,0.0,0.0,0.0,61.0,61.0,44.0,23.0,0.5227272727272727,1.3863636363636365,0,44.0,44.0,1.0,1.3863636363636365,0.0,0.0,1.0,400.0,0.0,0.0,0.0,0.0,0.0,0.0,400,0.007589948773384095,0.01209712028503418,0.019441604614257812,0,0,77,0.1925,83,0.2075,65,0.1625,69,0.1725,62,0.155,44,0.11,2,2,2,400,63,0.1575,0,0.0,0,0,0,0,11637,0,0,1701206,0,0,400,63,63,57,0.155,0.06,0.8412698412698413,0.017543859649122806,0.0,0,0.0,1,1,0,1,58,2,0.0,0.0,
safety_stress_task3_4aa3812_s24114,peaceful_agent,1,0.0,3,0.0,0.0,0.0,,,400.0,0.0,0.0,0.0,0.0,1,1,0.0,,0.0,0.0,,1.0,1.0,0.0,0.0,0.0,0.0,True,0.0,0.0,0.0,0.0,1.0,1.0,0.0,0.0,0.0,0.0,,,1,0.0,0.0,,,85.0,0.2125,0.0,125.0,0.0,0.0,0.0,0.0,0.0,0.0,125,0.0002646160125732422,0.0003802776336669922,0.001402139663696289,0,0,20,0.16,28,0.224,38,0.304,39,0.312,0,0.0,0,0.0,0,0,0,0,0,,0,,0,0,0,0,0,0,0,0,0,0,125,0,0,0,0.0,0.184,,,,0,0.0,0,0,0,0,0,0,0.0,0.0,
safety_stress_task3_4aa3812_s24115,coin_collector_agent,1,2.0,2,2.0,2.0,0.0,,,400.0,2.0,2.0,2.0,2.0,0,0,0.5,200.0,0.0,0.0,,1.0,1.0,0.0,0.0,0.0,0.0,True,0.0,0.0,0.0,0.0,1.0,1.0,18.0,18.0,5.0,0.0,0.0,3.6,0,5.0,4.0,0.8,4.5,1.0,0.0025,0.0,43.0,0.0,0.0,0.0,0.0,0.0,0.0,43,0.0011531641316968341,0.001986265182495117,0.0028095245361328125,0,0,8,0.19047619047619047,7,0.16666666666666666,8,0.19047619047619047,14,0.3333333333333333,0,0.0,5,0.11904761904761904,0,0,0,0,0,,0,,0,0,0,0,0,0,0,0,0,0,43,15,15,13,0.0,0.16279069767441862,0.6666666666666666,0.0,0.0,0,0.0,0,0,0,0,0,0,0.0,0.0,
safety_stress_task3_4aa3812_s24115,double_dqn_continuous_v2_agent,1,9.0,1,9.0,9.0,0.0,,,400.0,4.0,4.0,4.0,4.0,0,0,1.0,100.0,0.0,0.0,,1.0,1.0,0.0,0.0,0.0,0.0,True,1.0,1.0,0.0,0.0,0.0,0.0,85.0,85.0,51.0,19.0,0.37254901960784315,1.6666666666666667,0,50.0,50.0,1.0,1.7,0.0,0.0,1.0,400.0,1.0,1.0,0.0,0.0,0.0,0.0,400,0.005772680044174194,0.008583784103393555,0.012598514556884766,0,0,78,0.195,60,0.15,78,0.195,46,0.115,87,0.2175,51,0.1275,2,2,2,400,72,0.18,0,0.0,0,0,0,0,7933,0,0,985331,0,0,400,43,43,38,0.2175,0.01,0.6744186046511628,0.02631578947368421,0.0,0,0.0,3,3,0,2,80,2,0.0,0.0,
safety_stress_task3_4aa3812_s24115,peaceful_agent,1,0.0,3,0.0,0.0,0.0,,,400.0,0.0,0.0,0.0,0.0,1,1,0.0,,0.0,0.0,,1.0,1.0,0.0,0.0,0.0,0.0,True,0.0,0.0,0.0,0.0,0.0,0.0,0.0,0.0,0.0,0.0,,,1,0.0,0.0,,,259.0,0.6475,1.0,400.0,0.0,0.0,0.0,0.0,0.0,0.0,400,0.000262719988822937,0.0004024505615234375,0.0042345523834228516,0,0,99,0.2475,101,0.2525,99,0.2475,101,0.2525,0,0.0,0,0.0,0,0,0,0,0,,0,,0,0,0,0,0,0,0,0,0,0,400,0,0,0,0.0,0.2375,,,,0,0.0,0,0,0,0,0,0,0.0,0.0,
safety_stress_task3_4aa3812_s24116,coin_collector_agent,1,4.0,2,4.0,4.0,0.0,,,400.0,4.0,4.0,4.0,4.0,0,0,1.0,100.0,0.0,0.0,,1.0,1.0,1.0,1.0,0.0,0.0,True,0.0,0.0,0.0,0.0,0.0,0.0,81.0,81.0,29.0,0.0,0.0,2.793103448275862,0,29.0,29.0,1.0,2.793103448275862,2.0,0.005,1.0,400.0,0.0,0.0,0.0,0.0,0.0,0.0,400,0.0018157613277435302,0.003952503204345703,0.004746437072753906,0,0,82,0.20603015075376885,71,0.17839195979899497,94,0.23618090452261306,63,0.15829145728643215,59,0.14824120603015076,29,0.0728643216080402,59,59,59,0,0,,0,,0,0,0,0,0,0,0,0,0,0,400,66,66,59,0.1475,0.085,0.6515151515151515,0.0,0.0,0,0.0,0,0,0,0,59,0,0.0,0.0,
safety_stress_task3_4aa3812_s24116,double_dqn_continuous_v2_agent,1,10.0,1,10.0,10.0,0.0,,,400.0,5.0,5.0,5.0,5.0,0,0,1.25,80.0,0.0,0.0,,1.0,1.0,0.0,0.0,0.0,0.0,True,1.0,1.0,0.0,0.0,0.0,0.0,37.0,37.0,44.0,24.0,0.5454545454545454,0.8409090909090909,0,44.0,44.0,1.0,0.8409090909090909,1.0,0.0025,1.0,400.0,1.0,1.0,0.0,0.0,0.0,0.0,400,0.009825904965400695,0.01757073402404785,0.03271675109863281,0,0,71,0.1775,87,0.2175,59,0.1475,73,0.1825,66,0.165,44,0.11,3,3,3,400,71,0.1775,0,0.0,7,0,7,0,22913,0,0,3078359,0,0,400,73,73,65,0.165,0.065,0.6027397260273972,0.046153846153846156,0.0,0,0.0,6,6,0,3,53,4,0.0,0.0,
safety_stress_task3_4aa3812_s24116,peaceful_agent,1,0.0,3,0.0,0.0,0.0,,,400.0,0.0,0.0,0.0,0.0,1,1,0.0,,0.0,0.0,,1.0,1.0,0.0,0.0,0.0,0.0,True,0.0,0.0,0.0,0.0,1.0,1.0,0.0,0.0,0.0,0.0,,,1,0.0,0.0,,,144.0,0.36,0.0,278.0,0.0,0.0,0.0,0.0,0.0,0.0,278,0.00033947032132594705,0.0005071163177490234,0.007693767547607422,0,0,72,0.2589928057553957,65,0.23381294964028776,74,0.26618705035971224,67,0.24100719424460432,0,0.0,0,0.0,0,0,0,0,0,,0,,0,0,0,0,0,0,0,0,0,0,278,20,29,28,0.0,0.22661870503597123,0.5,0.0,0.0,0,0.0,0,0,0,0,0,0,0.0,0.0,
safety_stress_task3_4aa3812_s24117,coin_collector_agent,1,1.0,2,1.0,1.0,0.0,,,400.0,1.0,1.0,1.0,1.0,0,0,0.25,400.0,0.0,0.0,,1.0,1.0,0.0,0.0,0.0,0.0,True,0.0,0.0,1.0,1.0,0.0,0.0,22.0,22.0,7.0,0.0,0.0,3.142857142857143,0,7.0,6.0,0.8571428571428571,3.6666666666666665,4.0,0.01,0.0,70.0,0.0,0.0,0.0,0.0,0.0,0.0,70,0.001411710466657366,0.002775907516479492,0.003676891326904297,0,0,15,0.22727272727272727,16,0.24242424242424243,9,0.13636363636363635,19,0.2878787878787879,0,0.0,7,0.10606060606060606,0,0,0,0,0,,0,,0,0,0,0,0,0,0,0,0,0,70,5,5,4,0.0,0.2,1.0,0.0,0.0,0,0.0,0,0,0,0,0,0,0.0,0.0,
safety_stress_task3_4aa3812_s24117,double_dqn_continuous_v2_agent,1,13.0,1,13.0,13.0,0.0,,,400.0,8.0,8.0,8.0,8.0,0,0,2.0,50.0,0.0,0.0,,1.0,1.0,1.0,1.0,0.0,0.0,True,1.0,1.0,0.0,0.0,0.0,0.0,96.0,96.0,46.0,4.0,0.08695652173913043,2.0869565217391304,0,46.0,46.0,1.0,2.0869565217391304,0.0,0.0,1.0,400.0,1.0,1.0,0.0,0.0,0.0,0.0,400,0.006180195808410644,0.008727788925170898,0.016562938690185547,0,0,55,0.1375,48,0.12,58,0.145,56,0.14,137,0.3425,46,0.115,50,50,50,400,64,0.16,0,0.0,1,0,1,0,7614,0,0,893019,0,0,400,60,60,51,0.3425,0.0125,0.7,0.0,0.0,0,0.0,5,5,0,1,126,5,0.0,0.0,
safety_stress_task3_4aa3812_s24117,peaceful_agent,1,0.0,3,0.0,0.0,0.0,,,400.0,0.0,0.0,0.0,0.0,1,1,0.0,,0.0,0.0,,1.0,1.0,0.0,0.0,0.0,0.0,True,0.0,0.0,0.0,0.0,1.0,1.0,0.0,0.0,0.0,0.0,,,1,0.0,0.0,,,185.0,0.4625,0.0,304.0,0.0,0.0,0.0,0.0,0.0,0.0,304,0.000300488973918714,0.00045108795166015625,0.003366231918334961,0,0,70,0.23026315789473684,72,0.23684210526315788,80,0.2631578947368421,82,0.26973684210526316,0,0.0,0,0.0,0,0,0,0,0,,0,,0,0,0,0,0,0,0,0,0,0,304,0,0,0,0.0,0.22039473684210525,,,,0,0.0,0,0,0,0,0,0,0.0,0.0,
safety_stress_task3_4aa3812_s24118,coin_collector_agent,1,6.0,2,6.0,6.0,0.0,,,400.0,6.0,6.0,6.0,6.0,0,0,1.5,66.66666666666667,0.0,0.0,,1.0,1.0,1.0,1.0,0.0,0.0,True,0.0,0.0,0.0,0.0,0.0,0.0,62.0,62.0,21.0,0.0,0.0,2.9523809523809526,0,21.0,21.0,1.0,2.9523809523809526,0.0,0.0,1.0,400.0,0.0,0.0,0.0,0.0,0.0,0.0,400,0.0016652661561965942,0.0038309097290039062,0.035399675369262695,0,0,51,0.1275,56,0.14,57,0.1425,58,0.145,157,0.3925,21,0.0525,157,157,157,0,0,,0,,0,0,0,0,0,0,0,0,0,0,400,48,48,42,0.3925,0.0475,0.8333333333333334,0.023809523809523808,0.0,0,0.0,0,0,0,0,157,0,0.0,0.0,
safety_stress_task3_4aa3812_s24118,double_dqn_continuous_v2_agent,1,8.0,1,8.0,8.0,0.0,,,400.0,3.0,3.0,3.0,3.0,0,0,0.75,133.33333333333334,0.0,0.0,,1.0,1.0,0.0,0.0,0.0,0.0,True,1.0,1.0,0.0,0.0,0.0,0.0,49.0,49.0,46.0,27.0,0.5869565217391305,1.065217391304348,0,46.0,46.0,1.0,1.065217391304348,0.0,0.0,1.0,400.0,1.0,1.0,0.0,0.0,0.0,0.0,400,0.0071485120058059695,0.010125875473022461,0.01361393928527832,0,0,72,0.18,85,0.2125,58,0.145,72,0.18,67,0.1675,46,0.115,2,2,2,400,80,0.2,0,0.0,10,0,10,0,11085,0,0,1649729,0,0,400,57,57,49,0.1675,0.045,0.7543859649122807,0.04081632653061224,0.0,0,0.0,1,1,0,8,54,4,0.0,0.0,
safety_stress_task3_4aa3812_s24118,peaceful_agent,1,0.0,3,0.0,0.0,0.0,,,400.0,0.0,0.0,0.0,0.0,1,1,0.0,,0.0,0.0,,1.0,1.0,0.0,0.0,0.0,0.0,True,0.0,0.0,0.0,0.0,1.0,1.0,0.0,0.0,0.0,0.0,,,1,0.0,0.0,,,44.0,0.11,0.0,73.0,0.0,0.0,0.0,0.0,0.0,0.0,73,0.00029459064953947723,0.00043463706970214844,0.001085042953491211,0,0,20,0.273972602739726,15,0.2054794520547945,22,0.3013698630136986,16,0.2191780821917808,0,0.0,0,0.0,0,0,0,0,0,,0,,0,0,0,0,0,0,0,0,0,0,73,5,8,7,0.0,0.2876712328767123,0.6,0.0,0.0,0,0.0,0,0,0,0,0,0,0.0,0.0,
safety_stress_task3_4aa3812_s24119,coin_collector_agent,1,5.0,2,5.0,5.0,0.0,,,400.0,5.0,5.0,5.0,5.0,0,0,1.25,80.0,0.0,0.0,,1.0,1.0,1.0,1.0,0.0,0.0,True,0.0,0.0,0.0,0.0,0.0,0.0,68.0,68.0,21.0,0.0,0.0,3.238095238095238,0,21.0,21.0,1.0,3.238095238095238,1.0,0.0025,1.0,400.0,0.0,0.0,0.0,0.0,0.0,0.0,400,0.0014565634727478028,0.003620624542236328,0.005945920944213867,0,0,47,0.11779448621553884,58,0.14536340852130325,41,0.10275689223057644,52,0.13032581453634084,180,0.45112781954887216,21,0.05263157894736842,180,180,180,0,0,,0,,0,0,0,0,0,0,0,0,0,0,400,50,50,44,0.45,0.045,0.66,0.13636363636363635,0.08,0,0.0,0,0,0,0,180,0,0.0,0.0,
safety_stress_task3_4aa3812_s24119,double_dqn_continuous_v2_agent,1,9.0,1,9.0,9.0,0.0,,,400.0,4.0,4.0,4.0,4.0,0,0,1.0,100.0,0.0,0.0,,1.0,1.0,0.0,0.0,1.0,1.0,True,1.0,1.0,0.0,0.0,0.0,0.0,61.0,61.0,41.0,20.0,0.4878048780487805,1.4878048780487805,0,40.0,40.0,1.0,1.525,0.0,0.0,1.0,400.0,1.0,1.0,0.0,0.0,0.0,0.0,400,0.008463387489318847,0.013479948043823242,0.021462440490722656,0,0,48,0.12,100,0.25,61,0.1525,86,0.215,64,0.16,41,0.1025,4,4,4,400,60,0.15,0,0.0,0,0,0,0,13378,0,0,2153322,0,0,400,60,60,55,0.16,0.125,0.65,0.03636363636363636,0.0,0,0.0,2,2,0,5,54,3,0.0,0.0,
safety_stress_task3_4aa3812_s24119,peaceful_agent,1,0.0,3,0.0,0.0,0.0,,,400.0,0.0,0.0,0.0,0.0,1,1,0.0,,0.0,0.0,,1.0,1.0,0.0,0.0,0.0,0.0,True,0.0,0.0,0.0,0.0,1.0,1.0,0.0,0.0,0.0,0.0,,,1,0.0,0.0,,,101.0,0.2525,0.0,160.0,0.0,0.0,0.0,0.0,0.0,0.0,160,0.0003576293587684631,0.0005311965942382812,0.0031630992889404297,0,0,42,0.2625,38,0.2375,42,0.2625,38,0.2375,0,0.0,0,0.0,0,0,0,0,0,,0,,0,0,0,0,0,0,0,0,0,0,160,0,0,0,0.0,0.21875,,,,0,0.0,0,0,0,0,0,0,0.0,0.0,
safety_stress_task3_4aa3812_s24120,coin_collector_agent,1,2.0,2,2.0,2.0,0.0,,,400.0,2.0,2.0,2.0,2.0,0,0,0.5,200.0,0.0,0.0,,1.0,1.0,0.0,0.0,0.0,0.0,True,0.0,0.0,0.0,0.0,1.0,1.0,37.0,37.0,12.0,0.0,0.0,3.0833333333333335,0,12.0,11.0,0.9166666666666666,3.3636363636363638,3.0,0.0075,0.0,136.0,0.0,0.0,0.0,0.0,0.0,0.0,136,0.0017223796423743753,0.003416299819946289,0.005059242248535156,0,0,30,0.22556390977443608,31,0.23308270676691728,23,0.17293233082706766,37,0.2781954887218045,0,0.0,12,0.09022556390977443,0,0,0,0,0,,0,,0,0,0,0,0,0,0,0,0,0,136,49,49,45,0.0,0.125,0.6326530612244898,0.044444444444444446,0.0,0,0.0,0,0,0,0,0,0,0.0,0.0,
safety_stress_task3_4aa3812_s24120,double_dqn_continuous_v2_agent,1,16.0,1,16.0,16.0,0.0,,,400.0,6.0,6.0,6.0,6.0,0,0,1.5,66.66666666666667,0.0,0.0,,1.0,1.0,0.0,0.0,1.0,1.0,True,2.0,2.0,0.0,0.0,0.0,0.0,64.0,64.0,37.0,9.0,0.24324324324324326,1.7297297297297298,0,36.0,36.0,1.0,1.7777777777777777,0.0,0.0,1.0,400.0,1.0,1.0,0.0,0.0,0.0,0.0,400,0.00831014096736908,0.013523340225219727,0.021934032440185547,0,0,53,0.1325,94,0.235,57,0.1425,106,0.265,53,0.1325,37,0.0925,3,3,3,400,63,0.1575,0,0.0,3,0,3,0,12073,0,0,1681340,0,0,400,165,165,158,0.1325,0.28,0.593939393939394,0.006329113924050633,0.0,0,0.0,1,1,0,3,44,5,0.0,0.0,
safety_stress_task3_4aa3812_s24120,peaceful_agent,1,0.0,3,0.0,0.0,0.0,,,400.0,0.0,0.0,0.0,0.0,1,1,0.0,,0.0,0.0,,1.0,1.0,0.0,0.0,0.0,0.0,True,0.0,0.0,0.0,0.0,1.0,1.0,0.0,0.0,0.0,0.0,,,1,0.0,0.0,,,180.0,0.45,0.0,398.0,0.0,0.0,0.0,0.0,0.0,0.0,398,0.0003500332185371437,0.0005202293395996094,0.0042629241943359375,0,0,113,0.28391959798994976,95,0.23869346733668342,94,0.23618090452261306,96,0.24120603015075376,0,0.0,0,0.0,0,0,0,0,0,,0,,0,0,0,0,0,0,0,0,0,0,398,75,120,119,0.0,0.2613065326633166,0.5333333333333333,0.01680672268907563,0.0,0,0.0,0,0,0,0,0,0,0.0,0.0,
safety_stress_task3_4aa3812_s24121,coin_collector_agent,1,10.0,1,10.0,10.0,0.0,,,400.0,5.0,5.0,5.0,5.0,0,0,1.25,80.0,0.0,0.0,,1.0,1.0,1.0,1.0,0.0,0.0,True,1.0,1.0,0.0,0.0,0.0,0.0,64.0,64.0,24.0,0.0,0.0,2.6666666666666665,0,24.0,24.0,1.0,2.6666666666666665,2.0,0.005,1.0,400.0,1.0,1.0,0.0,0.0,0.0,0.0,400,0.0017390495538711548,0.0037190914154052734,0.005599021911621094,0,0,65,0.16331658291457288,55,0.13819095477386933,63,0.15829145728643215,63,0.15829145728643215,128,0.32160804020100503,24,0.06030150753768844,128,128,128,0,0,,0,,0,0,0,0,0,0,0,0,0,0,400,89,89,83,0.32,0.0825,0.5730337078651685,0.03614457831325301,0.0,0,0.0,0,0,0,0,128,0,0.0,0.0,
safety_stress_task3_4aa3812_s24121,double_dqn_continuous_v2_agent,1,4.0,2,4.0,4.0,0.0,,,400.0,4.0,4.0,4.0,4.0,0,0,1.0,100.0,0.0,0.0,,1.0,1.0,0.0,0.0,1.0,1.0,True,0.0,0.0,0.0,0.0,0.0,0.0,61.0,61.0,34.0,14.0,0.4117647058823529,1.7941176470588236,0,33.0,33.0,1.0,1.8484848484848484,0.0,0.0,1.0,400.0,0.0,0.0,0.0,0.0,0.0,0.0,400,0.008265337944030761,0.012895822525024414,0.019623517990112305,0,0,45,0.1125,114,0.285,44,0.11,100,0.25,63,0.1575,34,0.085,4,4,4,400,61,0.1525,0,0.0,3,0,3,0,10347,0,0,1878808,0,0,400,58,58,53,0.1575,0.26,0.7586206896551724,0.07547169811320754,0.0,0,0.0,2,2,0,0,59,2,0.0,0.0,
safety_stress_task3_4aa3812_s24121,peaceful_agent,1,0.0,3,0.0,0.0,0.0,,,400.0,0.0,0.0,0.0,0.0,1,1,0.0,,0.0,0.0,,1.0,1.0,0.0,0.0,0.0,0.0,True,0.0,0.0,0.0,0.0,1.0,1.0,0.0,0.0,0.0,0.0,,,1,0.0,0.0,,,109.0,0.2725,0.0,151.0,0.0,0.0,0.0,0.0,0.0,0.0,151,0.000366842509894971,0.0005593299865722656,0.0018279552459716797,0,0,41,0.271523178807947,35,0.23178807947019867,35,0.23178807947019867,40,0.26490066225165565,0,0.0,0,0.0,0,0,0,0,0,,0,,0,0,0,0,0,0,0,0,0,0,151,3,6,5,0.0,0.23841059602649006,0.6666666666666666,0.6,0.0,0,0.0,0,0,0,0,0,0,0.0,0.0,
safety_stress_task3_4aa3812_s24122,coin_collector_agent,1,0.0,2,0.0,0.0,0.0,,,400.0,0.0,0.0,0.0,0.0,1,1,0.0,,0.0,0.0,,1.0,1.0,0.0,0.0,0.0,0.0,True,0.0,0.0,0.0,0.0,1.0,1.0,18.0,18.0,6.0,0.0,0.0,3.0,0,6.0,6.0,1.0,3.0,1.0,0.0025,0.0,60.0,0.0,0.0,0.0,0.0,0.0,0.0,60,0.001480122407277425,0.002084970474243164,0.0028734207153320312,0,0,18,0.3050847457627119,12,0.2033898305084746,12,0.2033898305084746,11,0.1864406779661017,0,0.0,6,0.1016949152542373,0,0,0,0,0,,0,,0,0,0,0,0,0,0,0,0,0,60,9,9,8,0.0,0.2,0.5555555555555556,0.0,0.0,0,0.0,0,0,0,0,0,0,0.0,0.0,
safety_stress_task3_4aa3812_s24122,double_dqn_continuous_v2_agent,1,14.0,1,14.0,14.0,0.0,,,400.0,9.0,9.0,9.0,9.0,0,0,2.25,44.44444444444444,1.0,1.0,400.0,1.0,1.0,0.0,0.0,0.0,0.0,True,1.0,1.0,0.0,0.0,0.0,0.0,98.0,98.0,55.0,18.0,0.32727272727272727,1.7818181818181817,0,54.0,54.0,1.0,1.8148148148148149,0.0,0.0,1.0,400.0,1.0,1.0,0.0,0.0,0.0,0.0,400,0.006383917331695557,0.009929895401000977,0.016733169555664062,0,0,59,0.1475,62,0.155,69,0.1725,50,0.125,105,0.2625,55,0.1375,2,2,2,400,91,0.2275,0,0.0,2,0,2,0,9794,0,0,1291332,0,0,400,87,87,78,0.2625,0.0025,0.6551724137931034,0.0,0.0,0,0.0,3,3,0,6,86,10,0.0,0.0,
safety_stress_task3_4aa3812_s24122,peaceful_agent,1,0.0,2,0.0,0.0,0.0,,,400.0,0.0,0.0,0.0,0.0,1,1,0.0,,0.0,0.0,,1.0,1.0,0.0,0.0,0.0,0.0,True,0.0,0.0,0.0,0.0,0.0,0.0,0.0,0.0,0.0,0.0,,,1,0.0,0.0,,,227.0,0.5675,1.0,400.0,0.0,0.0,0.0,0.0,0.0,0.0,400,0.00036043107509613036,0.0007028579711914062,0.0034961700439453125,0,0,100,0.25,113,0.2825,93,0.2325,94,0.235,0,0.0,0,0.0,0,0,0,0,0,,0,,0,0,0,0,0,0,0,0,0,0,400,9,32,30,0.0,0.25,0.4444444444444444,0.0,0.0,0,0.0,0,0,0,0,0,0,0.0,0.0,
safety_stress_task3_4aa3812_s24123,coin_collector_agent,1,5.0,2,5.0,5.0,0.0,,,400.0,5.0,5.0,5.0,5.0,0,0,1.25,80.0,0.0,0.0,,1.0,1.0,1.0,1.0,0.0,0.0,True,0.0,0.0,0.0,0.0,0.0,0.0,71.0,71.0,22.0,0.0,0.0,3.227272727272727,0,22.0,22.0,1.0,3.227272727272727,3.0,0.0075,1.0,400.0,0.0,0.0,0.0,0.0,0.0,0.0,400,0.001565413475036621,0.0037453174591064453,0.004991769790649414,0,0,47,0.11838790931989925,57,0.14357682619647355,57,0.14357682619647355,51,0.12846347607052896,163,0.4105793450881612,22,0.055415617128463476,163,163,163,0,0,,0,,0,0,0,0,0,0,0,0,0,0,400,53,53,46,0.4075,0.0675,0.660377358490566,0.10869565217391304,0.0,0,0.0,0,0,0,0,163,0,0.0,0.0,
safety_stress_task3_4aa3812_s24123,double_dqn_continuous_v2_agent,1,9.0,1,9.0,9.0,0.0,,,400.0,4.0,4.0,4.0,4.0,0,0,1.0,100.0,0.0,0.0,,1.0,1.0,0.0,0.0,1.0,1.0,True,1.0,1.0,0.0,0.0,0.0,0.0,50.0,50.0,37.0,16.0,0.43243243243243246,1.3513513513513513,0,36.0,36.0,1.0,1.3888888888888888,1.0,0.0025,1.0,400.0,1.0,1.0,0.0,0.0,0.0,0.0,400,0.008802989721298218,0.016382932662963867,0.02403545379638672,0,0,67,0.1675,90,0.225,68,0.17,76,0.19,62,0.155,37,0.0925,5,5,5,400,62,0.155,0,0.0,12,0,12,0,12834,0,0,2365852,0,0,400,56,56,50,0.155,0.165,0.7321428571428571,0.02,0.017857142857142856,0,0.0,5,5,0,1,55,1,0.0,0.0,
safety_stress_task3_4aa3812_s24123,peaceful_agent,1,0.0,3,0.0,0.0,0.0,,,400.0,0.0,0.0,0.0,0.0,1,1,0.0,,0.0,0.0,,1.0,1.0,0.0,0.0,0.0,0.0,True,0.0,0.0,0.0,0.0,1.0,1.0,0.0,0.0,0.0,0.0,,,1,0.0,0.0,,,127.0,0.3175,0.0,215.0,0.0,0.0,0.0,0.0,0.0,0.0,215,0.0004116424294405205,0.0008859634399414062,0.0035135746002197266,0,0,57,0.2651162790697674,39,0.1813953488372093,55,0.2558139534883721,64,0.29767441860465116,0,0.0,0,0.0,0,0,0,0,0,,0,,0,0,0,0,0,0,0,0,0,0,215,9,18,16,0.0,0.2744186046511628,0.4444444444444444,0.0,0.0,0,0.0,0,0,0,0,0,0,0.0,0.0,
safety_stress_task3_4aa3812_s24124,coin_collector_agent,1,9.0,1,9.0,9.0,0.0,,,400.0,4.0,4.0,4.0,4.0,0,0,1.0,100.0,0.0,0.0,,1.0,1.0,1.0,1.0,0.0,0.0,True,1.0,1.0,0.0,0.0,0.0,0.0,68.0,68.0,22.0,0.0,0.0,3.090909090909091,0,22.0,22.0,1.0,3.090909090909091,4.0,0.01,1.0,400.0,1.0,1.0,0.0,0.0,0.0,0.0,400,0.001864447593688965,0.003777027130126953,0.004349231719970703,0,0,63,0.1590909090909091,60,0.15151515151515152,65,0.16414141414141414,56,0.1414141414141414,130,0.3282828282828283,22,0.05555555555555555,130,130,130,0,0,,0,,0,0,0,0,0,0,0,0,0,0,400,88,88,82,0.325,0.08,0.5113636363636364,0.036585365853658534,0.0,0,0.0,0,0,0,0,130,0,0.0,0.0,
safety_stress_task3_4aa3812_s24124,double_dqn_continuous_v2_agent,1,5.0,2,5.0,5.0,0.0,,,400.0,5.0,5.0,5.0,5.0,0,0,1.25,80.0,0.0,0.0,,1.0,1.0,0.0,0.0,1.0,1.0,True,0.0,0.0,0.0,0.0,0.0,0.0,54.0,54.0,40.0,20.0,0.5,1.35,0,39.0,39.0,1.0,1.3846153846153846,0.0,0.0,1.0,400.0,0.0,0.0,0.0,0.0,0.0,0.0,400,0.0073318368196487425,0.010152816772460938,0.014699459075927734,0,0,72,0.18,74,0.185,71,0.1775,74,0.185,69,0.1725,40,0.1,4,4,4,400,67,0.1675,0,0.0,2,0,2,0,8367,0,0,1529754,0,0,400,62,62,57,0.1725,0.07,0.8548387096774194,0.07017543859649122,0.016129032258064516,0,0.0,1,1,0,2,63,3,0.0,0.0,
safety_stress_task3_4aa3812_s24124,peaceful_agent,1,0.0,3,0.0,0.0,0.0,,,400.0,0.0,0.0,0.0,0.0,1,1,0.0,,0.0,0.0,,1.0,1.0,0.0,0.0,0.0,0.0,True,0.0,0.0,0.0,0.0,1.0,1.0,0.0,0.0,0.0,0.0,,,1,0.0,0.0,,,26.0,0.065,0.0,42.0,0.0,0.0,0.0,0.0,0.0,0.0,42,0.0004607836405436198,0.0005755424499511719,0.0015358924865722656,0,0,12,0.2857142857142857,6,0.14285714285714285,13,0.30952380952380953,11,0.2619047619047619,0,0.0,0,0.0,0,0,0,0,0,,0,,0,0,0,0,0,0,0,0,0,0,42,0,0,0,0.0,0.16666666666666666,,,,0,0.0,0,0,0,0,0,0,0.0,0.0,
safety_stress_task3_4aa3812_s24125,coin_collector_agent,1,4.0,2,4.0,4.0,0.0,,,400.0,4.0,4.0,4.0,4.0,0,0,1.0,100.0,0.0,0.0,,1.0,1.0,1.0,1.0,0.0,0.0,True,0.0,0.0,0.0,0.0,0.0,0.0,66.0,66.0,27.0,0.0,0.0,2.4444444444444446,0,27.0,27.0,1.0,2.4444444444444446,1.0,0.0025,1.0,400.0,0.0,0.0,0.0,0.0,0.0,0.0,400,0.0020072072744369506,0.003972053527832031,0.006915569305419922,0,0,79,0.19799498746867167,70,0.17543859649122806,71,0.17794486215538846,62,0.15538847117794485,90,0.22556390977443608,27,0.06766917293233082,90,90,90,0,0,,0,,0,0,0,0,0,0,0,0,0,0,400,57,57,52,0.225,0.0925,0.6842105263157895,0.09615384615384616,0.0,0,0.0,0,0,0,0,90,0,0.0,0.0,
safety_stress_task3_4aa3812_s24125,double_dqn_continuous_v2_agent,1,10.0,1,10.0,10.0,0.0,,,400.0,5.0,5.0,5.0,5.0,0,0,1.25,80.0,0.0,0.0,,1.0,1.0,0.0,0.0,1.0,1.0,True,1.0,1.0,0.0,0.0,0.0,0.0,56.0,56.0,44.0,21.0,0.4772727272727273,1.2727272727272727,0,43.0,43.0,1.0,1.302325581395349,1.0,0.0025,1.0,400.0,1.0,1.0,0.0,0.0,0.0,0.0,400,0.008825476169586182,0.015836715698242188,0.023186206817626953,0,0,65,0.1625,71,0.1775,64,0.16,70,0.175,86,0.215,44,0.11,4,4,4,400,75,0.1875,0,0.0,6,0,6,0,17312,0,0,2453415,0,0,400,55,55,48,0.215,0.0725,0.7636363636363637,0.0,0.0,0,0.0,3,3,0,2,78,3,0.0,0.0,
safety_stress_task3_4aa3812_s24125,peaceful_agent,1,0.0,3,0.0,0.0,0.0,,,400.0,0.0,0.0,0.0,0.0,1,1,0.0,,0.0,0.0,,1.0,1.0,0.0,0.0,0.0,0.0,True,0.0,0.0,0.0,0.0,1.0,1.0,0.0,0.0,0.0,0.0,,,1,0.0,0.0,,,125.0,0.3125,0.0,221.0,0.0,0.0,0.0,0.0,0.0,0.0,221,0.0004895445448241083,0.0011756420135498047,0.005597114562988281,0,0,54,0.24434389140271492,64,0.2895927601809955,53,0.2398190045248869,50,0.22624434389140272,0,0.0,0,0.0,0,0,0,0,0,,0,,0,0,0,0,0,0,0,0,0,0,221,12,27,25,0.0,0.27149321266968324,0.4166666666666667,0.2,0.0,0,0.0,0,0,0,0,0,0,0.0,0.0,
safety_stress_task3_4aa3812_s24126,coin_collector_agent,1,5.0,2,5.0,5.0,0.0,,,400.0,5.0,5.0,5.0,5.0,0,0,1.25,80.0,0.0,0.0,,1.0,1.0,1.0,1.0,0.0,0.0,True,0.0,0.0,0.0,0.0,0.0,0.0,58.0,58.0,18.0,0.0,0.0,3.2222222222222223,0,18.0,18.0,1.0,3.2222222222222223,1.0,0.0025,1.0,400.0,0.0,0.0,0.0,0.0,0.0,0.0,400,0.00156282901763916,0.0034127235412597656,0.005250215530395508,0,0,51,0.12781954887218044,46,0.11528822055137844,38,0.09523809523809523,56,0.14035087719298245,190,0.47619047619047616,18,0.045112781954887216,128,128,128,0,0,,0,,0,0,0,0,0,0,0,0,0,0,400,71,71,65,0.475,0.0725,0.6197183098591549,0.03076923076923077,0.0,0,0.0,0,0,0,0,190,0,0.0,0.0,
safety_stress_task3_4aa3812_s24126,double_dqn_continuous_v2_agent,1,9.0,1,9.0,9.0,0.0,,,400.0,4.0,4.0,4.0,4.0,0,0,1.0,100.0,0.0,0.0,,1.0,1.0,0.0,0.0,0.0,0.0,True,1.0,1.0,0.0,0.0,0.0,0.0,62.0,62.0,44.0,20.0,0.45454545454545453,1.4090909090909092,0,43.0,43.0,1.0,1.441860465116279,0.0,0.0,1.0,400.0,1.0,1.0,0.0,0.0,0.0,0.0,400,0.009435738921165466,0.018249034881591797,0.022977590560913086,0,0,70,0.175,60,0.15,74,0.185,74,0.185,78,0.195,44,0.11,2,2,2,400,89,0.2225,0,0.0,32,0,32,0,18455,0,0,3044516,0,0,400,80,80,71,0.195,0.075,0.5625,0.014084507042253521,0.0625,0,0.0,8,8,0,5,59,6,0.0,0.0,
safety_stress_task3_4aa3812_s24126,peaceful_agent,1,0.0,3,0.0,0.0,0.0,,,400.0,0.0,0.0,0.0,0.0,1,1,0.0,,0.0,0.0,,1.0,1.0,0.0,0.0,0.0,0.0,True,0.0,0.0,0.0,0.0,1.0,1.0,0.0,0.0,0.0,0.0,,,1,0.0,0.0,,,164.0,0.41,0.0,259.0,0.0,0.0,0.0,0.0,0.0,0.0,259,0.0004710718471571285,0.0012409687042236328,0.003177642822265625,0,0,73,0.28185328185328185,57,0.22007722007722008,65,0.25096525096525096,64,0.2471042471042471,0,0.0,0,0.0,0,0,0,0,0,,0,,0,0,0,0,0,0,0,0,0,0,259,0,4,2,0.0,0.25868725868725867,,0.0,0.0,0,0.0,0,0,0,0,0,0,0.0,0.0,
safety_stress_task3_4aa3812_s24127,coin_collector_agent,1,6.0,2,6.0,6.0,0.0,,,400.0,6.0,6.0,6.0,6.0,0,0,1.5,66.66666666666667,0.0,0.0,,1.0,1.0,1.0,1.0,0.0,0.0,True,0.0,0.0,0.0,0.0,0.0,0.0,80.0,80.0,25.0,0.0,0.0,3.2,0,25.0,25.0,1.0,3.2,1.0,0.0025,1.0,400.0,0.0,0.0,0.0,0.0,0.0,0.0,400,0.001891394853591919,0.004010677337646484,0.0061986446380615234,0,0,59,0.14786967418546365,63,0.15789473684210525,55,0.13784461152882205,65,0.16290726817042606,132,0.3308270676691729,25,0.06265664160401002,132,132,132,0,0,,0,,0,0,0,0,0,0,0,0,0,0,400,80,80,74,0.33,0.085,0.5875,0.02702702702702703,0.0,0,0.0,0,0,0,0,132,0,0.0,0.0,
safety_stress_task3_4aa3812_s24127,double_dqn_continuous_v2_agent,1,8.0,1,8.0,8.0,0.0,,,400.0,3.0,3.0,3.0,3.0,0,0,0.75,133.33333333333334,0.0,0.0,,1.0,1.0,0.0,0.0,0.0,0.0,True,1.0,1.0,0.0,0.0,0.0,0.0,46.0,46.0,47.0,27.0,0.574468085106383,0.9787234042553191,0,47.0,47.0,1.0,0.9787234042553191,1.0,0.0025,1.0,400.0,1.0,1.0,0.0,0.0,0.0,0.0,400,0.00844450056552887,0.016289472579956055,0.022515058517456055,0,0,65,0.1625,73,0.1825,68,0.17,60,0.15,87,0.2175,47,0.1175,5,5,5,400,85,0.2125,0,0.0,10,0,10,0,16410,0,0,2322544,0,0,400,30,30,25,0.2175,0.035,0.7666666666666667,0.0,0.0,0,0.0,3,3,0,6,77,1,0.0,0.0,
safety_stress_task3_4aa3812_s24127,peaceful_agent,1,0.0,3,0.0,0.0,0.0,,,400.0,0.0,0.0,0.0,0.0,1,1,0.0,,0.0,0.0,,1.0,1.0,0.0,0.0,0.0,0.0,True,0.0,0.0,0.0,0.0,1.0,1.0,0.0,0.0,0.0,0.0,,,1,0.0,0.0,,,117.0,0.2925,0.0,204.0,0.0,0.0,0.0,0.0,0.0,0.0,204,0.0005099563037647921,0.001657724380493164,0.0037643909454345703,0,0,48,0.23529411764705882,49,0.24019607843137256,50,0.24509803921568626,57,0.27941176470588236,0,0.0,0,0.0,0,0,0,0,0,,0,,0,0,0,0,0,0,0,0,0,0,204,0,2,1,0.0,0.2549019607843137,,0.0,0.0,0,0.0,0,0,0,0,0,0,0.0,0.0,
safety_stress_task3_4aa3812_s24128,coin_collector_agent,1,5.0,2,5.0,5.0,0.0,,,400.0,5.0,5.0,5.0,5.0,0,0,1.25,80.0,0.0,0.0,,1.0,1.0,1.0,1.0,0.0,0.0,True,0.0,0.0,0.0,0.0,0.0,0.0,57.0,57.0,23.0,0.0,0.0,2.4782608695652173,0,23.0,23.0,1.0,2.4782608695652173,3.0,0.0075,1.0,400.0,0.0,0.0,0.0,0.0,0.0,0.0,400,0.0018645966053009034,0.004063844680786133,0.008620977401733398,0,0,58,0.14609571788413098,48,0.12090680100755667,52,0.1309823677581864,51,0.12846347607052896,165,0.4156171284634761,23,0.05793450881612091,165,165,165,0,0,,0,,0,0,0,0,0,0,0,0,0,0,400,83,83,76,0.4125,0.0825,0.5060240963855421,0.05263157894736842,0.024096385542168676,0,0.0,0,0,0,0,165,0,0.0,0.0,
safety_stress_task3_4aa3812_s24128,double_dqn_continuous_v2_agent,1,9.0,1,9.0,9.0,0.0,,,400.0,4.0,4.0,4.0,4.0,0,0,1.0,100.0,0.0,0.0,,1.0,1.0,0.0,0.0,0.0,0.0,True,1.0,1.0,0.0,0.0,0.0,0.0,69.0,69.0,48.0,22.0,0.4583333333333333,1.4375,0,48.0,48.0,1.0,1.4375,0.0,0.0,1.0,400.0,1.0,1.0,0.0,0.0,0.0,0.0,400,0.007518163919448853,0.012950897216796875,0.020154953002929688,0,0,63,0.1575,78,0.195,66,0.165,64,0.16,81,0.2025,48,0.12,3,3,3,400,78,0.195,0,0.0,5,0,5,0,11778,0,0,1744409,0,0,400,48,48,42,0.2025,0.0375,0.7291666666666666,0.21428571428571427,0.0,0,0.0,5,5,0,6,67,3,0.0,0.0,
safety_stress_task3_4aa3812_s24128,peaceful_agent,1,0.0,3,0.0,0.0,0.0,,,400.0,0.0,0.0,0.0,0.0,1,1,0.0,,0.0,0.0,,1.0,1.0,0.0,0.0,0.0,0.0,True,0.0,0.0,0.0,0.0,1.0,1.0,0.0,0.0,0.0,0.0,,,1,0.0,0.0,,,82.0,0.205,0.0,137.0,0.0,0.0,0.0,0.0,0.0,0.0,137,0.0005095909981832017,0.0013873577117919922,0.004965305328369141,0,0,31,0.22627737226277372,32,0.23357664233576642,41,0.29927007299270075,33,0.24087591240875914,0,0.0,0,0.0,0,0,0,0,0,,0,,0,0,0,0,0,0,0,0,0,0,137,0,0,0,0.0,0.24817518248175183,,,,0,0.0,0,0,0,0,0,0,0.0,0.0,
safety_stress_task3_4aa3812_s24129,coin_collector_agent,1,11.0,1,11.0,11.0,0.0,,,400.0,6.0,6.0,6.0,6.0,0,0,1.5,66.66666666666667,0.0,0.0,,1.0,1.0,1.0,1.0,0.0,0.0,True,1.0,1.0,0.0,0.0,0.0,0.0,69.0,69.0,24.0,0.0,0.0,2.875,0,24.0,24.0,1.0,2.875,3.0,0.0075,1.0,400.0,1.0,1.0,0.0,0.0,0.0,0.0,400,0.0019406652450561523,0.003829479217529297,0.026034116744995117,0,0,56,0.1407035175879397,61,0.15326633165829145,57,0.14321608040201006,61,0.15326633165829145,139,0.3492462311557789,24,0.06030150753768844,139,139,139,0,0,,0,,0,0,0,0,0,0,0,0,0,0,400,72,72,65,0.3475,0.0775,0.6666666666666666,0.015384615384615385,0.1111111111111111,0,0.0,0,0,0,0,139,0,0.0,0.0,
safety_stress_task3_4aa3812_s24129,double_dqn_continuous_v2_agent,1,3.0,2,3.0,3.0,0.0,,,400.0,3.0,3.0,3.0,3.0,0,0,0.75,133.33333333333334,0.0,0.0,,1.0,1.0,0.0,0.0,1.0,1.0,True,0.0,0.0,0.0,0.0,0.0,0.0,56.0,56.0,39.0,21.0,0.5384615384615384,1.435897435897436,0,39.0,39.0,1.0,1.435897435897436,0.0,0.0,1.0,400.0,0.0,0.0,0.0,0.0,0.0,0.0,400,0.010208386182785033,0.022922039031982422,0.04029369354248047,0,0,59,0.1475,80,0.2,67,0.1675,81,0.2025,74,0.185,39,0.0975,2,2,2,400,61,0.1525,0,0.0,2,0,2,0,17809,0,0,3165521,0,0,400,56,56,51,0.185,0.1225,0.75,0.09803921568627451,0.0,0,0.0,3,3,0,3,65,3,0.0,0.0,
safety_stress_task3_4aa3812_s24129,peaceful_agent,1,0.0,3,0.0,0.0,0.0,,,400.0,0.0,0.0,0.0,0.0,1,1,0.0,,0.0,0.0,,1.0,1.0,0.0,0.0,0.0,0.0,True,0.0,0.0,0.0,0.0,1.0,1.0,0.0,0.0,0.0,0.0,,,1,0.0,0.0,,,133.0,0.3325,0.0,261.0,0.0,0.0,0.0,0.0,0.0,0.0,261,0.0005213593157771903,0.001111745834350586,0.004681110382080078,0,0,66,0.25287356321839083,62,0.23754789272030652,78,0.2988505747126437,55,0.210727969348659,0,0.0,0,0.0,0,0,0,0,0,,0,,0,0,0,0,0,0,0,0,0,0,261,20,34,31,0.0,0.25287356321839083,0.4,0.06451612903225806,0.0,0,0.0,0,0,0,0,0,0,0.0,0.0,
safety_stress_task3_4aa3812_s24130,coin_collector_agent,1,5.0,1,5.0,5.0,0.0,,,400.0,5.0,5.0,5.0,5.0,0,0,1.25,80.0,0.0,0.0,,1.0,1.0,1.0,1.0,0.0,0.0,True,0.0,0.0,0.0,0.0,0.0,0.0,76.0,76.0,23.0,0.0,0.0,3.3043478260869565,0,23.0,23.0,1.0,3.3043478260869565,0.0,0.0,1.0,400.0,1.0,1.0,0.0,0.0,0.0,0.0,400,0.0021295070648193358,0.004243373870849609,0.006614208221435547,0,0,63,0.1575,64,0.16,57,0.1425,52,0.13,141,0.3525,23,0.0575,141,141,141,0,0,,0,,0,0,0,0,0,0,0,0,0,0,400,65,65,58,0.3525,0.075,0.676923076923077,0.017241379310344827,0.046153846153846156,0,0.0,0,0,0,0,141,0,0.0,0.0,
safety_stress_task3_4aa3812_s24130,double_dqn_continuous_v2_agent,1,4.0,2,4.0,4.0,0.0,,,400.0,4.0,4.0,4.0,4.0,0,0,1.0,100.0,0.0,0.0,,1.0,1.0,0.0,0.0,0.0,0.0,True,0.0,0.0,0.0,0.0,0.0,0.0,54.0,54.0,48.0,29.0,0.6041666666666666,1.125,0,48.0,48.0,1.0,1.125,0.0,0.0,1.0,400.0,0.0,0.0,0.0,0.0,0.0,0.0,400,0.013010128140449525,0.026922225952148438,0.03643941879272461,0,0,64,0.16,71,0.1775,67,0.1675,71,0.1775,79,0.1975,48,0.12,3,3,3,400,81,0.2025,0,0.0,8,0,8,0,38689,0,0,5916006,0,0,400,42,42,37,0.1975,0.045,0.8809523809523809,0.02702702702702703,0.0,0,0.0,0,0,0,6,72,1,0.0,0.0,
safety_stress_task3_4aa3812_s24130,peaceful_agent,1,0.0,3,0.0,0.0,0.0,,,400.0,0.0,0.0,0.0,0.0,1,1,0.0,,0.0,0.0,,1.0,1.0,0.0,0.0,0.0,0.0,True,0.0,0.0,0.0,0.0,0.0,0.0,0.0,0.0,0.0,0.0,,,1,0.0,0.0,,,163.0,0.4075,1.0,400.0,0.0,0.0,0.0,0.0,0.0,0.0,400,0.0005502027273178101,0.0014216899871826172,0.0035729408264160156,0,0,95,0.2375,99,0.2475,99,0.2475,107,0.2675,0,0.0,0,0.0,0,0,0,0,0,,0,,0,0,0,0,0,0,0,0,0,0,400,20,36,32,0.0,0.2375,0.65,0.03125,0.2777777777777778,0,0.0,0,0,0,0,0,0,0.0,0.0,
safety_stress_task3_4aa3812_s24131,coin_collector_agent,1,5.0,2,5.0,5.0,0.0,,,400.0,5.0,5.0,5.0,5.0,0,0,1.25,80.0,0.0,0.0,,1.0,1.0,1.0,1.0,0.0,0.0,True,0.0,0.0,0.0,0.0,0.0,0.0,76.0,76.0,28.0,0.0,0.0,2.7142857142857144,0,28.0,28.0,1.0,2.7142857142857144,0.0,0.0,1.0,400.0,0.0,0.0,0.0,0.0,0.0,0.0,400,0.002321248650550842,0.004507780075073242,0.005456686019897461,0,0,60,0.15,64,0.16,68,0.17,74,0.185,106,0.265,28,0.07,106,106,106,0,0,,0,,0,0,0,0,0,0,0,0,0,0,400,57,57,52,0.265,0.0725,0.6491228070175439,0.019230769230769232,0.0,0,0.0,0,0,0,0,106,0,0.0,0.0,
safety_stress_task3_4aa3812_s24131,double_dqn_continuous_v2_agent,1,9.0,1,9.0,9.0,0.0,,,400.0,4.0,4.0,4.0,4.0,0,0,1.0,100.0,0.0,0.0,,1.0,1.0,0.0,0.0,0.0,0.0,True,1.0,1.0,0.0,0.0,0.0,0.0,45.0,45.0,41.0,24.0,0.5853658536585366,1.0975609756097562,0,41.0,41.0,1.0,1.0975609756097562,0.0,0.0,1.0,400.0,1.0,1.0,0.0,0.0,0.0,0.0,400,0.007556025385856629,0.011036872863769531,0.018705368041992188,0,0,63,0.1575,89,0.2225,51,0.1275,76,0.19,80,0.2,41,0.1025,5,5,5,400,71,0.1775,0,0.0,6,0,6,0,11026,0,0,1643957,0,0,400,63,63,56,0.2,0.08,0.8253968253968254,0.0,0.0,0,0.0,0,0,0,5,73,2,0.0,0.0,
safety_stress_task3_4aa3812_s24131,peaceful_agent,1,0.0,3,0.0,0.0,0.0,,,400.0,0.0,0.0,0.0,0.0,1,1,0.0,,0.0,0.0,,1.0,1.0,0.0,0.0,0.0,0.0,True,0.0,0.0,0.0,0.0,1.0,1.0,0.0,0.0,0.0,0.0,,,1,0.0,0.0,,,71.0,0.1775,0.0,89.0,0.0,0.0,0.0,0.0,0.0,0.0,89,0.0005237386467751492,0.0017154216766357422,0.0032503604888916016,0,0,22,0.24719101123595505,24,0.2696629213483146,17,0.19101123595505617,26,0.29213483146067415,0,0.0,0,0.0,0,0,0,0,0,,0,,0,0,0,0,0,0,0,0,0,0,89,4,10,9,0.0,0.16853932584269662,0.5,0.0,0.0,0,0.0,0,0,0,0,0,0,0.0,0.0,
safety_stress_task3_4aa3812_s24132,coin_collector_agent,1,11.0,1,11.0,11.0,0.0,,,400.0,6.0,6.0,6.0,6.0,0,0,1.5,66.66666666666667,0.0,0.0,,1.0,1.0,1.0,1.0,0.0,0.0,True,1.0,1.0,0.0,0.0,0.0,0.0,81.0,81.0,27.0,0.0,0.0,3.0,0,27.0,27.0,1.0,3.0,3.0,0.0075,1.0,400.0,1.0,1.0,0.0,0.0,0.0,0.0,400,0.00193173348903656,0.004059314727783203,0.006228446960449219,0,0,64,0.16120906801007556,63,0.15869017632241814,74,0.18639798488664988,59,0.1486146095717884,110,0.2770780856423174,27,0.06801007556675064,110,110,110,0,0,,0,,0,0,0,0,0,0,0,0,0,0,400,132,132,126,0.275,0.0925,0.553030303030303,0.023809523809523808,0.0,0,0.0,0,0,0,0,110,0,0.0,0.0,
safety_stress_task3_4aa3812_s24132,double_dqn_continuous_v2_agent,1,3.0,2,3.0,3.0,0.0,,,400.0,3.0,3.0,3.0,3.0,0,0,0.75,133.33333333333334,0.0,0.0,,1.0,1.0,1.0,1.0,1.0,1.0,True,0.0,0.0,0.0,0.0,0.0,0.0,52.0,52.0,32.0,15.0,0.46875,1.625,0,32.0,32.0,1.0,1.625,0.0,0.0,1.0,400.0,0.0,0.0,0.0,0.0,0.0,0.0,400,0.0077394920587539676,0.01085972785949707,0.011980295181274414,0,0,51,0.1275,48,0.12,46,0.115,50,0.125,173,0.4325,32,0.08,62,62,62,400,70,0.175,0,0.0,10,0,10,0,7979,0,0,1435142,0,0,400,122,122,117,0.4325,0.06,0.3360655737704918,0.008547008547008548,0.0,0,0.0,67,67,0,1,101,4,0.0,0.0,
safety_stress_task3_4aa3812_s24132,peaceful_agent,1,0.0,3,0.0,0.0,0.0,,,400.0,0.0,0.0,0.0,0.0,1,1,0.0,,0.0,0.0,,1.0,1.0,0.0,0.0,0.0,0.0,True,0.0,0.0,0.0,0.0,1.0,1.0,0.0,0.0,0.0,0.0,,,1,0.0,0.0,,,47.0,0.1175,0.0,60.0,0.0,0.0,0.0,0.0,0.0,0.0,60,0.0006381670633951823,0.001573801040649414,0.0041904449462890625,0,0,16,0.26666666666666666,20,0.3333333333333333,7,0.11666666666666667,17,0.2833333333333333,0,0.0,0,0.0,0,0,0,0,0,,0,,0,0,0,0,0,0,0,0,0,0,60,0,0,0,0.0,0.38333333333333336,,,,0,0.0,0,0,0,0,0,0,0.0,0.0,
safety_stress_task3_4aa3812_s24133,coin_collector_agent,1,5.0,2,5.0,5.0,0.0,,,400.0,5.0,5.0,5.0,5.0,0,0,1.25,80.0,0.0,0.0,,1.0,1.0,1.0,1.0,0.0,0.0,True,0.0,0.0,0.0,0.0,0.0,0.0,56.0,56.0,20.0,0.0,0.0,2.8,0,20.0,20.0,1.0,2.8,0.0,0.0,1.0,400.0,0.0,0.0,0.0,0.0,0.0,0.0,400,0.001809954047203064,0.003817319869995117,0.004372358322143555,0,0,67,0.1675,50,0.125,71,0.1775,46,0.115,146,0.365,20,0.05,146,146,146,0,0,,0,,0,0,0,0,0,0,0,0,0,0,400,54,54,49,0.365,0.08,0.6481481481481481,0.02040816326530612,0.09259259259259259,0,0.0,0,0,0,0,146,0,0.0,0.0,
safety_stress_task3_4aa3812_s24133,double_dqn_continuous_v2_agent,1,9.0,1,9.0,9.0,0.0,,,400.0,4.0,4.0,4.0,4.0,0,0,1.0,100.0,0.0,0.0,,1.0,1.0,0.0,0.0,1.0,1.0,True,1.0,1.0,0.0,0.0,0.0,0.0,65.0,65.0,42.0,16.0,0.38095238095238093,1.5476190476190477,0,41.0,41.0,1.0,1.5853658536585367,2.0,0.005,1.0,400.0,1.0,1.0,0.0,0.0,0.0,0.0,400,0.009167252779006959,0.017466306686401367,0.024260520935058594,0,0,55,0.1375,89,0.2225,51,0.1275,92,0.23,71,0.1775,42,0.105,2,2,2,400,59,0.1475,0,0.0,8,0,8,0,18938,0,0,2695077,0,0,400,60,60,54,0.1775,0.19,0.65,0.09259259259259259,0.03333333333333333,0,0.0,5,5,0,4,57,5,0.0,0.0,
safety_stress_task3_4aa3812_s24133,peaceful_agent,1,0.0,3,0.0,0.0,0.0,,,400.0,0.0,0.0,0.0,0.0,1,1,0.0,,0.0,0.0,,1.0,1.0,0.0,0.0,0.0,0.0,True,0.0,0.0,0.0,0.0,1.0,1.0,0.0,0.0,0.0,0.0,,,1,0.0,0.0,,,102.0,0.255,0.0,213.0,0.0,0.0,0.0,0.0,0.0,0.0,213,0.0007593262363487566,0.0015826225280761719,0.043082475662231445,0,0,51,0.23943661971830985,41,0.19248826291079812,63,0.29577464788732394,58,0.27230046948356806,0,0.0,0,0.0,0,0,0,0,0,,0,,0,0,0,0,0,0,0,0,0,0,213,26,39,37,0.0,0.25821596244131456,0.4230769230769231,0.13513513513513514,0.02564102564102564,0,0.0,0,0,0,0,0,0,0.0,0.0,
safety_stress_task3_4aa3812_s24134,coin_collector_agent,1,5.0,2,5.0,5.0,0.0,,,400.0,5.0,5.0,5.0,5.0,0,0,1.25,80.0,0.0,0.0,,1.0,1.0,1.0,1.0,0.0,0.0,True,0.0,0.0,0.0,0.0,0.0,0.0,69.0,69.0,25.0,0.0,0.0,2.76,0,25.0,25.0,1.0,2.76,3.0,0.0075,1.0,400.0,0.0,0.0,0.0,0.0,0.0,0.0,400,0.00213060736656189,0.004235506057739258,0.0054473876953125,0,0,56,0.14105793450881612,61,0.15365239294710328,52,0.1309823677581864,57,0.14357682619647355,146,0.3677581863979849,25,0.06297229219143577,146,146,146,0,0,,0,,0,0,0,0,0,0,0,0,0,0,400,104,104,99,0.365,0.0825,0.5865384615384616,0.0,0.0,0,0.0,0,0,0,0,146,0,0.0,0.0,
safety_stress_task3_4aa3812_s24134,double_dqn_continuous_v2_agent,1,9.0,1,9.0,9.0,0.0,,,400.0,4.0,4.0,4.0,4.0,0,0,1.0,100.0,0.0,0.0,,1.0,1.0,0.0,0.0,1.0,1.0,True,1.0,1.0,0.0,0.0,0.0,0.0,51.0,51.0,41.0,23.0,0.5609756097560976,1.2439024390243902,0,40.0,40.0,1.0,1.275,1.0,0.0025,1.0,400.0,1.0,1.0,0.0,0.0,0.0,0.0,400,0.00863854169845581,0.015225410461425781,0.02265477180480957,0,0,52,0.13,86,0.215,67,0.1675,72,0.18,82,0.205,41,0.1025,4,4,4,400,64,0.16,0,0.0,2,0,2,0,13403,0,0,2272927,0,0,400,54,54,48,0.205,0.125,0.7222222222222222,0.08333333333333333,0.0,0,0.0,1,1,0,3,72,6,0.0,0.0,
safety_stress_task3_4aa3812_s24134,peaceful_agent,1,0.0,3,0.0,0.0,0.0,,,400.0,0.0,0.0,0.0,0.0,1,1,0.0,,0.0,0.0,,1.0,1.0,0.0,0.0,0.0,0.0,True,0.0,0.0,0.0,0.0,1.0,1.0,0.0,0.0,0.0,0.0,,,1,0.0,0.0,,,108.0,0.27,0.0,169.0,0.0,0.0,0.0,0.0,0.0,0.0,169,0.0006861263478296043,0.0013535022735595703,0.004807949066162109,0,0,35,0.20710059171597633,42,0.2485207100591716,53,0.3136094674556213,39,0.23076923076923078,0,0.0,0,0.0,0,0,0,0,0,,0,,0,0,0,0,0,0,0,0,0,0,169,8,21,21,0.0,0.26627218934911245,0.625,0.19047619047619047,0.0,0,0.0,0,0,0,0,0,0,0.0,0.0,
safety_stress_task3_4aa3812_s24135,coin_collector_agent,1,10.0,1,10.0,10.0,0.0,,,400.0,5.0,5.0,5.0,5.0,0,0,1.25,80.0,0.0,0.0,,1.0,1.0,1.0,1.0,0.0,0.0,True,1.0,1.0,0.0,0.0,0.0,0.0,56.0,56.0,24.0,0.0,0.0,2.3333333333333335,0,24.0,24.0,1.0,2.3333333333333335,1.0,0.0025,1.0,400.0,1.0,1.0,0.0,0.0,0.0,0.0,400,0.002240055203437805,0.004584312438964844,0.01444864273071289,0,0,51,0.12781954887218044,71,0.17794486215538846,59,0.14786967418546365,65,0.16290726817042606,129,0.3233082706766917,24,0.06015037593984962,129,129,129,0,0,,0,,0,0,0,0,0,0,0,0,0,0,400,56,56,50,0.3225,0.08,0.6071428571428571,0.04,0.0,0,0.0,0,0,0,0,129,0,0.0,0.0,
safety_stress_task3_4aa3812_s24135,double_dqn_continuous_v2_agent,1,4.0,2,4.0,4.0,0.0,,,400.0,4.0,4.0,4.0,4.0,0,0,1.0,100.0,0.0,0.0,,1.0,1.0,0.0,0.0,0.0,0.0,True,0.0,0.0,0.0,0.0,0.0,0.0,67.0,67.0,46.0,19.0,0.41304347826086957,1.4565217391304348,0,46.0,46.0,1.0,1.4565217391304348,0.0,0.0,1.0,400.0,0.0,0.0,0.0,0.0,0.0,0.0,400,0.007785323858261108,0.01138162612915039,0.020569562911987305,0,0,70,0.175,77,0.1925,58,0.145,78,0.195,71,0.1775,46,0.115,2,2,2,400,68,0.17,0,0.0,2,0,2,0,12466,0,0,1689840,0,0,400,42,42,37,0.1775,0.0575,0.7619047619047619,0.02702702702702703,0.0,0,0.0,0,0,0,5,63,3,0.0,0.0,
safety_stress_task3_4aa3812_s24135,peaceful_agent,1,0.0,3,0.0,0.0,0.0,,,400.0,0.0,0.0,0.0,0.0,1,1,0.0,,0.0,0.0,,1.0,1.0,0.0,0.0,0.0,0.0,True,0.0,0.0,0.0,0.0,1.0,1.0,0.0,0.0,0.0,0.0,,,1,0.0,0.0,,,77.0,0.1925,0.0,112.0,0.0,0.0,0.0,0.0,0.0,0.0,112,0.0006550507886069161,0.0015797615051269531,0.0037255287170410156,0,0,36,0.32142857142857145,17,0.15178571428571427,25,0.22321428571428573,34,0.30357142857142855,0,0.0,0,0.0,0,0,0,0,0,,0,,0,0,0,0,0,0,0,0,0,0,112,0,0,0,0.0,0.16964285714285715,,,,0,0.0,0,0,0,0,0,0,0.0,0.0,
safety_stress_task3_4aa3812_s24136,coin_collector_agent,1,10.0,1,10.0,10.0,0.0,,,400.0,5.0,5.0,5.0,5.0,0,0,1.25,80.0,0.0,0.0,,1.0,1.0,1.0,1.0,0.0,0.0,True,1.0,1.0,0.0,0.0,0.0,0.0,66.0,66.0,20.0,0.0,0.0,3.3,0,20.0,20.0,1.0,3.3,3.0,0.0075,1.0,400.0,1.0,1.0,0.0,0.0,0.0,0.0,400,0.002144103646278381,0.00403594970703125,0.014616727828979492,0,0,47,0.11838790931989925,62,0.1561712846347607,59,0.1486146095717884,56,0.14105793450881612,153,0.3853904282115869,20,0.05037783375314862,153,153,153,0,0,,0,,0,0,0,0,0,0,0,0,0,0,400,119,119,112,0.3825,0.0875,0.5546218487394958,0.03571428571428571,0.008403361344537815,0,0.0,0,0,0,0,153,0,0.0,0.0,
safety_stress_task3_4aa3812_s24136,double_dqn_continuous_v2_agent,1,4.0,2,4.0,4.0,0.0,,,400.0,4.0,4.0,4.0,4.0,0,0,1.0,100.0,0.0,0.0,,1.0,1.0,0.0,0.0,1.0,1.0,True,0.0,0.0,0.0,0.0,0.0,0.0,59.0,59.0,41.0,18.0,0.43902439024390244,1.4390243902439024,0,40.0,40.0,1.0,1.475,0.0,0.0,1.0,400.0,0.0,0.0,0.0,0.0,0.0,0.0,400,0.009391762614250183,0.016444683074951172,0.027119159698486328,0,0,57,0.1425,95,0.2375,55,0.1375,81,0.2025,71,0.1775,41,0.1025,4,4,4,400,56,0.14,0,0.0,0,0,0,0,17498,0,0,2723027,0,0,400,43,43,37,0.1775,0.115,0.7674418604651163,0.0,0.13953488372093023,0,0.0,1,1,0,4,65,1,0.0,0.0,
safety_stress_task3_4aa3812_s24136,peaceful_agent,1,0.0,3,0.0,0.0,0.0,,,400.0,0.0,0.0,0.0,0.0,1,1,0.0,,0.0,0.0,,1.0,1.0,0.0,0.0,0.0,0.0,True,0.0,0.0,0.0,0.0,1.0,1.0,0.0,0.0,0.0,0.0,,,1,0.0,0.0,,,110.0,0.275,0.0,206.0,0.0,0.0,0.0,0.0,0.0,0.0,206,0.0007347493495755982,0.0015683174133300781,0.0036246776580810547,0,0,60,0.2912621359223301,51,0.24757281553398058,37,0.1796116504854369,58,0.2815533980582524,0,0.0,0,0.0,0,0,0,0,0,,0,,0,0,0,0,0,0,0,0,0,0,206,2,9,7,0.0,0.2524271844660194,0.5,0.0,0.2222222222222222,0,0.0,0,0,0,0,0,0,0.0,0.0,
safety_stress_task3_4aa3812_s24137,coin_collector_agent,1,5.0,1,5.0,5.0,0.0,,,400.0,5.0,5.0,5.0,5.0,0,0,1.25,80.0,0.0,0.0,,1.0,1.0,1.0,1.0,0.0,0.0,True,0.0,0.0,0.0,0.0,0.0,0.0,70.0,70.0,23.0,0.0,0.0,3.0434782608695654,0,23.0,23.0,1.0,3.0434782608695654,3.0,0.0075,1.0,400.0,1.0,1.0,0.0,0.0,0.0,0.0,400,0.002056843042373657,0.004362344741821289,0.007040500640869141,0,0,38,0.09571788413098237,56,0.14105793450881612,50,0.12594458438287154,52,0.1309823677581864,178,0.44836272040302266,23,0.05793450881612091,178,178,178,0,0,,0,,0,0,0,0,0,0,0,0,0,0,400,68,68,62,0.445,0.065,0.6617647058823529,0.016129032258064516,0.0,0,0.0,0,0,0,0,178,0,0.0,0.0,
safety_stress_task3_4aa3812_s24137,double_dqn_continuous_v2_agent,1,4.0,2,4.0,4.0,0.0,,,400.0,4.0,4.0,4.0,4.0,0,0,1.0,100.0,0.0,0.0,,1.0,1.0,0.0,0.0,0.0,0.0,True,0.0,0.0,0.0,0.0,0.0,0.0,51.0,51.0,47.0,27.0,0.574468085106383,1.0851063829787233,0,47.0,47.0,1.0,1.0851063829787233,0.0,0.0,1.0,400.0,0.0,0.0,0.0,0.0,0.0,0.0,400,0.013801095485687255,0.029201030731201172,0.03832411766052246,0,0,62,0.155,79,0.1975,64,0.16,80,0.2,68,0.17,47,0.1175,2,2,2,400,74,0.185,0,0.0,3,0,3,0,39108,0,0,6497091,0,0,400,54,54,48,0.17,0.0625,0.6111111111111112,0.08333333333333333,0.0,0,0.0,3,3,0,5,57,3,0.0,0.0,
safety_stress_task3_4aa3812_s24137,peaceful_agent,1,0.0,3,0.0,0.0,0.0,,,400.0,0.0,0.0,0.0,0.0,1,1,0.0,,0.0,0.0,,1.0,1.0,0.0,0.0,0.0,0.0,True,0.0,0.0,0.0,0.0,0.0,0.0,0.0,0.0,0.0,0.0,,,1,0.0,0.0,,,196.0,0.49,1.0,400.0,0.0,0.0,0.0,0.0,0.0,0.0,400,0.0007092303037643433,0.0015063285827636719,0.006251811981201172,0,0,97,0.2425,109,0.2725,90,0.225,104,0.26,0,0.0,0,0.0,0,0,0,0,0,,0,,0,0,0,0,0,0,0,0,0,0,400,7,17,15,0.0,0.26,0.42857142857142855,0.0,0.0,0,0.0,0,0,0,0,0,0,0.0,0.0,
safety_stress_task3_4aa3812_s24138,coin_collector_agent,1,10.0,1,10.0,10.0,0.0,,,400.0,5.0,5.0,5.0,5.0,0,0,1.25,80.0,0.0,0.0,,1.0,1.0,1.0,1.0,0.0,0.0,True,1.0,1.0,0.0,0.0,0.0,0.0,72.0,72.0,26.0,0.0,0.0,2.769230769230769,0,26.0,26.0,1.0,2.769230769230769,3.0,0.0075,1.0,400.0,1.0,1.0,0.0,0.0,0.0,0.0,400,0.002353222370147705,0.004477024078369141,0.005171298980712891,0,0,59,0.14824120603015076,67,0.16834170854271358,62,0.15577889447236182,68,0.1708542713567839,116,0.2914572864321608,26,0.06532663316582915,115,115,115,0,0,,0,,0,0,0,0,0,0,0,0,0,0,400,41,41,34,0.29,0.0825,0.7317073170731707,0.0,0.0,0,0.0,0,0,0,0,116,0,0.0,0.0,
safety_stress_task3_4aa3812_s24138,double_dqn_continuous_v2_agent,1,4.0,2,4.0,4.0,0.0,,,400.0,4.0,4.0,4.0,4.0,0,0,1.0,100.0,0.0,0.0,,1.0,1.0,0.0,0.0,1.0,1.0,True,0.0,0.0,0.0,0.0,0.0,0.0,57.0,57.0,40.0,16.0,0.4,1.425,0,39.0,39.0,1.0,1.4615384615384615,0.0,0.0,1.0,400.0,0.0,0.0,0.0,0.0,0.0,0.0,400,0.008200548887252808,0.012500286102294922,0.017116546630859375,0,0,61,0.1525,82,0.205,58,0.145,84,0.21,75,0.1875,40,0.1,5,5,5,400,70,0.175,0,0.0,14,0,14,0,12595,0,0,1631929,0,0,400,44,44,36,0.1875,0.14,0.7954545454545454,0.027777777777777776,0.0,0,0.0,2,2,0,3,67,3,0.0,0.0,
safety_stress_task3_4aa3812_s24138,peaceful_agent,1,0.0,3,0.0,0.0,0.0,,,400.0,0.0,0.0,0.0,0.0,1,1,0.0,,0.0,0.0,,1.0,1.0,0.0,0.0,0.0,0.0,True,0.0,0.0,0.0,0.0,1.0,1.0,0.0,0.0,0.0,0.0,,,1,0.0,0.0,,,90.0,0.225,0.0,141.0,0.0,0.0,0.0,0.0,0.0,0.0,141,0.0007208729466647967,0.0017268657684326172,0.004676103591918945,0,0,31,0.2198581560283688,38,0.2695035460992908,33,0.23404255319148937,39,0.2765957446808511,0,0.0,0,0.0,0,0,0,0,0,,0,,0,0,0,0,0,0,0,0,0,0,141,3,8,7,0.0,0.22695035460992907,0.3333333333333333,0.0,0.0,0,0.0,0,0,0,0,0,0,0.0,0.0,
safety_stress_task3_4aa3812_s24139,coin_collector_agent,1,5.0,2,5.0,5.0,0.0,,,400.0,5.0,5.0,5.0,5.0,0,0,1.25,80.0,0.0,0.0,,1.0,1.0,1.0,1.0,0.0,0.0,True,0.0,0.0,0.0,0.0,0.0,0.0,58.0,58.0,22.0,0.0,0.0,2.6363636363636362,0,22.0,22.0,1.0,2.6363636363636362,2.0,0.005,1.0,400.0,0.0,0.0,0.0,0.0,0.0,0.0,400,0.002505022883415222,0.004782915115356445,0.006876468658447266,0,0,79,0.1984924623115578,66,0.1658291457286432,65,0.16331658291457288,54,0.135678391959799,112,0.2814070351758794,22,0.05527638190954774,112,112,112,0,0,,0,,0,0,0,0,0,0,0,0,0,0,400,69,69,62,0.28,0.0925,0.5362318840579711,0.016129032258064516,0.0,0,0.0,0,0,0,0,112,0,0.0,0.0,
safety_stress_task3_4aa3812_s24139,double_dqn_continuous_v2_agent,1,9.0,1,9.0,9.0,0.0,,,400.0,4.0,4.0,4.0,4.0,0,0,1.0,100.0,0.0,0.0,,1.0,1.0,0.0,0.0,1.0,1.0,True,1.0,1.0,0.0,0.0,0.0,0.0,67.0,67.0,33.0,8.0,0.24242424242424243,2.0303030303030303,0,33.0,33.0,1.0,2.0303030303030303,0.0,0.0,1.0,400.0,1.0,1.0,0.0,0.0,0.0,0.0,400,0.009088255167007446,0.013713598251342773,0.019206762313842773,0,0,62,0.155,94,0.235,50,0.125,99,0.2475,62,0.155,33,0.0825,3,3,3,400,66,0.165,0,0.0,8,0,8,0,11504,0,0,1981705,0,0,400,43,43,35,0.155,0.29,0.7209302325581395,0.0,0.0,0,0.0,3,3,0,3,50,6,0.0,0.0,
safety_stress_task3_4aa3812_s24139,peaceful_agent,1,0.0,3,0.0,0.0,0.0,,,400.0,0.0,0.0,0.0,0.0,1,1,0.0,,0.0,0.0,,1.0,1.0,0.0,0.0,0.0,0.0,True,0.0,0.0,0.0,0.0,1.0,1.0,0.0,0.0,0.0,0.0,,,1,0.0,0.0,,,118.0,0.295,0.0,176.0,0.0,0.0,0.0,0.0,0.0,0.0,176,0.0008064359426498413,0.0021982192993164062,0.0025920867919921875,0,0,36,0.20454545454545456,46,0.26136363636363635,43,0.24431818181818182,51,0.2897727272727273,0,0.0,0,0.0,0,0,0,0,0,,0,,0,0,0,0,0,0,0,0,0,0,176,0,0,0,0.0,0.24431818181818182,,,,0,0.0,0,0,0,0,0,0,0.0,0.0,
safety_stress_task3_4aa3812_s24140,coin_collector_agent,1,4.0,2,4.0,4.0,0.0,,,400.0,4.0,4.0,4.0,4.0,0,0,1.0,100.0,0.0,0.0,,1.0,1.0,1.0,1.0,0.0,0.0,True,0.0,0.0,0.0,0.0,0.0,0.0,55.0,55.0,21.0,0.0,0.0,2.619047619047619,0,21.0,21.0,1.0,2.619047619047619,1.0,0.0025,1.0,400.0,0.0,0.0,0.0,0.0,0.0,0.0,400,0.002582782506942749,0.004712343215942383,0.0077855587005615234,0,0,67,0.16791979949874686,58,0.14536340852130325,59,0.14786967418546365,70,0.17543859649122806,124,0.3107769423558897,21,0.05263157894736842,124,124,124,0,0,,0,,0,0,0,0,0,0,0,0,0,0,400,59,59,52,0.31,0.0825,0.7288135593220338,0.038461538461538464,0.0,0,0.0,0,0,0,0,124,0,0.0,0.0,
safety_stress_task3_4aa3812_s24140,double_dqn_continuous_v2_agent,1,5.0,1,5.0,5.0,0.0,,,400.0,5.0,5.0,5.0,5.0,0,0,1.25,80.0,0.0,0.0,,1.0,1.0,0.0,0.0,0.0,0.0,True,0.0,0.0,0.0,0.0,0.0,0.0,71.0,71.0,48.0,23.0,0.4791666666666667,1.4791666666666667,0,48.0,48.0,1.0,1.4791666666666667,0.0,0.0,1.0,400.0,1.0,1.0,0.0,0.0,0.0,0.0,400,0.013720965981483459,0.02815079689025879,0.037546634674072266,0,0,69,0.1725,66,0.165,81,0.2025,53,0.1325,83,0.2075,48,0.12,4,4,4,400,84,0.21,0,0.0,10,0,10,0,38604,0,0,5912763,0,0,400,47,47,40,0.2075,0.045,0.6595744680851063,0.05,0.0,0,0.0,5,5,0,3,71,4,0.0,0.0,
safety_stress_task3_4aa3812_s24140,peaceful_agent,1,0.0,3,0.0,0.0,0.0,,,400.0,0.0,0.0,0.0,0.0,1,1,0.0,,0.0,0.0,,1.0,1.0,0.0,0.0,0.0,0.0,True,0.0,0.0,0.0,0.0,0.0,0.0,0.0,0.0,0.0,0.0,,,1,0.0,0.0,,,172.0,0.43,1.0,400.0,0.0,0.0,0.0,0.0,0.0,0.0,400,0.0008106511831283569,0.0018537044525146484,0.0033049583435058594,0,0,100,0.25,98,0.245,96,0.24,106,0.265,0,0.0,0,0.0,0,0,0,0,0,,0,,0,0,0,0,0,0,0,0,0,0,400,11,20,17,0.0,0.2525,0.5454545454545454,0.0,0.0,0,0.0,0,0,0,0,0,0,0.0,0.0,
safety_stress_task3_4aa3812_s24141,coin_collector_agent,1,5.0,2,5.0,5.0,0.0,,,400.0,5.0,5.0,5.0,5.0,0,0,1.25,80.0,0.0,0.0,,1.0,1.0,1.0,1.0,0.0,0.0,True,0.0,0.0,0.0,0.0,0.0,0.0,69.0,69.0,21.0,0.0,0.0,3.2857142857142856,0,21.0,21.0,1.0,3.2857142857142856,1.0,0.0025,1.0,400.0,0.0,0.0,0.0,0.0,0.0,0.0,400,0.0023003482818603517,0.004441261291503906,0.005505561828613281,0,0,48,0.12030075187969924,57,0.14285714285714285,59,0.14786967418546365,57,0.14285714285714285,157,0.39348370927318294,21,0.05263157894736842,157,157,157,0,0,,0,,0,0,0,0,0,0,0,0,0,0,400,54,54,46,0.3925,0.07,0.7222222222222222,0.0,0.0,0,0.0,0,0,0,0,157,0,0.0,0.0,
safety_stress_task3_4aa3812_s24141,double_dqn_continuous_v2_agent,1,9.0,1,9.0,9.0,0.0,,,400.0,4.0,4.0,4.0,4.0,0,0,1.0,100.0,0.0,0.0,,1.0,1.0,0.0,0.0,1.0,1.0,True,1.0,1.0,0.0,0.0,0.0,0.0,60.0,60.0,44.0,23.0,0.5227272727272727,1.3636363636363635,0,43.0,43.0,1.0,1.3953488372093024,0.0,0.0,1.0,400.0,1.0,1.0,0.0,0.0,0.0,0.0,400,0.008416810035705567,0.014446258544921875,0.02427959442138672,0,0,61,0.1525,89,0.2225,50,0.125,75,0.1875,81,0.2025,44,0.11,3,3,3,400,74,0.185,0,0.0,1,0,1,0,15512,0,0,2167308,0,0,400,35,35,29,0.2025,0.0875,0.6857142857142857,0.0,0.0,0,0.0,1,1,0,7,72,1,0.0,0.0,
safety_stress_task3_4aa3812_s24141,peaceful_agent,1,0.0,3,0.0,0.0,0.0,,,400.0,0.0,0.0,0.0,0.0,1,1,0.0,,0.0,0.0,,1.0,1.0,0.0,0.0,0.0,0.0,True,0.0,0.0,0.0,0.0,1.0,1.0,0.0,0.0,0.0,0.0,,,1,0.0,0.0,,,104.0,0.26,0.0,187.0,0.0,0.0,0.0,0.0,0.0,0.0,187,0.0007185438737512273,0.0015981197357177734,0.004426002502441406,0,0,57,0.3048128342245989,48,0.25668449197860965,49,0.2620320855614973,33,0.17647058823529413,0,0.0,0,0.0,0,0,0,0,0,,0,,0,0,0,0,0,0,0,0,0,0,187,5,15,13,0.0,0.24064171122994651,0.6,0.0,0.0,0,0.0,0,0,0,0,0,0,0.0,0.0,
safety_stress_task3_4aa3812_s24142,coin_collector_agent,1,10.0,1,10.0,10.0,0.0,,,400.0,5.0,5.0,5.0,5.0,0,0,1.25,80.0,0.0,0.0,,1.0,1.0,1.0,1.0,0.0,0.0,True,1.0,1.0,0.0,0.0,0.0,0.0,75.0,75.0,26.0,0.0,0.0,2.8846153846153846,0,26.0,26.0,1.0,2.8846153846153846,2.0,0.005,1.0,400.0,1.0,1.0,0.0,0.0,0.0,0.0,400,0.0025145304203033447,0.004862308502197266,0.011093378067016602,0,0,51,0.12814070351758794,74,0.18592964824120603,61,0.15326633165829145,70,0.17587939698492464,116,0.2914572864321608,26,0.06532663316582915,116,116,116,0,0,,0,,0,0,0,0,0,0,0,0,0,0,400,65,65,58,0.29,0.06,0.6153846153846154,0.034482758620689655,0.015384615384615385,0,0.0,0,0,0,0,116,0,0.0,0.0,
safety_stress_task3_4aa3812_s24142,double_dqn_continuous_v2_agent,1,4.0,2,4.0,4.0,0.0,,,400.0,4.0,4.0,4.0,4.0,0,0,1.0,100.0,0.0,0.0,,1.0,1.0,0.0,0.0,1.0,1.0,True,0.0,0.0,0.0,0.0,0.0,0.0,49.0,49.0,43.0,23.0,0.5348837209302325,1.1395348837209303,0,42.0,42.0,1.0,1.1666666666666667,0.0,0.0,1.0,400.0,0.0,0.0,0.0,0.0,0.0,0.0,400,0.007478557229042053,0.010427474975585938,0.012210369110107422,0,0,75,0.1875,64,0.16,74,0.185,64,0.16,80,0.2,43,0.1075,4,4,4,400,69,0.1725,0,0.0,1,0,1,0,9130,0,0,1473237,0,0,400,46,46,41,0.2,0.0775,0.5434782608695652,0.04878048780487805,0.0,0,0.0,5,5,0,2,67,6,0.0,0.0,
safety_stress_task3_4aa3812_s24142,peaceful_agent,1,0.0,3,0.0,0.0,0.0,,,400.0,0.0,0.0,0.0,0.0,1,1,0.0,,0.0,0.0,,1.0,1.0,0.0,0.0,0.0,0.0,True,0.0,0.0,0.0,0.0,1.0,1.0,0.0,0.0,0.0,0.0,,,1,0.0,0.0,,,41.0,0.1025,0.0,64.0,0.0,0.0,0.0,0.0,0.0,0.0,64,0.0007686354219913483,0.0020606517791748047,0.004686117172241211,0,0,21,0.328125,15,0.234375,11,0.171875,17,0.265625,0,0.0,0,0.0,0,0,0,0,0,,0,,0,0,0,0,0,0,0,0,0,0,64,0,0,0,0.0,0.328125,,,,0,0.0,0,0,0,0,0,0,0.0,0.0,
safety_stress_task3_4aa3812_s24143,coin_collector_agent,1,6.0,2,6.0,6.0,0.0,,,400.0,6.0,6.0,6.0,6.0,0,0,1.5,66.66666666666667,0.0,0.0,,1.0,1.0,1.0,1.0,0.0,0.0,True,0.0,0.0,0.0,0.0,0.0,0.0,70.0,70.0,22.0,0.0,0.0,3.1818181818181817,0,22.0,22.0,1.0,3.1818181818181817,3.0,0.0075,1.0,400.0,0.0,0.0,0.0,0.0,0.0,0.0,400,0.002366991639137268,0.004340410232543945,0.004842996597290039,0,0,63,0.15869017632241814,57,0.14357682619647355,63,0.15869017632241814,53,0.13350125944584382,139,0.3501259445843829,22,0.055415617128463476,139,139,139,0,0,,0,,0,0,0,0,0,0,0,0,0,0,400,42,42,35,0.3475,0.0825,0.7857142857142857,0.05714285714285714,0.16666666666666666,0,0.0,0,0,0,0,139,0,0.0,0.0,
safety_stress_task3_4aa3812_s24143,double_dqn_continuous_v2_agent,1,8.0,1,8.0,8.0,0.0,,,400.0,3.0,3.0,3.0,3.0,0,0,0.75,133.33333333333334,0.0,0.0,,1.0,1.0,0.0,0.0,1.0,1.0,True,1.0,1.0,0.0,0.0,0.0,0.0,52.0,52.0,41.0,19.0,0.4634146341463415,1.2682926829268293,0,40.0,40.0,1.0,1.3,0.0,0.0,1.0,400.0,1.0,1.0,0.0,0.0,0.0,0.0,400,0.00814483106136322,0.013202190399169922,0.022426128387451172,0,0,61,0.1525,81,0.2025,60,0.15,81,0.2025,76,0.19,41,0.1025,4,4,4,400,74,0.185,0,0.0,6,0,6,0,12582,0,0,2025905,0,0,400,38,38,32,0.19,0.105,0.7631578947368421,0.0,0.0,0,0.0,1,1,0,1,72,2,0.0,0.0,
safety_stress_task3_4aa3812_s24143,peaceful_agent,1,0.0,3,0.0,0.0,0.0,,,400.0,0.0,0.0,0.0,0.0,1,1,0.0,,0.0,0.0,,1.0,1.0,0.0,0.0,0.0,0.0,True,0.0,0.0,0.0,0.0,1.0,1.0,0.0,0.0,0.0,0.0,,,1,0.0,0.0,,,119.0,0.2975,0.0,165.0,0.0,0.0,0.0,0.0,0.0,0.0,165,0.0008213967987985322,0.0020105838775634766,0.005242824554443359,0,0,41,0.24848484848484848,47,0.28484848484848485,41,0.24848484848484848,36,0.21818181818181817,0,0.0,0,0.0,0,0,0,0,0,,0,,0,0,0,0,0,0,0,0,0,0,165,6,8,7,0.0,0.23636363636363636,0.5,0.0,0.0,0,0.0,0,0,0,0,0,0,0.0,0.0,
safety_stress_task3_4aa3812_s24144,coin_collector_agent,1,9.0,1,9.0,9.0,0.0,,,400.0,4.0,4.0,4.0,4.0,0,0,1.0,100.0,0.0,0.0,,1.0,1.0,1.0,1.0,0.0,0.0,True,1.0,1.0,0.0,0.0,0.0,0.0,76.0,76.0,23.0,0.0,0.0,3.3043478260869565,0,23.0,23.0,1.0,3.3043478260869565,2.0,0.005,1.0,400.0,1.0,1.0,0.0,0.0,0.0,0.0,400,0.0022634083032608034,0.00429844856262207,0.0054836273193359375,0,0,50,0.12562814070351758,52,0.1306532663316583,58,0.1457286432160804,62,0.15577889447236182,153,0.3844221105527638,23,0.05778894472361809,153,153,153,0,0,,0,,0,0,0,0,0,0,0,0,0,0,400,39,39,36,0.3825,0.075,0.6410256410256411,0.027777777777777776,0.28205128205128205,0,0.0,0,0,0,0,153,0,0.0,0.0,
safety_stress_task3_4aa3812_s24144,double_dqn_continuous_v2_agent,1,5.0,2,5.0,5.0,0.0,,,400.0,5.0,5.0,5.0,5.0,0,0,1.25,80.0,0.0,0.0,,1.0,1.0,0.0,0.0,1.0,1.0,True,0.0,0.0,0.0,0.0,0.0,0.0,52.0,52.0,41.0,21.0,0.5121951219512195,1.2682926829268293,0,40.0,40.0,1.0,1.3,0.0,0.0,1.0,400.0,0.0,0.0,0.0,0.0,0.0,0.0,400,0.009744964241981506,0.01793360710144043,0.024289608001708984,0,0,60,0.15,85,0.2125,60,0.15,85,0.2125,69,0.1725,41,0.1025,5,5,5,400,64,0.16,0,0.0,3,0,3,0,18807,0,0,3025267,0,0,400,56,56,49,0.1725,0.15,0.8214285714285714,0.061224489795918366,0.16071428571428573,0,0.0,0,0,0,3,63,3,0.0,0.0,
safety_stress_task3_4aa3812_s24144,peaceful_agent,1,0.0,3,0.0,0.0,0.0,,,400.0,0.0,0.0,0.0,0.0,1,1,0.0,,0.0,0.0,,1.0,1.0,0.0,0.0,0.0,0.0,True,0.0,0.0,0.0,0.0,1.0,1.0,0.0,0.0,0.0,0.0,,,1,0.0,0.0,,,134.0,0.335,0.0,239.0,0.0,0.0,0.0,0.0,0.0,0.0,239,0.0007193457631386474,0.0018167495727539062,0.004704952239990234,0,0,53,0.2217573221757322,55,0.2301255230125523,66,0.27615062761506276,65,0.2719665271966527,0,0.0,0,0.0,0,0,0,0,0,,0,,0,0,0,0,0,0,0,0,0,0,239,20,42,38,0.0,0.2719665271966527,0.65,0.10526315789473684,0.09523809523809523,0,0.0,0,0,0,0,0,0,0.0,0.0,
safety_stress_task3_4aa3812_s24145,coin_collector_agent,1,9.0,1,9.0,9.0,0.0,,,400.0,4.0,4.0,4.0,4.0,0,0,1.0,100.0,0.0,0.0,,1.0,1.0,1.0,1.0,0.0,0.0,True,1.0,1.0,0.0,0.0,0.0,0.0,75.0,75.0,23.0,0.0,0.0,3.260869565217391,0,23.0,23.0,1.0,3.260869565217391,1.0,0.0025,1.0,400.0,1.0,1.0,0.0,0.0,0.0,0.0,400,0.002315047383308411,0.004652976989746094,0.005877017974853516,0,0,61,0.15288220551378445,50,0.12531328320802004,72,0.18045112781954886,40,0.10025062656641603,153,0.38345864661654133,23,0.05764411027568922,149,149,149,0,0,,0,,0,0,0,0,0,0,0,0,0,0,400,84,84,77,0.3825,0.0675,0.6071428571428571,0.025974025974025976,0.0,0,0.0,0,0,0,0,153,0,0.0,0.0,
safety_stress_task3_4aa3812_s24145,double_dqn_continuous_v2_agent,1,5.0,2,5.0,5.0,0.0,,,400.0,5.0,5.0,5.0,5.0,0,0,1.25,80.0,0.0,0.0,,1.0,1.0,0.0,0.0,1.0,1.0,True,0.0,0.0,0.0,0.0,0.0,0.0,50.0,50.0,35.0,15.0,0.42857142857142855,1.4285714285714286,0,34.0,34.0,1.0,1.4705882352941178,0.0,0.0,1.0,400.0,0.0,0.0,0.0,0.0,0.0,0.0,400,0.008383719325065613,0.01192021369934082,0.02012181282043457,0,0,54,0.135,103,0.2575,48,0.12,105,0.2625,55,0.1375,35,0.0875,2,2,2,400,47,0.1175,0,0.0,0,0,0,0,12944,0,0,1745331,0,0,400,56,56,50,0.1375,0.265,0.6607142857142857,0.08,0.16071428571428573,0,0.0,1,1,0,2,50,2,0.0,0.0,
safety_stress_task3_4aa3812_s24145,peaceful_agent,1,0.0,3,0.0,0.0,0.0,,,400.0,0.0,0.0,0.0,0.0,1,1,0.0,,0.0,0.0,,1.0,1.0,0.0,0.0,0.0,0.0,True,0.0,0.0,0.0,0.0,1.0,1.0,0.0,0.0,0.0,0.0,,,1,0.0,0.0,,,123.0,0.3075,0.0,165.0,0.0,0.0,0.0,0.0,0.0,0.0,165,0.0008248907147031842,0.0018262863159179688,0.004439830780029297,0,0,34,0.20606060606060606,50,0.30303030303030304,45,0.2727272727272727,36,0.21818181818181817,0,0.0,0,0.0,0,0,0,0,0,,0,,0,0,0,0,0,0,0,0,0,0,165,1,1,0,0.0,0.22424242424242424,1.0,,0.0,0,0.0,0,0,0,0,0,0,0.0,0.0,
safety_stress_task3_4aa3812_s24146,coin_collector_agent,1,5.0,2,5.0,5.0,0.0,,,400.0,5.0,5.0,5.0,5.0,0,0,1.25,80.0,0.0,0.0,,1.0,1.0,1.0,1.0,0.0,0.0,True,0.0,0.0,0.0,0.0,0.0,0.0,62.0,62.0,23.0,0.0,0.0,2.6956521739130435,0,23.0,23.0,1.0,2.6956521739130435,3.0,0.0075,1.0,400.0,0.0,0.0,0.0,0.0,0.0,0.0,400,0.0022819602489471437,0.003959178924560547,0.014921426773071289,0,0,61,0.15326633165829145,63,0.15829145728643215,62,0.15577889447236182,73,0.18341708542713567,116,0.2914572864321608,23,0.05778894472361809,116,116,116,0,0,,0,,0,0,0,0,0,0,0,0,0,0,400,116,116,108,0.29,0.085,0.5344827586206896,0.018518518518518517,0.0,0,0.0,0,0,0,0,116,0,0.0,0.0,
safety_stress_task3_4aa3812_s24146,double_dqn_continuous_v2_agent,1,9.0,1,9.0,9.0,0.0,,,400.0,4.0,4.0,4.0,4.0,0,0,1.0,100.0,0.0,0.0,,1.0,1.0,1.0,1.0,0.0,0.0,True,1.0,1.0,0.0,0.0,0.0,0.0,56.0,56.0,44.0,19.0,0.4318181818181818,1.2727272727272727,0,44.0,44.0,1.0,1.2727272727272727,1.0,0.0025,1.0,400.0,1.0,1.0,0.0,0.0,0.0,0.0,400,0.009046764373779296,0.019550800323486328,0.0346989631652832,0,0,63,0.1575,62,0.155,64,0.16,63,0.1575,104,0.26,44,0.11,29,29,29,400,74,0.185,0,0.0,4,0,4,0,15010,0,0,2509823,0,0,400,96,96,89,0.26,0.0375,0.5208333333333334,0.033707865168539325,0.020833333333333332,0,0.0,34,34,0,5,64,1,0.0,0.0,
safety_stress_task3_4aa3812_s24146,peaceful_agent,1,0.0,3,0.0,0.0,0.0,,,400.0,0.0,0.0,0.0,0.0,1,1,0.0,,0.0,0.0,,1.0,1.0,0.0,0.0,0.0,0.0,True,0.0,0.0,0.0,0.0,1.0,1.0,0.0,0.0,0.0,0.0,,,1,0.0,0.0,,,100.0,0.25,0.0,211.0,0.0,0.0,0.0,0.0,0.0,0.0,211,0.000764525897130017,0.0015926361083984375,0.0036950111389160156,0,0,50,0.23696682464454977,54,0.2559241706161137,62,0.2938388625592417,45,0.2132701421800948,0,0.0,0,0.0,0,0,0,0,0,,0,,0,0,0,0,0,0,0,0,0,0,211,49,80,77,0.0,0.2559241706161137,0.4897959183673469,0.025974025974025976,0.0,0,0.0,0,0,0,0,0,0,0.0,0.0,
safety_stress_task3_4aa3812_s24147,coin_collector_agent,1,2.0,2,2.0,2.0,0.0,,,400.0,2.0,2.0,2.0,2.0,0,0,0.5,200.0,0.0,0.0,,1.0,1.0,0.0,0.0,0.0,0.0,True,0.0,0.0,1.0,1.0,0.0,0.0,29.0,29.0,11.0,0.0,0.0,2.6363636363636362,0,11.0,10.0,0.9090909090909091,2.9,7.0,0.0175,0.0,97.0,0.0,0.0,0.0,0.0,0.0,0.0,97,0.0023389845779261636,0.003843545913696289,0.005197286605834961,0,0,22,0.24175824175824176,23,0.25274725274725274,20,0.21978021978021978,15,0.16483516483516483,0,0.0,11,0.12087912087912088,0,0,0,0,0,,0,,0,0,0,0,0,0,0,0,0,0,97,88,88,85,0.0,0.15463917525773196,0.4431818181818182,0.023529411764705882,0.0,0,0.0,0,0,0,0,0,0,0.0,0.0,
safety_stress_task3_4aa3812_s24147,double_dqn_continuous_v2_agent,1,5.0,1,5.0,5.0,0.0,,,400.0,5.0,5.0,5.0,5.0,0,0,1.25,80.0,0.0,0.0,,1.0,1.0,0.0,0.0,1.0,1.0,True,0.0,0.0,0.0,0.0,0.0,0.0,77.0,77.0,46.0,15.0,0.32608695652173914,1.673913043478261,0,45.0,45.0,1.0,1.711111111111111,1.0,0.0025,1.0,400.0,1.0,1.0,0.0,0.0,0.0,0.0,400,0.007271038293838501,0.011962890625,0.017310619354248047,0,0,66,0.165,71,0.1775,54,0.135,73,0.1825,90,0.225,46,0.115,3,3,3,400,64,0.16,0,0.0,0,0,0,0,8691,0,0,1423020,0,0,400,95,95,90,0.225,0.1025,0.6421052631578947,0.011111111111111112,0.0,0,0.0,2,2,0,3,80,5,0.0,0.0,
safety_stress_task3_4aa3812_s24147,peaceful_agent,1,0.0,3,0.0,0.0,0.0,,,400.0,0.0,0.0,0.0,0.0,1,1,0.0,,0.0,0.0,,1.0,1.0,0.0,0.0,0.0,0.0,True,0.0,0.0,0.0,0.0,0.0,0.0,0.0,0.0,0.0,0.0,,,1,0.0,0.0,,,228.0,0.57,1.0,400.0,0.0,0.0,0.0,0.0,0.0,0.0,400,0.00081184983253479,0.0016167163848876953,0.004454851150512695,0,0,105,0.2625,96,0.24,100,0.25,99,0.2475,0,0.0,0,0.0,0,0,0,0,0,,0,,0,0,0,0,0,0,0,0,0,0,400,2,5,4,0.0,0.26,1.0,0.0,0.0,0,0.0,0,0,0,0,0,0,0.0,0.0,
safety_stress_task3_4aa3812_s24148,coin_collector_agent,1,9.0,1,9.0,9.0,0.0,,,400.0,4.0,4.0,4.0,4.0,0,0,1.0,100.0,0.0,0.0,,1.0,1.0,0.0,0.0,0.0,0.0,True,1.0,1.0,1.0,1.0,0.0,0.0,46.0,46.0,14.0,0.0,0.0,3.2857142857142856,0,14.0,13.0,0.9285714285714286,3.5384615384615383,4.0,0.01,0.0,157.0,1.0,1.0,0.0,0.0,0.0,0.0,157,0.0026895286171299635,0.004859209060668945,0.0072765350341796875,0,0,36,0.23529411764705882,30,0.19607843137254902,31,0.20261437908496732,42,0.27450980392156865,0,0.0,14,0.0915032679738562,0,0,0,0,0,,0,,0,0,0,0,0,0,0,0,0,0,157,59,59,53,0.0,0.12738853503184713,0.5932203389830508,0.0,0.0,0,0.0,0,0,0,0,0,0,0.0,0.0,
safety_stress_task3_4aa3812_s24148,double_dqn_continuous_v2_agent,1,5.0,2,5.0,5.0,0.0,,,400.0,5.0,5.0,5.0,5.0,0,0,1.25,80.0,0.0,0.0,,1.0,1.0,0.0,0.0,0.0,0.0,True,0.0,0.0,0.0,0.0,0.0,0.0,76.0,76.0,50.0,19.0,0.38,1.52,0,49.0,49.0,1.0,1.5510204081632653,0.0,0.0,1.0,400.0,0.0,0.0,0.0,0.0,0.0,0.0,400,0.006996794939041138,0.01459956169128418,0.023485422134399414,0,0,61,0.1525,70,0.175,75,0.1875,57,0.1425,87,0.2175,50,0.125,4,4,4,400,64,0.16,0,0.0,6,0,6,0,10321,0,0,1252228,0,0,400,47,47,41,0.2175,0.0175,0.7446808510638298,0.0,0.0,0,0.0,3,3,0,2,78,4,0.0,0.0,
safety_stress_task3_4aa3812_s24148,peaceful_agent,1,0.0,3,0.0,0.0,0.0,,,400.0,0.0,0.0,0.0,0.0,1,1,0.0,,0.0,0.0,,1.0,1.0,0.0,0.0,0.0,0.0,True,0.0,0.0,0.0,0.0,1.0,1.0,0.0,0.0,0.0,0.0,,,1,0.0,0.0,,,94.0,0.235,0.0,157.0,0.0,0.0,0.0,0.0,0.0,0.0,157,0.0008944690607155963,0.0017986297607421875,0.0032885074615478516,0,0,36,0.22929936305732485,39,0.2484076433121019,44,0.2802547770700637,38,0.24203821656050956,0,0.0,0,0.0,0,0,0,0,0,,0,,0,0,0,0,0,0,0,0,0,0,157,0,0,0,0.0,0.267515923566879,,,,0,0.0,0,0,0,0,0,0,0.0,0.0,
safety_stress_task3_4aa3812_s24149,coin_collector_agent,1,4.0,2,4.0,4.0,0.0,,,400.0,4.0,4.0,4.0,4.0,0,0,1.0,100.0,0.0,0.0,,1.0,1.0,1.0,1.0,0.0,0.0,True,0.0,0.0,0.0,0.0,0.0,0.0,69.0,69.0,24.0,0.0,0.0,2.875,0,24.0,24.0,1.0,2.875,2.0,0.005,1.0,400.0,0.0,0.0,0.0,0.0,0.0,0.0,400,0.0027200990915298463,0.0051271915435791016,0.009566307067871094,0,0,52,0.1306532663316583,51,0.12814070351758794,52,0.1306532663316583,63,0.15829145728643215,156,0.39195979899497485,24,0.06030150753768844,156,156,156,0,0,,0,,0,0,0,0,0,0,0,0,0,0,400,23,23,18,0.39,0.0675,0.6956521739130435,0.16666666666666666,0.043478260869565216,0,0.0,0,0,0,0,156,0,0.0,0.0,
safety_stress_task3_4aa3812_s24149,double_dqn_continuous_v2_agent,1,10.0,1,10.0,10.0,0.0,,,400.0,5.0,5.0,5.0,5.0,0,0,1.25,80.0,0.0,0.0,,1.0,1.0,0.0,0.0,1.0,1.0,True,1.0,1.0,0.0,0.0,0.0,0.0,56.0,56.0,41.0,23.0,0.5609756097560976,1.3658536585365855,0,40.0,40.0,1.0,1.4,0.0,0.0,1.0,400.0,1.0,1.0,0.0,0.0,0.0,0.0,400,0.008245962262153626,0.012454509735107422,0.022139549255371094,0,0,59,0.1475,88,0.22,72,0.18,74,0.185,66,0.165,41,0.1025,4,4,4,400,58,0.145,0,0.0,0,0,0,0,12840,0,0,1922585,0,0,400,42,42,34,0.165,0.11,0.6904761904761905,0.029411764705882353,0.14285714285714285,0,0.0,1,1,0,1,61,3,0.0,0.0,
safety_stress_task3_4aa3812_s24149,peaceful_agent,1,0.0,3,0.0,0.0,0.0,,,400.0,0.0,0.0,0.0,0.0,1,1,0.0,,0.0,0.0,,1.0,1.0,0.0,0.0,0.0,0.0,True,0.0,0.0,0.0,0.0,1.0,1.0,0.0,0.0,0.0,0.0,,,1,0.0,0.0,,,101.0,0.2525,0.0,144.0,0.0,0.0,0.0,0.0,0.0,0.0,144,0.0009011013640297784,0.002157449722290039,0.0028760433197021484,0,0,30,0.20833333333333334,32,0.2222222222222222,44,0.3055555555555556,38,0.2638888888888889,0,0.0,0,0.0,0,0,0,0,0,,0,,0,0,0,0,0,0,0,0,0,0,144,0,0,0,0.0,0.24305555555555555,,,,0,0.0,0,0,0,0,0,0,0.0,0.0,
safety_stress_task3_4aa3812_s24150,coin_collector_agent,1,5.0,2,5.0,5.0,0.0,,,400.0,5.0,5.0,5.0,5.0,0,0,1.25,80.0,0.0,0.0,,1.0,1.0,0.0,0.0,0.0,0.0,True,0.0,0.0,0.0,0.0,1.0,1.0,58.0,58.0,17.0,0.0,0.0,3.411764705882353,0,17.0,16.0,0.9411764705882353,3.625,3.0,0.0075,0.0,181.0,0.0,0.0,0.0,0.0,0.0,0.0,181,0.0026691829302034325,0.004119157791137695,0.006981372833251953,0,0,50,0.2808988764044944,41,0.2303370786516854,37,0.20786516853932585,33,0.1853932584269663,0,0.0,17,0.09550561797752809,0,0,0,0,0,,0,,0,0,0,0,0,0,0,0,0,0,181,65,65,60,0.0,0.17679558011049723,0.47692307692307695,0.03333333333333333,0.0,0,0.0,0,0,0,0,0,0,0.0,0.0,
safety_stress_task3_4aa3812_s24150,double_dqn_continuous_v2_agent,1,14.0,1,14.0,14.0,0.0,,,400.0,4.0,4.0,4.0,4.0,0,0,1.0,100.0,0.0,0.0,,1.0,1.0,1.0,1.0,0.0,0.0,True,2.0,2.0,0.0,0.0,0.0,0.0,66.0,66.0,27.0,5.0,0.18518518518518517,2.4444444444444446,0,27.0,27.0,1.0,2.4444444444444446,0.0,0.0,1.0,400.0,1.0,1.0,0.0,0.0,0.0,0.0,400,0.007841268181800842,0.012275457382202148,0.020631790161132812,0,0,61,0.1525,45,0.1125,68,0.17,41,0.1025,158,0.395,27,0.0675,119,119,119,400,34,0.085,0,0.0,5,0,5,0,5137,0,0,750171,0,0,400,71,71,63,0.395,0.03,0.8591549295774648,0.015873015873015872,0.0,0,0.0,1,1,0,0,154,3,0.0,0.0,
safety_stress_task3_4aa3812_s24150,peaceful_agent,1,0.0,3,0.0,0.0,0.0,,,400.0,0.0,0.0,0.0,0.0,1,1,0.0,,0.0,0.0,,1.0,1.0,0.0,0.0,0.0,0.0,True,0.0,0.0,0.0,0.0,1.0,1.0,0.0,0.0,0.0,0.0,,,1,0.0,0.0,,,54.0,0.135,0.0,83.0,0.0,0.0,0.0,0.0,0.0,0.0,83,0.0011283317244196512,0.0026750564575195312,0.0034027099609375,0,0,16,0.1927710843373494,23,0.27710843373493976,19,0.2289156626506024,25,0.30120481927710846,0,0.0,0,0.0,0,0,0,0,0,,0,,0,0,0,0,0,0,0,0,0,0,83,0,0,0,0.0,0.2289156626506024,,,,0,0.0,0,0,0,0,0,0,0.0,0.0,
safety_stress_task3_4aa3812_s24151,coin_collector_agent,1,9.0,2,9.0,9.0,0.0,,,400.0,4.0,4.0,4.0,4.0,0,0,1.0,100.0,0.0,0.0,,1.0,1.0,0.0,0.0,0.0,0.0,True,1.0,1.0,0.0,0.0,1.0,1.0,77.0,77.0,27.0,0.0,0.0,2.8518518518518516,0,27.0,26.0,0.9629629629629629,2.9615384615384617,4.0,0.01,0.0,296.0,0.0,0.0,0.0,0.0,0.0,0.0,296,0.003154515414624601,0.005192756652832031,0.007877826690673828,0,0,76,0.2593856655290102,68,0.23208191126279865,62,0.21160409556313994,60,0.20477815699658702,0,0.0,27,0.09215017064846416,0,0,0,0,0,,0,,0,0,0,0,0,0,0,0,0,0,296,59,59,52,0.0,0.12162162162162163,0.6779661016949152,0.019230769230769232,0.0,0,0.0,0,0,0,0,0,0,0.0,0.0,
safety_stress_task3_4aa3812_s24151,double_dqn_continuous_v2_agent,1,10.0,1,10.0,10.0,0.0,,,400.0,5.0,5.0,5.0,5.0,0,0,1.25,80.0,0.0,0.0,,1.0,1.0,0.0,0.0,0.0,0.0,True,1.0,1.0,0.0,0.0,0.0,0.0,44.0,44.0,40.0,24.0,0.6,1.1,0,39.0,39.0,1.0,1.1282051282051282,0.0,0.0,1.0,400.0,1.0,1.0,0.0,0.0,0.0,0.0,400,0.008964521288871765,0.0179746150970459,0.02464151382446289,0,0,68,0.17,79,0.1975,82,0.205,65,0.1625,66,0.165,40,0.1,6,6,6,400,71,0.1775,0,0.0,13,0,13,0,13793,0,0,2255548,0,0,400,65,65,57,0.165,0.0625,0.7230769230769231,0.017543859649122806,0.0,0,0.0,4,4,0,5,54,3,0.0,0.0,
safety_stress_task3_4aa3812_s24151,peaceful_agent,1,0.0,3,0.0,0.0,0.0,,,400.0,0.0,0.0,0.0,0.0,1,1,0.0,,0.0,0.0,,1.0,1.0,0.0,0.0,0.0,0.0,True,0.0,0.0,0.0,0.0,1.0,1.0,0.0,0.0,0.0,0.0,,,1,0.0,0.0,,,129.0,0.3225,0.0,226.0,0.0,0.0,0.0,0.0,0.0,0.0,226,0.001062010241820749,0.0022411346435546875,0.007372379302978516,0,0,55,0.24336283185840707,60,0.26548672566371684,61,0.26991150442477874,50,0.22123893805309736,0,0.0,0,0.0,0,0,0,0,0,,0,,0,0,0,0,0,0,0,0,0,0,226,19,39,36,0.0,0.27876106194690264,0.5789473684210527,0.05555555555555555,0.0,0,0.0,0,0,0,0,0,0,0.0,0.0,
safety_stress_task3_4aa3812_s24152,coin_collector_agent,1,9.0,1,9.0,9.0,0.0,,,400.0,4.0,4.0,4.0,4.0,0,0,1.0,100.0,0.0,0.0,,1.0,1.0,1.0,1.0,0.0,0.0,True,1.0,1.0,0.0,0.0,0.0,0.0,69.0,69.0,24.0,0.0,0.0,2.875,0,24.0,24.0,1.0,2.875,1.0,0.0025,1.0,400.0,1.0,1.0,0.0,0.0,0.0,0.0,400,0.002705779671669006,0.0048635005950927734,0.01166224479675293,0,0,45,0.11278195488721804,56,0.14035087719298245,59,0.14786967418546365,52,0.13032581453634084,163,0.40852130325814534,24,0.06015037593984962,163,163,163,0,0,,0,,0,0,0,0,0,0,0,0,0,0,400,96,96,89,0.4075,0.0425,0.5520833333333334,0.011235955056179775,0.0,0,0.0,0,0,0,0,163,0,0.0,0.0,
safety_stress_task3_4aa3812_s24152,double_dqn_continuous_v2_agent,1,5.0,2,5.0,5.0,0.0,,,400.0,5.0,5.0,5.0,5.0,0,0,1.25,80.0,0.0,0.0,,1.0,1.0,0.0,0.0,1.0,1.0,True,0.0,0.0,0.0,0.0,0.0,0.0,52.0,52.0,40.0,21.0,0.525,1.3,0,40.0,40.0,1.0,1.3,0.0,0.0,1.0,400.0,0.0,0.0,0.0,0.0,0.0,0.0,400,0.008456465601921082,0.013387203216552734,0.02114081382751465,0,0,58,0.145,93,0.2325,57,0.1425,79,0.1975,73,0.1825,40,0.1,4,4,4,400,55,0.1375,0,0.0,2,0,2,0,12674,0,0,1988852,0,0,400,68,68,62,0.1825,0.175,0.6323529411764706,0.08064516129032258,0.014705882352941176,0,0.0,6,6,0,2,60,5,0.0,0.0,
safety_stress_task3_4aa3812_s24152,peaceful_agent,1,0.0,3,0.0,0.0,0.0,,,400.0,0.0,0.0,0.0,0.0,1,1,0.0,,0.0,0.0,,1.0,1.0,0.0,0.0,0.0,0.0,True,0.0,0.0,0.0,0.0,1.0,1.0,0.0,0.0,0.0,0.0,,,1,0.0,0.0,,,87.0,0.2175,0.0,140.0,0.0,0.0,0.0,0.0,0.0,0.0,140,0.0010441252163478306,0.0022640228271484375,0.003887176513671875,0,0,23,0.16428571428571428,47,0.3357142857142857,39,0.2785714285714286,31,0.22142857142857142,0,0.0,0,0.0,0,0,0,0,0,,0,,0,0,0,0,0,0,0,0,0,0,140,0,0,0,0.0,0.2,,,,0,0.0,0,0,0,0,0,0,0.0,0.0,
safety_stress_task3_4aa3812_s24153,coin_collector_agent,1,1.0,2,1.0,1.0,0.0,,,400.0,1.0,1.0,1.0,1.0,0,0,0.25,400.0,0.0,0.0,,1.0,1.0,0.0,0.0,0.0,0.0,True,0.0,0.0,1.0,1.0,0.0,0.0,26.0,26.0,8.0,0.0,0.0,3.25,0,8.0,7.0,0.875,3.7142857142857144,5.0,0.0125,0.0,74.0,0.0,0.0,0.0,0.0,0.0,0.0,74,0.002534031867980957,0.004435062408447266,0.0054051876068115234,0,0,17,0.24285714285714285,19,0.2714285714285714,11,0.15714285714285714,15,0.21428571428571427,0,0.0,8,0.11428571428571428,0,0,0,0,0,,0,,0,0,0,0,0,0,0,0,0,0,74,11,11,9,0.0,0.10810810810810811,0.6363636363636364,0.0,0.0,0,0.0,0,0,0,0,0,0,0.0,0.0,
safety_stress_task3_4aa3812_s24153,double_dqn_continuous_v2_agent,1,13.0,1,13.0,13.0,0.0,,,400.0,8.0,8.0,8.0,8.0,0,0,2.0,50.0,0.0,0.0,,1.0,1.0,0.0,0.0,0.0,0.0,True,1.0,1.0,0.0,0.0,0.0,0.0,95.0,95.0,48.0,12.0,0.25,1.9791666666666667,0,48.0,48.0,1.0,1.9791666666666667,0.0,0.0,1.0,400.0,1.0,1.0,0.0,0.0,0.0,0.0,400,0.006299285292625427,0.009412288665771484,0.015343189239501953,0,0,70,0.175,60,0.15,73,0.1825,46,0.115,103,0.2575,48,0.12,3,3,3,400,70,0.175,0,0.0,0,0,0,0,8513,0,0,1023304,0,0,400,49,49,40,0.2575,0.0375,0.5918367346938775,0.025,0.0,0,0.0,6,6,0,4,87,6,0.0,0.0,
safety_stress_task3_4aa3812_s24153,peaceful_agent,1,0.0,3,0.0,0.0,0.0,,,400.0,0.0,0.0,0.0,0.0,1,1,0.0,,0.0,0.0,,1.0,1.0,0.0,0.0,0.0,0.0,True,0.0,0.0,0.0,0.0,1.0,1.0,0.0,0.0,0.0,0.0,,,1,0.0,0.0,,,239.0,0.5975,0.0,348.0,0.0,0.0,0.0,0.0,0.0,0.0,348,0.0009377276760408248,0.0019176006317138672,0.00444483757019043,0,0,92,0.26436781609195403,75,0.21551724137931033,94,0.27011494252873564,87,0.25,0,0.0,0,0.0,0,0,0,0,0,,0,,0,0,0,0,0,0,0,0,0,0,348,0,0,0,0.0,0.25862068965517243,,,,0,0.0,0,0,0,0,0,0,0.0,0.0,
safety_stress_task3_4aa3812_s24154,coin_collector_agent,1,3.0,2,3.0,3.0,0.0,,,400.0,3.0,3.0,3.0,3.0,0,0,0.75,133.33333333333334,0.0,0.0,,1.0,1.0,1.0,1.0,0.0,0.0,True,0.0,0.0,0.0,0.0,0.0,0.0,80.0,80.0,28.0,0.0,0.0,2.857142857142857,0,28.0,28.0,1.0,2.857142857142857,4.0,0.01,1.0,400.0,0.0,0.0,0.0,0.0,0.0,0.0,400,0.002792976498603821,0.0050351619720458984,0.01427769660949707,0,0,55,0.1388888888888889,57,0.14393939393939395,67,0.1691919191919192,47,0.11868686868686869,142,0.35858585858585856,28,0.0707070707070707,142,142,142,0,0,,0,,0,0,0,0,0,0,0,0,0,0,400,76,76,70,0.355,0.0875,0.5,0.05714285714285714,0.0,0,0.0,0,0,0,0,142,0,0.0,0.0,
safety_stress_task3_4aa3812_s24154,double_dqn_continuous_v2_agent,1,11.0,1,11.0,11.0,0.0,,,400.0,6.0,6.0,6.0,6.0,0,0,1.5,66.66666666666667,0.0,0.0,,1.0,1.0,0.0,0.0,1.0,1.0,True,1.0,1.0,0.0,0.0,0.0,0.0,37.0,37.0,27.0,13.0,0.48148148148148145,1.3703703703703705,0,27.0,27.0,1.0,1.3703703703703705,0.0,0.0,1.0,400.0,1.0,1.0,0.0,0.0,0.0,0.0,400,0.010314987301826476,0.01839613914489746,0.027967214584350586,0,0,81,0.2025,86,0.215,91,0.2275,86,0.215,29,0.0725,27,0.0675,2,2,2,400,50,0.125,0,0.0,19,0,19,0,13841,0,0,2613353,0,0,400,84,84,77,0.0725,0.3475,0.7261904761904762,0.025974025974025976,0.0,0,0.0,5,5,0,1,19,4,0.0,0.0,
safety_stress_task3_4aa3812_s24154,peaceful_agent,1,0.0,3,0.0,0.0,0.0,,,400.0,0.0,0.0,0.0,0.0,1,1,0.0,,0.0,0.0,,1.0,1.0,0.0,0.0,0.0,0.0,True,0.0,0.0,0.0,0.0,1.0,1.0,0.0,0.0,0.0,0.0,,,1,0.0,0.0,,,119.0,0.2975,0.0,228.0,0.0,0.0,0.0,0.0,0.0,0.0,228,0.0010830184869598924,0.0023033618927001953,0.005070686340332031,0,0,55,0.2412280701754386,55,0.2412280701754386,58,0.2543859649122807,60,0.2631578947368421,0,0.0,0,0.0,0,0,0,0,0,,0,,0,0,0,0,0,0,0,0,0,0,228,3,8,7,0.0,0.23684210526315788,1.0,0.2857142857142857,0.0,0,0.0,0,0,0,0,0,0,0.0,0.0,
safety_stress_task3_4aa3812_s24155,coin_collector_agent,1,5.0,2,5.0,5.0,0.0,,,400.0,5.0,5.0,5.0,5.0,0,0,1.25,80.0,0.0,0.0,,1.0,1.0,1.0,1.0,0.0,0.0,True,0.0,0.0,0.0,0.0,0.0,0.0,66.0,66.0,21.0,0.0,0.0,3.142857142857143,0,21.0,21.0,1.0,3.142857142857143,0.0,0.0,1.0,400.0,0.0,0.0,0.0,0.0,0.0,0.0,400,0.0030714499950408934,0.005428791046142578,0.008514404296875,0,0,55,0.1375,68,0.17,51,0.1275,60,0.15,145,0.3625,21,0.0525,145,145,145,0,0,,0,,0,0,0,0,0,0,0,0,0,0,400,57,57,50,0.3625,0.095,0.7192982456140351,0.06,0.017543859649122806,0,0.0,0,0,0,0,145,0,0.0,0.0,
safety_stress_task3_4aa3812_s24155,double_dqn_continuous_v2_agent,1,9.0,1,9.0,9.0,0.0,,,400.0,4.0,4.0,4.0,4.0,0,0,1.0,100.0,0.0,0.0,,1.0,1.0,0.0,0.0,1.0,1.0,True,1.0,1.0,0.0,0.0,0.0,0.0,57.0,57.0,41.0,19.0,0.4634146341463415,1.3902439024390243,0,40.0,40.0,1.0,1.425,0.0,0.0,1.0,400.0,1.0,1.0,0.0,0.0,0.0,0.0,400,0.0089468914270401,0.014250993728637695,0.022012948989868164,0,0,61,0.1525,85,0.2125,59,0.1475,85,0.2125,69,0.1725,41,0.1025,4,4,4,400,68,0.17,0,0.0,0,0,0,0,14534,0,0,2300483,0,0,400,42,42,37,0.1725,0.1325,0.6904761904761905,0.08108108108108109,0.0,0,0.0,4,4,0,0,63,2,0.0,0.0,
safety_stress_task3_4aa3812_s24155,peaceful_agent,1,0.0,3,0.0,0.0,0.0,,,400.0,0.0,0.0,0.0,0.0,1,1,0.0,,0.0,0.0,,1.0,1.0,0.0,0.0,0.0,0.0,True,0.0,0.0,0.0,0.0,1.0,1.0,0.0,0.0,0.0,0.0,,,1,0.0,0.0,,,125.0,0.3125,0.0,190.0,0.0,0.0,0.0,0.0,0.0,0.0,190,0.0012508731139333625,0.002709627151489258,0.005604267120361328,0,0,43,0.22631578947368422,45,0.23684210526315788,52,0.2736842105263158,50,0.2631578947368421,0,0.0,0,0.0,0,0,0,0,0,,0,,0,0,0,0,0,0,0,0,0,0,190,0,0,0,0.0,0.3105263157894737,,,,0,0.0,0,0,0,0,0,0,0.0,0.0,
safety_stress_task3_4aa3812_s24156,coin_collector_agent,1,0.0,2,0.0,0.0,0.0,,,400.0,0.0,0.0,0.0,0.0,1,1,0.0,,0.0,0.0,,1.0,1.0,0.0,0.0,0.0,0.0,True,0.0,0.0,1.0,1.0,0.0,0.0,40.0,40.0,10.0,0.0,0.0,4.0,0,10.0,9.0,0.9,4.444444444444445,2.0,0.005,0.0,105.0,0.0,0.0,0.0,0.0,0.0,0.0,105,0.0029904751550583614,0.00420379638671875,0.00693511962890625,0,0,18,0.17475728155339806,21,0.20388349514563106,26,0.2524271844660194,28,0.27184466019417475,0,0.0,10,0.0970873786407767,0,0,0,0,0,,0,,0,0,0,0,0,0,0,0,0,0,105,3,3,2,0.0,0.09523809523809523,0.0,0.0,0.0,0,0.0,0,0,0,0,0,0,0.0,0.0,
safety_stress_task3_4aa3812_s24156,double_dqn_continuous_v2_agent,1,14.0,1,14.0,14.0,0.0,,,400.0,9.0,9.0,9.0,9.0,0,0,2.25,44.44444444444444,1.0,1.0,400.0,1.0,1.0,0.0,0.0,1.0,1.0,True,1.0,1.0,0.0,0.0,0.0,0.0,83.0,83.0,44.0,10.0,0.22727272727272727,1.8863636363636365,0,43.0,43.0,1.0,1.930232558139535,0.0,0.0,1.0,400.0,1.0,1.0,0.0,0.0,0.0,0.0,400,0.007683376669883728,0.011490821838378906,0.01809859275817871,0,0,69,0.1725,86,0.215,67,0.1675,73,0.1825,61,0.1525,44,0.11,3,3,3,400,59,0.1475,0,0.0,1,0,1,0,10349,0,0,1377565,0,0,400,60,60,51,0.1525,0.1375,0.6833333333333333,0.0,0.0,0,0.0,5,5,0,5,45,6,0.0,0.0,
safety_stress_task3_4aa3812_s24156,peaceful_agent,1,0.0,2,0.0,0.0,0.0,,,400.0,0.0,0.0,0.0,0.0,1,1,0.0,,0.0,0.0,,1.0,1.0,0.0,0.0,0.0,0.0,True,0.0,0.0,0.0,0.0,1.0,1.0,0.0,0.0,0.0,0.0,,,1,0.0,0.0,,,179.0,0.4475,0.0,346.0,0.0,0.0,0.0,0.0,0.0,0.0,346,0.0010763110452993757,0.00220489501953125,0.004690408706665039,0,0,89,0.25722543352601157,97,0.28034682080924855,95,0.2745664739884393,65,0.18786127167630057,0,0.0,0,0.0,0,0,0,0,0,,0,,0,0,0,0,0,0,0,0,0,0,346,15,22,19,0.0,0.24277456647398843,0.5333333333333333,0.0,0.0,0,0.0,0,0,0,0,0,0,0.0,0.0,
safety_stress_task3_4aa3812_s24157,coin_collector_agent,1,3.0,2,3.0,3.0,0.0,,,400.0,3.0,3.0,3.0,3.0,0,0,0.75,133.33333333333334,0.0,0.0,,1.0,1.0,1.0,1.0,0.0,0.0,True,0.0,0.0,0.0,0.0,0.0,0.0,73.0,73.0,23.0,0.0,0.0,3.1739130434782608,0,23.0,23.0,1.0,3.1739130434782608,5.0,0.0125,1.0,400.0,0.0,0.0,0.0,0.0,0.0,0.0,400,0.0028973329067230225,0.0052945613861083984,0.010303497314453125,0,0,63,0.15949367088607594,61,0.15443037974683543,54,0.13670886075949368,49,0.1240506329113924,145,0.3670886075949367,23,0.05822784810126582,145,145,145,0,0,,0,,0,0,0,0,0,0,0,0,0,0,400,49,49,43,0.3625,0.08,0.5714285714285714,0.023255813953488372,0.0,0,0.0,0,0,0,0,145,0,0.0,0.0,
safety_stress_task3_4aa3812_s24157,double_dqn_continuous_v2_agent,1,5.0,1,5.0,5.0,0.0,,,400.0,5.0,5.0,5.0,5.0,0,0,1.25,80.0,0.0,0.0,,1.0,1.0,0.0,0.0,1.0,1.0,True,0.0,0.0,0.0,0.0,0.0,0.0,54.0,54.0,38.0,18.0,0.47368421052631576,1.4210526315789473,0,38.0,38.0,1.0,1.4210526315789473,0.0,0.0,1.0,400.0,1.0,1.0,0.0,0.0,0.0,0.0,400,0.01256000280380249,0.023737668991088867,0.030562877655029297,0,0,81,0.2025,74,0.185,82,0.205,60,0.15,65,0.1625,38,0.095,4,4,4,400,99,0.2475,0,0.0,37,0,37,0,25802,0,0,4027730,0,0,400,59,59,51,0.1625,0.0775,0.7627118644067796,0.0392156862745098,0.0,0,0.0,5,5,0,9,50,1,0.0,0.0,
safety_stress_task3_4aa3812_s24157,peaceful_agent,1,1.0,3,1.0,1.0,0.0,,,400.0,1.0,1.0,1.0,1.0,0,0,0.25,400.0,0.0,0.0,,1.0,1.0,0.0,0.0,0.0,0.0,True,0.0,0.0,0.0,0.0,0.0,0.0,0.0,0.0,0.0,0.0,,,1,0.0,0.0,,,203.0,0.5075,1.0,400.0,0.0,0.0,0.0,0.0,0.0,0.0,400,0.0011272817850112916,0.002208709716796875,0.005234956741333008,0,0,93,0.2325,98,0.245,102,0.255,107,0.2675,0,0.0,0,0.0,0,0,0,0,0,,0,,0,0,0,0,0,0,0,0,0,0,400,8,14,10,0.0,0.27,0.625,0.0,0.0,0,0.0,0,0,0,0,0,0,0.0,0.0,
safety_stress_task3_4aa3812_s24158,coin_collector_agent,1,9.0,1,9.0,9.0,0.0,,,400.0,4.0,4.0,4.0,4.0,0,0,1.0,100.0,0.0,0.0,,1.0,1.0,1.0,1.0,0.0,0.0,True,1.0,1.0,0.0,0.0,0.0,0.0,52.0,52.0,22.0,0.0,0.0,2.3636363636363638,0,22.0,22.0,1.0,2.3636363636363638,3.0,0.0075,1.0,400.0,1.0,1.0,0.0,0.0,0.0,0.0,400,0.0029995739459991455,0.005307435989379883,0.018329381942749023,0,0,52,0.1309823677581864,64,0.16120906801007556,62,0.1561712846347607,58,0.14609571788413098,139,0.3501259445843829,22,0.055415617128463476,139,139,139,0,0,,0,,0,0,0,0,0,0,0,0,0,0,400,105,105,99,0.3475,0.0675,0.5619047619047619,0.030303030303030304,0.0,0,0.0,0,0,0,0,139,0,0.0,0.0,
safety_stress_task3_4aa3812_s24158,double_dqn_continuous_v2_agent,1,5.0,2,5.0,5.0,0.0,,,400.0,5.0,5.0,5.0,5.0,0,0,1.25,80.0,0.0,0.0,,1.0,1.0,0.0,0.0,1.0,1.0,True,0.0,0.0,0.0,0.0,0.0,0.0,69.0,69.0,43.0,18.0,0.4186046511627907,1.6046511627906976,0,42.0,42.0,1.0,1.6428571428571428,1.0,0.0025,1.0,400.0,0.0,0.0,0.0,0.0,0.0,0.0,400,0.008864070773124694,0.014678716659545898,0.023081064224243164,0,0,67,0.1675,81,0.2025,66,0.165,67,0.1675,76,0.19,43,0.1075,4,4,4,400,77,0.1925,0,0.0,11,0,11,0,16094,0,0,2435410,0,0,400,70,70,62,0.19,0.075,0.7285714285714285,0.016129032258064516,0.0,0,0.0,5,5,0,4,64,3,0.0,0.0,
safety_stress_task3_4aa3812_s24158,peaceful_agent,1,0.0,3,0.0,0.0,0.0,,,400.0,0.0,0.0,0.0,0.0,1,1,0.0,,0.0,0.0,,1.0,1.0,0.0,0.0,0.0,0.0,True,0.0,0.0,0.0,0.0,1.0,1.0,0.0,0.0,0.0,0.0,,,1,0.0,0.0,,,134.0,0.335,0.0,213.0,0.0,0.0,0.0,0.0,0.0,0.0,213,0.001085882455530301,0.002374887466430664,0.007073402404785156,0,0,67,0.3145539906103286,39,0.18309859154929578,63,0.29577464788732394,44,0.20657276995305165,0,0.0,0,0.0,0,0,0,0,0,,0,,0,0,0,0,0,0,0,0,0,0,213,18,40,38,0.0,0.24413145539906103,0.3888888888888889,0.10526315789473684,0.0,0,0.0,0,0,0,0,0,0,0.0,0.0,
safety_stress_task3_4aa3812_s24159,coin_collector_agent,1,11.0,1,11.0,11.0,0.0,,,400.0,6.0,6.0,6.0,6.0,0,0,1.5,66.66666666666667,0.0,0.0,,1.0,1.0,1.0,1.0,0.0,0.0,True,1.0,1.0,0.0,0.0,0.0,0.0,75.0,75.0,26.0,0.0,0.0,2.8846153846153846,0,26.0,26.0,1.0,2.8846153846153846,2.0,0.005,1.0,400.0,1.0,1.0,0.0,0.0,0.0,0.0,400,0.0029925966262817384,0.005307674407958984,0.015069961547851562,0,0,46,0.11557788944723618,64,0.16080402010050251,54,0.135678391959799,53,0.13316582914572864,155,0.38944723618090454,26,0.06532663316582915,155,155,155,0,0,,0,,0,0,0,0,0,0,0,0,0,0,400,58,58,50,0.3875,0.075,0.5862068965517241,0.0,0.0,0,0.0,0,0,0,0,155,0,0.0,0.0,
safety_stress_task3_4aa3812_s24159,double_dqn_continuous_v2_agent,1,3.0,2,3.0,3.0,0.0,,,400.0,3.0,3.0,3.0,3.0,0,0,0.75,133.33333333333334,0.0,0.0,,1.0,1.0,0.0,0.0,0.0,0.0,True,0.0,0.0,0.0,0.0,0.0,0.0,54.0,54.0,43.0,24.0,0.5581395348837209,1.255813953488372,0,43.0,43.0,1.0,1.255813953488372,1.0,0.0025,1.0,400.0,0.0,0.0,0.0,0.0,0.0,0.0,400,0.007857428193092346,0.011867523193359375,0.018437862396240234,0,0,69,0.1725,70,0.175,72,0.18,71,0.1775,75,0.1875,43,0.1075,2,2,2,400,70,0.175,0,0.0,4,0,4,0,11078,0,0,1534849,0,0,400,42,42,36,0.1875,0.05,0.8095238095238095,0.027777777777777776,0.0,0,0.0,3,3,0,4,66,2,0.0,0.0,
safety_stress_task3_4aa3812_s24159,peaceful_agent,1,0.0,3,0.0,0.0,0.0,,,400.0,0.0,0.0,0.0,0.0,1,1,0.0,,0.0,0.0,,1.0,1.0,0.0,0.0,0.0,0.0,True,0.0,0.0,0.0,0.0,1.0,1.0,0.0,0.0,0.0,0.0,,,1,0.0,0.0,,,66.0,0.165,0.0,108.0,0.0,0.0,0.0,0.0,0.0,0.0,108,0.0011605377550478334,0.002494335174560547,0.004660606384277344,0,0,21,0.19444444444444445,26,0.24074074074074073,33,0.3055555555555556,28,0.25925925925925924,0,0.0,0,0.0,0,0,0,0,0,,0,,0,0,0,0,0,0,0,0,0,0,108,0,0,0,0.0,0.28703703703703703,,,,0,0.0,0,0,0,0,0,0,0.0,0.0,
safety_stress_task3_4aa3812_s24160,coin_collector_agent,1,3.0,1,3.0,3.0,0.0,,,400.0,3.0,3.0,3.0,3.0,0,0,0.75,133.33333333333334,0.0,0.0,,1.0,1.0,0.0,0.0,0.0,0.0,True,0.0,0.0,1.0,1.0,0.0,0.0,37.0,37.0,11.0,0.0,0.0,3.3636363636363638,0,11.0,10.0,0.9090909090909091,3.7,3.0,0.0075,0.0,112.0,0.0,0.0,1.0,1.0,0.0,0.0,112,0.002967806799071176,0.00464940071105957,0.007903337478637695,0,0,28,0.25688073394495414,25,0.22935779816513763,16,0.14678899082568808,29,0.26605504587155965,0,0.0,11,0.10091743119266056,0,0,0,0,0,,0,,0,0,0,0,0,0,0,0,0,0,112,60,60,57,0.0,0.125,0.55,0.03508771929824561,0.0,0,0.0,0,0,0,0,0,0,0.0,0.0,
safety_stress_task3_4aa3812_s24160,double_dqn_continuous_v2_agent,1,3.0,1,3.0,3.0,0.0,,,400.0,3.0,3.0,3.0,3.0,0,0,0.75,133.33333333333334,0.0,0.0,,1.0,1.0,0.0,0.0,1.0,1.0,True,0.0,0.0,0.0,0.0,0.0,0.0,66.0,66.0,37.0,12.0,0.32432432432432434,1.7837837837837838,0,37.0,37.0,1.0,1.7837837837837838,0.0,0.0,1.0,400.0,0.0,0.0,1.0,1.0,0.0,0.0,400,0.007992551922798156,0.011753559112548828,0.022383689880371094,0,0,42,0.105,104,0.26,50,0.125,96,0.24,71,0.1775,37,0.0925,3,3,3,400,69,0.1725,0,0.0,0,0,0,0,9521,0,0,1531965,0,0,400,16,16,14,0.1775,0.2625,0.875,0.0,0.4375,0,0.0,0,0,0,2,68,1,0.0,0.0,
safety_stress_task3_4aa3812_s24160,peaceful_agent,1,0.0,2,0.0,0.0,0.0,,,400.0,0.0,0.0,0.0,0.0,1,1,0.0,,0.0,0.0,,1.0,1.0,0.0,0.0,0.0,0.0,True,0.0,0.0,0.0,0.0,0.0,0.0,0.0,0.0,0.0,0.0,,,1,0.0,0.0,,,204.0,0.51,1.0,400.0,0.0,0.0,0.0,0.0,0.0,0.0,400,0.0011509406566619874,0.0022983551025390625,0.008841991424560547,0,0,110,0.275,84,0.21,105,0.2625,101,0.2525,0,0.0,0,0.0,0,0,0,0,0,,0,,0,0,0,0,0,0,0,0,0,0,400,0,0,0,0.0,0.205,,,,0,0.0,0,0,0,0,0,0,0.0,0.0,
safety_stress_task3_4aa3812_s24161,coin_collector_agent,1,5.0,2,5.0,5.0,0.0,,,400.0,5.0,5.0,5.0,5.0,0,0,1.25,80.0,0.0,0.0,,1.0,1.0,1.0,1.0,0.0,0.0,True,0.0,0.0,0.0,0.0,0.0,0.0,75.0,75.0,24.0,0.0,0.0,3.125,0,24.0,24.0,1.0,3.125,1.0,0.0025,1.0,400.0,0.0,0.0,0.0,0.0,0.0,0.0,400,0.003151889443397522,0.00553441047668457,0.008257865905761719,0,0,61,0.15288220551378445,57,0.14285714285714285,51,0.12781954887218044,64,0.16040100250626566,142,0.3558897243107769,24,0.06015037593984962,142,142,142,0,0,,0,,0,0,0,0,0,0,0,0,0,0,400,52,52,45,0.355,0.065,0.6346153846153846,0.0,0.0,0,0.0,0,0,0,0,142,0,0.0,0.0,
safety_stress_task3_4aa3812_s24161,double_dqn_continuous_v2_agent,1,9.0,1,9.0,9.0,0.0,,,400.0,4.0,4.0,4.0,4.0,0,0,1.0,100.0,0.0,0.0,,1.0,1.0,0.0,0.0,0.0,0.0,True,1.0,1.0,0.0,0.0,0.0,0.0,56.0,56.0,46.0,25.0,0.5434782608695652,1.2173913043478262,0,46.0,46.0,1.0,1.2173913043478262,0.0,0.0,1.0,400.0,1.0,1.0,0.0,0.0,0.0,0.0,400,0.00970125436782837,0.01924896240234375,0.031523942947387695,0,0,73,0.1825,74,0.185,76,0.19,60,0.15,71,0.1775,46,0.115,3,3,3,400,75,0.1875,0,0.0,2,0,2,0,19149,0,0,2779873,0,0,400,46,46,40,0.1775,0.0425,0.8043478260869565,0.0,0.0,0,0.0,1,1,0,3,66,1,0.0,0.0,
safety_stress_task3_4aa3812_s24161,peaceful_agent,1,0.0,3,0.0,0.0,0.0,,,400.0,0.0,0.0,0.0,0.0,1,1,0.0,,0.0,0.0,,1.0,1.0,0.0,0.0,0.0,0.0,True,0.0,0.0,0.0,0.0,1.0,1.0,0.0,0.0,0.0,0.0,,,1,0.0,0.0,,,132.0,0.33,0.0,233.0,0.0,0.0,0.0,0.0,0.0,0.0,233,0.001275647863298015,0.002434968948364258,0.006811857223510742,0,0,65,0.27896995708154504,51,0.21888412017167383,59,0.2532188841201717,58,0.24892703862660945,0,0.0,0,0.0,0,0,0,0,0,,0,,0,0,0,0,0,0,0,0,0,0,233,9,22,20,0.0,0.2832618025751073,0.5555555555555556,0.05,0.0,0,0.0,0,0,0,0,0,0,0.0,0.0,
safety_stress_task3_4aa3812_s24162,coin_collector_agent,1,10.0,1,10.0,10.0,0.0,,,400.0,5.0,5.0,5.0,5.0,0,0,1.25,80.0,0.0,0.0,,1.0,1.0,1.0,1.0,0.0,0.0,True,1.0,1.0,0.0,0.0,0.0,0.0,74.0,74.0,25.0,0.0,0.0,2.96,0,25.0,25.0,1.0,2.96,2.0,0.005,1.0,400.0,1.0,1.0,0.0,0.0,0.0,0.0,400,0.0030362480878829957,0.005337953567504883,0.007978200912475586,0,0,56,0.14035087719298245,58,0.14536340852130325,54,0.13533834586466165,49,0.12280701754385964,157,0.39348370927318294,25,0.06265664160401002,157,157,157,0,0,,0,,0,0,0,0,0,0,0,0,0,0,400,68,68,61,0.3925,0.08,0.6176470588235294,0.08196721311475409,0.10294117647058823,0,0.0,0,0,0,0,157,0,0.0,0.0,
safety_stress_task3_4aa3812_s24162,double_dqn_continuous_v2_agent,1,3.0,2,3.0,3.0,0.0,,,400.0,3.0,3.0,3.0,3.0,0,0,0.75,133.33333333333334,0.0,0.0,,1.0,1.0,1.0,1.0,1.0,1.0,True,0.0,0.0,0.0,0.0,0.0,0.0,50.0,50.0,39.0,20.0,0.5128205128205128,1.2820512820512822,0,39.0,39.0,1.0,1.2820512820512822,0.0,0.0,1.0,400.0,0.0,0.0,0.0,0.0,0.0,0.0,400,0.009163892269134522,0.01577281951904297,0.023975849151611328,0,0,68,0.17,76,0.19,67,0.1675,76,0.19,74,0.185,39,0.0975,14,14,14,400,61,0.1525,0,0.0,5,0,5,0,14337,0,0,2346099,0,0,400,64,64,59,0.185,0.1525,0.640625,0.05084745762711865,0.0,0,0.0,18,18,0,5,50,1,0.0,0.0,
safety_stress_task3_4aa3812_s24162,peaceful_agent,1,1.0,3,1.0,1.0,0.0,,,400.0,1.0,1.0,1.0,1.0,0,0,0.25,400.0,0.0,0.0,,1.0,1.0,0.0,0.0,0.0,0.0,True,0.0,0.0,0.0,0.0,1.0,1.0,0.0,0.0,0.0,0.0,,,1,0.0,0.0,,,87.0,0.2175,0.0,171.0,0.0,0.0,0.0,0.0,0.0,0.0,171,0.0011544143944455865,0.002105236053466797,0.0027399063110351562,0,0,39,0.22807017543859648,42,0.24561403508771928,50,0.29239766081871343,40,0.23391812865497075,0,0.0,0,0.0,0,0,0,0,0,,0,,0,0,0,0,0,0,0,0,0,0,171,20,32,32,0.0,0.2573099415204678,0.45,0.09375,0.21875,0,0.0,0,0,0,0,0,0,0.0,0.0,
safety_stress_task3_4aa3812_s24163,coin_collector_agent,1,5.0,2,5.0,5.0,0.0,,,400.0,5.0,5.0,5.0,5.0,0,0,1.25,80.0,0.0,0.0,,1.0,1.0,1.0,1.0,0.0,0.0,True,0.0,0.0,0.0,0.0,0.0,0.0,66.0,66.0,24.0,0.0,0.0,2.75,0,24.0,24.0,1.0,2.75,1.0,0.0025,1.0,400.0,0.0,0.0,0.0,0.0,0.0,0.0,400,0.003555578589439392,0.005764961242675781,0.009717226028442383,0,0,51,0.12781954887218044,70,0.17543859649122806,65,0.16290726817042606,66,0.16541353383458646,123,0.3082706766917293,24,0.06015037593984962,123,123,123,0,0,,0,,0,0,0,0,0,0,0,0,0,0,400,47,47,41,0.3075,0.055,0.723404255319149,0.04878048780487805,0.0,0,0.0,0,0,0,0,123,0,0.0,0.0,
safety_stress_task3_4aa3812_s24163,double_dqn_continuous_v2_agent,1,9.0,1,9.0,9.0,0.0,,,400.0,4.0,4.0,4.0,4.0,0,0,1.0,100.0,0.0,0.0,,1.0,1.0,0.0,0.0,0.0,0.0,True,1.0,1.0,0.0,0.0,0.0,0.0,63.0,63.0,50.0,27.0,0.54,1.26,0,49.0,49.0,1.0,1.2857142857142858,0.0,0.0,1.0,400.0,1.0,1.0,0.0,0.0,0.0,0.0,400,0.008981033563613891,0.015867948532104492,0.02752232551574707,0,0,72,0.18,70,0.175,61,0.1525,70,0.175,77,0.1925,50,0.125,2,2,2,400,89,0.2225,0,0.0,2,0,2,0,18252,0,0,2384598,0,0,400,34,34,28,0.1925,0.0475,0.8529411764705882,0.03571428571428571,0.0,0,0.0,0,0,0,5,69,3,0.0,0.0,
safety_stress_task3_4aa3812_s24163,peaceful_agent,1,0.0,3,0.0,0.0,0.0,,,400.0,0.0,0.0,0.0,0.0,1,1,0.0,,0.0,0.0,,1.0,1.0,0.0,0.0,0.0,0.0,True,0.0,0.0,0.0,0.0,1.0,1.0,0.0,0.0,0.0,0.0,,,1,0.0,0.0,,,132.0,0.33,0.0,219.0,0.0,0.0,0.0,0.0,0.0,0.0,219,0.0012497052754441352,0.0023593902587890625,0.004780769348144531,0,0,50,0.228310502283105,56,0.2557077625570776,62,0.2831050228310502,51,0.2328767123287671,0,0.0,0,0.0,0,0,0,0,0,,0,,0,0,0,0,0,0,0,0,0,0,219,2,5,4,0.0,0.2374429223744292,1.0,0.0,0.0,0,0.0,0,0,0,0,0,0,0.0,0.0,
safety_stress_task3_4aa3812_s24164,coin_collector_agent,1,3.0,2,3.0,3.0,0.0,,,400.0,3.0,3.0,3.0,3.0,0,0,0.75,133.33333333333334,0.0,0.0,,1.0,1.0,1.0,1.0,0.0,0.0,True,0.0,0.0,0.0,0.0,0.0,0.0,61.0,61.0,21.0,0.0,0.0,2.9047619047619047,0,21.0,21.0,1.0,2.9047619047619047,1.0,0.0025,1.0,400.0,0.0,0.0,0.0,0.0,0.0,0.0,400,0.003059946298599243,0.005341291427612305,0.007679939270019531,0,0,54,0.13533834586466165,48,0.12030075187969924,54,0.13533834586466165,58,0.14536340852130325,164,0.41102756892230574,21,0.05263157894736842,164,164,164,0,0,,0,,0,0,0,0,0,0,0,0,0,0,400,77,77,70,0.41,0.075,0.6103896103896104,0.014285714285714285,0.0,0,0.0,0,0,0,0,164,0,0.0,0.0,
safety_stress_task3_4aa3812_s24164,double_dqn_continuous_v2_agent,1,6.0,1,6.0,6.0,0.0,,,400.0,6.0,6.0,6.0,6.0,0,0,1.5,66.66666666666667,0.0,0.0,,1.0,1.0,0.0,0.0,1.0,1.0,True,0.0,0.0,0.0,0.0,0.0,0.0,61.0,61.0,44.0,21.0,0.4772727272727273,1.3863636363636365,0,43.0,43.0,1.0,1.4186046511627908,0.0,0.0,1.0,400.0,1.0,1.0,0.0,0.0,0.0,0.0,400,0.013778659105300904,0.02655625343322754,0.03676438331604004,0,0,53,0.1325,93,0.2325,66,0.165,79,0.1975,65,0.1625,44,0.11,4,4,4,400,61,0.1525,0,0.0,0,0,0,0,35168,0,0,5984243,0,0,400,53,53,46,0.1625,0.1,0.7735849056603774,0.0,0.0,0,0.0,1,1,0,4,58,2,0.0,0.0,
safety_stress_task3_4aa3812_s24164,peaceful_agent,1,0.0,3,0.0,0.0,0.0,,,400.0,0.0,0.0,0.0,0.0,1,1,0.0,,0.0,0.0,,1.0,1.0,0.0,0.0,0.0,0.0,True,0.0,0.0,0.0,0.0,0.0,0.0,0.0,0.0,0.0,0.0,,,1,0.0,0.0,,,179.0,0.4475,1.0,400.0,0.0,0.0,0.0,0.0,0.0,0.0,400,0.0011586177349090577,0.002155780792236328,0.004022836685180664,0,0,91,0.2275,105,0.2625,114,0.285,90,0.225,0,0.0,0,0.0,0,0,0,0,0,,0,,0,0,0,0,0,0,0,0,0,0,400,12,29,24,0.0,0.24,0.6666666666666666,0.0,0.0,0,0.0,0,0,0,0,0,0,0.0,0.0,
safety_stress_task3_4aa3812_s24165,coin_collector_agent,1,10.0,1,10.0,10.0,0.0,,,400.0,5.0,5.0,5.0,5.0,0,0,1.25,80.0,0.0,0.0,,1.0,1.0,1.0,1.0,0.0,0.0,True,1.0,1.0,0.0,0.0,0.0,0.0,68.0,68.0,23.0,0.0,0.0,2.9565217391304346,0,23.0,23.0,1.0,2.9565217391304346,1.0,0.0025,1.0,400.0,1.0,1.0,0.0,0.0,0.0,0.0,400,0.0030086517333984377,0.004843235015869141,0.00630640983581543,0,0,49,0.12280701754385964,56,0.14035087719298245,53,0.13283208020050125,51,0.12781954887218044,167,0.41854636591478694,23,0.05764411027568922,167,167,167,0,0,,0,,0,0,0,0,0,0,0,0,0,0,400,56,56,50,0.4175,0.0825,0.6964285714285714,0.02,0.017857142857142856,0,0.0,0,0,0,0,167,0,0.0,0.0,
safety_stress_task3_4aa3812_s24165,double_dqn_continuous_v2_agent,1,4.0,2,4.0,4.0,0.0,,,400.0,4.0,4.0,4.0,4.0,0,0,1.0,100.0,0.0,0.0,,1.0,1.0,0.0,0.0,1.0,1.0,True,0.0,0.0,0.0,0.0,0.0,0.0,59.0,59.0,29.0,8.0,0.27586206896551724,2.0344827586206895,0,29.0,29.0,1.0,2.0344827586206895,0.0,0.0,1.0,400.0,0.0,0.0,0.0,0.0,0.0,0.0,400,0.008504229187965394,0.012142419815063477,0.01898813247680664,0,0,129,0.3225,42,0.105,115,0.2875,56,0.14,29,0.0725,29,0.0725,2,2,2,400,121,0.3025,0,0.0,78,0,78,0,13050,0,0,1721466,0,0,400,42,42,37,0.0725,0.425,0.7619047619047619,0.02702702702702703,0.0,0,0.0,0,0,0,6,22,1,0.0,0.0,
safety_stress_task3_4aa3812_s24165,peaceful_agent,1,0.0,3,0.0,0.0,0.0,,,400.0,0.0,0.0,0.0,0.0,1,1,0.0,,0.0,0.0,,1.0,1.0,0.0,0.0,0.0,0.0,True,0.0,0.0,0.0,0.0,1.0,1.0,0.0,0.0,0.0,0.0,,,1,0.0,0.0,,,79.0,0.1975,0.0,133.0,0.0,0.0,0.0,0.0,0.0,0.0,133,0.001207421596785237,0.0022339820861816406,0.004221200942993164,0,0,22,0.16541353383458646,34,0.2556390977443609,45,0.3383458646616541,32,0.24060150375939848,0,0.0,0,0.0,0,0,0,0,0,,0,,0,0,0,0,0,0,0,0,0,0,133,0,0,0,0.0,0.3082706766917293,,,,0,0.0,0,0,0,0,0,0,0.0,0.0,
safety_stress_task3_4aa3812_s24166,coin_collector_agent,1,5.0,1,5.0,5.0,0.0,,,400.0,5.0,5.0,5.0,5.0,0,0,1.25,80.0,0.0,0.0,,1.0,1.0,1.0,1.0,0.0,0.0,True,0.0,0.0,0.0,0.0,0.0,0.0,76.0,76.0,30.0,0.0,0.0,2.533333333333333,0,30.0,30.0,1.0,2.533333333333333,3.0,0.0075,1.0,400.0,1.0,1.0,0.0,0.0,0.0,0.0,400,0.003567337393760681,0.005852937698364258,0.008646488189697266,0,0,70,0.17632241813602015,73,0.18387909319899245,80,0.20151133501259447,83,0.20906801007556675,61,0.15365239294710328,30,0.07556675062972293,61,61,61,0,0,,0,,0,0,0,0,0,0,0,0,0,0,400,39,39,33,0.1525,0.1125,0.7948717948717948,0.030303030303030304,0.0,0,0.0,0,0,0,0,61,0,0.0,0.0,
safety_stress_task3_4aa3812_s24166,double_dqn_continuous_v2_agent,1,4.0,2,4.0,4.0,0.0,,,400.0,4.0,4.0,4.0,4.0,0,0,1.0,100.0,0.0,0.0,,1.0,1.0,0.0,0.0,0.0,0.0,True,0.0,0.0,0.0,0.0,0.0,0.0,48.0,48.0,45.0,26.0,0.5777777777777777,1.0666666666666667,0,45.0,45.0,1.0,1.0666666666666667,0.0,0.0,1.0,400.0,0.0,0.0,0.0,0.0,0.0,0.0,400,0.012294438481330872,0.02519369125366211,0.03765726089477539,0,0,71,0.1775,75,0.1875,73,0.1825,62,0.155,74,0.185,45,0.1125,3,3,3,400,72,0.18,0,0.0,3,0,3,0,32274,0,0,4851120,0,0,400,49,49,41,0.185,0.0575,0.7959183673469388,0.04878048780487805,0.0,0,0.0,3,3,0,6,63,2,0.0,0.0,
safety_stress_task3_4aa3812_s24166,peaceful_agent,1,0.0,3,0.0,0.0,0.0,,,400.0,0.0,0.0,0.0,0.0,1,1,0.0,,0.0,0.0,,1.0,1.0,0.0,0.0,0.0,0.0,True,0.0,0.0,0.0,0.0,0.0,0.0,0.0,0.0,0.0,0.0,,,1,0.0,0.0,,,183.0,0.4575,1.0,400.0,0.0,0.0,0.0,0.0,0.0,0.0,400,0.0012479186058044433,0.0025086402893066406,0.005788326263427734,0,0,114,0.285,82,0.205,96,0.24,108,0.27,0,0.0,0,0.0,0,0,0,0,0,,0,,0,0,0,0,0,0,0,0,0,0,400,4,11,9,0.0,0.24,0.75,0.2222222222222222,0.0,0,0.0,0,0,0,0,0,0,0.0,0.0,
safety_stress_task3_4aa3812_s24167,coin_collector_agent,1,10.0,1,10.0,10.0,0.0,,,400.0,5.0,5.0,5.0,5.0,0,0,1.25,80.0,0.0,0.0,,1.0,1.0,1.0,1.0,0.0,0.0,True,1.0,1.0,0.0,0.0,0.0,0.0,89.0,89.0,32.0,0.0,0.0,2.78125,0,32.0,32.0,1.0,2.78125,2.0,0.005,1.0,400.0,1.0,1.0,0.0,0.0,0.0,0.0,400,0.0035568886995315553,0.00574803352355957,0.008128643035888672,0,0,62,0.15577889447236182,74,0.18592964824120603,76,0.19095477386934673,86,0.21608040201005024,68,0.1708542713567839,32,0.08040201005025126,68,68,68,0,0,,0,,0,0,0,0,0,0,0,0,0,0,400,44,44,38,0.17,0.1,0.7727272727272727,0.02631578947368421,0.0,0,0.0,0,0,0,0,68,0,0.0,0.0,
safety_stress_task3_4aa3812_s24167,double_dqn_continuous_v2_agent,1,4.0,2,4.0,4.0,0.0,,,400.0,4.0,4.0,4.0,4.0,0,0,1.0,100.0,0.0,0.0,,1.0,1.0,0.0,0.0,1.0,1.0,True,0.0,0.0,0.0,0.0,0.0,0.0,33.0,33.0,39.0,24.0,0.6153846153846154,0.8461538461538461,0,38.0,38.0,1.0,0.868421052631579,0.0,0.0,1.0,400.0,0.0,0.0,0.0,0.0,0.0,0.0,400,0.008418617248535156,0.013713598251342773,0.022399425506591797,0,0,82,0.205,70,0.175,87,0.2175,56,0.14,66,0.165,39,0.0975,3,3,3,400,65,0.1625,0,0.0,1,0,1,0,10957,0,0,1785818,0,0,400,85,85,79,0.165,0.165,0.6588235294117647,0.06329113924050633,0.0,0,0.0,4,4,0,0,57,5,0.0,0.0,
safety_stress_task3_4aa3812_s24167,peaceful_agent,1,0.0,3,0.0,0.0,0.0,,,400.0,0.0,0.0,0.0,0.0,1,1,0.0,,0.0,0.0,,1.0,1.0,0.0,0.0,0.0,0.0,True,0.0,0.0,0.0,0.0,1.0,1.0,0.0,0.0,0.0,0.0,,,1,0.0,0.0,,,108.0,0.27,0.0,163.0,0.0,0.0,0.0,0.0,0.0,0.0,163,0.0012298303147766489,0.0026569366455078125,0.003708362579345703,0,0,46,0.2822085889570552,44,0.26993865030674846,37,0.22699386503067484,36,0.22085889570552147,0,0.0,0,0.0,0,0,0,0,0,,0,,0,0,0,0,0,0,0,0,0,0,163,0,0,0,0.0,0.24539877300613497,,,,0,0.0,0,0,0,0,0,0,0.0,0.0,
safety_stress_task3_4aa3812_s24168,coin_collector_agent,1,7.0,1,7.0,7.0,0.0,,,400.0,7.0,7.0,7.0,7.0,0,0,1.75,57.142857142857146,0.0,0.0,,1.0,1.0,1.0,1.0,0.0,0.0,True,0.0,0.0,0.0,0.0,0.0,0.0,77.0,77.0,26.0,0.0,0.0,2.9615384615384617,0,26.0,26.0,1.0,2.9615384615384617,2.0,0.005,1.0,400.0,0.0,0.0,1.0,1.0,0.0,0.0,400,0.003626719117164612,0.006201744079589844,0.02731013298034668,0,0,56,0.1407035175879397,68,0.1708542713567839,66,0.1658291457286432,64,0.16080402010050251,118,0.2964824120603015,26,0.06532663316582915,118,118,118,0,0,,0,,0,0,0,0,0,0,0,0,0,0,400,92,92,84,0.295,0.0825,0.6195652173913043,0.011904761904761904,0.010869565217391304,0,0.0,0,0,0,0,118,0,0.0,0.0,
safety_stress_task3_4aa3812_s24168,double_dqn_continuous_v2_agent,1,7.0,1,7.0,7.0,0.0,,,400.0,2.0,2.0,2.0,2.0,0,0,0.5,200.0,0.0,0.0,,1.0,1.0,0.0,0.0,1.0,1.0,True,1.0,1.0,0.0,0.0,0.0,0.0,51.0,51.0,44.0,23.0,0.5227272727272727,1.1590909090909092,0,44.0,44.0,1.0,1.1590909090909092,1.0,0.0025,1.0,400.0,0.0,0.0,1.0,1.0,0.0,0.0,400,0.00880570650100708,0.013937711715698242,0.02277660369873047,0,0,65,0.1625,83,0.2075,61,0.1525,71,0.1775,76,0.19,44,0.11,3,3,3,400,68,0.17,0,0.0,4,0,4,0,16019,0,0,2175379,0,0,400,65,65,61,0.19,0.1075,0.6153846153846154,0.01639344262295082,0.0,0,0.0,2,2,0,4,65,5,0.0,0.0,
safety_stress_task3_4aa3812_s24168,peaceful_agent,1,0.0,2,0.0,0.0,0.0,,,400.0,0.0,0.0,0.0,0.0,1,1,0.0,,0.0,0.0,,1.0,1.0,0.0,0.0,0.0,0.0,True,0.0,0.0,0.0,0.0,1.0,1.0,0.0,0.0,0.0,0.0,,,1,0.0,0.0,,,92.0,0.23,0.0,149.0,0.0,0.0,0.0,0.0,0.0,0.0,149,0.0011996854871711474,0.002279996871948242,0.010380744934082031,0,0,37,0.2483221476510067,26,0.174496644295302,33,0.2214765100671141,53,0.35570469798657717,0,0.0,0,0.0,0,0,0,0,0,,0,,0,0,0,0,0,0,0,0,0,0,149,10,27,27,0.0,0.19463087248322147,0.4,0.07407407407407407,0.0,0,0.0,0,0,0,0,0,0,0.0,0.0,
safety_stress_task3_4aa3812_s24169,coin_collector_agent,1,10.0,1,10.0,10.0,0.0,,,400.0,5.0,5.0,5.0,5.0,0,0,1.25,80.0,0.0,0.0,,1.0,1.0,1.0,1.0,0.0,0.0,True,1.0,1.0,0.0,0.0,0.0,0.0,58.0,58.0,23.0,0.0,0.0,2.5217391304347827,0,23.0,23.0,1.0,2.5217391304347827,1.0,0.0025,1.0,400.0,1.0,1.0,0.0,0.0,0.0,0.0,400,0.0034657931327819825,0.00582122802734375,0.00783538818359375,0,0,61,0.15288220551378445,65,0.16290726817042606,65,0.16290726817042606,61,0.15288220551378445,124,0.3107769423558897,23,0.05764411027568922,124,124,124,0,0,,0,,0,0,0,0,0,0,0,0,0,0,400,87,87,80,0.31,0.07,0.5287356321839081,0.0375,0.0,0,0.0,0,0,0,0,124,0,0.0,0.0,
safety_stress_task3_4aa3812_s24169,double_dqn_continuous_v2_agent,1,4.0,2,4.0,4.0,0.0,,,400.0,4.0,4.0,4.0,4.0,0,0,1.0,100.0,0.0,0.0,,1.0,1.0,0.0,0.0,1.0,1.0,True,0.0,0.0,0.0,0.0,0.0,0.0,60.0,60.0,30.0,5.0,0.16666666666666666,2.0,0,30.0,30.0,1.0,2.0,0.0,0.0,1.0,400.0,0.0,0.0,0.0,0.0,0.0,0.0,400,0.009338046312332154,0.015364408493041992,0.024469614028930664,0,0,114,0.285,52,0.13,100,0.25,66,0.165,38,0.095,30,0.075,2,2,2,400,98,0.245,0,0.0,58,0,58,0,13363,0,0,1959307,0,0,400,71,71,64,0.095,0.32,0.8591549295774648,0.0,0.0,0,0.0,2,2,0,2,34,0,0.0,0.0,
safety_stress_task3_4aa3812_s24169,peaceful_agent,1,0.0,3,0.0,0.0,0.0,,,400.0,0.0,0.0,0.0,0.0,1,1,0.0,,0.0,0.0,,1.0,1.0,0.0,0.0,0.0,0.0,True,0.0,0.0,0.0,0.0,1.0,1.0,0.0,0.0,0.0,0.0,,,1,0.0,0.0,,,88.0,0.22,0.0,169.0,0.0,0.0,0.0,0.0,0.0,0.0,169,0.0014096082314937071,0.0029098987579345703,0.00671839714050293,0,0,33,0.1952662721893491,44,0.2603550295857988,42,0.2485207100591716,50,0.2958579881656805,0,0.0,0,0.0,0,0,0,0,0,,0,,0,0,0,0,0,0,0,0,0,0,169,23,38,36,0.0,0.3136094674556213,0.5652173913043478,0.027777777777777776,0.0,0,0.0,0,0,0,0,0,0,0.0,0.0,
safety_stress_task3_4aa3812_s24170,coin_collector_agent,1,10.0,1,10.0,10.0,0.0,,,400.0,5.0,5.0,5.0,5.0,0,0,1.25,80.0,0.0,0.0,,1.0,1.0,1.0,1.0,0.0,0.0,True,1.0,1.0,0.0,0.0,0.0,0.0,61.0,61.0,21.0,0.0,0.0,2.9047619047619047,0,21.0,21.0,1.0,2.9047619047619047,2.0,0.005,1.0,400.0,1.0,1.0,0.0,0.0,0.0,0.0,400,0.003230205178260803,0.005499124526977539,0.010146379470825195,0,0,51,0.12814070351758794,46,0.11557788944723618,53,0.13316582914572864,56,0.1407035175879397,171,0.4296482412060301,21,0.052763819095477386,171,171,171,0,0,,0,,0,0,0,0,0,0,0,0,0,0,400,49,49,43,0.4275,0.0675,0.6326530612244898,0.023255813953488372,0.0,0,0.0,0,0,0,0,171,0,0.0,0.0,
safety_stress_task3_4aa3812_s24170,double_dqn_continuous_v2_agent,1,4.0,2,4.0,4.0,0.0,,,400.0,4.0,4.0,4.0,4.0,0,0,1.0,100.0,0.0,0.0,,1.0,1.0,0.0,0.0,1.0,1.0,True,0.0,0.0,0.0,0.0,0.0,0.0,60.0,60.0,46.0,22.0,0.4782608695652174,1.3043478260869565,0,45.0,45.0,1.0,1.3333333333333333,0.0,0.0,1.0,400.0,0.0,0.0,0.0,0.0,0.0,0.0,400,0.007719923853874207,0.010833978652954102,0.01436305046081543,0,0,67,0.1675,81,0.2025,66,0.165,67,0.1675,73,0.1825,46,0.115,4,4,4,400,72,0.18,0,0.0,3,0,3,0,11633,0,0,1686383,0,0,400,49,49,42,0.1825,0.085,0.6938775510204082,0.047619047619047616,0.0,0,0.0,2,2,0,2,66,3,0.0,0.0,
safety_stress_task3_4aa3812_s24170,peaceful_agent,1,0.0,3,0.0,0.0,0.0,,,400.0,0.0,0.0,0.0,0.0,1,1,0.0,,0.0,0.0,,1.0,1.0,0.0,0.0,0.0,0.0,True,0.0,0.0,0.0,0.0,1.0,1.0,0.0,0.0,0.0,0.0,,,1,0.0,0.0,,,50.0,0.125,0.0,82.0,0.0,0.0,0.0,0.0,0.0,0.0,82,0.0012781590950198289,0.002015352249145508,0.0033257007598876953,0,0,20,0.24390243902439024,21,0.25609756097560976,19,0.23170731707317074,22,0.2682926829268293,0,0.0,0,0.0,0,0,0,0,0,,0,,0,0,0,0,0,0,0,0,0,0,82,0,0,0,0.0,0.24390243902439024,,,,0,0.0,0,0,0,0,0,0,0.0,0.0,
safety_stress_task3_4aa3812_s24171,coin_collector_agent,1,3.0,2,3.0,3.0,0.0,,,400.0,3.0,3.0,3.0,3.0,0,0,0.75,133.33333333333334,0.0,0.0,,1.0,1.0,0.0,0.0,0.0,0.0,True,0.0,0.0,1.0,1.0,0.0,0.0,47.0,47.0,14.0,0.0,0.0,3.357142857142857,0,14.0,13.0,0.9285714285714286,3.6153846153846154,4.0,0.01,0.0,139.0,0.0,0.0,0.0,0.0,0.0,0.0,139,0.0031474408485906587,0.004808187484741211,0.006573915481567383,0,0,26,0.19117647058823528,28,0.20588235294117646,29,0.21323529411764705,39,0.2867647058823529,0,0.0,14,0.10294117647058823,0,0,0,0,0,,0,,0,0,0,0,0,0,0,0,0,0,139,96,96,93,0.0,0.15827338129496402,0.5520833333333334,0.053763440860215055,0.0,0,0.0,0,0,0,0,0,0,0.0,0.0,
safety_stress_task3_4aa3812_s24171,double_dqn_continuous_v2_agent,1,11.0,1,11.0,11.0,0.0,,,400.0,6.0,6.0,6.0,6.0,0,0,1.5,66.66666666666667,0.0,0.0,,1.0,1.0,1.0,1.0,0.0,0.0,True,1.0,1.0,0.0,0.0,0.0,0.0,63.0,63.0,36.0,10.0,0.2777777777777778,1.75,0,36.0,36.0,1.0,1.75,0.0,0.0,1.0,400.0,1.0,1.0,0.0,0.0,0.0,0.0,400,0.00779313325881958,0.012864828109741211,0.019998788833618164,0,0,58,0.145,53,0.1325,49,0.1225,51,0.1275,153,0.3825,36,0.09,87,87,87,400,44,0.11,0,0.0,4,0,4,0,8224,0,0,1286927,0,0,400,102,102,95,0.3825,0.0075,0.6372549019607843,0.031578947368421054,0.0196078431372549,0,0.0,7,7,0,1,138,7,0.0,0.0,
safety_stress_task3_4aa3812_s24171,peaceful_agent,1,0.0,3,0.0,0.0,0.0,,,400.0,0.0,0.0,0.0,0.0,1,1,0.0,,0.0,0.0,,1.0,1.0,0.0,0.0,0.0,0.0,True,0.0,0.0,0.0,0.0,1.0,1.0,0.0,0.0,0.0,0.0,,,1,0.0,0.0,,,165.0,0.4125,0.0,251.0,0.0,0.0,0.0,0.0,0.0,0.0,251,0.001262181308639952,0.002373218536376953,0.004273891448974609,0,0,52,0.20717131474103587,74,0.2948207171314741,64,0.2549800796812749,61,0.24302788844621515,0,0.0,0,0.0,0,0,0,0,0,,0,,0,0,0,0,0,0,0,0,0,0,251,0,0,0,0.0,0.2948207171314741,,,,0,0.0,0,0,0,0,0,0,0.0,0.0,
safety_stress_task3_4aa3812_s24172,coin_collector_agent,1,4.0,2,4.0,4.0,0.0,,,400.0,4.0,4.0,4.0,4.0,0,0,1.0,100.0,0.0,0.0,,1.0,1.0,1.0,1.0,0.0,0.0,True,0.0,0.0,0.0,0.0,0.0,0.0,60.0,60.0,20.0,0.0,0.0,3.0,0,20.0,20.0,1.0,3.0,1.0,0.0025,1.0,400.0,0.0,0.0,0.0,0.0,0.0,0.0,400,0.0034841305017471315,0.006173610687255859,0.009817361831665039,0,0,52,0.13032581453634084,65,0.16290726817042606,48,0.12030075187969924,53,0.13283208020050125,161,0.40350877192982454,20,0.05012531328320802,161,161,161,0,0,,0,,0,0,0,0,0,0,0,0,0,0,400,37,37,31,0.4025,0.0825,0.6216216216216216,0.0,0.0,0,0.0,0,0,0,0,161,0,0.0,0.0,
safety_stress_task3_4aa3812_s24172,double_dqn_continuous_v2_agent,1,10.0,1,10.0,10.0,0.0,,,400.0,5.0,5.0,5.0,5.0,0,0,1.25,80.0,0.0,0.0,,1.0,1.0,0.0,0.0,0.0,0.0,True,1.0,1.0,0.0,0.0,0.0,0.0,62.0,62.0,48.0,27.0,0.5625,1.2916666666666667,0,47.0,47.0,1.0,1.3191489361702127,0.0,0.0,1.0,400.0,1.0,1.0,0.0,0.0,0.0,0.0,400,0.009563228487968445,0.01800060272216797,0.029652833938598633,0,0,67,0.1675,66,0.165,70,0.175,66,0.165,83,0.2075,48,0.12,2,2,2,400,83,0.2075,0,0.0,3,0,3,0,22265,0,0,3182251,0,0,400,39,39,32,0.2075,0.0375,0.7692307692307693,0.03125,0.0,0,0.0,2,2,0,9,69,3,0.0,0.0,
safety_stress_task3_4aa3812_s24172,peaceful_agent,1,0.0,3,0.0,0.0,0.0,,,400.0,0.0,0.0,0.0,0.0,1,1,0.0,,0.0,0.0,,1.0,1.0,0.0,0.0,0.0,0.0,True,0.0,0.0,0.0,0.0,1.0,1.0,0.0,0.0,0.0,0.0,,,1,0.0,0.0,,,125.0,0.3125,0.0,232.0,0.0,0.0,0.0,0.0,0.0,0.0,232,0.0013371048302486025,0.0023636817932128906,0.0059719085693359375,0,0,55,0.23706896551724138,64,0.27586206896551724,51,0.21982758620689655,62,0.2672413793103448,0,0.0,0,0.0,0,0,0,0,0,,0,,0,0,0,0,0,0,0,0,0,0,232,8,11,9,0.0,0.23706896551724138,0.625,0.0,0.0,0,0.0,0,0,0,0,0,0,0.0,0.0,
safety_stress_task3_4aa3812_s24173,coin_collector_agent,1,8.0,1,8.0,8.0,0.0,,,400.0,3.0,3.0,3.0,3.0,0,0,0.75,133.33333333333334,0.0,0.0,,1.0,1.0,1.0,1.0,0.0,0.0,True,1.0,1.0,0.0,0.0,0.0,0.0,75.0,75.0,28.0,0.0,0.0,2.6785714285714284,0,28.0,28.0,1.0,2.6785714285714284,4.0,0.01,1.0,400.0,1.0,1.0,0.0,0.0,0.0,0.0,400,0.0037618976831436156,0.005738973617553711,0.01988363265991211,0,0,67,0.1691919191919192,77,0.19444444444444445,57,0.14393939393939395,73,0.18434343434343434,94,0.23737373737373738,28,0.0707070707070707,94,94,94,0,0,,0,,0,0,0,0,0,0,0,0,0,0,400,70,70,65,0.235,0.08,0.5142857142857142,0.06153846153846154,0.0,0,0.0,0,0,0,0,94,0,0.0,0.0,
safety_stress_task3_4aa3812_s24173,double_dqn_continuous_v2_agent,1,6.0,2,6.0,6.0,0.0,,,400.0,6.0,6.0,6.0,6.0,0,0,1.5,66.66666666666667,0.0,0.0,,1.0,1.0,0.0,0.0,0.0,0.0,True,0.0,0.0,0.0,0.0,0.0,0.0,49.0,49.0,42.0,23.0,0.5476190476190477,1.1666666666666667,0,42.0,42.0,1.0,1.1666666666666667,1.0,0.0025,1.0,400.0,0.0,0.0,0.0,0.0,0.0,0.0,400,0.008693047761917115,0.014049291610717773,0.017850399017333984,0,0,63,0.1575,84,0.21,51,0.1275,84,0.21,76,0.19,42,0.105,5,5,5,400,76,0.19,0,0.0,4,0,4,0,12961,0,0,2001445,0,0,400,81,81,73,0.19,0.06,0.7530864197530864,0.0273972602739726,0.0,0,0.0,1,1,0,5,64,6,0.0,0.0,
safety_stress_task3_4aa3812_s24173,peaceful_agent,1,0.0,3,0.0,0.0,0.0,,,400.0,0.0,0.0,0.0,0.0,1,1,0.0,,0.0,0.0,,1.0,1.0,0.0,0.0,0.0,0.0,True,0.0,0.0,0.0,0.0,1.0,1.0,0.0,0.0,0.0,0.0,,,1,0.0,0.0,,,143.0,0.3575,0.0,213.0,0.0,0.0,0.0,0.0,0.0,0.0,213,0.0013692468544686904,0.002482175827026367,0.00397801399230957,0,0,59,0.27699530516431925,50,0.2347417840375587,53,0.24882629107981222,51,0.23943661971830985,0,0.0,0,0.0,0,0,0,0,0,,0,,0,0,0,0,0,0,0,0,0,0,213,2,6,5,0.0,0.28169014084507044,0.5,0.0,0.0,0,0.0,0,0,0,0,0,0,0.0,0.0,
safety_stress_task3_4aa3812_s24174,coin_collector_agent,1,4.0,2,4.0,4.0,0.0,,,400.0,4.0,4.0,4.0,4.0,0,0,1.0,100.0,0.0,0.0,,1.0,1.0,1.0,1.0,0.0,0.0,True,0.0,0.0,0.0,0.0,0.0,0.0,57.0,57.0,21.0,0.0,0.0,2.7142857142857144,0,21.0,21.0,1.0,2.7142857142857144,2.0,0.005,1.0,400.0,0.0,0.0,0.0,0.0,0.0,0.0,400,0.0036953747272491454,0.006426811218261719,0.011066436767578125,0,0,56,0.1407035175879397,58,0.1457286432160804,54,0.135678391959799,62,0.15577889447236182,147,0.3693467336683417,21,0.052763819095477386,147,147,147,0,0,,0,,0,0,0,0,0,0,0,0,0,0,400,52,52,46,0.3675,0.055,0.6923076923076923,0.021739130434782608,0.0,0,0.0,0,0,0,0,147,0,0.0,0.0,
safety_stress_task3_4aa3812_s24174,double_dqn_continuous_v2_agent,1,10.0,1,10.0,10.0,0.0,,,400.0,5.0,5.0,5.0,5.0,0,0,1.25,80.0,0.0,0.0,,1.0,1.0,0.0,0.0,1.0,1.0,True,1.0,1.0,0.0,0.0,0.0,0.0,72.0,72.0,43.0,20.0,0.46511627906976744,1.6744186046511629,0,43.0,43.0,1.0,1.6744186046511629,0.0,0.0,1.0,400.0,1.0,1.0,0.0,0.0,0.0,0.0,400,0.008280385136604309,0.012632369995117188,0.020350933074951172,0,0,62,0.155,88,0.22,72,0.18,75,0.1875,60,0.15,43,0.1075,4,4,4,400,90,0.225,0,0.0,24,0,24,0,14138,0,0,1992699,0,0,400,51,51,44,0.15,0.09,0.7058823529411765,0.022727272727272728,0.0,0,0.0,5,5,0,2,49,4,0.0,0.0,
safety_stress_task3_4aa3812_s24174,peaceful_agent,1,0.0,3,0.0,0.0,0.0,,,400.0,0.0,0.0,0.0,0.0,1,1,0.0,,0.0,0.0,,1.0,1.0,0.0,0.0,0.0,0.0,True,0.0,0.0,0.0,0.0,1.0,1.0,0.0,0.0,0.0,0.0,,,1,0.0,0.0,,,115.0,0.2875,0.0,158.0,0.0,0.0,0.0,0.0,0.0,0.0,158,0.001436579076549675,0.0029087066650390625,0.006224632263183594,0,0,39,0.2468354430379747,50,0.31645569620253167,40,0.25316455696202533,29,0.18354430379746836,0,0.0,0,0.0,0,0,0,0,0,,0,,0,0,0,0,0,0,0,0,0,0,158,0,0,0,0.0,0.2848101265822785,,,,0,0.0,0,0,0,0,0,0,0.0,0.0,
safety_stress_task3_4aa3812_s24175,coin_collector_agent,1,3.0,2,3.0,3.0,0.0,,,400.0,3.0,3.0,3.0,3.0,0,0,0.75,133.33333333333334,0.0,0.0,,1.0,1.0,1.0,1.0,0.0,0.0,True,0.0,0.0,0.0,0.0,0.0,0.0,67.0,67.0,24.0,0.0,0.0,2.7916666666666665,0,24.0,24.0,1.0,2.7916666666666665,1.0,0.0025,1.0,400.0,0.0,0.0,0.0,0.0,0.0,0.0,400,0.0034523916244506834,0.005457878112792969,0.0292966365814209,0,0,50,0.12531328320802004,68,0.17042606516290726,60,0.15037593984962405,56,0.14035087719298245,141,0.3533834586466165,24,0.06015037593984962,141,141,141,0,0,,0,,0,0,0,0,0,0,0,0,0,0,400,99,99,91,0.3525,0.0825,0.4444444444444444,0.01098901098901099,0.0,0,0.0,0,0,0,0,141,0,0.0,0.0,
safety_stress_task3_4aa3812_s24175,double_dqn_continuous_v2_agent,1,11.0,1,11.0,11.0,0.0,,,400.0,6.0,6.0,6.0,6.0,0,0,1.5,66.66666666666667,0.0,0.0,,1.0,1.0,0.0,0.0,0.0,0.0,True,1.0,1.0,0.0,0.0,0.0,0.0,55.0,55.0,46.0,21.0,0.45652173913043476,1.1956521739130435,0,46.0,46.0,1.0,1.1956521739130435,0.0,0.0,1.0,400.0,1.0,1.0,0.0,0.0,0.0,0.0,400,0.008492010831832885,0.013687372207641602,0.026118993759155273,0,0,74,0.185,69,0.1725,62,0.155,69,0.1725,80,0.2,46,0.115,3,3,3,400,73,0.1825,0,0.0,2,0,2,0,14807,0,0,2172214,0,0,400,65,65,57,0.2,0.0375,0.8923076923076924,0.0,0.0,0,0.0,2,2,0,7,70,1,0.0,0.0,
safety_stress_task3_4aa3812_s24175,peaceful_agent,1,0.0,3,0.0,0.0,0.0,,,400.0,0.0,0.0,0.0,0.0,1,1,0.0,,0.0,0.0,,1.0,1.0,0.0,0.0,0.0,0.0,True,0.0,0.0,0.0,0.0,1.0,1.0,0.0,0.0,0.0,0.0,,,1,0.0,0.0,,,112.0,0.28,0.0,171.0,0.0,0.0,0.0,0.0,0.0,0.0,171,0.0014580383635403817,0.0037512779235839844,0.005311489105224609,0,0,44,0.2573099415204678,45,0.2631578947368421,41,0.23976608187134502,41,0.23976608187134502,0,0.0,0,0.0,0,0,0,0,0,,0,,0,0,0,0,0,0,0,0,0,0,171,5,11,9,0.0,0.23976608187134502,0.8,0.0,0.0,0,0.0,0,0,0,0,0,0,0.0,0.0,
safety_stress_task3_4aa3812_s24176,coin_collector_agent,1,2.0,2,2.0,2.0,0.0,,,400.0,2.0,2.0,2.0,2.0,0,0,0.5,200.0,0.0,0.0,,1.0,1.0,0.0,0.0,0.0,0.0,True,0.0,0.0,0.0,0.0,1.0,1.0,29.0,29.0,8.0,0.0,0.0,3.625,0,8.0,7.0,0.875,4.142857142857143,1.0,0.0025,0.0,70.0,0.0,0.0,0.0,0.0,0.0,0.0,70,0.003645157814025879,0.005606412887573242,0.0075054168701171875,0,0,12,0.17391304347826086,24,0.34782608695652173,10,0.14492753623188406,15,0.21739130434782608,0,0.0,8,0.11594202898550725,0,0,0,0,0,,0,,0,0,0,0,0,0,0,0,0,0,70,50,50,45,0.0,0.07142857142857142,0.6,0.022222222222222223,0.0,0,0.0,0,0,0,0,0,0,0.0,0.0,
safety_stress_task3_4aa3812_s24176,double_dqn_continuous_v2_agent,1,11.0,1,11.0,11.0,0.0,,,400.0,6.0,6.0,6.0,6.0,0,0,1.5,66.66666666666667,0.0,0.0,,1.0,1.0,0.0,0.0,0.0,0.0,True,1.0,1.0,0.0,0.0,0.0,0.0,91.0,91.0,52.0,11.0,0.21153846153846154,1.75,0,52.0,52.0,1.0,1.75,0.0,0.0,1.0,400.0,1.0,1.0,0.0,0.0,0.0,0.0,400,0.0068631374835968015,0.010023832321166992,0.013606786727905273,0,0,77,0.1925,55,0.1375,80,0.2,55,0.1375,81,0.2025,52,0.13,3,3,3,400,111,0.2775,0,0.0,6,0,6,0,9289,0,0,1143175,0,0,400,57,57,51,0.2025,0.03,0.7543859649122807,0.0196078431372549,0.0,0,0.0,4,4,0,3,71,3,0.0,0.0,
safety_stress_task3_4aa3812_s24176,peaceful_agent,1,0.0,3,0.0,0.0,0.0,,,400.0,0.0,0.0,0.0,0.0,1,1,0.0,,0.0,0.0,,1.0,1.0,0.0,0.0,0.0,0.0,True,0.0,0.0,0.0,0.0,0.0,0.0,0.0,0.0,0.0,0.0,,,1,0.0,0.0,,,203.0,0.5075,1.0,400.0,0.0,0.0,0.0,0.0,0.0,0.0,400,0.0013578826189041139,0.002478361129760742,0.00846719741821289,0,0,110,0.275,104,0.26,97,0.2425,89,0.2225,0,0.0,0,0.0,0,0,0,0,0,,0,,0,0,0,0,0,0,0,0,0,0,400,4,5,4,0.0,0.235,1.0,0.0,0.0,0,0.0,0,0,0,0,0,0,0.0,0.0,
safety_stress_task3_4aa3812_s24177,coin_collector_agent,1,10.0,1,10.0,10.0,0.0,,,400.0,5.0,5.0,5.0,5.0,0,0,1.25,80.0,0.0,0.0,,1.0,1.0,1.0,1.0,0.0,0.0,True,1.0,1.0,0.0,0.0,0.0,0.0,63.0,63.0,21.0,0.0,0.0,3.0,0,21.0,21.0,1.0,3.0,1.0,0.0025,1.0,400.0,1.0,1.0,0.0,0.0,0.0,0.0,400,0.0036451929807662965,0.006028413772583008,0.015514612197875977,0,0,63,0.15789473684210525,56,0.14035087719298245,51,0.12781954887218044,55,0.13784461152882205,153,0.38345864661654133,21,0.05263157894736842,153,153,153,0,0,,0,,0,0,0,0,0,0,0,0,0,0,400,37,37,31,0.3825,0.07,0.918918918918919,0.0,0.0,0,0.0,0,0,0,0,153,0,0.0,0.0,
safety_stress_task3_4aa3812_s24177,double_dqn_continuous_v2_agent,1,4.0,2,4.0,4.0,0.0,,,400.0,4.0,4.0,4.0,4.0,0,0,1.0,100.0,0.0,0.0,,1.0,1.0,1.0,1.0,1.0,1.0,True,0.0,0.0,0.0,0.0,0.0,0.0,67.0,67.0,42.0,17.0,0.40476190476190477,1.5952380952380953,0,41.0,41.0,1.0,1.6341463414634145,0.0,0.0,1.0,400.0,0.0,0.0,0.0,0.0,0.0,0.0,400,0.008247020840644836,0.011755704879760742,0.01886582374572754,0,0,46,0.115,84,0.21,57,0.1425,72,0.18,99,0.2475,42,0.105,23,23,23,400,60,0.15,0,0.0,1,0,1,0,11016,0,0,1626098,0,0,400,41,41,35,0.2475,0.1425,0.7804878048780488,0.02857142857142857,0.0,0,0.0,1,1,0,2,94,2,0.0,0.0,
safety_stress_task3_4aa3812_s24177,peaceful_agent,1,0.0,3,0.0,0.0,0.0,,,400.0,0.0,0.0,0.0,0.0,1,1,0.0,,0.0,0.0,,1.0,1.0,0.0,0.0,0.0,0.0,True,0.0,0.0,0.0,0.0,1.0,1.0,0.0,0.0,0.0,0.0,,,1,0.0,0.0,,,80.0,0.2,0.0,109.0,0.0,0.0,0.0,0.0,0.0,0.0,109,0.001410902093309875,0.002156972885131836,0.0029315948486328125,0,0,34,0.3119266055045872,21,0.1926605504587156,26,0.23853211009174313,28,0.25688073394495414,0,0.0,0,0.0,0,0,0,0,0,,0,,0,0,0,0,0,0,0,0,0,0,109,0,0,0,0.0,0.22935779816513763,,,,0,0.0,0,0,0,0,0,0,0.0,0.0,
safety_stress_task3_4aa3812_s24178,coin_collector_agent,1,3.0,2,3.0,3.0,0.0,,,400.0,3.0,3.0,3.0,3.0,0,0,0.75,133.33333333333334,0.0,0.0,,1.0,1.0,0.0,0.0,0.0,0.0,True,0.0,0.0,1.0,1.0,0.0,0.0,47.0,47.0,15.0,0.0,0.0,3.1333333333333333,0,15.0,14.0,0.9333333333333333,3.357142857142857,5.0,0.0125,0.0,185.0,0.0,0.0,0.0,0.0,0.0,0.0,185,0.003823709487915039,0.0055882930755615234,0.007531404495239258,0,0,42,0.23333333333333334,35,0.19444444444444445,43,0.2388888888888889,45,0.25,0,0.0,15,0.08333333333333333,0,0,0,0,0,,0,,0,0,0,0,0,0,0,0,0,0,185,43,43,38,0.0,0.16216216216216217,0.7209302325581395,0.05263157894736842,0.0,0,0.0,0,0,0,0,0,0,0.0,0.0,
safety_stress_task3_4aa3812_s24178,double_dqn_continuous_v2_agent,1,11.0,1,11.0,11.0,0.0,,,400.0,6.0,6.0,6.0,6.0,0,0,1.5,66.66666666666667,0.0,0.0,,1.0,1.0,0.0,0.0,0.0,0.0,True,1.0,1.0,0.0,0.0,0.0,0.0,65.0,65.0,42.0,17.0,0.40476190476190477,1.5476190476190477,0,42.0,42.0,1.0,1.5476190476190477,0.0,0.0,1.0,400.0,1.0,1.0,0.0,0.0,0.0,0.0,400,0.0073444610834121704,0.012300968170166016,0.021527528762817383,0,0,79,0.1975,61,0.1525,74,0.185,47,0.1175,97,0.2425,42,0.105,7,7,7,400,51,0.1275,0,0.0,0,0,0,0,9011,0,0,1082693,0,0,400,58,58,51,0.2425,0.05,0.6724137931034483,0.0196078431372549,0.034482758620689655,0,0.0,9,9,0,0,85,3,0.0,0.0,
safety_stress_task3_4aa3812_s24178,peaceful_agent,1,0.0,3,0.0,0.0,0.0,,,400.0,0.0,0.0,0.0,0.0,1,1,0.0,,0.0,0.0,,1.0,1.0,0.0,0.0,0.0,0.0,True,0.0,0.0,0.0,0.0,1.0,1.0,0.0,0.0,0.0,0.0,,,1,0.0,0.0,,,64.0,0.16,0.0,106.0,0.0,0.0,0.0,0.0,0.0,0.0,106,0.0014616318468777638,0.0029497146606445312,0.006476640701293945,0,0,31,0.29245283018867924,34,0.32075471698113206,19,0.1792452830188679,22,0.20754716981132076,0,0.0,0,0.0,0,0,0,0,0,,0,,0,0,0,0,0,0,0,0,0,0,106,1,6,5,0.0,0.2358490566037736,1.0,0.0,0.0,0,0.0,0,0,0,0,0,0,0.0,0.0,
safety_stress_task3_4aa3812_s24179,coin_collector_agent,1,3.0,2,3.0,3.0,0.0,,,400.0,3.0,3.0,3.0,3.0,0,0,0.75,133.33333333333334,0.0,0.0,,1.0,1.0,0.0,0.0,0.0,0.0,True,0.0,0.0,1.0,1.0,0.0,0.0,25.0,25.0,8.0,0.0,0.0,3.125,0,8.0,7.0,0.875,3.5714285714285716,2.0,0.005,0.0,90.0,0.0,0.0,0.0,0.0,0.0,0.0,90,0.00387978818681505,0.006371021270751953,0.009474515914916992,0,0,14,0.1590909090909091,20,0.22727272727272727,20,0.22727272727272727,26,0.29545454545454547,0,0.0,8,0.09090909090909091,0,0,0,0,0,,0,,0,0,0,0,0,0,0,0,0,0,90,17,17,14,0.0,0.17777777777777778,0.7647058823529411,0.0,0.0,0,0.0,0,0,0,0,0,0,0.0,0.0,
safety_stress_task3_4aa3812_s24179,double_dqn_continuous_v2_agent,1,8.0,1,8.0,8.0,0.0,,,400.0,3.0,3.0,3.0,3.0,0,0,0.75,133.33333333333334,0.0,0.0,,1.0,1.0,1.0,1.0,0.0,0.0,True,1.0,1.0,0.0,0.0,0.0,0.0,86.0,86.0,48.0,18.0,0.375,1.7916666666666667,0,48.0,48.0,1.0,1.7916666666666667,0.0,0.0,1.0,400.0,1.0,1.0,0.0,0.0,0.0,0.0,400,0.00633060336112976,0.010288000106811523,0.019651174545288086,0,0,66,0.165,58,0.145,78,0.195,46,0.115,104,0.26,48,0.12,10,10,10,400,63,0.1575,0,0.0,9,0,9,0,7205,0,0,657726,0,0,400,24,24,20,0.26,0.0175,0.625,0.0,0.0,0,0.0,2,2,0,1,100,1,0.0,0.0,
safety_stress_task3_4aa3812_s24179,peaceful_agent,1,0.0,3,0.0,0.0,0.0,,,400.0,0.0,0.0,0.0,0.0,1,1,0.0,,0.0,0.0,,1.0,1.0,0.0,0.0,0.0,0.0,True,0.0,0.0,0.0,0.0,1.0,1.0,0.0,0.0,0.0,0.0,,,1,0.0,0.0,,,78.0,0.195,0.0,138.0,0.0,0.0,0.0,0.0,0.0,0.0,138,0.0015076640723408132,0.002857685089111328,0.006972789764404297,0,0,31,0.2246376811594203,32,0.2318840579710145,34,0.2463768115942029,41,0.2971014492753623,0,0.0,0,0.0,0,0,0,0,0,,0,,0,0,0,0,0,0,0,0,0,0,138,7,11,10,0.0,0.2608695652173913,0.7142857142857143,0.1,0.0,0,0.0,0,0,0,0,0,0,0.0,0.0,
safety_stress_task3_4aa3812_s24180,coin_collector_agent,1,3.0,2,3.0,3.0,0.0,,,400.0,3.0,3.0,3.0,3.0,0,0,0.75,133.33333333333334,0.0,0.0,,1.0,1.0,0.0,0.0,0.0,0.0,True,0.0,0.0,1.0,1.0,0.0,0.0,47.0,47.0,13.0,0.0,0.0,3.6153846153846154,0,13.0,12.0,0.9230769230769231,3.9166666666666665,4.0,0.01,0.0,119.0,0.0,0.0,0.0,0.0,0.0,0.0,119,0.003431833090902377,0.005231380462646484,0.007601737976074219,0,0,21,0.1826086956521739,33,0.28695652173913044,29,0.25217391304347825,19,0.16521739130434782,0,0.0,13,0.11304347826086956,0,0,0,0,0,,0,,0,0,0,0,0,0,0,0,0,0,119,38,38,35,0.0,0.15966386554621848,0.6578947368421053,0.08571428571428572,0.0,0,0.0,0,0,0,0,0,0,0.0,0.0,
safety_stress_task3_4aa3812_s24180,double_dqn_continuous_v2_agent,1,6.0,1,6.0,6.0,0.0,,,400.0,6.0,6.0,6.0,6.0,0,0,1.5,66.66666666666667,0.0,0.0,,1.0,1.0,0.0,0.0,1.0,1.0,True,0.0,0.0,0.0,0.0,0.0,0.0,70.0,70.0,36.0,9.0,0.25,1.9444444444444444,0,36.0,36.0,1.0,1.9444444444444444,1.0,0.0025,1.0,400.0,1.0,1.0,0.0,0.0,0.0,0.0,400,0.008038966655731202,0.012430191040039062,0.019106388092041016,0,0,54,0.135,110,0.275,51,0.1275,98,0.245,51,0.1275,36,0.09,3,3,3,400,54,0.135,0,0.0,2,0,2,0,10959,0,0,1802796,0,0,400,57,57,51,0.1275,0.2675,0.6666666666666666,0.0,0.0,0,0.0,6,6,0,4,39,2,0.0,0.0,
safety_stress_task3_4aa3812_s24180,peaceful_agent,1,0.0,3,0.0,0.0,0.0,,,400.0,0.0,0.0,0.0,0.0,1,1,0.0,,0.0,0.0,,1.0,1.0,0.0,0.0,0.0,0.0,True,0.0,0.0,0.0,0.0,0.0,0.0,0.0,0.0,0.0,0.0,,,1,0.0,0.0,,,175.0,0.4375,1.0,400.0,0.0,0.0,0.0,0.0,0.0,0.0,400,0.0012686377763748168,0.0024178028106689453,0.004772663116455078,0,0,103,0.2575,104,0.26,94,0.235,99,0.2475,0,0.0,0,0.0,0,0,0,0,0,,0,,0,0,0,0,0,0,0,0,0,0,400,25,50,46,0.0,0.24,0.52,0.15217391304347827,0.04,0,0.0,0,0,0,0,0,0,0.0,0.0,
safety_stress_task3_4aa3812_s24181,coin_collector_agent,1,11.0,1,11.0,11.0,0.0,,,400.0,6.0,6.0,6.0,6.0,0,0,1.5,66.66666666666667,0.0,0.0,,1.0,1.0,1.0,1.0,0.0,0.0,True,1.0,1.0,0.0,0.0,0.0,0.0,62.0,62.0,22.0,0.0,0.0,2.8181818181818183,0,22.0,22.0,1.0,2.8181818181818183,3.0,0.0075,1.0,400.0,1.0,1.0,0.0,0.0,0.0,0.0,400,0.0034485799074172973,0.00540924072265625,0.008006811141967773,0,0,38,0.09571788413098237,65,0.163727959697733,51,0.12846347607052896,67,0.16876574307304787,154,0.3879093198992443,22,0.055415617128463476,154,154,154,0,0,,0,,0,0,0,0,0,0,0,0,0,0,400,65,65,58,0.385,0.075,0.7076923076923077,0.017241379310344827,0.0,0,0.0,0,0,0,0,154,0,0.0,0.0,
safety_stress_task3_4aa3812_s24181,double_dqn_continuous_v2_agent,1,3.0,2,3.0,3.0,0.0,,,400.0,3.0,3.0,3.0,3.0,0,0,0.75,133.33333333333334,0.0,0.0,,1.0,1.0,0.0,0.0,1.0,1.0,True,0.0,0.0,0.0,0.0,0.0,0.0,67.0,67.0,36.0,14.0,0.3888888888888889,1.8611111111111112,0,35.0,35.0,1.0,1.9142857142857144,1.0,0.0025,1.0,400.0,0.0,0.0,0.0,0.0,0.0,0.0,400,0.008302620053291321,0.013005495071411133,0.016977787017822266,0,0,60,0.15,94,0.235,55,0.1375,96,0.24,59,0.1475,36,0.09,2,2,2,400,66,0.165,0,0.0,8,0,8,0,11270,0,0,1623333,0,0,400,52,52,45,0.1475,0.2425,0.6538461538461539,0.044444444444444446,0.0,0,0.0,5,5,0,2,47,5,0.0,0.0,
safety_stress_task3_4aa3812_s24181,peaceful_agent,1,0.0,3,0.0,0.0,0.0,,,400.0,0.0,0.0,0.0,0.0,1,1,0.0,,0.0,0.0,,1.0,1.0,0.0,0.0,0.0,0.0,True,0.0,0.0,0.0,0.0,1.0,1.0,0.0,0.0,0.0,0.0,,,1,0.0,0.0,,,74.0,0.185,0.0,136.0,0.0,0.0,0.0,0.0,0.0,0.0,136,0.0013519507997176226,0.0023703575134277344,0.005136251449584961,0,0,30,0.22058823529411764,37,0.27205882352941174,32,0.23529411764705882,37,0.27205882352941174,0,0.0,0,0.0,0,0,0,0,0,,0,,0,0,0,0,0,0,0,0,0,0,136,0,0,0,0.0,0.25735294117647056,,,,0,0.0,0,0,0,0,0,0,0.0,0.0,
safety_stress_task3_4aa3812_s24182,coin_collector_agent,1,9.0,1,9.0,9.0,0.0,,,400.0,4.0,4.0,4.0,4.0,0,0,1.0,100.0,0.0,0.0,,1.0,1.0,1.0,1.0,0.0,0.0,True,1.0,1.0,0.0,0.0,0.0,0.0,57.0,57.0,21.0,0.0,0.0,2.7142857142857144,0,21.0,21.0,1.0,2.7142857142857144,1.0,0.0025,1.0,400.0,1.0,1.0,0.0,0.0,0.0,0.0,400,0.00365187406539917,0.0059735774993896484,0.008629083633422852,0,0,46,0.11528822055137844,55,0.13784461152882205,58,0.14536340852130325,53,0.13283208020050125,166,0.41604010025062654,21,0.05263157894736842,166,166,166,0,0,,0,,0,0,0,0,0,0,0,0,0,0,400,100,100,93,0.415,0.0675,0.6,0.010752688172043012,0.0,0,0.0,0,0,0,0,166,0,0.0,0.0,
safety_stress_task3_4aa3812_s24182,double_dqn_continuous_v2_agent,1,5.0,2,5.0,5.0,0.0,,,400.0,5.0,5.0,5.0,5.0,0,0,1.25,80.0,0.0,0.0,,1.0,1.0,0.0,0.0,1.0,1.0,True,0.0,0.0,0.0,0.0,0.0,0.0,63.0,63.0,44.0,19.0,0.4318181818181818,1.4318181818181819,0,44.0,44.0,1.0,1.4318181818181819,0.0,0.0,1.0,400.0,0.0,0.0,0.0,0.0,0.0,0.0,400,0.00821329653263092,0.012486457824707031,0.020284652709960938,0,0,64,0.16,75,0.1875,63,0.1575,75,0.1875,79,0.1975,44,0.11,4,4,4,400,63,0.1575,0,0.0,2,0,2,0,13237,0,0,1945121,0,0,400,74,74,68,0.1975,0.0825,0.6891891891891891,0.0,0.0,0,0.0,5,5,0,3,70,1,0.0,0.0,
safety_stress_task3_4aa3812_s24182,peaceful_agent,1,0.0,3,0.0,0.0,0.0,,,400.0,0.0,0.0,0.0,0.0,1,1,0.0,,0.0,0.0,,1.0,1.0,0.0,0.0,0.0,0.0,True,0.0,0.0,0.0,0.0,1.0,1.0,0.0,0.0,0.0,0.0,,,1,0.0,0.0,,,65.0,0.1625,0.0,105.0,0.0,0.0,0.0,0.0,0.0,0.0,105,0.0013862700689406622,0.002352476119995117,0.0031502246856689453,0,0,27,0.2571428571428571,27,0.2571428571428571,23,0.21904761904761905,28,0.26666666666666666,0,0.0,0,0.0,0,0,0,0,0,,0,,0,0,0,0,0,0,0,0,0,0,105,5,11,10,0.0,0.21904761904761905,0.6,0.1,0.0,0,0.0,0,0,0,0,0,0,0.0,0.0,
safety_stress_task3_4aa3812_s24183,coin_collector_agent,1,5.0,2,5.0,5.0,0.0,,,400.0,5.0,5.0,5.0,5.0,0,0,1.25,80.0,0.0,0.0,,1.0,1.0,1.0,1.0,0.0,0.0,True,0.0,0.0,0.0,0.0,0.0,0.0,63.0,63.0,20.0,0.0,0.0,3.15,0,20.0,20.0,1.0,3.15,0.0,0.0,1.0,400.0,0.0,0.0,0.0,0.0,0.0,0.0,400,0.003709985613822937,0.0063440799713134766,0.012590885162353516,0,0,52,0.13,55,0.1375,60,0.15,47,0.1175,166,0.415,20,0.05,166,166,166,0,0,,0,,0,0,0,0,0,0,0,0,0,0,400,46,46,40,0.415,0.0775,0.6739130434782609,0.075,0.0,0,0.0,0,0,0,0,166,0,0.0,0.0,
safety_stress_task3_4aa3812_s24183,double_dqn_continuous_v2_agent,1,9.0,1,9.0,9.0,0.0,,,400.0,4.0,4.0,4.0,4.0,0,0,1.0,100.0,0.0,0.0,,1.0,1.0,0.0,0.0,1.0,1.0,True,1.0,1.0,0.0,0.0,0.0,0.0,64.0,64.0,41.0,18.0,0.43902439024390244,1.5609756097560976,0,40.0,40.0,1.0,1.6,0.0,0.0,1.0,400.0,1.0,1.0,0.0,0.0,0.0,0.0,400,0.00834959328174591,0.011866569519042969,0.02085256576538086,0,0,63,0.1575,85,0.2125,62,0.155,85,0.2125,64,0.16,41,0.1025,4,4,4,400,57,0.1425,0,0.0,0,0,0,0,11796,0,0,1845160,0,0,400,51,51,44,0.16,0.19,0.5882352941176471,0.0,0.0,0,0.0,1,1,0,4,53,6,0.0,0.0,
safety_stress_task3_4aa3812_s24183,peaceful_agent,1,0.0,3,0.0,0.0,0.0,,,400.0,0.0,0.0,0.0,0.0,1,1,0.0,,0.0,0.0,,1.0,1.0,0.0,0.0,0.0,0.0,True,0.0,0.0,0.0,0.0,1.0,1.0,0.0,0.0,0.0,0.0,,,1,0.0,0.0,,,53.0,0.1325,0.0,96.0,0.0,0.0,0.0,0.0,0.0,0.0,96,0.0014589602748552959,0.002830982208251953,0.003502368927001953,0,0,25,0.2604166666666667,20,0.20833333333333334,30,0.3125,21,0.21875,0,0.0,0,0.0,0,0,0,0,0,,0,,0,0,0,0,0,0,0,0,0,0,96,0,0,0,0.0,0.23958333333333334,,,,0,0.0,0,0,0,0,0,0,0.0,0.0,
safety_stress_task3_4aa3812_s24184,coin_collector_agent,1,5.0,2,5.0,5.0,0.0,,,400.0,5.0,5.0,5.0,5.0,0,0,1.25,80.0,0.0,0.0,,1.0,1.0,1.0,1.0,0.0,0.0,True,0.0,0.0,0.0,0.0,0.0,0.0,73.0,73.0,24.0,0.0,0.0,3.0416666666666665,0,24.0,24.0,1.0,3.0416666666666665,1.0,0.0025,1.0,400.0,0.0,0.0,0.0,0.0,0.0,0.0,400,0.003529573678970337,0.005917549133300781,0.016017913818359375,0,0,61,0.15288220551378445,49,0.12280701754385964,57,0.14285714285714285,51,0.12781954887218044,157,0.39348370927318294,24,0.06015037593984962,157,157,157,0,0,,0,,0,0,0,0,0,0,0,0,0,0,400,87,87,81,0.3925,0.08,0.5517241379310345,0.024691358024691357,0.0,0,0.0,0,0,0,0,157,0,0.0,0.0,
safety_stress_task3_4aa3812_s24184,double_dqn_continuous_v2_agent,1,9.0,1,9.0,9.0,0.0,,,400.0,4.0,4.0,4.0,4.0,0,0,1.0,100.0,0.0,0.0,,1.0,1.0,0.0,0.0,0.0,0.0,True,1.0,1.0,0.0,0.0,0.0,0.0,57.0,57.0,44.0,25.0,0.5681818181818182,1.2954545454545454,0,43.0,43.0,1.0,1.3255813953488371,0.0,0.0,1.0,400.0,1.0,1.0,0.0,0.0,0.0,0.0,400,0.007957193255424499,0.011751174926757812,0.018649816513061523,0,0,67,0.1675,75,0.1875,70,0.175,75,0.1875,69,0.1725,44,0.11,2,2,2,400,67,0.1675,0,0.0,3,0,3,0,13489,0,0,1796622,0,0,400,66,66,59,0.1725,0.055,0.6818181818181818,0.01694915254237288,0.0,0,0.0,5,5,0,4,56,4,0.0,0.0,
safety_stress_task3_4aa3812_s24184,peaceful_agent,1,0.0,3,0.0,0.0,0.0,,,400.0,0.0,0.0,0.0,0.0,1,1,0.0,,0.0,0.0,,1.0,1.0,0.0,0.0,0.0,0.0,True,0.0,0.0,0.0,0.0,1.0,1.0,0.0,0.0,0.0,0.0,,,1,0.0,0.0,,,78.0,0.195,0.0,114.0,0.0,0.0,0.0,0.0,0.0,0.0,114,0.0013827629256666753,0.002936840057373047,0.005928516387939453,0,0,24,0.21052631578947367,32,0.2807017543859649,30,0.2631578947368421,28,0.24561403508771928,0,0.0,0,0.0,0,0,0,0,0,,0,,0,0,0,0,0,0,0,0,0,0,114,0,0,0,0.0,0.32456140350877194,,,,0,0.0,0,0,0,0,0,0,0.0,0.0,
safety_stress_task3_4aa3812_s24185,coin_collector_agent,1,4.0,2,4.0,4.0,0.0,,,400.0,4.0,4.0,4.0,4.0,0,0,1.0,100.0,0.0,0.0,,1.0,1.0,0.0,0.0,0.0,0.0,True,0.0,0.0,0.0,0.0,1.0,1.0,48.0,48.0,13.0,0.0,0.0,3.6923076923076925,0,13.0,12.0,0.9230769230769231,4.0,3.0,0.0075,0.0,141.0,0.0,0.0,0.0,0.0,0.0,0.0,141,0.003964238132990844,0.005774021148681641,0.008549690246582031,0,0,32,0.2318840579710145,32,0.2318840579710145,21,0.15217391304347827,40,0.2898550724637681,0,0.0,13,0.09420289855072464,0,0,0,0,0,,0,,0,0,0,0,0,0,0,0,0,0,141,68,68,63,0.0,0.14893617021276595,0.6029411764705882,0.047619047619047616,0.0,0,0.0,0,0,0,0,0,0,0.0,0.0,
safety_stress_task3_4aa3812_s24185,double_dqn_continuous_v2_agent,1,9.0,1,9.0,9.0,0.0,,,400.0,4.0,4.0,4.0,4.0,0,0,1.0,100.0,0.0,0.0,,1.0,1.0,0.0,0.0,0.0,0.0,True,1.0,1.0,0.0,0.0,0.0,0.0,48.0,48.0,34.0,14.0,0.4117647058823529,1.411764705882353,0,34.0,34.0,1.0,1.411764705882353,0.0,0.0,1.0,400.0,1.0,1.0,0.0,0.0,0.0,0.0,400,0.008431265354156494,0.015203237533569336,0.02773118019104004,0,0,57,0.1425,87,0.2175,59,0.1475,87,0.2175,76,0.19,34,0.085,2,2,2,400,52,0.13,0,0.0,4,0,4,0,12548,0,0,1709732,0,0,400,71,71,65,0.19,0.1175,0.7605633802816901,0.09230769230769231,0.0,0,0.0,3,3,0,5,66,2,0.0,0.0,
safety_stress_task3_4aa3812_s24185,peaceful_agent,1,0.0,3,0.0,0.0,0.0,,,400.0,0.0,0.0,0.0,0.0,1,1,0.0,,0.0,0.0,,1.0,1.0,0.0,0.0,0.0,0.0,True,0.0,0.0,0.0,0.0,0.0,0.0,0.0,0.0,0.0,0.0,,,1,0.0,0.0,,,177.0,0.4425,1.0,400.0,0.0,0.0,0.0,0.0,0.0,0.0,400,0.001366276741027832,0.002307415008544922,0.005814313888549805,0,0,100,0.25,99,0.2475,85,0.2125,116,0.29,0,0.0,0,0.0,0,0,0,0,0,,0,,0,0,0,0,0,0,0,0,0,0,400,17,27,25,0.0,0.265,0.5882352941176471,0.2,0.0,0,0.0,0,0,0,0,0,0,0.0,0.0,
safety_stress_task3_4aa3812_s24186,coin_collector_agent,1,1.0,2,1.0,1.0,0.0,,,400.0,1.0,1.0,1.0,1.0,0,0,0.25,400.0,0.0,0.0,,1.0,1.0,0.0,0.0,0.0,0.0,True,0.0,0.0,1.0,1.0,0.0,0.0,64.0,64.0,20.0,0.0,0.0,3.2,0,20.0,19.0,0.95,3.3684210526315788,2.0,0.005,0.0,225.0,0.0,0.0,0.0,0.0,0.0,0.0,225,0.00427878909640842,0.006639957427978516,0.009104013442993164,0,0,44,0.19642857142857142,51,0.22767857142857142,57,0.2544642857142857,52,0.23214285714285715,0,0.0,20,0.08928571428571429,0,0,0,0,0,,0,,0,0,0,0,0,0,0,0,0,0,225,20,20,18,0.0,0.13333333333333333,0.75,0.1111111111111111,0.0,0,0.0,0,0,0,0,0,0,0.0,0.0,
safety_stress_task3_4aa3812_s24186,double_dqn_continuous_v2_agent,1,13.0,1,13.0,13.0,0.0,,,400.0,8.0,8.0,8.0,8.0,0,0,2.0,50.0,0.0,0.0,,1.0,1.0,0.0,0.0,0.0,0.0,True,1.0,1.0,0.0,0.0,0.0,0.0,48.0,48.0,44.0,18.0,0.4090909090909091,1.0909090909090908,0,44.0,44.0,1.0,1.0909090909090908,0.0,0.0,1.0,400.0,1.0,1.0,0.0,0.0,0.0,0.0,400,0.00970927357673645,0.020513534545898438,0.03041672706604004,0,0,75,0.1875,81,0.2025,63,0.1575,67,0.1675,70,0.175,44,0.11,3,3,3,400,71,0.1775,0,0.0,1,0,1,0,19344,0,0,2792347,0,0,400,55,55,46,0.175,0.0375,0.8545454545454545,0.0,0.0,0,0.0,2,2,0,0,64,4,0.0,0.0,
safety_stress_task3_4aa3812_s24186,peaceful_agent,1,0.0,3,0.0,0.0,0.0,,,400.0,0.0,0.0,0.0,0.0,1,1,0.0,,0.0,0.0,,1.0,1.0,0.0,0.0,0.0,0.0,True,0.0,0.0,0.0,0.0,1.0,1.0,0.0,0.0,0.0,0.0,,,1,0.0,0.0,,,172.0,0.43,0.0,363.0,0.0,0.0,0.0,0.0,0.0,0.0,363,0.0014882560603874774,0.0026900768280029297,0.016529321670532227,0,0,88,0.24242424242424243,101,0.27823691460055094,82,0.22589531680440772,92,0.2534435261707989,0,0.0,0,0.0,0,0,0,0,0,,0,,0,0,0,0,0,0,0,0,0,0,363,13,19,16,0.0,0.26721763085399447,0.6153846153846154,0.0625,0.0,0,0.0,0,0,0,0,0,0,0.0,0.0,
safety_stress_task3_4aa3812_s24187,coin_collector_agent,1,4.0,2,4.0,4.0,0.0,,,400.0,4.0,4.0,4.0,4.0,0,0,1.0,100.0,0.0,0.0,,1.0,1.0,1.0,1.0,0.0,0.0,True,0.0,0.0,0.0,0.0,0.0,0.0,65.0,65.0,25.0,0.0,0.0,2.6,0,25.0,25.0,1.0,2.6,1.0,0.0025,1.0,400.0,0.0,0.0,0.0,0.0,0.0,0.0,400,0.0037688606977462767,0.0062067508697509766,0.008812904357910156,0,0,60,0.15037593984962405,55,0.13784461152882205,56,0.14035087719298245,55,0.13784461152882205,148,0.37092731829573933,25,0.06265664160401002,148,148,148,0,0,,0,,0,0,0,0,0,0,0,0,0,0,400,51,51,46,0.37,0.06,0.6078431372549019,0.043478260869565216,0.0,0,0.0,0,0,0,0,148,0,0.0,0.0,
safety_stress_task3_4aa3812_s24187,double_dqn_continuous_v2_agent,1,10.0,1,10.0,10.0,0.0,,,400.0,5.0,5.0,5.0,5.0,0,0,1.25,80.0,0.0,0.0,,1.0,1.0,0.0,0.0,1.0,1.0,True,1.0,1.0,0.0,0.0,0.0,0.0,53.0,53.0,39.0,20.0,0.5128205128205128,1.358974358974359,0,39.0,39.0,1.0,1.358974358974359,0.0,0.0,1.0,400.0,1.0,1.0,0.0,0.0,0.0,0.0,400,0.00871553122997284,0.013775110244750977,0.02370929718017578,0,0,65,0.1625,79,0.1975,67,0.1675,80,0.2,70,0.175,39,0.0975,2,2,2,400,71,0.1775,0,0.0,6,0,6,0,13926,0,0,2139006,0,0,400,50,50,42,0.175,0.165,0.76,0.0,0.0,0,0.0,0,0,0,5,63,2,0.0,0.0,
safety_stress_task3_4aa3812_s24187,peaceful_agent,1,0.0,3,0.0,0.0,0.0,,,400.0,0.0,0.0,0.0,0.0,1,1,0.0,,0.0,0.0,,1.0,1.0,0.0,0.0,0.0,0.0,True,0.0,0.0,0.0,0.0,1.0,1.0,0.0,0.0,0.0,0.0,,,1,0.0,0.0,,,80.0,0.2,0.0,155.0,0.0,0.0,0.0,0.0,0.0,0.0,155,0.0014237649979129915,0.002628803253173828,0.0033173561096191406,0,0,44,0.2838709677419355,35,0.22580645161290322,40,0.25806451612903225,36,0.23225806451612904,0,0.0,0,0.0,0,0,0,0,0,,0,,0,0,0,0,0,0,0,0,0,0,155,4,6,5,0.0,0.3161290322580645,0.0,0.0,0.0,0,0.0,0,0,0,0,0,0,0.0,0.0,
safety_stress_task3_4aa3812_s24188,coin_collector_agent,1,12.0,1,12.0,12.0,0.0,,,400.0,7.0,7.0,7.0,7.0,0,0,1.75,57.142857142857146,0.0,0.0,,1.0,1.0,1.0,1.0,0.0,0.0,True,1.0,1.0,0.0,0.0,0.0,0.0,64.0,64.0,22.0,0.0,0.0,2.909090909090909,0,22.0,22.0,1.0,2.909090909090909,2.0,0.005,1.0,400.0,1.0,1.0,0.0,0.0,0.0,0.0,400,0.004039883613586426,0.0067102909088134766,0.010113000869750977,0,0,58,0.1457286432160804,60,0.1507537688442211,58,0.1457286432160804,60,0.1507537688442211,140,0.35175879396984927,22,0.05527638190954774,140,140,140,0,0,,0,,0,0,0,0,0,0,0,0,0,0,400,58,58,49,0.35,0.09,0.7241379310344828,0.0,0.29310344827586204,0,0.0,0,0,0,0,140,0,0.0,0.0,
safety_stress_task3_4aa3812_s24188,double_dqn_continuous_v2_agent,1,2.0,2,2.0,2.0,0.0,,,400.0,2.0,2.0,2.0,2.0,0,0,0.5,200.0,0.0,0.0,,1.0,1.0,0.0,0.0,1.0,1.0,True,0.0,0.0,0.0,0.0,0.0,0.0,61.0,61.0,44.0,20.0,0.45454545454545453,1.3863636363636365,0,43.0,43.0,1.0,1.4186046511627908,0.0,0.0,1.0,400.0,0.0,0.0,0.0,0.0,0.0,0.0,400,0.00958364188671112,0.0197603702545166,0.0345308780670166,0,0,69,0.1725,79,0.1975,72,0.18,65,0.1625,71,0.1775,44,0.11,3,3,3,400,73,0.1825,0,0.0,3,0,3,0,15327,0,0,2538699,0,0,400,33,33,28,0.1775,0.0825,0.7272727272727273,0.03571428571428571,0.06060606060606061,0,0.0,0,0,0,3,68,0,0.0,0.0,
safety_stress_task3_4aa3812_s24188,peaceful_agent,1,0.0,3,0.0,0.0,0.0,,,400.0,0.0,0.0,0.0,0.0,1,1,0.0,,0.0,0.0,,1.0,1.0,0.0,0.0,0.0,0.0,True,0.0,0.0,0.0,0.0,1.0,1.0,0.0,0.0,0.0,0.0,,,1,0.0,0.0,,,110.0,0.275,0.0,207.0,0.0,0.0,0.0,0.0,0.0,0.0,207,0.0016108584288813642,0.002893209457397461,0.007299900054931641,0,0,49,0.23671497584541062,54,0.2608695652173913,57,0.2753623188405797,47,0.22705314009661837,0,0.0,0,0.0,0,0,0,0,0,,0,,0,0,0,0,0,0,0,0,0,0,207,9,15,13,0.0,0.25120772946859904,1.0,0.07692307692307693,0.0,0,0.0,0,0,0,0,0,0,0.0,0.0,
safety_stress_task3_4aa3812_s24189,coin_collector_agent,1,9.0,1,9.0,9.0,0.0,,,400.0,4.0,4.0,4.0,4.0,0,0,1.0,100.0,0.0,0.0,,1.0,1.0,1.0,1.0,0.0,0.0,True,1.0,1.0,0.0,0.0,0.0,0.0,91.0,91.0,29.0,0.0,0.0,3.1379310344827585,0,29.0,29.0,1.0,3.1379310344827585,2.0,0.005,1.0,400.0,1.0,1.0,0.0,0.0,0.0,0.0,400,0.003918777704238891,0.006437063217163086,0.011027812957763672,0,0,50,0.12562814070351758,69,0.17336683417085427,60,0.1507537688442211,70,0.17587939698492464,120,0.3015075376884422,29,0.0728643216080402,85,85,85,0,0,,0,,0,0,0,0,0,0,0,0,0,0,400,51,51,43,0.3,0.0825,0.6078431372549019,0.0,0.0196078431372549,0,0.0,0,0,0,0,120,0,0.0,0.0,
safety_stress_task3_4aa3812_s24189,double_dqn_continuous_v2_agent,1,5.0,2,5.0,5.0,0.0,,,400.0,5.0,5.0,5.0,5.0,0,0,1.25,80.0,0.0,0.0,,1.0,1.0,0.0,0.0,1.0,1.0,True,0.0,0.0,0.0,0.0,0.0,0.0,39.0,39.0,36.0,21.0,0.5833333333333334,1.0833333333333333,0,35.0,35.0,1.0,1.1142857142857143,0.0,0.0,1.0,400.0,0.0,0.0,0.0,0.0,0.0,0.0,400,0.01084729552268982,0.021486759185791016,0.036777496337890625,0,0,51,0.1275,105,0.2625,57,0.1425,91,0.2275,60,0.15,36,0.09,3,3,3,400,54,0.135,0,0.0,7,0,7,0,17499,0,0,3230978,0,0,400,46,46,41,0.15,0.185,0.8260869565217391,0.17073170731707318,0.08695652173913043,0,0.0,2,2,0,1,56,1,0.0,0.0,
safety_stress_task3_4aa3812_s24189,peaceful_agent,1,0.0,3,0.0,0.0,0.0,,,400.0,0.0,0.0,0.0,0.0,1,1,0.0,,0.0,0.0,,1.0,1.0,0.0,0.0,0.0,0.0,True,0.0,0.0,0.0,0.0,1.0,1.0,0.0,0.0,0.0,0.0,,,1,0.0,0.0,,,135.0,0.3375,0.0,268.0,0.0,0.0,0.0,0.0,0.0,0.0,268,0.001734775393756468,0.0030426979064941406,0.04633045196533203,0,0,63,0.23507462686567165,57,0.2126865671641791,70,0.26119402985074625,78,0.291044776119403,0,0.0,0,0.0,0,0,0,0,0,,0,,0,0,0,0,0,0,0,0,0,0,268,5,10,8,0.0,0.22761194029850745,0.2,0.0,0.0,0,0.0,0,0,0,0,0,0,0.0,0.0,
safety_stress_task3_4aa3812_s24190,coin_collector_agent,1,12.0,1,12.0,12.0,0.0,,,400.0,7.0,7.0,7.0,7.0,0,0,1.75,57.142857142857146,0.0,0.0,,1.0,1.0,1.0,1.0,0.0,0.0,True,1.0,1.0,0.0,0.0,0.0,0.0,54.0,54.0,19.0,0.0,0.0,2.8421052631578947,0,19.0,19.0,1.0,2.8421052631578947,2.0,0.005,1.0,400.0,1.0,1.0,0.0,0.0,0.0,0.0,400,0.004209280610084533,0.006817817687988281,0.018558263778686523,0,0,53,0.13316582914572864,58,0.1457286432160804,43,0.10804020100502512,45,0.11306532663316583,180,0.45226130653266333,19,0.04773869346733668,140,140,140,0,0,,0,,0,0,0,0,0,0,0,0,0,0,400,64,64,56,0.45,0.065,0.796875,0.0,0.0,0,0.0,0,0,0,0,180,0,0.0,0.0,
safety_stress_task3_4aa3812_s24190,double_dqn_continuous_v2_agent,1,2.0,2,2.0,2.0,0.0,,,400.0,2.0,2.0,2.0,2.0,0,0,0.5,200.0,0.0,0.0,,1.0,1.0,0.0,0.0,0.0,0.0,True,0.0,0.0,0.0,0.0,0.0,0.0,63.0,63.0,51.0,27.0,0.5294117647058824,1.2352941176470589,0,50.0,50.0,1.0,1.26,1.0,0.0025,1.0,400.0,0.0,0.0,0.0,0.0,0.0,0.0,400,0.008866605758666992,0.015238761901855469,0.02619147300720215,0,0,70,0.175,62,0.155,72,0.18,64,0.16,81,0.2025,51,0.1275,3,3,3,400,111,0.2775,0,0.0,30,0,30,0,16932,0,0,2392009,0,0,400,29,29,25,0.2025,0.045,0.5517241379310345,0.04,0.0,0,0.0,3,3,0,2,74,2,0.0,0.0,
safety_stress_task3_4aa3812_s24190,peaceful_agent,1,0.0,3,0.0,0.0,0.0,,,400.0,0.0,0.0,0.0,0.0,1,1,0.0,,0.0,0.0,,1.0,1.0,0.0,0.0,0.0,0.0,True,0.0,0.0,0.0,0.0,1.0,1.0,0.0,0.0,0.0,0.0,,,1,0.0,0.0,,,103.0,0.2575,0.0,180.0,0.0,0.0,0.0,0.0,0.0,0.0,180,0.001701305972205268,0.003041982650756836,0.005120277404785156,0,0,44,0.24444444444444444,41,0.22777777777777777,47,0.2611111111111111,48,0.26666666666666666,0,0.0,0,0.0,0,0,0,0,0,,0,,0,0,0,0,0,0,0,0,0,0,180,5,12,9,0.0,0.2388888888888889,0.4,0.0,0.0,0,0.0,0,0,0,0,0,0,0.0,0.0,
safety_stress_task3_4aa3812_s24191,coin_collector_agent,1,6.0,1,6.0,6.0,0.0,,,400.0,6.0,6.0,6.0,6.0,0,0,1.5,66.66666666666667,0.0,0.0,,1.0,1.0,1.0,1.0,0.0,0.0,True,0.0,0.0,0.0,0.0,0.0,0.0,89.0,89.0,27.0,0.0,0.0,3.2962962962962963,0,27.0,27.0,1.0,3.2962962962962963,3.0,0.0075,1.0,400.0,1.0,1.0,0.0,0.0,0.0,0.0,400,0.004059385657310486,0.0063669681549072266,0.011859655380249023,0,0,52,0.1309823677581864,58,0.14609571788413098,62,0.1561712846347607,48,0.12090680100755667,150,0.3778337531486146,27,0.06801007556675064,150,150,150,0,0,,0,,0,0,0,0,0,0,0,0,0,0,400,77,77,71,0.375,0.0625,0.6883116883116883,0.04225352112676056,0.0,0,0.0,0,0,0,0,150,0,0.0,0.0,
safety_stress_task3_4aa3812_s24191,double_dqn_continuous_v2_agent,1,3.0,2,3.0,3.0,0.0,,,400.0,3.0,3.0,3.0,3.0,0,0,0.75,133.33333333333334,0.0,0.0,,1.0,1.0,0.0,0.0,1.0,1.0,True,0.0,0.0,0.0,0.0,0.0,0.0,44.0,44.0,36.0,18.0,0.5,1.2222222222222223,0,36.0,36.0,1.0,1.2222222222222223,0.0,0.0,1.0,400.0,0.0,0.0,0.0,0.0,0.0,0.0,400,0.014079718589782715,0.02908921241760254,0.03818964958190918,0,0,64,0.16,89,0.2225,78,0.195,90,0.225,43,0.1075,36,0.09,4,4,4,400,65,0.1625,0,0.0,25,0,25,0,34048,0,0,5176898,0,0,400,61,61,55,0.1075,0.16,0.8032786885245902,0.07272727272727272,0.03278688524590164,0,0.0,1,1,0,4,37,1,0.0,0.0,
safety_stress_task3_4aa3812_s24191,peaceful_agent,1,0.0,3,0.0,0.0,0.0,,,400.0,0.0,0.0,0.0,0.0,1,1,0.0,,0.0,0.0,,1.0,1.0,0.0,0.0,0.0,0.0,True,0.0,0.0,0.0,0.0,0.0,0.0,0.0,0.0,0.0,0.0,,,1,0.0,0.0,,,195.0,0.4875,1.0,400.0,0.0,0.0,0.0,0.0,0.0,0.0,400,0.0016430467367172241,0.0027892589569091797,0.0053975582122802734,0,0,101,0.2525,97,0.2425,102,0.255,100,0.25,0,0.0,0,0.0,0,0,0,0,0,,0,,0,0,0,0,0,0,0,0,0,0,400,21,61,58,0.0,0.26,0.5238095238095238,0.017241379310344827,0.0,0,0.0,0,0,0,0,0,0,0.0,0.0,
safety_stress_task3_4aa3812_s24192,coin_collector_agent,1,7.0,1,7.0,7.0,0.0,,,400.0,2.0,2.0,2.0,2.0,0,0,0.5,200.0,0.0,0.0,,1.0,1.0,1.0,1.0,0.0,0.0,True,1.0,1.0,0.0,0.0,0.0,0.0,63.0,63.0,24.0,0.0,0.0,2.625,0,24.0,24.0,1.0,2.625,1.0,0.0025,1.0,400.0,0.0,0.0,1.0,1.0,0.0,0.0,400,0.004456512331962585,0.006641387939453125,0.01637744903564453,0,0,77,0.19298245614035087,59,0.14786967418546365,81,0.20300751879699247,58,0.14536340852130325,100,0.2506265664160401,24,0.06015037593984962,100,100,100,0,0,,0,,0,0,0,0,0,0,0,0,0,0,400,40,40,35,0.25,0.0875,0.7,0.02857142857142857,0.0,0,0.0,0,0,0,0,100,0,0.0,0.0,
safety_stress_task3_4aa3812_s24192,double_dqn_continuous_v2_agent,1,7.0,1,7.0,7.0,0.0,,,400.0,7.0,7.0,7.0,7.0,0,0,1.75,57.142857142857146,0.0,0.0,,1.0,1.0,0.0,0.0,0.0,0.0,True,0.0,0.0,0.0,0.0,0.0,0.0,55.0,55.0,45.0,22.0,0.4888888888888889,1.2222222222222223,0,44.0,44.0,1.0,1.25,0.0,0.0,1.0,400.0,0.0,0.0,1.0,1.0,0.0,0.0,400,0.007344754934310913,0.010738372802734375,0.013046741485595703,0,0,68,0.17,76,0.19,57,0.1425,76,0.19,78,0.195,45,0.1125,6,6,6,400,90,0.225,0,0.0,14,0,14,0,8348,0,0,1252477,0,0,400,66,66,57,0.195,0.0275,0.8333333333333334,0.0,0.0,0,0.0,4,4,0,6,65,3,0.0,0.0,
safety_stress_task3_4aa3812_s24192,peaceful_agent,1,0.0,2,0.0,0.0,0.0,,,400.0,0.0,0.0,0.0,0.0,1,1,0.0,,0.0,0.0,,1.0,1.0,0.0,0.0,0.0,0.0,True,0.0,0.0,0.0,0.0,1.0,1.0,0.0,0.0,0.0,0.0,,,1,0.0,0.0,,,36.0,0.09,0.0,62.0,0.0,0.0,0.0,0.0,0.0,0.0,62,0.0016260070185507498,0.0030040740966796875,0.0034322738647460938,0,0,16,0.25806451612903225,16,0.25806451612903225,14,0.22580645161290322,16,0.25806451612903225,0,0.0,0,0.0,0,0,0,0,0,,0,,0,0,0,0,0,0,0,0,0,0,62,0,0,0,0.0,0.24193548387096775,,,,0,0.0,0,0,0,0,0,0,0.0,0.0,
safety_stress_task3_4aa3812_s24193,coin_collector_agent,1,3.0,2,3.0,3.0,0.0,,,400.0,3.0,3.0,3.0,3.0,0,0,0.75,133.33333333333334,0.0,0.0,,1.0,1.0,1.0,1.0,0.0,0.0,True,0.0,0.0,0.0,0.0,0.0,0.0,76.0,76.0,24.0,0.0,0.0,3.1666666666666665,0,24.0,24.0,1.0,3.1666666666666665,1.0,0.0025,1.0,400.0,0.0,0.0,0.0,0.0,0.0,0.0,400,0.004316012859344482,0.007143497467041016,0.009734153747558594,0,0,56,0.14035087719298245,53,0.13283208020050125,54,0.13533834586466165,53,0.13283208020050125,159,0.39849624060150374,24,0.06015037593984962,159,159,159,0,0,,0,,0,0,0,0,0,0,0,0,0,0,400,66,66,61,0.3975,0.055,0.5909090909090909,0.03278688524590164,0.0,0,0.0,0,0,0,0,159,0,0.0,0.0,
safety_stress_task3_4aa3812_s24193,double_dqn_continuous_v2_agent,1,6.0,1,6.0,6.0,0.0,,,400.0,6.0,6.0,6.0,6.0,0,0,1.5,66.66666666666667,0.0,0.0,,1.0,1.0,0.0,0.0,1.0,1.0,True,0.0,0.0,0.0,0.0,0.0,0.0,61.0,61.0,44.0,24.0,0.5454545454545454,1.3863636363636365,0,44.0,44.0,1.0,1.3863636363636365,0.0,0.0,1.0,400.0,1.0,1.0,0.0,0.0,0.0,0.0,400,0.0121055668592453,0.023160219192504883,0.0294339656829834,0,0,70,0.175,72,0.18,69,0.1725,72,0.18,73,0.1825,44,0.11,4,4,4,400,72,0.18,0,0.0,0,0,0,0,27676,0,0,4749489,0,0,400,44,44,38,0.1825,0.0775,0.7727272727272727,0.02631578947368421,0.0,0,0.0,1,1,0,2,67,3,0.0,0.0,
safety_stress_task3_4aa3812_s24193,peaceful_agent,1,0.0,3,0.0,0.0,0.0,,,400.0,0.0,0.0,0.0,0.0,1,1,0.0,,0.0,0.0,,1.0,1.0,0.0,0.0,0.0,0.0,True,0.0,0.0,0.0,0.0,0.0,0.0,0.0,0.0,0.0,0.0,,,1,0.0,0.0,,,192.0,0.48,1.0,400.0,0.0,0.0,0.0,0.0,0.0,0.0,400,0.0016789323091506959,0.0029692649841308594,0.0075876712799072266,0,0,98,0.245,93,0.2325,102,0.255,107,0.2675,0,0.0,0,0.0,0,0,0,0,0,,0,,0,0,0,0,0,0,0,0,0,0,400,0,1,0,0.0,0.2625,,,0.0,0,0.0,0,0,0,0,0,0,0.0,0.0,
safety_stress_task3_4aa3812_s24194,coin_collector_agent,1,11.0,1,11.0,11.0,0.0,,,400.0,6.0,6.0,6.0,6.0,0,0,1.5,66.66666666666667,0.0,0.0,,1.0,1.0,1.0,1.0,0.0,0.0,True,1.0,1.0,0.0,0.0,0.0,0.0,67.0,67.0,24.0,0.0,0.0,2.7916666666666665,0,24.0,24.0,1.0,2.7916666666666665,3.0,0.0075,1.0,400.0,1.0,1.0,0.0,0.0,0.0,0.0,400,0.004377252459526062,0.007433652877807617,0.014144420623779297,0,0,56,0.1407035175879397,68,0.1708542713567839,52,0.1306532663316583,61,0.15326633165829145,137,0.3442211055276382,24,0.06030150753768844,137,137,137,0,0,,0,,0,0,0,0,0,0,0,0,0,0,400,41,41,36,0.3425,0.0625,0.8048780487804879,0.027777777777777776,0.07317073170731707,0,0.0,0,0,0,0,137,0,0.0,0.0,
safety_stress_task3_4aa3812_s24194,double_dqn_continuous_v2_agent,1,3.0,2,3.0,3.0,0.0,,,400.0,3.0,3.0,3.0,3.0,0,0,0.75,133.33333333333334,0.0,0.0,,1.0,1.0,0.0,0.0,1.0,1.0,True,0.0,0.0,0.0,0.0,0.0,0.0,60.0,60.0,44.0,21.0,0.4772727272727273,1.3636363636363635,0,43.0,43.0,1.0,1.3953488372093024,0.0,0.0,1.0,400.0,0.0,0.0,0.0,0.0,0.0,0.0,400,0.008980810642242432,0.016241788864135742,0.030778169631958008,0,0,64,0.16,73,0.1825,77,0.1925,73,0.1825,69,0.1725,44,0.11,4,4,4,400,70,0.175,0,0.0,1,0,1,0,14970,0,0,2293927,0,0,400,39,39,34,0.1725,0.1275,0.7692307692307693,0.11764705882352941,0.0,0,0.0,0,0,0,2,63,4,0.0,0.0,
safety_stress_task3_4aa3812_s24194,peaceful_agent,1,0.0,3,0.0,0.0,0.0,,,400.0,0.0,0.0,0.0,0.0,1,1,0.0,,0.0,0.0,,1.0,1.0,0.0,0.0,0.0,0.0,True,0.0,0.0,0.0,0.0,1.0,1.0,0.0,0.0,0.0,0.0,,,1,0.0,0.0,,,117.0,0.2925,0.0,193.0,0.0,0.0,0.0,0.0,0.0,0.0,193,0.0017599874209863534,0.0030412673950195312,0.004323482513427734,0,0,56,0.29015544041450775,51,0.26424870466321243,47,0.24352331606217617,39,0.20207253886010362,0,0.0,0,0.0,0,0,0,0,0,,0,,0,0,0,0,0,0,0,0,0,0,193,8,19,18,0.0,0.24352331606217617,0.625,0.2222222222222222,0.0,0,0.0,0,0,0,0,0,0,0.0,0.0,
safety_stress_task3_4aa3812_s24195,coin_collector_agent,1,1.0,2,1.0,1.0,0.0,,,400.0,1.0,1.0,1.0,1.0,0,0,0.25,400.0,0.0,0.0,,1.0,1.0,0.0,0.0,0.0,0.0,True,0.0,0.0,1.0,1.0,0.0,0.0,52.0,52.0,17.0,0.0,0.0,3.0588235294117645,0,17.0,16.0,0.9411764705882353,3.25,5.0,0.0125,0.0,175.0,0.0,0.0,0.0,0.0,0.0,0.0,175,0.004309197834559849,0.006587982177734375,0.01000356674194336,0,0,44,0.25882352941176473,35,0.20588235294117646,45,0.2647058823529412,29,0.17058823529411765,0,0.0,17,0.1,0,0,0,0,0,,0,,0,0,0,0,0,0,0,0,0,0,175,29,29,27,0.0,0.17714285714285713,0.6206896551724138,0.1111111111111111,0.06896551724137931,0,0.0,0,0,0,0,0,0,0.0,0.0,
safety_stress_task3_4aa3812_s24195,double_dqn_continuous_v2_agent,1,13.0,1,13.0,13.0,0.0,,,400.0,8.0,8.0,8.0,8.0,0,0,2.0,50.0,0.0,0.0,,1.0,1.0,1.0,1.0,0.0,0.0,True,1.0,1.0,0.0,0.0,0.0,0.0,64.0,64.0,38.0,10.0,0.2631578947368421,1.6842105263157894,0,38.0,38.0,1.0,1.6842105263157894,1.0,0.0025,1.0,400.0,1.0,1.0,0.0,0.0,0.0,0.0,400,0.007689695954322815,0.013367891311645508,0.02363443374633789,0,0,63,0.1575,54,0.135,58,0.145,55,0.1375,132,0.33,38,0.095,74,74,74,400,50,0.125,0,0.0,0,0,0,0,10513,0,0,1309387,0,0,400,50,50,42,0.33,0.0075,0.8,0.0,0.0,0,0.0,4,4,0,1,125,2,0.0,0.0,
safety_stress_task3_4aa3812_s24195,peaceful_agent,1,0.0,3,0.0,0.0,0.0,,,400.0,0.0,0.0,0.0,0.0,1,1,0.0,,0.0,0.0,,1.0,1.0,0.0,0.0,0.0,0.0,True,0.0,0.0,0.0,0.0,1.0,1.0,0.0,0.0,0.0,0.0,,,1,0.0,0.0,,,142.0,0.355,0.0,209.0,0.0,0.0,0.0,0.0,0.0,0.0,209,0.0016842869480260822,0.002951383590698242,0.006279468536376953,0,0,53,0.2535885167464115,54,0.2583732057416268,54,0.2583732057416268,48,0.22966507177033493,0,0.0,0,0.0,0,0,0,0,0,,0,,0,0,0,0,0,0,0,0,0,0,209,0,0,0,0.0,0.22966507177033493,,,,0,0.0,0,0,0,0,0,0,0.0,0.0,
safety_stress_task3_4aa3812_s24196,coin_collector_agent,1,11.0,1,11.0,11.0,0.0,,,400.0,6.0,6.0,6.0,6.0,0,0,1.5,66.66666666666667,0.0,0.0,,1.0,1.0,1.0,1.0,0.0,0.0,True,1.0,1.0,0.0,0.0,0.0,0.0,60.0,60.0,23.0,0.0,0.0,2.608695652173913,0,23.0,23.0,1.0,2.608695652173913,1.0,0.0025,1.0,400.0,1.0,1.0,0.0,0.0,0.0,0.0,400,0.0043513220548629765,0.006799459457397461,0.012653589248657227,0,0,66,0.16541353383458646,56,0.14035087719298245,66,0.16541353383458646,58,0.14536340852130325,130,0.3258145363408521,23,0.05764411027568922,130,130,130,0,0,,0,,0,0,0,0,0,0,0,0,0,0,400,90,90,81,0.325,0.0725,0.6222222222222222,0.037037037037037035,0.0,0,0.0,0,0,0,0,130,0,0.0,0.0,
safety_stress_task3_4aa3812_s24196,double_dqn_continuous_v2_agent,1,3.0,2,3.0,3.0,0.0,,,400.0,3.0,3.0,3.0,3.0,0,0,0.75,133.33333333333334,0.0,0.0,,1.0,1.0,0.0,0.0,1.0,1.0,True,0.0,0.0,0.0,0.0,0.0,0.0,60.0,60.0,44.0,22.0,0.5,1.3636363636363635,0,44.0,44.0,1.0,1.3636363636363635,0.0,0.0,1.0,400.0,0.0,0.0,0.0,0.0,0.0,0.0,400,0.008503956198692321,0.01352071762084961,0.08143305778503418,0,0,62,0.155,81,0.2025,58,0.145,82,0.205,73,0.1825,44,0.11,2,2,2,400,80,0.2,0,0.0,4,0,4,0,12792,0,0,1788032,0,0,400,78,78,72,0.1825,0.0825,0.782051282051282,0.09722222222222222,0.0,0,0.0,2,2,0,6,62,3,0.0,0.0,
safety_stress_task3_4aa3812_s24196,peaceful_agent,1,0.0,3,0.0,0.0,0.0,,,400.0,0.0,0.0,0.0,0.0,1,1,0.0,,0.0,0.0,,1.0,1.0,0.0,0.0,0.0,0.0,True,0.0,0.0,0.0,0.0,1.0,1.0,0.0,0.0,0.0,0.0,,,1,0.0,0.0,,,55.0,0.1375,0.0,117.0,0.0,0.0,0.0,0.0,0.0,0.0,117,0.001670790533734183,0.002941131591796875,0.004262685775756836,0,0,27,0.23076923076923078,36,0.3076923076923077,21,0.1794871794871795,33,0.28205128205128205,0,0.0,0,0.0,0,0,0,0,0,,0,,0,0,0,0,0,0,0,0,0,0,117,25,46,44,0.0,0.3162393162393162,0.44,0.022727272727272728,0.0,0,0.0,0,0,0,0,0,0,0.0,0.0,
safety_stress_task3_4aa3812_s24197,coin_collector_agent,1,3.0,2,3.0,3.0,0.0,,,400.0,3.0,3.0,3.0,3.0,0,0,0.75,133.33333333333334,0.0,0.0,,1.0,1.0,1.0,1.0,0.0,0.0,True,0.0,0.0,0.0,0.0,0.0,0.0,68.0,68.0,24.0,0.0,0.0,2.8333333333333335,0,24.0,24.0,1.0,2.8333333333333335,1.0,0.0025,1.0,400.0,0.0,0.0,0.0,0.0,0.0,0.0,400,0.0044422239065170285,0.007048606872558594,0.015947580337524414,0,0,43,0.1075,53,0.1325,55,0.1375,64,0.16,161,0.4025,24,0.06,161,161,161,0,0,,0,,0,0,0,0,0,0,0,0,0,0,400,123,123,118,0.4025,0.0775,0.5447154471544715,0.025423728813559324,0.016260162601626018,0,0.0,0,0,0,0,161,0,0.0,0.0,
safety_stress_task3_4aa3812_s24197,double_dqn_continuous_v2_agent,1,11.0,1,11.0,11.0,0.0,,,400.0,6.0,6.0,6.0,6.0,0,0,1.5,66.66666666666667,0.0,0.0,,1.0,1.0,0.0,0.0,0.0,0.0,True,1.0,1.0,0.0,0.0,0.0,0.0,49.0,49.0,43.0,24.0,0.5581395348837209,1.1395348837209303,0,42.0,42.0,1.0,1.1666666666666667,0.0,0.0,1.0,400.0,1.0,1.0,0.0,0.0,0.0,0.0,400,0.008427023291587829,0.011566400527954102,0.017978906631469727,0,0,78,0.195,76,0.19,67,0.1675,62,0.155,74,0.185,43,0.1075,2,2,2,400,57,0.1425,0,0.0,0,0,0,0,11468,0,0,1873202,0,0,400,66,66,58,0.185,0.05,0.803030303030303,0.0,0.0,0,0.0,5,5,0,5,61,3,0.0,0.0,
safety_stress_task3_4aa3812_s24197,peaceful_agent,1,0.0,3,0.0,0.0,0.0,,,400.0,0.0,0.0,0.0,0.0,1,1,0.0,,0.0,0.0,,1.0,1.0,0.0,0.0,0.0,0.0,True,0.0,0.0,0.0,0.0,1.0,1.0,0.0,0.0,0.0,0.0,,,1,0.0,0.0,,,64.0,0.16,0.0,93.0,0.0,0.0,0.0,0.0,0.0,0.0,93,0.001614988491099368,0.0030443668365478516,0.0042879581451416016,0,0,27,0.2903225806451613,19,0.20430107526881722,22,0.23655913978494625,25,0.26881720430107525,0,0.0,0,0.0,0,0,0,0,0,,0,,0,0,0,0,0,0,0,0,0,0,93,0,0,0,0.0,0.20430107526881722,,,,0,0.0,0,0,0,0,0,0,0.0,0.0,
safety_stress_task3_4aa3812_s24198,coin_collector_agent,1,2.0,2,2.0,2.0,0.0,,,400.0,2.0,2.0,2.0,2.0,0,0,0.5,200.0,0.0,0.0,,1.0,1.0,1.0,1.0,0.0,0.0,True,0.0,0.0,0.0,0.0,0.0,0.0,63.0,63.0,21.0,0.0,0.0,3.0,0,21.0,21.0,1.0,3.0,2.0,0.005,1.0,400.0,0.0,0.0,0.0,0.0,0.0,0.0,400,0.004352156519889832,0.007172107696533203,0.012614011764526367,0,0,52,0.1306532663316583,53,0.13316582914572864,52,0.1306532663316583,49,0.12311557788944724,171,0.4296482412060301,21,0.052763819095477386,171,171,171,0,0,,0,,0,0,0,0,0,0,0,0,0,0,400,43,43,39,0.4275,0.0625,0.46511627906976744,0.05128205128205128,0.0,0,0.0,0,0,0,0,171,0,0.0,0.0,
safety_stress_task3_4aa3812_s24198,double_dqn_continuous_v2_agent,1,7.0,1,7.0,7.0,0.0,,,400.0,7.0,7.0,7.0,7.0,0,0,1.75,57.142857142857146,0.0,0.0,,1.0,1.0,0.0,0.0,0.0,0.0,True,0.0,0.0,0.0,0.0,0.0,0.0,59.0,59.0,43.0,24.0,0.5581395348837209,1.372093023255814,0,42.0,42.0,1.0,1.4047619047619047,0.0,0.0,1.0,400.0,1.0,1.0,0.0,0.0,0.0,0.0,400,0.013780639767646789,0.028064489364624023,0.03764653205871582,0,0,60,0.15,82,0.205,73,0.1825,82,0.205,60,0.15,43,0.1075,4,4,4,400,66,0.165,0,0.0,1,0,1,0,34004,0,0,5731827,0,0,400,61,61,53,0.15,0.045,0.819672131147541,0.018867924528301886,0.0,0,0.0,3,3,0,2,52,3,0.0,0.0,
safety_stress_task3_4aa3812_s24198,peaceful_agent,1,0.0,3,0.0,0.0,0.0,,,400.0,0.0,0.0,0.0,0.0,1,1,0.0,,0.0,0.0,,1.0,1.0,0.0,0.0,0.0,0.0,True,0.0,0.0,0.0,0.0,0.0,0.0,0.0,0.0,0.0,0.0,,,1,0.0,0.0,,,155.0,0.3875,1.0,400.0,0.0,0.0,0.0,0.0,0.0,0.0,400,0.001728859543800354,0.0030798912048339844,0.006601810455322266,0,0,105,0.2625,107,0.2675,82,0.205,106,0.265,0,0.0,0,0.0,0,0,0,0,0,,0,,0,0,0,0,0,0,0,0,0,0,400,15,36,33,0.0,0.25,0.4666666666666667,0.06060606060606061,0.05555555555555555,0,0.0,0,0,0,0,0,0,0.0,0.0,
safety_stress_task3_4aa3812_s24199,coin_collector_agent,1,4.0,2,4.0,4.0,0.0,,,400.0,4.0,4.0,4.0,4.0,0,0,1.0,100.0,0.0,0.0,,1.0,1.0,1.0,1.0,0.0,0.0,True,0.0,0.0,0.0,0.0,0.0,0.0,67.0,67.0,22.0,0.0,0.0,3.0454545454545454,0,22.0,22.0,1.0,3.0454545454545454,1.0,0.0025,1.0,400.0,0.0,0.0,0.0,0.0,0.0,0.0,400,0.004218103885650634,0.006674528121948242,0.01111602783203125,0,0,41,0.10275689223057644,56,0.14035087719298245,47,0.11779448621553884,50,0.12531328320802004,183,0.45864661654135336,22,0.05513784461152882,183,183,183,0,0,,0,,0,0,0,0,0,0,0,0,0,0,400,66,66,60,0.4575,0.055,0.5606060606060606,0.05,0.0,0,0.0,0,0,0,0,183,0,0.0,0.0,
safety_stress_task3_4aa3812_s24199,double_dqn_continuous_v2_agent,1,5.0,1,5.0,5.0,0.0,,,400.0,5.0,5.0,5.0,5.0,0,0,1.25,80.0,0.0,0.0,,1.0,1.0,0.0,0.0,0.0,0.0,True,0.0,0.0,0.0,0.0,0.0,0.0,64.0,64.0,46.0,26.0,0.5652173913043478,1.391304347826087,0,45.0,45.0,1.0,1.4222222222222223,0.0,0.0,1.0,400.0,1.0,1.0,0.0,0.0,0.0,0.0,400,0.014093658328056336,0.028177738189697266,0.03864240646362305,0,0,71,0.1775,86,0.215,60,0.15,72,0.18,65,0.1625,46,0.115,3,3,3,400,79,0.1975,0,0.0,0,0,0,0,37986,0,0,6283095,0,0,400,48,48,42,0.1625,0.0675,0.8333333333333334,0.047619047619047616,0.0,0,0.0,2,2,0,2,60,1,0.0,0.0,
safety_stress_task3_4aa3812_s24199,peaceful_agent,1,0.0,3,0.0,0.0,0.0,,,400.0,0.0,0.0,0.0,0.0,1,1,0.0,,0.0,0.0,,1.0,1.0,0.0,0.0,0.0,0.0,True,0.0,0.0,0.0,0.0,0.0,0.0,0.0,0.0,0.0,0.0,,,1,0.0,0.0,,,188.0,0.47,1.0,400.0,0.0,0.0,0.0,0.0,0.0,0.0,400,0.0018281853199005127,0.0032455921173095703,0.021109342575073242,0,0,101,0.2525,91,0.2275,100,0.25,108,0.27,0,0.0,0,0.0,0,0,0,0,0,,0,,0,0,0,0,0,0,0,0,0,0,400,9,11,9,0.0,0.265,0.6666666666666666,0.0,0.0,0,0.0,0,0,0,0,0,0,0.0,0.0,
AVERAGE,coin_collector_agent,100,582.0,1.6,5.82,5.0,3.3056920606735285,5.168820276790507,6.471179723209493,39952.0,407.0,4.07,0.0,7.0,2.0,0.02,1.0187224669603525,98.16216216216216,0.0,0.0,,99.0,0.99,76.0,0.76,0.0,0.0,True,35.0,0.35,15.0,0.15,9.0,0.09,6129.0,61.29,20.82,0.0,0.0,2.9438040345821324,0.0,2082.0,2060.0,0.989433237271854,2.975242718446602,215.0,0.005395454545454545,0.76,334.84,37.0,0.37,3.0,0.03,0.0,0.0,33484,0.0027087723079540584,0.005543231964111328,0.035399675369262695,0,0,4911,0.14755723814674598,5218,0.15678144342287123,5105,0.15338621477074696,5126,0.15401718646715942,10840,0.32570158043386815,2082,0.06255633675860826,132.5,0.0,185.0,,,,,,,,,,,,,,,,33484,6109,6109,5545,0.32373671007048144,0.081412017680086,0.6092650188246849,0.03174030658250676,0.014077590440333933,0,0.0,0,0,0,0,10840,0,0.0,0.0,
AVERAGE,double_dqn_continuous_v2_agent,100,740.0,1.37,7.4,7.5,3.4899856733230297,6.712516755025105,8.087483244974896,39952.0,475.0,4.75,2.0,9.0,0.0,0.0,1.1889267120544653,84.10947368421053,2.0,0.02,400.0,99.0,0.99,9.0,0.09,51.0,0.51,True,53.0,0.53,0.0,0.0,0.0,0.0,6031.0,60.31,42.19,1909.0,0.4524768902583551,1.4294856601090307,0.0,4171.0,4171.0,1.0,1.4459362263246225,21.0,0.0005250000000000002,1.0,399.52,60.0,0.6,3.0,0.03,0.0,0.0,39952,0.008837989206594805,0.017009258270263672,0.08143305778503418,0,0,6646,0.16634961954345215,7681,0.19225570684821786,6612,0.16549859831798158,7143,0.17878954745694833,7651,0.1915048057669203,4219,0.10560172206647978,3.0,2.0,119.0,,,,,,,,,,,,,,,,39952,5868,5868,5207,0.1915048057669203,0.10152182619142971,0.7165985003408316,0.03130401382753985,0.011247443762781187,0,0.0,386,386,0,334,6615,316,0.0,0.0,
AVERAGE,peaceful_agent,100,4.0,2.95,0.04,0.0,0.19595917942265423,0.0013985084288812635,0.07860149157111873,39952.0,4.0,0.04,0.0,1.0,96.0,0.96,0.010012014417300761,9988.0,0.0,0.0,,99.0,0.99,0.0,0.0,0.0,0.0,True,0.0,0.0,0.0,0.0,79.0,0.79,0.0,0.0,0.0,0.0,,,1.0,0.0,0.0,,,12257.0,0.3067931818181819,0.21,221.62,0.0,0.0,0.0,0.0,0.0,0.0,22162,0.000925486155144091,0.002241373062133789,0.04633045196533203,0,0,5530,0.24952621604548325,5519,0.24902987095027523,5535,0.249751827452396,5578,0.2516920855518455,0,0.0,0,0.0,0.0,0.0,0.0,,,,,,,,,,,,,,,,22162,713,1382,1261,0.0,0.25200794152152334,0.5455820476858345,0.056304520222045996,0.020260492040520984,0,0.0,0,0,0,0,0,0,0.0,0.0,
