training_seed,cumulative_task3_rounds,role,task,environment_seed,run_id,checkpoint,source_commit,source_hash,status,score,coins,crates,kills,suicides,bombs,bombs_resolved,bombs_survived,invalid_actions,survived,exclusive_first,tied_first,act_count,act_p95_seconds,act_max_seconds,timeouts,skipped_actions
11,1500,parent_task1,coin_navigation,12000,task3pilot_parent_s11_eval_t1_dev12000_12019_814173b_s12000,/export/data/sfan/MLE_final_project/runs/scoreconv_ddqn_cv2_r7_s11_t2_v7_814173b/checkpoints/final.pt,814173b618fb38990db7a5b7ee200369c8b25289,b3dafd35f05214bac1058d7e16407e8cb113322a10c590efb748a51eb6e9364e,completed,50.0,50.0,0.0,0.0,0.0,0.0,0.0,0.0,0.0,1.0,1.0,0.0,126,0.00667119026184082,0.008562326431274414,0,0
11,1500,parent_task1,coin_navigation,12001,task3pilot_parent_s11_eval_t1_dev12000_12019_814173b_s12001,/export/data/sfan/MLE_final_project/runs/scoreconv_ddqn_cv2_r7_s11_t2_v7_814173b/checkpoints/final.pt,814173b618fb38990db7a5b7ee200369c8b25289,b3dafd35f05214bac1058d7e16407e8cb113322a10c590efb748a51eb6e9364e,completed,50.0,50.0,0.0,0.0,0.0,0.0,0.0,0.0,0.0,1.0,1.0,0.0,127,0.0069730281829833984,0.009136199951171875,0,0
11,1500,parent_task1,coin_navigation,12002,task3pilot_parent_s11_eval_t1_dev12000_12019_814173b_s12002,/export/data/sfan/MLE_final_project/runs/scoreconv_ddqn_cv2_r7_s11_t2_v7_814173b/checkpoints/final.pt,814173b618fb38990db7a5b7ee200369c8b25289,b3dafd35f05214bac1058d7e16407e8cb113322a10c590efb748a51eb6e9364e,completed,50.0,50.0,0.0,0.0,0.0,0.0,0.0,0.0,0.0,1.0,1.0,0.0,138,0.006686687469482422,0.007077217102050781,0,0
11,1500,parent_task1,coin_navigation,12003,task3pilot_parent_s11_eval_t1_dev12000_12019_814173b_s12003,/export/data/sfan/MLE_final_project/runs/scoreconv_ddqn_cv2_r7_s11_t2_v7_814173b/checkpoints/final.pt,814173b618fb38990db7a5b7ee200369c8b25289,b3dafd35f05214bac1058d7e16407e8cb113322a10c590efb748a51eb6e9364e,completed,50.0,50.0,0.0,0.0,0.0,0.0,0.0,0.0,0.0,1.0,1.0,0.0,129,0.007211446762084961,0.00840616226196289,0,0
11,1500,parent_task1,coin_navigation,12004,task3pilot_parent_s11_eval_t1_dev12000_12019_814173b_s12004,/export/data/sfan/MLE_final_project/runs/scoreconv_ddqn_cv2_r7_s11_t2_v7_814173b/checkpoints/final.pt,814173b618fb38990db7a5b7ee200369c8b25289,b3dafd35f05214bac1058d7e16407e8cb113322a10c590efb748a51eb6e9364e,completed,50.0,50.0,0.0,0.0,0.0,0.0,0.0,0.0,0.0,1.0,1.0,0.0,128,0.006876468658447266,0.007047176361083984,0,0
11,1500,parent_task1,coin_navigation,12005,task3pilot_parent_s11_eval_t1_dev12000_12019_814173b_s12005,/export/data/sfan/MLE_final_project/runs/scoreconv_ddqn_cv2_r7_s11_t2_v7_814173b/checkpoints/final.pt,814173b618fb38990db7a5b7ee200369c8b25289,b3dafd35f05214bac1058d7e16407e8cb113322a10c590efb748a51eb6e9364e,completed,50.0,50.0,0.0,0.0,0.0,0.0,0.0,0.0,0.0,1.0,1.0,0.0,137,0.0066072940826416016,0.006914377212524414,0,0
11,1500,parent_task1,coin_navigation,12006,task3pilot_parent_s11_eval_t1_dev12000_12019_814173b_s12006,/export/data/sfan/MLE_final_project/runs/scoreconv_ddqn_cv2_r7_s11_t2_v7_814173b/checkpoints/final.pt,814173b618fb38990db7a5b7ee200369c8b25289,b3dafd35f05214bac1058d7e16407e8cb113322a10c590efb748a51eb6e9364e,completed,50.0,50.0,0.0,0.0,0.0,0.0,0.0,0.0,0.0,1.0,1.0,0.0,125,0.007190227508544922,0.007698774337768555,0,0
11,1500,parent_task1,coin_navigation,12007,task3pilot_parent_s11_eval_t1_dev12000_12019_814173b_s12007,/export/data/sfan/MLE_final_project/runs/scoreconv_ddqn_cv2_r7_s11_t2_v7_814173b/checkpoints/final.pt,814173b618fb38990db7a5b7ee200369c8b25289,b3dafd35f05214bac1058d7e16407e8cb113322a10c590efb748a51eb6e9364e,completed,50.0,50.0,0.0,0.0,0.0,0.0,0.0,0.0,0.0,1.0,1.0,0.0,119,0.006699562072753906,0.007130861282348633,0,0
11,1500,parent_task1,coin_navigation,12008,task3pilot_parent_s11_eval_t1_dev12000_12019_814173b_s12008,/export/data/sfan/MLE_final_project/runs/scoreconv_ddqn_cv2_r7_s11_t2_v7_814173b/checkpoints/final.pt,814173b618fb38990db7a5b7ee200369c8b25289,b3dafd35f05214bac1058d7e16407e8cb113322a10c590efb748a51eb6e9364e,completed,50.0,50.0,0.0,0.0,0.0,0.0,0.0,0.0,0.0,1.0,1.0,0.0,123,0.006777048110961914,0.007744312286376953,0,0
11,1500,parent_task1,coin_navigation,12009,task3pilot_parent_s11_eval_t1_dev12000_12019_814173b_s12009,/export/data/sfan/MLE_final_project/runs/scoreconv_ddqn_cv2_r7_s11_t2_v7_814173b/checkpoints/final.pt,814173b618fb38990db7a5b7ee200369c8b25289,b3dafd35f05214bac1058d7e16407e8cb113322a10c590efb748a51eb6e9364e,completed,50.0,50.0,0.0,0.0,0.0,0.0,0.0,0.0,0.0,1.0,1.0,0.0,147,0.006651639938354492,0.007082462310791016,0,0
11,1500,parent_task1,coin_navigation,12010,task3pilot_parent_s11_eval_t1_dev12000_12019_814173b_s12010,/export/data/sfan/MLE_final_project/runs/scoreconv_ddqn_cv2_r7_s11_t2_v7_814173b/checkpoints/final.pt,814173b618fb38990db7a5b7ee200369c8b25289,b3dafd35f05214bac1058d7e16407e8cb113322a10c590efb748a51eb6e9364e,completed,50.0,50.0,0.0,0.0,0.0,0.0,0.0,0.0,0.0,1.0,1.0,0.0,135,0.0067996978759765625,0.007343292236328125,0,0
11,1500,parent_task1,coin_navigation,12011,task3pilot_parent_s11_eval_t1_dev12000_12019_814173b_s12011,/export/data/sfan/MLE_final_project/runs/scoreconv_ddqn_cv2_r7_s11_t2_v7_814173b/checkpoints/final.pt,814173b618fb38990db7a5b7ee200369c8b25289,b3dafd35f05214bac1058d7e16407e8cb113322a10c590efb748a51eb6e9364e,completed,50.0,50.0,0.0,0.0,0.0,0.0,0.0,0.0,0.0,1.0,1.0,0.0,139,0.006837368011474609,0.008522748947143555,0,0
11,1500,parent_task1,coin_navigation,12012,task3pilot_parent_s11_eval_t1_dev12000_12019_814173b_s12012,/export/data/sfan/MLE_final_project/runs/scoreconv_ddqn_cv2_r7_s11_t2_v7_814173b/checkpoints/final.pt,814173b618fb38990db7a5b7ee200369c8b25289,b3dafd35f05214bac1058d7e16407e8cb113322a10c590efb748a51eb6e9364e,completed,50.0,50.0,0.0,0.0,0.0,0.0,0.0,0.0,0.0,1.0,1.0,0.0,138,0.006779193878173828,0.0070416927337646484,0,0
11,1500,parent_task1,coin_navigation,12013,task3pilot_parent_s11_eval_t1_dev12000_12019_814173b_s12013,/export/data/sfan/MLE_final_project/runs/scoreconv_ddqn_cv2_r7_s11_t2_v7_814173b/checkpoints/final.pt,814173b618fb38990db7a5b7ee200369c8b25289,b3dafd35f05214bac1058d7e16407e8cb113322a10c590efb748a51eb6e9364e,completed,50.0,50.0,0.0,0.0,0.0,0.0,0.0,0.0,0.0,1.0,1.0,0.0,129,0.006647825241088867,0.0070552825927734375,0,0
11,1500,parent_task1,coin_navigation,12014,task3pilot_parent_s11_eval_t1_dev12000_12019_814173b_s12014,/export/data/sfan/MLE_final_project/runs/scoreconv_ddqn_cv2_r7_s11_t2_v7_814173b/checkpoints/final.pt,814173b618fb38990db7a5b7ee200369c8b25289,b3dafd35f05214bac1058d7e16407e8cb113322a10c590efb748a51eb6e9364e,completed,50.0,50.0,0.0,0.0,0.0,0.0,0.0,0.0,0.0,1.0,1.0,0.0,128,0.006755828857421875,0.00704503059387207,0,0
11,1500,parent_task1,coin_navigation,12015,task3pilot_parent_s11_eval_t1_dev12000_12019_814173b_s12015,/export/data/sfan/MLE_final_project/runs/scoreconv_ddqn_cv2_r7_s11_t2_v7_814173b/checkpoints/final.pt,814173b618fb38990db7a5b7ee200369c8b25289,b3dafd35f05214bac1058d7e16407e8cb113322a10c590efb748a51eb6e9364e,completed,50.0,50.0,0.0,0.0,0.0,0.0,0.0,0.0,0.0,1.0,1.0,0.0,125,0.0067348480224609375,0.007623434066772461,0,0
11,1500,parent_task1,coin_navigation,12016,task3pilot_parent_s11_eval_t1_dev12000_12019_814173b_s12016,/export/data/sfan/MLE_final_project/runs/scoreconv_ddqn_cv2_r7_s11_t2_v7_814173b/checkpoints/final.pt,814173b618fb38990db7a5b7ee200369c8b25289,b3dafd35f05214bac1058d7e16407e8cb113322a10c590efb748a51eb6e9364e,completed,50.0,50.0,0.0,0.0,0.0,0.0,0.0,0.0,0.0,1.0,1.0,0.0,114,0.007044553756713867,0.007183074951171875,0,0
11,1500,parent_task1,coin_navigation,12017,task3pilot_parent_s11_eval_t1_dev12000_12019_814173b_s12017,/export/data/sfan/MLE_final_project/runs/scoreconv_ddqn_cv2_r7_s11_t2_v7_814173b/checkpoints/final.pt,814173b618fb38990db7a5b7ee200369c8b25289,b3dafd35f05214bac1058d7e16407e8cb113322a10c590efb748a51eb6e9364e,completed,50.0,50.0,0.0,0.0,0.0,0.0,0.0,0.0,0.0,1.0,1.0,0.0,134,0.006939411163330078,0.007277965545654297,0,0
11,1500,parent_task1,coin_navigation,12018,task3pilot_parent_s11_eval_t1_dev12000_12019_814173b_s12018,/export/data/sfan/MLE_final_project/runs/scoreconv_ddqn_cv2_r7_s11_t2_v7_814173b/checkpoints/final.pt,814173b618fb38990db7a5b7ee200369c8b25289,b3dafd35f05214bac1058d7e16407e8cb113322a10c590efb748a51eb6e9364e,completed,50.0,50.0,0.0,0.0,0.0,0.0,0.0,0.0,0.0,1.0,1.0,0.0,126,0.00682520866394043,0.0070569515228271484,0,0
11,1500,parent_task1,coin_navigation,12019,task3pilot_parent_s11_eval_t1_dev12000_12019_814173b_s12019,/export/data/sfan/MLE_final_project/runs/scoreconv_ddqn_cv2_r7_s11_t2_v7_814173b/checkpoints/final.pt,814173b618fb38990db7a5b7ee200369c8b25289,b3dafd35f05214bac1058d7e16407e8cb113322a10c590efb748a51eb6e9364e,completed,50.0,50.0,0.0,0.0,0.0,0.0,0.0,0.0,0.0,1.0,1.0,0.0,125,0.0067539215087890625,0.007147312164306641,0,0
11,1500,parent_task2,crate_navigation,12000,task3pilot_parent_s11_eval_t2_dev12000_12019_814173b_s12000,/export/data/sfan/MLE_final_project/runs/scoreconv_ddqn_cv2_r7_s11_t2_v7_814173b/checkpoints/final.pt,814173b618fb38990db7a5b7ee200369c8b25289,b3dafd35f05214bac1058d7e16407e8cb113322a10c590efb748a51eb6e9364e,completed,2.0,2.0,66.0,0.0,0.0,35.0,35.0,35.0,0.0,1.0,1.0,0.0,400,0.0042765140533447266,0.00885629653930664,0,0
11,1500,parent_task2,crate_navigation,12001,task3pilot_parent_s11_eval_t2_dev12000_12019_814173b_s12001,/export/data/sfan/MLE_final_project/runs/scoreconv_ddqn_cv2_r7_s11_t2_v7_814173b/checkpoints/final.pt,814173b618fb38990db7a5b7ee200369c8b25289,b3dafd35f05214bac1058d7e16407e8cb113322a10c590efb748a51eb6e9364e,completed,6.0,6.0,97.0,0.0,0.0,55.0,54.0,54.0,0.0,1.0,1.0,0.0,400,0.0047473907470703125,0.006869792938232422,0,0
11,1500,parent_task2,crate_navigation,12002,task3pilot_parent_s11_eval_t2_dev12000_12019_814173b_s12002,/export/data/sfan/MLE_final_project/runs/scoreconv_ddqn_cv2_r7_s11_t2_v7_814173b/checkpoints/final.pt,814173b618fb38990db7a5b7ee200369c8b25289,b3dafd35f05214bac1058d7e16407e8cb113322a10c590efb748a51eb6e9364e,completed,8.0,8.0,89.0,0.0,0.0,54.0,54.0,54.0,0.0,1.0,1.0,0.0,400,0.004974842071533203,0.005900382995605469,0,0
11,1500,parent_task2,crate_navigation,12003,task3pilot_parent_s11_eval_t2_dev12000_12019_814173b_s12003,/export/data/sfan/MLE_final_project/runs/scoreconv_ddqn_cv2_r7_s11_t2_v7_814173b/checkpoints/final.pt,814173b618fb38990db7a5b7ee200369c8b25289,b3dafd35f05214bac1058d7e16407e8cb113322a10c590efb748a51eb6e9364e,completed,3.0,3.0,71.0,0.0,0.0,42.0,42.0,42.0,0.0,1.0,1.0,0.0,400,0.004328489303588867,0.005217075347900391,0,0
11,1500,parent_task2,crate_navigation,12004,task3pilot_parent_s11_eval_t2_dev12000_12019_814173b_s12004,/export/data/sfan/MLE_final_project/runs/scoreconv_ddqn_cv2_r7_s11_t2_v7_814173b/checkpoints/final.pt,814173b618fb38990db7a5b7ee200369c8b25289,b3dafd35f05214bac1058d7e16407e8cb113322a10c590efb748a51eb6e9364e,completed,7.0,7.0,107.0,0.0,0.0,53.0,53.0,53.0,0.0,1.0,1.0,0.0,400,0.0051593780517578125,0.0064318180084228516,0,0
11,1500,parent_task2,crate_navigation,12005,task3pilot_parent_s11_eval_t2_dev12000_12019_814173b_s12005,/export/data/sfan/MLE_final_project/runs/scoreconv_ddqn_cv2_r7_s11_t2_v7_814173b/checkpoints/final.pt,814173b618fb38990db7a5b7ee200369c8b25289,b3dafd35f05214bac1058d7e16407e8cb113322a10c590efb748a51eb6e9364e,completed,6.0,6.0,91.0,0.0,0.0,55.0,54.0,54.0,0.0,1.0,1.0,0.0,400,0.0048100948333740234,0.006123781204223633,0,0
11,1500,parent_task2,crate_navigation,12006,task3pilot_parent_s11_eval_t2_dev12000_12019_814173b_s12006,/export/data/sfan/MLE_final_project/runs/scoreconv_ddqn_cv2_r7_s11_t2_v7_814173b/checkpoints/final.pt,814173b618fb38990db7a5b7ee200369c8b25289,b3dafd35f05214bac1058d7e16407e8cb113322a10c590efb748a51eb6e9364e,completed,7.0,7.0,100.0,0.0,0.0,54.0,54.0,54.0,0.0,1.0,1.0,0.0,400,0.004750251770019531,0.0060236454010009766,0,0
11,1500,parent_task2,crate_navigation,12007,task3pilot_parent_s11_eval_t2_dev12000_12019_814173b_s12007,/export/data/sfan/MLE_final_project/runs/scoreconv_ddqn_cv2_r7_s11_t2_v7_814173b/checkpoints/final.pt,814173b618fb38990db7a5b7ee200369c8b25289,b3dafd35f05214bac1058d7e16407e8cb113322a10c590efb748a51eb6e9364e,completed,5.0,5.0,75.0,0.0,0.0,57.0,56.0,56.0,0.0,1.0,1.0,0.0,400,0.004738807678222656,0.0058133602142333984,0,0
11,1500,parent_task2,crate_navigation,12008,task3pilot_parent_s11_eval_t2_dev12000_12019_814173b_s12008,/export/data/sfan/MLE_final_project/runs/scoreconv_ddqn_cv2_r7_s11_t2_v7_814173b/checkpoints/final.pt,814173b618fb38990db7a5b7ee200369c8b25289,b3dafd35f05214bac1058d7e16407e8cb113322a10c590efb748a51eb6e9364e,completed,9.0,9.0,108.0,0.0,0.0,54.0,53.0,53.0,0.0,1.0,1.0,0.0,400,0.005137920379638672,0.006002187728881836,0,0
11,1500,parent_task2,crate_navigation,12009,task3pilot_parent_s11_eval_t2_dev12000_12019_814173b_s12009,/export/data/sfan/MLE_final_project/runs/scoreconv_ddqn_cv2_r7_s11_t2_v7_814173b/checkpoints/final.pt,814173b618fb38990db7a5b7ee200369c8b25289,b3dafd35f05214bac1058d7e16407e8cb113322a10c590efb748a51eb6e9364e,completed,8.0,8.0,93.0,0.0,0.0,51.0,51.0,51.0,0.0,1.0,1.0,0.0,400,0.004434823989868164,0.005907297134399414,0,0
11,1500,parent_task2,crate_navigation,12010,task3pilot_parent_s11_eval_t2_dev12000_12019_814173b_s12010,/export/data/sfan/MLE_final_project/runs/scoreconv_ddqn_cv2_r7_s11_t2_v7_814173b/checkpoints/final.pt,814173b618fb38990db7a5b7ee200369c8b25289,b3dafd35f05214bac1058d7e16407e8cb113322a10c590efb748a51eb6e9364e,completed,8.0,8.0,97.0,0.0,0.0,54.0,53.0,53.0,0.0,1.0,1.0,0.0,400,0.004869937896728516,0.006247997283935547,0,0
11,1500,parent_task2,crate_navigation,12011,task3pilot_parent_s11_eval_t2_dev12000_12019_814173b_s12011,/export/data/sfan/MLE_final_project/runs/scoreconv_ddqn_cv2_r7_s11_t2_v7_814173b/checkpoints/final.pt,814173b618fb38990db7a5b7ee200369c8b25289,b3dafd35f05214bac1058d7e16407e8cb113322a10c590efb748a51eb6e9364e,completed,6.0,6.0,86.0,0.0,0.0,52.0,51.0,51.0,0.0,1.0,1.0,0.0,400,0.004715442657470703,0.0058324337005615234,0,0
11,1500,parent_task2,crate_navigation,12012,task3pilot_parent_s11_eval_t2_dev12000_12019_814173b_s12012,/export/data/sfan/MLE_final_project/runs/scoreconv_ddqn_cv2_r7_s11_t2_v7_814173b/checkpoints/final.pt,814173b618fb38990db7a5b7ee200369c8b25289,b3dafd35f05214bac1058d7e16407e8cb113322a10c590efb748a51eb6e9364e,completed,7.0,7.0,72.0,0.0,0.0,33.0,33.0,33.0,0.0,1.0,1.0,0.0,400,0.0043087005615234375,0.005087614059448242,0,0
11,1500,parent_task2,crate_navigation,12013,task3pilot_parent_s11_eval_t2_dev12000_12019_814173b_s12013,/export/data/sfan/MLE_final_project/runs/scoreconv_ddqn_cv2_r7_s11_t2_v7_814173b/checkpoints/final.pt,814173b618fb38990db7a5b7ee200369c8b25289,b3dafd35f05214bac1058d7e16407e8cb113322a10c590efb748a51eb6e9364e,completed,8.0,8.0,109.0,0.0,0.0,53.0,53.0,53.0,0.0,1.0,1.0,0.0,400,0.005057811737060547,0.006514549255371094,0,0
11,1500,parent_task2,crate_navigation,12014,task3pilot_parent_s11_eval_t2_dev12000_12019_814173b_s12014,/export/data/sfan/MLE_final_project/runs/scoreconv_ddqn_cv2_r7_s11_t2_v7_814173b/checkpoints/final.pt,814173b618fb38990db7a5b7ee200369c8b25289,b3dafd35f05214bac1058d7e16407e8cb113322a10c590efb748a51eb6e9364e,completed,8.0,8.0,79.0,0.0,0.0,54.0,54.0,54.0,0.0,1.0,1.0,0.0,400,0.004971981048583984,0.006524801254272461,0,0
11,1500,parent_task2,crate_navigation,12015,task3pilot_parent_s11_eval_t2_dev12000_12019_814173b_s12015,/export/data/sfan/MLE_final_project/runs/scoreconv_ddqn_cv2_r7_s11_t2_v7_814173b/checkpoints/final.pt,814173b618fb38990db7a5b7ee200369c8b25289,b3dafd35f05214bac1058d7e16407e8cb113322a10c590efb748a51eb6e9364e,completed,9.0,9.0,113.0,0.0,0.0,53.0,53.0,53.0,0.0,1.0,1.0,0.0,400,0.00535273551940918,0.006824016571044922,0,0
11,1500,parent_task2,crate_navigation,12016,task3pilot_parent_s11_eval_t2_dev12000_12019_814173b_s12016,/export/data/sfan/MLE_final_project/runs/scoreconv_ddqn_cv2_r7_s11_t2_v7_814173b/checkpoints/final.pt,814173b618fb38990db7a5b7ee200369c8b25289,b3dafd35f05214bac1058d7e16407e8cb113322a10c590efb748a51eb6e9364e,completed,4.0,4.0,83.0,0.0,0.0,54.0,54.0,54.0,0.0,1.0,1.0,0.0,400,0.004827976226806641,0.00583958625793457,0,0
11,1500,parent_task2,crate_navigation,12017,task3pilot_parent_s11_eval_t2_dev12000_12019_814173b_s12017,/export/data/sfan/MLE_final_project/runs/scoreconv_ddqn_cv2_r7_s11_t2_v7_814173b/checkpoints/final.pt,814173b618fb38990db7a5b7ee200369c8b25289,b3dafd35f05214bac1058d7e16407e8cb113322a10c590efb748a51eb6e9364e,completed,6.0,6.0,89.0,0.0,0.0,56.0,55.0,55.0,0.0,1.0,1.0,0.0,400,0.0049397945404052734,0.0066051483154296875,0,0
11,1500,parent_task2,crate_navigation,12018,task3pilot_parent_s11_eval_t2_dev12000_12019_814173b_s12018,/export/data/sfan/MLE_final_project/runs/scoreconv_ddqn_cv2_r7_s11_t2_v7_814173b/checkpoints/final.pt,814173b618fb38990db7a5b7ee200369c8b25289,b3dafd35f05214bac1058d7e16407e8cb113322a10c590efb748a51eb6e9364e,completed,6.0,6.0,77.0,0.0,0.0,53.0,53.0,53.0,0.0,1.0,1.0,0.0,400,0.004426717758178711,0.0057370662689208984,0,0
11,1500,parent_task2,crate_navigation,12019,task3pilot_parent_s11_eval_t2_dev12000_12019_814173b_s12019,/export/data/sfan/MLE_final_project/runs/scoreconv_ddqn_cv2_r7_s11_t2_v7_814173b/checkpoints/final.pt,814173b618fb38990db7a5b7ee200369c8b25289,b3dafd35f05214bac1058d7e16407e8cb113322a10c590efb748a51eb6e9364e,completed,8.0,8.0,102.0,0.0,0.0,54.0,53.0,53.0,0.0,1.0,1.0,0.0,400,0.004965305328369141,0.006257772445678711,0,0
11,1500,parent_task3,weak_opponents,12000,task3pilot_parent_s11_eval_t3_dev12000_12019_814173b_s12000,/export/data/sfan/MLE_final_project/runs/scoreconv_ddqn_cv2_r7_s11_t2_v7_814173b/checkpoints/final.pt,814173b618fb38990db7a5b7ee200369c8b25289,b3dafd35f05214bac1058d7e16407e8cb113322a10c590efb748a51eb6e9364e,completed,9.0,4.0,47.0,1.0,0.0,55.0,55.0,55.0,0.0,1.0,1.0,0.0,400,0.005815744400024414,0.01055288314819336,0,0
11,1500,parent_task3,weak_opponents,12001,task3pilot_parent_s11_eval_t3_dev12000_12019_814173b_s12001,/export/data/sfan/MLE_final_project/runs/scoreconv_ddqn_cv2_r7_s11_t2_v7_814173b/checkpoints/final.pt,814173b618fb38990db7a5b7ee200369c8b25289,b3dafd35f05214bac1058d7e16407e8cb113322a10c590efb748a51eb6e9364e,completed,10.0,5.0,47.0,1.0,0.0,51.0,50.0,50.0,0.0,1.0,1.0,0.0,400,0.005116701126098633,0.008544921875,0,0
11,1500,parent_task3,weak_opponents,12002,task3pilot_parent_s11_eval_t3_dev12000_12019_814173b_s12002,/export/data/sfan/MLE_final_project/runs/scoreconv_ddqn_cv2_r7_s11_t2_v7_814173b/checkpoints/final.pt,814173b618fb38990db7a5b7ee200369c8b25289,b3dafd35f05214bac1058d7e16407e8cb113322a10c590efb748a51eb6e9364e,completed,4.0,4.0,47.0,0.0,0.0,51.0,51.0,51.0,0.0,1.0,0.0,0.0,400,0.005983591079711914,0.008067846298217773,0,0
11,1500,parent_task3,weak_opponents,12003,task3pilot_parent_s11_eval_t3_dev12000_12019_814173b_s12003,/export/data/sfan/MLE_final_project/runs/scoreconv_ddqn_cv2_r7_s11_t2_v7_814173b/checkpoints/final.pt,814173b618fb38990db7a5b7ee200369c8b25289,b3dafd35f05214bac1058d7e16407e8cb113322a10c590efb748a51eb6e9364e,completed,4.0,4.0,44.0,0.0,0.0,54.0,53.0,53.0,0.0,1.0,0.0,0.0,400,0.006034374237060547,0.007455348968505859,0,0
11,1500,parent_task3,weak_opponents,12004,task3pilot_parent_s11_eval_t3_dev12000_12019_814173b_s12004,/export/data/sfan/MLE_final_project/runs/scoreconv_ddqn_cv2_r7_s11_t2_v7_814173b/checkpoints/final.pt,814173b618fb38990db7a5b7ee200369c8b25289,b3dafd35f05214bac1058d7e16407e8cb113322a10c590efb748a51eb6e9364e,completed,2.0,2.0,34.0,0.0,1.0,15.0,15.0,14.0,0.0,0.0,0.0,0.0,114,0.00615382194519043,0.006499528884887695,0,0
11,1500,parent_task3,weak_opponents,12005,task3pilot_parent_s11_eval_t3_dev12000_12019_814173b_s12005,/export/data/sfan/MLE_final_project/runs/scoreconv_ddqn_cv2_r7_s11_t2_v7_814173b/checkpoints/final.pt,814173b618fb38990db7a5b7ee200369c8b25289,b3dafd35f05214bac1058d7e16407e8cb113322a10c590efb748a51eb6e9364e,completed,4.0,4.0,46.0,0.0,0.0,53.0,52.0,52.0,0.0,1.0,0.0,0.0,400,0.0064389705657958984,0.007980823516845703,0,0
11,1500,parent_task3,weak_opponents,12006,task3pilot_parent_s11_eval_t3_dev12000_12019_814173b_s12006,/export/data/sfan/MLE_final_project/runs/scoreconv_ddqn_cv2_r7_s11_t2_v7_814173b/checkpoints/final.pt,814173b618fb38990db7a5b7ee200369c8b25289,b3dafd35f05214bac1058d7e16407e8cb113322a10c590efb748a51eb6e9364e,completed,6.0,6.0,50.0,0.0,0.0,54.0,53.0,53.0,0.0,1.0,1.0,0.0,400,0.006386756896972656,0.008531332015991211,0,0
11,1500,parent_task3,weak_opponents,12007,task3pilot_parent_s11_eval_t3_dev12000_12019_814173b_s12007,/export/data/sfan/MLE_final_project/runs/scoreconv_ddqn_cv2_r7_s11_t2_v7_814173b/checkpoints/final.pt,814173b618fb38990db7a5b7ee200369c8b25289,b3dafd35f05214bac1058d7e16407e8cb113322a10c590efb748a51eb6e9364e,completed,2.0,2.0,26.0,0.0,0.0,51.0,50.0,50.0,1.0,1.0,0.0,0.0,400,0.006125688552856445,0.007570505142211914,0,0
11,1500,parent_task3,weak_opponents,12008,task3pilot_parent_s11_eval_t3_dev12000_12019_814173b_s12008,/export/data/sfan/MLE_final_project/runs/scoreconv_ddqn_cv2_r7_s11_t2_v7_814173b/checkpoints/final.pt,814173b618fb38990db7a5b7ee200369c8b25289,b3dafd35f05214bac1058d7e16407e8cb113322a10c590efb748a51eb6e9364e,completed,7.0,2.0,42.0,1.0,0.0,55.0,55.0,55.0,0.0,1.0,0.0,0.0,400,0.005600690841674805,0.006887912750244141,0,0
11,1500,parent_task3,weak_opponents,12009,task3pilot_parent_s11_eval_t3_dev12000_12019_814173b_s12009,/export/data/sfan/MLE_final_project/runs/scoreconv_ddqn_cv2_r7_s11_t2_v7_814173b/checkpoints/final.pt,814173b618fb38990db7a5b7ee200369c8b25289,b3dafd35f05214bac1058d7e16407e8cb113322a10c590efb748a51eb6e9364e,completed,7.0,2.0,40.0,1.0,0.0,55.0,54.0,54.0,0.0,1.0,0.0,1.0,400,0.00605010986328125,0.008374691009521484,0,0
11,1500,parent_task3,weak_opponents,12010,task3pilot_parent_s11_eval_t3_dev12000_12019_814173b_s12010,/export/data/sfan/MLE_final_project/runs/scoreconv_ddqn_cv2_r7_s11_t2_v7_814173b/checkpoints/final.pt,814173b618fb38990db7a5b7ee200369c8b25289,b3dafd35f05214bac1058d7e16407e8cb113322a10c590efb748a51eb6e9364e,completed,5.0,5.0,29.0,0.0,1.0,35.0,35.0,34.0,0.0,0.0,0.0,0.0,292,0.006342411041259766,0.007456541061401367,0,0
11,1500,parent_task3,weak_opponents,12011,task3pilot_parent_s11_eval_t3_dev12000_12019_814173b_s12011,/export/data/sfan/MLE_final_project/runs/scoreconv_ddqn_cv2_r7_s11_t2_v7_814173b/checkpoints/final.pt,814173b618fb38990db7a5b7ee200369c8b25289,b3dafd35f05214bac1058d7e16407e8cb113322a10c590efb748a51eb6e9364e,completed,2.0,2.0,22.0,0.0,0.0,52.0,51.0,51.0,0.0,1.0,0.0,0.0,400,0.005986213684082031,0.00722193717956543,0,0
11,1500,parent_task3,weak_opponents,12012,task3pilot_parent_s11_eval_t3_dev12000_12019_814173b_s12012,/export/data/sfan/MLE_final_project/runs/scoreconv_ddqn_cv2_r7_s11_t2_v7_814173b/checkpoints/final.pt,814173b618fb38990db7a5b7ee200369c8b25289,b3dafd35f05214bac1058d7e16407e8cb113322a10c590efb748a51eb6e9364e,completed,7.0,7.0,39.0,0.0,1.0,39.0,39.0,38.0,0.0,0.0,0.0,1.0,289,0.005929470062255859,0.008157491683959961,0,0
11,1500,parent_task3,weak_opponents,12013,task3pilot_parent_s11_eval_t3_dev12000_12019_814173b_s12013,/export/data/sfan/MLE_final_project/runs/scoreconv_ddqn_cv2_r7_s11_t2_v7_814173b/checkpoints/final.pt,814173b618fb38990db7a5b7ee200369c8b25289,b3dafd35f05214bac1058d7e16407e8cb113322a10c590efb748a51eb6e9364e,completed,11.0,6.0,56.0,1.0,0.0,55.0,55.0,55.0,0.0,1.0,1.0,0.0,400,0.005986213684082031,0.007834196090698242,0,0
11,1500,parent_task3,weak_opponents,12014,task3pilot_parent_s11_eval_t3_dev12000_12019_814173b_s12014,/export/data/sfan/MLE_final_project/runs/scoreconv_ddqn_cv2_r7_s11_t2_v7_814173b/checkpoints/final.pt,814173b618fb38990db7a5b7ee200369c8b25289,b3dafd35f05214bac1058d7e16407e8cb113322a10c590efb748a51eb6e9364e,completed,10.0,5.0,43.0,1.0,0.0,53.0,53.0,53.0,0.0,1.0,1.0,0.0,400,0.0064029693603515625,0.00818777084350586,0,0
11,1500,parent_task3,weak_opponents,12015,task3pilot_parent_s11_eval_t3_dev12000_12019_814173b_s12015,/export/data/sfan/MLE_final_project/runs/scoreconv_ddqn_cv2_r7_s11_t2_v7_814173b/checkpoints/final.pt,814173b618fb38990db7a5b7ee200369c8b25289,b3dafd35f05214bac1058d7e16407e8cb113322a10c590efb748a51eb6e9364e,completed,10.0,5.0,84.0,1.0,0.0,54.0,53.0,53.0,1.0,1.0,1.0,0.0,400,0.0059795379638671875,0.009421110153198242,0,0
11,1500,parent_task3,weak_opponents,12016,task3pilot_parent_s11_eval_t3_dev12000_12019_814173b_s12016,/export/data/sfan/MLE_final_project/runs/scoreconv_ddqn_cv2_r7_s11_t2_v7_814173b/checkpoints/final.pt,814173b618fb38990db7a5b7ee200369c8b25289,b3dafd35f05214bac1058d7e16407e8cb113322a10c590efb748a51eb6e9364e,completed,0.0,0.0,25.0,0.0,0.0,54.0,54.0,54.0,0.0,1.0,0.0,0.0,400,0.006746768951416016,0.008553504943847656,0,0
11,1500,parent_task3,weak_opponents,12017,task3pilot_parent_s11_eval_t3_dev12000_12019_814173b_s12017,/export/data/sfan/MLE_final_project/runs/scoreconv_ddqn_cv2_r7_s11_t2_v7_814173b/checkpoints/final.pt,814173b618fb38990db7a5b7ee200369c8b25289,b3dafd35f05214bac1058d7e16407e8cb113322a10c590efb748a51eb6e9364e,completed,0.0,0.0,24.0,0.0,0.0,52.0,51.0,51.0,0.0,1.0,0.0,0.0,400,0.0066874027252197266,0.008350133895874023,0,0
11,1500,parent_task3,weak_opponents,12018,task3pilot_parent_s11_eval_t3_dev12000_12019_814173b_s12018,/export/data/sfan/MLE_final_project/runs/scoreconv_ddqn_cv2_r7_s11_t2_v7_814173b/checkpoints/final.pt,814173b618fb38990db7a5b7ee200369c8b25289,b3dafd35f05214bac1058d7e16407e8cb113322a10c590efb748a51eb6e9364e,completed,2.0,2.0,19.0,0.0,0.0,54.0,53.0,53.0,0.0,1.0,0.0,0.0,400,0.006577968597412109,0.008267641067504883,0,0
11,1500,parent_task3,weak_opponents,12019,task3pilot_parent_s11_eval_t3_dev12000_12019_814173b_s12019,/export/data/sfan/MLE_final_project/runs/scoreconv_ddqn_cv2_r7_s11_t2_v7_814173b/checkpoints/final.pt,814173b618fb38990db7a5b7ee200369c8b25289,b3dafd35f05214bac1058d7e16407e8cb113322a10c590efb748a51eb6e9364e,completed,1.0,1.0,31.0,0.0,0.0,55.0,54.0,54.0,0.0,1.0,0.0,0.0,400,0.006844043731689453,0.00900125503540039,0,0
11,1500,child_task1,coin_navigation,12000,task3pilot_child_s11_c1500_eval_t1_dev12000_12019_814173b_s12000,/export/data/sfan/MLE_final_project/runs/task3_pilot_ddqn_cv2_r7_s11_t3_c1500_814173b/checkpoints/final.pt,814173b618fb38990db7a5b7ee200369c8b25289,b3dafd35f05214bac1058d7e16407e8cb113322a10c590efb748a51eb6e9364e,completed,50.0,50.0,0.0,0.0,0.0,0.0,0.0,0.0,0.0,1.0,1.0,0.0,130,0.006687641143798828,0.008578777313232422,0,0
11,1500,child_task1,coin_navigation,12001,task3pilot_child_s11_c1500_eval_t1_dev12000_12019_814173b_s12001,/export/data/sfan/MLE_final_project/runs/task3_pilot_ddqn_cv2_r7_s11_t3_c1500_814173b/checkpoints/final.pt,814173b618fb38990db7a5b7ee200369c8b25289,b3dafd35f05214bac1058d7e16407e8cb113322a10c590efb748a51eb6e9364e,completed,50.0,50.0,0.0,0.0,0.0,0.0,0.0,0.0,0.0,1.0,1.0,0.0,129,0.006554126739501953,0.008548259735107422,0,0
11,1500,child_task1,coin_navigation,12002,task3pilot_child_s11_c1500_eval_t1_dev12000_12019_814173b_s12002,/export/data/sfan/MLE_final_project/runs/task3_pilot_ddqn_cv2_r7_s11_t3_c1500_814173b/checkpoints/final.pt,814173b618fb38990db7a5b7ee200369c8b25289,b3dafd35f05214bac1058d7e16407e8cb113322a10c590efb748a51eb6e9364e,completed,50.0,50.0,0.0,0.0,0.0,0.0,0.0,0.0,0.0,1.0,1.0,0.0,139,0.006562948226928711,0.006858348846435547,0,0
11,1500,child_task1,coin_navigation,12003,task3pilot_child_s11_c1500_eval_t1_dev12000_12019_814173b_s12003,/export/data/sfan/MLE_final_project/runs/task3_pilot_ddqn_cv2_r7_s11_t3_c1500_814173b/checkpoints/final.pt,814173b618fb38990db7a5b7ee200369c8b25289,b3dafd35f05214bac1058d7e16407e8cb113322a10c590efb748a51eb6e9364e,completed,50.0,50.0,0.0,0.0,0.0,0.0,0.0,0.0,0.0,1.0,1.0,0.0,126,0.006464242935180664,0.00654292106628418,0,0
11,1500,child_task1,coin_navigation,12004,task3pilot_child_s11_c1500_eval_t1_dev12000_12019_814173b_s12004,/export/data/sfan/MLE_final_project/runs/task3_pilot_ddqn_cv2_r7_s11_t3_c1500_814173b/checkpoints/final.pt,814173b618fb38990db7a5b7ee200369c8b25289,b3dafd35f05214bac1058d7e16407e8cb113322a10c590efb748a51eb6e9364e,completed,50.0,50.0,0.0,0.0,0.0,0.0,0.0,0.0,0.0,1.0,1.0,0.0,128,0.006532430648803711,0.006626129150390625,0,0
11,1500,child_task1,coin_navigation,12005,task3pilot_child_s11_c1500_eval_t1_dev12000_12019_814173b_s12005,/export/data/sfan/MLE_final_project/runs/task3_pilot_ddqn_cv2_r7_s11_t3_c1500_814173b/checkpoints/final.pt,814173b618fb38990db7a5b7ee200369c8b25289,b3dafd35f05214bac1058d7e16407e8cb113322a10c590efb748a51eb6e9364e,completed,50.0,50.0,0.0,0.0,0.0,0.0,0.0,0.0,0.0,1.0,1.0,0.0,150,0.006478071212768555,0.00657963752746582,0,0
11,1500,child_task1,coin_navigation,12006,task3pilot_child_s11_c1500_eval_t1_dev12000_12019_814173b_s12006,/export/data/sfan/MLE_final_project/runs/task3_pilot_ddqn_cv2_r7_s11_t3_c1500_814173b/checkpoints/final.pt,814173b618fb38990db7a5b7ee200369c8b25289,b3dafd35f05214bac1058d7e16407e8cb113322a10c590efb748a51eb6e9364e,completed,50.0,50.0,0.0,0.0,0.0,0.0,0.0,0.0,0.0,1.0,1.0,0.0,127,0.006506919860839844,0.0069828033447265625,0,0
11,1500,child_task1,coin_navigation,12007,task3pilot_child_s11_c1500_eval_t1_dev12000_12019_814173b_s12007,/export/data/sfan/MLE_final_project/runs/task3_pilot_ddqn_cv2_r7_s11_t3_c1500_814173b/checkpoints/final.pt,814173b618fb38990db7a5b7ee200369c8b25289,b3dafd35f05214bac1058d7e16407e8cb113322a10c590efb748a51eb6e9364e,completed,50.0,50.0,0.0,0.0,0.0,0.0,0.0,0.0,0.0,1.0,1.0,0.0,123,0.006506681442260742,0.006940126419067383,0,0
11,1500,child_task1,coin_navigation,12008,task3pilot_child_s11_c1500_eval_t1_dev12000_12019_814173b_s12008,/export/data/sfan/MLE_final_project/runs/task3_pilot_ddqn_cv2_r7_s11_t3_c1500_814173b/checkpoints/final.pt,814173b618fb38990db7a5b7ee200369c8b25289,b3dafd35f05214bac1058d7e16407e8cb113322a10c590efb748a51eb6e9364e,completed,50.0,50.0,0.0,0.0,0.0,0.0,0.0,0.0,0.0,1.0,1.0,0.0,123,0.00655055046081543,0.00707697868347168,0,0
11,1500,child_task1,coin_navigation,12009,task3pilot_child_s11_c1500_eval_t1_dev12000_12019_814173b_s12009,/export/data/sfan/MLE_final_project/runs/task3_pilot_ddqn_cv2_r7_s11_t3_c1500_814173b/checkpoints/final.pt,814173b618fb38990db7a5b7ee200369c8b25289,b3dafd35f05214bac1058d7e16407e8cb113322a10c590efb748a51eb6e9364e,completed,50.0,50.0,0.0,0.0,0.0,0.0,0.0,0.0,0.0,1.0,1.0,0.0,143,0.006490945816040039,0.006609678268432617,0,0
11,1500,child_task1,coin_navigation,12010,task3pilot_child_s11_c1500_eval_t1_dev12000_12019_814173b_s12010,/export/data/sfan/MLE_final_project/runs/task3_pilot_ddqn_cv2_r7_s11_t3_c1500_814173b/checkpoints/final.pt,814173b618fb38990db7a5b7ee200369c8b25289,b3dafd35f05214bac1058d7e16407e8cb113322a10c590efb748a51eb6e9364e,completed,50.0,50.0,0.0,0.0,0.0,0.0,0.0,0.0,0.0,1.0,1.0,0.0,164,0.006489753723144531,0.00871133804321289,0,0
11,1500,child_task1,coin_navigation,12011,task3pilot_child_s11_c1500_eval_t1_dev12000_12019_814173b_s12011,/export/data/sfan/MLE_final_project/runs/task3_pilot_ddqn_cv2_r7_s11_t3_c1500_814173b/checkpoints/final.pt,814173b618fb38990db7a5b7ee200369c8b25289,b3dafd35f05214bac1058d7e16407e8cb113322a10c590efb748a51eb6e9364e,completed,50.0,50.0,0.0,0.0,0.0,0.0,0.0,0.0,0.0,1.0,1.0,0.0,134,0.006497859954833984,0.006911754608154297,0,0
11,1500,child_task1,coin_navigation,12012,task3pilot_child_s11_c1500_eval_t1_dev12000_12019_814173b_s12012,/export/data/sfan/MLE_final_project/runs/task3_pilot_ddqn_cv2_r7_s11_t3_c1500_814173b/checkpoints/final.pt,814173b618fb38990db7a5b7ee200369c8b25289,b3dafd35f05214bac1058d7e16407e8cb113322a10c590efb748a51eb6e9364e,completed,50.0,50.0,0.0,0.0,0.0,0.0,0.0,0.0,0.0,1.0,1.0,0.0,156,0.006509065628051758,0.006585121154785156,0,0
11,1500,child_task1,coin_navigation,12013,task3pilot_child_s11_c1500_eval_t1_dev12000_12019_814173b_s12013,/export/data/sfan/MLE_final_project/runs/task3_pilot_ddqn_cv2_r7_s11_t3_c1500_814173b/checkpoints/final.pt,814173b618fb38990db7a5b7ee200369c8b25289,b3dafd35f05214bac1058d7e16407e8cb113322a10c590efb748a51eb6e9364e,completed,50.0,50.0,0.0,0.0,0.0,0.0,0.0,0.0,0.0,1.0,1.0,0.0,129,0.0064525604248046875,0.006591796875,0,0
11,1500,child_task1,coin_navigation,12014,task3pilot_child_s11_c1500_eval_t1_dev12000_12019_814173b_s12014,/export/data/sfan/MLE_final_project/runs/task3_pilot_ddqn_cv2_r7_s11_t3_c1500_814173b/checkpoints/final.pt,814173b618fb38990db7a5b7ee200369c8b25289,b3dafd35f05214bac1058d7e16407e8cb113322a10c590efb748a51eb6e9364e,completed,50.0,50.0,0.0,0.0,0.0,0.0,0.0,0.0,0.0,1.0,1.0,0.0,132,0.006470203399658203,0.006523609161376953,0,0
11,1500,child_task1,coin_navigation,12015,task3pilot_child_s11_c1500_eval_t1_dev12000_12019_814173b_s12015,/export/data/sfan/MLE_final_project/runs/task3_pilot_ddqn_cv2_r7_s11_t3_c1500_814173b/checkpoints/final.pt,814173b618fb38990db7a5b7ee200369c8b25289,b3dafd35f05214bac1058d7e16407e8cb113322a10c590efb748a51eb6e9364e,completed,50.0,50.0,0.0,0.0,0.0,0.0,0.0,0.0,0.0,1.0,1.0,0.0,122,0.006522655487060547,0.006780147552490234,0,0
11,1500,child_task1,coin_navigation,12016,task3pilot_child_s11_c1500_eval_t1_dev12000_12019_814173b_s12016,/export/data/sfan/MLE_final_project/runs/task3_pilot_ddqn_cv2_r7_s11_t3_c1500_814173b/checkpoints/final.pt,814173b618fb38990db7a5b7ee200369c8b25289,b3dafd35f05214bac1058d7e16407e8cb113322a10c590efb748a51eb6e9364e,completed,50.0,50.0,0.0,0.0,0.0,0.0,0.0,0.0,0.0,1.0,1.0,0.0,119,0.006516218185424805,0.0071566104888916016,0,0
11,1500,child_task1,coin_navigation,12017,task3pilot_child_s11_c1500_eval_t1_dev12000_12019_814173b_s12017,/export/data/sfan/MLE_final_project/runs/task3_pilot_ddqn_cv2_r7_s11_t3_c1500_814173b/checkpoints/final.pt,814173b618fb38990db7a5b7ee200369c8b25289,b3dafd35f05214bac1058d7e16407e8cb113322a10c590efb748a51eb6e9364e,completed,50.0,50.0,0.0,0.0,0.0,0.0,0.0,0.0,0.0,1.0,1.0,0.0,134,0.006547451019287109,0.00783395767211914,0,0
11,1500,child_task1,coin_navigation,12018,task3pilot_child_s11_c1500_eval_t1_dev12000_12019_814173b_s12018,/export/data/sfan/MLE_final_project/runs/task3_pilot_ddqn_cv2_r7_s11_t3_c1500_814173b/checkpoints/final.pt,814173b618fb38990db7a5b7ee200369c8b25289,b3dafd35f05214bac1058d7e16407e8cb113322a10c590efb748a51eb6e9364e,completed,50.0,50.0,0.0,0.0,0.0,0.0,0.0,0.0,0.0,1.0,1.0,0.0,130,0.006684541702270508,0.0072214603424072266,0,0
11,1500,child_task1,coin_navigation,12019,task3pilot_child_s11_c1500_eval_t1_dev12000_12019_814173b_s12019,/export/data/sfan/MLE_final_project/runs/task3_pilot_ddqn_cv2_r7_s11_t3_c1500_814173b/checkpoints/final.pt,814173b618fb38990db7a5b7ee200369c8b25289,b3dafd35f05214bac1058d7e16407e8cb113322a10c590efb748a51eb6e9364e,completed,50.0,50.0,0.0,0.0,0.0,0.0,0.0,0.0,0.0,1.0,1.0,0.0,134,0.006516695022583008,0.006689786911010742,0,0
11,1500,child_task2,crate_navigation,12000,task3pilot_child_s11_c1500_eval_t2_dev12000_12019_814173b_s12000,/export/data/sfan/MLE_final_project/runs/task3_pilot_ddqn_cv2_r7_s11_t3_c1500_814173b/checkpoints/final.pt,814173b618fb38990db7a5b7ee200369c8b25289,b3dafd35f05214bac1058d7e16407e8cb113322a10c590efb748a51eb6e9364e,completed,2.0,2.0,65.0,0.0,0.0,54.0,54.0,54.0,0.0,1.0,1.0,0.0,400,0.004575014114379883,0.006099224090576172,0,0
11,1500,child_task2,crate_navigation,12001,task3pilot_child_s11_c1500_eval_t2_dev12000_12019_814173b_s12001,/export/data/sfan/MLE_final_project/runs/task3_pilot_ddqn_cv2_r7_s11_t3_c1500_814173b/checkpoints/final.pt,814173b618fb38990db7a5b7ee200369c8b25289,b3dafd35f05214bac1058d7e16407e8cb113322a10c590efb748a51eb6e9364e,completed,9.0,9.0,114.0,0.0,0.0,53.0,53.0,53.0,0.0,1.0,1.0,0.0,400,0.005002021789550781,0.0059261322021484375,0,0
11,1500,child_task2,crate_navigation,12002,task3pilot_child_s11_c1500_eval_t2_dev12000_12019_814173b_s12002,/export/data/sfan/MLE_final_project/runs/task3_pilot_ddqn_cv2_r7_s11_t3_c1500_814173b/checkpoints/final.pt,814173b618fb38990db7a5b7ee200369c8b25289,b3dafd35f05214bac1058d7e16407e8cb113322a10c590efb748a51eb6e9364e,completed,8.0,8.0,92.0,0.0,0.0,53.0,52.0,52.0,0.0,1.0,1.0,0.0,400,0.004786252975463867,0.006263256072998047,0,0
11,1500,child_task2,crate_navigation,12003,task3pilot_child_s11_c1500_eval_t2_dev12000_12019_814173b_s12003,/export/data/sfan/MLE_final_project/runs/task3_pilot_ddqn_cv2_r7_s11_t3_c1500_814173b/checkpoints/final.pt,814173b618fb38990db7a5b7ee200369c8b25289,b3dafd35f05214bac1058d7e16407e8cb113322a10c590efb748a51eb6e9364e,completed,8.0,8.0,108.0,0.0,0.0,51.0,51.0,51.0,0.0,1.0,1.0,0.0,400,0.004755973815917969,0.006013154983520508,0,0
11,1500,child_task2,crate_navigation,12004,task3pilot_child_s11_c1500_eval_t2_dev12000_12019_814173b_s12004,/export/data/sfan/MLE_final_project/runs/task3_pilot_ddqn_cv2_r7_s11_t3_c1500_814173b/checkpoints/final.pt,814173b618fb38990db7a5b7ee200369c8b25289,b3dafd35f05214bac1058d7e16407e8cb113322a10c590efb748a51eb6e9364e,completed,7.0,7.0,102.0,0.0,0.0,43.0,43.0,43.0,0.0,1.0,1.0,0.0,400,0.005593776702880859,0.005903482437133789,0,0
11,1500,child_task2,crate_navigation,12005,task3pilot_child_s11_c1500_eval_t2_dev12000_12019_814173b_s12005,/export/data/sfan/MLE_final_project/runs/task3_pilot_ddqn_cv2_r7_s11_t3_c1500_814173b/checkpoints/final.pt,814173b618fb38990db7a5b7ee200369c8b25289,b3dafd35f05214bac1058d7e16407e8cb113322a10c590efb748a51eb6e9364e,completed,9.0,9.0,110.0,0.0,0.0,53.0,53.0,53.0,0.0,1.0,1.0,0.0,400,0.0050122737884521484,0.006331205368041992,0,0
11,1500,child_task2,crate_navigation,12006,task3pilot_child_s11_c1500_eval_t2_dev12000_12019_814173b_s12006,/export/data/sfan/MLE_final_project/runs/task3_pilot_ddqn_cv2_r7_s11_t3_c1500_814173b/checkpoints/final.pt,814173b618fb38990db7a5b7ee200369c8b25289,b3dafd35f05214bac1058d7e16407e8cb113322a10c590efb748a51eb6e9364e,completed,7.0,7.0,90.0,0.0,0.0,52.0,52.0,52.0,0.0,1.0,1.0,0.0,400,0.00471949577331543,0.0061914920806884766,0,0
11,1500,child_task2,crate_navigation,12007,task3pilot_child_s11_c1500_eval_t2_dev12000_12019_814173b_s12007,/export/data/sfan/MLE_final_project/runs/task3_pilot_ddqn_cv2_r7_s11_t3_c1500_814173b/checkpoints/final.pt,814173b618fb38990db7a5b7ee200369c8b25289,b3dafd35f05214bac1058d7e16407e8cb113322a10c590efb748a51eb6e9364e,completed,7.0,7.0,108.0,0.0,0.0,54.0,54.0,54.0,0.0,1.0,1.0,0.0,400,0.004796504974365234,0.005710124969482422,0,0
11,1500,child_task2,crate_navigation,12008,task3pilot_child_s11_c1500_eval_t2_dev12000_12019_814173b_s12008,/export/data/sfan/MLE_final_project/runs/task3_pilot_ddqn_cv2_r7_s11_t3_c1500_814173b/checkpoints/final.pt,814173b618fb38990db7a5b7ee200369c8b25289,b3dafd35f05214bac1058d7e16407e8cb113322a10c590efb748a51eb6e9364e,completed,9.0,9.0,128.0,0.0,0.0,52.0,52.0,52.0,0.0,1.0,1.0,0.0,400,0.00516819953918457,0.0063915252685546875,0,0
11,1500,child_task2,crate_navigation,12009,task3pilot_child_s11_c1500_eval_t2_dev12000_12019_814173b_s12009,/export/data/sfan/MLE_final_project/runs/task3_pilot_ddqn_cv2_r7_s11_t3_c1500_814173b/checkpoints/final.pt,814173b618fb38990db7a5b7ee200369c8b25289,b3dafd35f05214bac1058d7e16407e8cb113322a10c590efb748a51eb6e9364e,completed,4.0,4.0,68.0,0.0,0.0,51.0,51.0,51.0,0.0,1.0,1.0,0.0,400,0.004499912261962891,0.006196498870849609,0,0
11,1500,child_task2,crate_navigation,12010,task3pilot_child_s11_c1500_eval_t2_dev12000_12019_814173b_s12010,/export/data/sfan/MLE_final_project/runs/task3_pilot_ddqn_cv2_r7_s11_t3_c1500_814173b/checkpoints/final.pt,814173b618fb38990db7a5b7ee200369c8b25289,b3dafd35f05214bac1058d7e16407e8cb113322a10c590efb748a51eb6e9364e,completed,9.0,9.0,110.0,0.0,0.0,49.0,48.0,48.0,0.0,1.0,1.0,0.0,400,0.004947185516357422,0.00616145133972168,0,0
11,1500,child_task2,crate_navigation,12011,task3pilot_child_s11_c1500_eval_t2_dev12000_12019_814173b_s12011,/export/data/sfan/MLE_final_project/runs/task3_pilot_ddqn_cv2_r7_s11_t3_c1500_814173b/checkpoints/final.pt,814173b618fb38990db7a5b7ee200369c8b25289,b3dafd35f05214bac1058d7e16407e8cb113322a10c590efb748a51eb6e9364e,completed,8.0,8.0,98.0,0.0,0.0,47.0,47.0,47.0,0.0,1.0,1.0,0.0,400,0.006156444549560547,0.006525754928588867,0,0
11,1500,child_task2,crate_navigation,12012,task3pilot_child_s11_c1500_eval_t2_dev12000_12019_814173b_s12012,/export/data/sfan/MLE_final_project/runs/task3_pilot_ddqn_cv2_r7_s11_t3_c1500_814173b/checkpoints/final.pt,814173b618fb38990db7a5b7ee200369c8b25289,b3dafd35f05214bac1058d7e16407e8cb113322a10c590efb748a51eb6e9364e,completed,5.0,5.0,96.0,0.0,0.0,48.0,47.0,47.0,0.0,1.0,1.0,0.0,400,0.0051403045654296875,0.006167173385620117,0,0
11,1500,child_task2,crate_navigation,12013,task3pilot_child_s11_c1500_eval_t2_dev12000_12019_814173b_s12013,/export/data/sfan/MLE_final_project/runs/task3_pilot_ddqn_cv2_r7_s11_t3_c1500_814173b/checkpoints/final.pt,814173b618fb38990db7a5b7ee200369c8b25289,b3dafd35f05214bac1058d7e16407e8cb113322a10c590efb748a51eb6e9364e,completed,9.0,9.0,113.0,0.0,0.0,53.0,52.0,52.0,0.0,1.0,1.0,0.0,400,0.0053446292877197266,0.006469249725341797,0,0
11,1500,child_task2,crate_navigation,12014,task3pilot_child_s11_c1500_eval_t2_dev12000_12019_814173b_s12014,/export/data/sfan/MLE_final_project/runs/task3_pilot_ddqn_cv2_r7_s11_t3_c1500_814173b/checkpoints/final.pt,814173b618fb38990db7a5b7ee200369c8b25289,b3dafd35f05214bac1058d7e16407e8cb113322a10c590efb748a51eb6e9364e,completed,8.0,8.0,96.0,0.0,0.0,55.0,54.0,54.0,0.0,1.0,1.0,0.0,400,0.004648447036743164,0.0056171417236328125,0,0
11,1500,child_task2,crate_navigation,12015,task3pilot_child_s11_c1500_eval_t2_dev12000_12019_814173b_s12015,/export/data/sfan/MLE_final_project/runs/task3_pilot_ddqn_cv2_r7_s11_t3_c1500_814173b/checkpoints/final.pt,814173b618fb38990db7a5b7ee200369c8b25289,b3dafd35f05214bac1058d7e16407e8cb113322a10c590efb748a51eb6e9364e,completed,9.0,9.0,115.0,0.0,0.0,51.0,50.0,50.0,0.0,1.0,1.0,0.0,400,0.0051648616790771484,0.006251811981201172,0,0
11,1500,child_task2,crate_navigation,12016,task3pilot_child_s11_c1500_eval_t2_dev12000_12019_814173b_s12016,/export/data/sfan/MLE_final_project/runs/task3_pilot_ddqn_cv2_r7_s11_t3_c1500_814173b/checkpoints/final.pt,814173b618fb38990db7a5b7ee200369c8b25289,b3dafd35f05214bac1058d7e16407e8cb113322a10c590efb748a51eb6e9364e,completed,9.0,9.0,125.0,0.0,0.0,52.0,51.0,51.0,0.0,1.0,1.0,0.0,400,0.005151510238647461,0.006497859954833984,0,0
11,1500,child_task2,crate_navigation,12017,task3pilot_child_s11_c1500_eval_t2_dev12000_12019_814173b_s12017,/export/data/sfan/MLE_final_project/runs/task3_pilot_ddqn_cv2_r7_s11_t3_c1500_814173b/checkpoints/final.pt,814173b618fb38990db7a5b7ee200369c8b25289,b3dafd35f05214bac1058d7e16407e8cb113322a10c590efb748a51eb6e9364e,completed,6.0,6.0,84.0,0.0,0.0,49.0,49.0,49.0,0.0,1.0,1.0,0.0,400,0.005053043365478516,0.006196260452270508,0,0
11,1500,child_task2,crate_navigation,12018,task3pilot_child_s11_c1500_eval_t2_dev12000_12019_814173b_s12018,/export/data/sfan/MLE_final_project/runs/task3_pilot_ddqn_cv2_r7_s11_t3_c1500_814173b/checkpoints/final.pt,814173b618fb38990db7a5b7ee200369c8b25289,b3dafd35f05214bac1058d7e16407e8cb113322a10c590efb748a51eb6e9364e,completed,5.0,5.0,105.0,0.0,0.0,44.0,44.0,44.0,0.0,1.0,1.0,0.0,400,0.004896879196166992,0.006651878356933594,0,0
11,1500,child_task2,crate_navigation,12019,task3pilot_child_s11_c1500_eval_t2_dev12000_12019_814173b_s12019,/export/data/sfan/MLE_final_project/runs/task3_pilot_ddqn_cv2_r7_s11_t3_c1500_814173b/checkpoints/final.pt,814173b618fb38990db7a5b7ee200369c8b25289,b3dafd35f05214bac1058d7e16407e8cb113322a10c590efb748a51eb6e9364e,completed,9.0,9.0,116.0,0.0,0.0,53.0,52.0,52.0,0.0,1.0,1.0,0.0,400,0.005173921585083008,0.0068051815032958984,0,0
11,1500,child_task3,weak_opponents,12000,task3pilot_child_s11_c1500_eval_t3_dev12000_12019_814173b_s12000,/export/data/sfan/MLE_final_project/runs/task3_pilot_ddqn_cv2_r7_s11_t3_c1500_814173b/checkpoints/final.pt,814173b618fb38990db7a5b7ee200369c8b25289,b3dafd35f05214bac1058d7e16407e8cb113322a10c590efb748a51eb6e9364e,completed,5.0,5.0,55.0,0.0,0.0,49.0,49.0,49.0,0.0,1.0,1.0,0.0,400,0.005810737609863281,0.008747339248657227,0,0
11,1500,child_task3,weak_opponents,12001,task3pilot_child_s11_c1500_eval_t3_dev12000_12019_814173b_s12001,/export/data/sfan/MLE_final_project/runs/task3_pilot_ddqn_cv2_r7_s11_t3_c1500_814173b/checkpoints/final.pt,814173b618fb38990db7a5b7ee200369c8b25289,b3dafd35f05214bac1058d7e16407e8cb113322a10c590efb748a51eb6e9364e,completed,7.0,7.0,55.0,0.0,0.0,48.0,48.0,48.0,0.0,1.0,0.0,1.0,400,0.00643610954284668,0.0081634521484375,0,0
11,1500,child_task3,weak_opponents,12002,task3pilot_child_s11_c1500_eval_t3_dev12000_12019_814173b_s12002,/export/data/sfan/MLE_final_project/runs/task3_pilot_ddqn_cv2_r7_s11_t3_c1500_814173b/checkpoints/final.pt,814173b618fb38990db7a5b7ee200369c8b25289,b3dafd35f05214bac1058d7e16407e8cb113322a10c590efb748a51eb6e9364e,completed,5.0,5.0,50.0,0.0,0.0,46.0,46.0,46.0,0.0,1.0,0.0,0.0,400,0.006722688674926758,0.007386684417724609,0,0
11,1500,child_task3,weak_opponents,12003,task3pilot_child_s11_c1500_eval_t3_dev12000_12019_814173b_s12003,/export/data/sfan/MLE_final_project/runs/task3_pilot_ddqn_cv2_r7_s11_t3_c1500_814173b/checkpoints/final.pt,814173b618fb38990db7a5b7ee200369c8b25289,b3dafd35f05214bac1058d7e16407e8cb113322a10c590efb748a51eb6e9364e,completed,5.0,5.0,66.0,0.0,0.0,43.0,42.0,42.0,1.0,1.0,0.0,0.0,400,0.006228923797607422,0.008036136627197266,0,0
11,1500,child_task3,weak_opponents,12004,task3pilot_child_s11_c1500_eval_t3_dev12000_12019_814173b_s12004,/export/data/sfan/MLE_final_project/runs/task3_pilot_ddqn_cv2_r7_s11_t3_c1500_814173b/checkpoints/final.pt,814173b618fb38990db7a5b7ee200369c8b25289,b3dafd35f05214bac1058d7e16407e8cb113322a10c590efb748a51eb6e9364e,completed,2.0,2.0,59.0,0.0,0.0,37.0,37.0,37.0,0.0,1.0,0.0,0.0,400,0.005101203918457031,0.00608062744140625,0,0
11,1500,child_task3,weak_opponents,12005,task3pilot_child_s11_c1500_eval_t3_dev12000_12019_814173b_s12005,/export/data/sfan/MLE_final_project/runs/task3_pilot_ddqn_cv2_r7_s11_t3_c1500_814173b/checkpoints/final.pt,814173b618fb38990db7a5b7ee200369c8b25289,b3dafd35f05214bac1058d7e16407e8cb113322a10c590efb748a51eb6e9364e,completed,5.0,5.0,56.0,0.0,0.0,45.0,45.0,45.0,0.0,1.0,0.0,0.0,400,0.006543159484863281,0.008278369903564453,0,0
11,1500,child_task3,weak_opponents,12006,task3pilot_child_s11_c1500_eval_t3_dev12000_12019_814173b_s12006,/export/data/sfan/MLE_final_project/runs/task3_pilot_ddqn_cv2_r7_s11_t3_c1500_814173b/checkpoints/final.pt,814173b618fb38990db7a5b7ee200369c8b25289,b3dafd35f05214bac1058d7e16407e8cb113322a10c590efb748a51eb6e9364e,completed,7.0,7.0,59.0,0.0,0.0,44.0,44.0,44.0,1.0,1.0,1.0,0.0,400,0.005992412567138672,0.007456779479980469,0,0
11,1500,child_task3,weak_opponents,12007,task3pilot_child_s11_c1500_eval_t3_dev12000_12019_814173b_s12007,/export/data/sfan/MLE_final_project/runs/task3_pilot_ddqn_cv2_r7_s11_t3_c1500_814173b/checkpoints/final.pt,814173b618fb38990db7a5b7ee200369c8b25289,b3dafd35f05214bac1058d7e16407e8cb113322a10c590efb748a51eb6e9364e,completed,11.0,6.0,52.0,1.0,0.0,46.0,45.0,45.0,0.0,1.0,1.0,0.0,400,0.0064351558685302734,0.007518768310546875,0,0
11,1500,child_task3,weak_opponents,12008,task3pilot_child_s11_c1500_eval_t3_dev12000_12019_814173b_s12008,/export/data/sfan/MLE_final_project/runs/task3_pilot_ddqn_cv2_r7_s11_t3_c1500_814173b/checkpoints/final.pt,814173b618fb38990db7a5b7ee200369c8b25289,b3dafd35f05214bac1058d7e16407e8cb113322a10c590efb748a51eb6e9364e,completed,2.0,2.0,45.0,0.0,0.0,51.0,51.0,51.0,0.0,1.0,0.0,0.0,400,0.006116151809692383,0.007573366165161133,0,0
11,1500,child_task3,weak_opponents,12009,task3pilot_child_s11_c1500_eval_t3_dev12000_12019_814173b_s12009,/export/data/sfan/MLE_final_project/runs/task3_pilot_ddqn_cv2_r7_s11_t3_c1500_814173b/checkpoints/final.pt,814173b618fb38990db7a5b7ee200369c8b25289,b3dafd35f05214bac1058d7e16407e8cb113322a10c590efb748a51eb6e9364e,completed,5.0,5.0,61.0,0.0,0.0,46.0,46.0,46.0,0.0,1.0,0.0,0.0,400,0.006117343902587891,0.008210897445678711,0,0
11,1500,child_task3,weak_opponents,12010,task3pilot_child_s11_c1500_eval_t3_dev12000_12019_814173b_s12010,/export/data/sfan/MLE_final_project/runs/task3_pilot_ddqn_cv2_r7_s11_t3_c1500_814173b/checkpoints/final.pt,814173b618fb38990db7a5b7ee200369c8b25289,b3dafd35f05214bac1058d7e16407e8cb113322a10c590efb748a51eb6e9364e,completed,7.0,7.0,60.0,0.0,0.0,49.0,48.0,48.0,0.0,1.0,1.0,0.0,400,0.006363868713378906,0.008501529693603516,0,0
11,1500,child_task3,weak_opponents,12011,task3pilot_child_s11_c1500_eval_t3_dev12000_12019_814173b_s12011,/export/data/sfan/MLE_final_project/runs/task3_pilot_ddqn_cv2_r7_s11_t3_c1500_814173b/checkpoints/final.pt,814173b618fb38990db7a5b7ee200369c8b25289,b3dafd35f05214bac1058d7e16407e8cb113322a10c590efb748a51eb6e9364e,completed,7.0,7.0,71.0,0.0,0.0,35.0,35.0,35.0,0.0,1.0,1.0,0.0,400,0.005857706069946289,0.007627248764038086,0,0
11,1500,child_task3,weak_opponents,12012,task3pilot_child_s11_c1500_eval_t3_dev12000_12019_814173b_s12012,/export/data/sfan/MLE_final_project/runs/task3_pilot_ddqn_cv2_r7_s11_t3_c1500_814173b/checkpoints/final.pt,814173b618fb38990db7a5b7ee200369c8b25289,b3dafd35f05214bac1058d7e16407e8cb113322a10c590efb748a51eb6e9364e,completed,11.0,6.0,53.0,1.0,0.0,45.0,45.0,45.0,0.0,1.0,1.0,0.0,400,0.006276845932006836,0.008467912673950195,0,0
11,1500,child_task3,weak_opponents,12013,task3pilot_child_s11_c1500_eval_t3_dev12000_12019_814173b_s12013,/export/data/sfan/MLE_final_project/runs/task3_pilot_ddqn_cv2_r7_s11_t3_c1500_814173b/checkpoints/final.pt,814173b618fb38990db7a5b7ee200369c8b25289,b3dafd35f05214bac1058d7e16407e8cb113322a10c590efb748a51eb6e9364e,completed,11.0,6.0,61.0,1.0,0.0,51.0,51.0,51.0,1.0,1.0,1.0,0.0,400,0.005694389343261719,0.007317543029785156,0,0
11,1500,child_task3,weak_opponents,12014,task3pilot_child_s11_c1500_eval_t3_dev12000_12019_814173b_s12014,/export/data/sfan/MLE_final_project/runs/task3_pilot_ddqn_cv2_r7_s11_t3_c1500_814173b/checkpoints/final.pt,814173b618fb38990db7a5b7ee200369c8b25289,b3dafd35f05214bac1058d7e16407e8cb113322a10c590efb748a51eb6e9364e,completed,11.0,6.0,67.0,1.0,0.0,54.0,54.0,54.0,0.0,1.0,1.0,0.0,400,0.0057523250579833984,0.007920265197753906,0,0
11,1500,child_task3,weak_opponents,12015,task3pilot_child_s11_c1500_eval_t3_dev12000_12019_814173b_s12015,/export/data/sfan/MLE_final_project/runs/task3_pilot_ddqn_cv2_r7_s11_t3_c1500_814173b/checkpoints/final.pt,814173b618fb38990db7a5b7ee200369c8b25289,b3dafd35f05214bac1058d7e16407e8cb113322a10c590efb748a51eb6e9364e,completed,6.0,6.0,74.0,0.0,0.0,48.0,48.0,48.0,0.0,1.0,1.0,0.0,400,0.006102561950683594,0.007811307907104492,0,0
11,1500,child_task3,weak_opponents,12016,task3pilot_child_s11_c1500_eval_t3_dev12000_12019_814173b_s12016,/export/data/sfan/MLE_final_project/runs/task3_pilot_ddqn_cv2_r7_s11_t3_c1500_814173b/checkpoints/final.pt,814173b618fb38990db7a5b7ee200369c8b25289,b3dafd35f05214bac1058d7e16407e8cb113322a10c590efb748a51eb6e9364e,completed,2.0,2.0,39.0,0.0,0.0,38.0,37.0,37.0,2.0,1.0,0.0,0.0,400,0.006255149841308594,0.008170127868652344,0,0
11,1500,child_task3,weak_opponents,12017,task3pilot_child_s11_c1500_eval_t3_dev12000_12019_814173b_s12017,/export/data/sfan/MLE_final_project/runs/task3_pilot_ddqn_cv2_r7_s11_t3_c1500_814173b/checkpoints/final.pt,814173b618fb38990db7a5b7ee200369c8b25289,b3dafd35f05214bac1058d7e16407e8cb113322a10c590efb748a51eb6e9364e,completed,3.0,3.0,49.0,0.0,0.0,46.0,46.0,46.0,1.0,1.0,0.0,0.0,400,0.006280660629272461,0.007662296295166016,0,0
11,1500,child_task3,weak_opponents,12018,task3pilot_child_s11_c1500_eval_t3_dev12000_12019_814173b_s12018,/export/data/sfan/MLE_final_project/runs/task3_pilot_ddqn_cv2_r7_s11_t3_c1500_814173b/checkpoints/final.pt,814173b618fb38990db7a5b7ee200369c8b25289,b3dafd35f05214bac1058d7e16407e8cb113322a10c590efb748a51eb6e9364e,completed,4.0,4.0,53.0,0.0,0.0,45.0,45.0,45.0,0.0,1.0,0.0,0.0,400,0.006326436996459961,0.008083581924438477,0,0
11,1500,child_task3,weak_opponents,12019,task3pilot_child_s11_c1500_eval_t3_dev12000_12019_814173b_s12019,/export/data/sfan/MLE_final_project/runs/task3_pilot_ddqn_cv2_r7_s11_t3_c1500_814173b/checkpoints/final.pt,814173b618fb38990db7a5b7ee200369c8b25289,b3dafd35f05214bac1058d7e16407e8cb113322a10c590efb748a51eb6e9364e,completed,6.0,1.0,45.0,1.0,0.0,41.0,41.0,41.0,0.0,1.0,0.0,1.0,400,0.006578683853149414,0.007603645324707031,0,0
22,1500,parent_task1,coin_navigation,12000,task3pilot_parent_s22_eval_t1_dev12000_12019_814173b_s12000,/export/data/sfan/MLE_final_project/runs/task2winner_replica_cv2_r7_s22_t2_v7_814173b/checkpoints/final.pt,814173b618fb38990db7a5b7ee200369c8b25289,b3dafd35f05214bac1058d7e16407e8cb113322a10c590efb748a51eb6e9364e,completed,50.0,50.0,0.0,0.0,0.0,0.0,0.0,0.0,0.0,1.0,1.0,0.0,113,0.006658792495727539,0.0068547725677490234,0,0
22,1500,parent_task1,coin_navigation,12001,task3pilot_parent_s22_eval_t1_dev12000_12019_814173b_s12001,/export/data/sfan/MLE_final_project/runs/task2winner_replica_cv2_r7_s22_t2_v7_814173b/checkpoints/final.pt,814173b618fb38990db7a5b7ee200369c8b25289,b3dafd35f05214bac1058d7e16407e8cb113322a10c590efb748a51eb6e9364e,completed,50.0,50.0,0.0,0.0,0.0,0.0,0.0,0.0,0.0,1.0,1.0,0.0,119,0.006773233413696289,0.007242918014526367,0,0
22,1500,parent_task1,coin_navigation,12002,task3pilot_parent_s22_eval_t1_dev12000_12019_814173b_s12002,/export/data/sfan/MLE_final_project/runs/task2winner_replica_cv2_r7_s22_t2_v7_814173b/checkpoints/final.pt,814173b618fb38990db7a5b7ee200369c8b25289,b3dafd35f05214bac1058d7e16407e8cb113322a10c590efb748a51eb6e9364e,completed,50.0,50.0,0.0,0.0,0.0,0.0,0.0,0.0,0.0,1.0,1.0,0.0,126,0.007139921188354492,0.00881648063659668,0,0
22,1500,parent_task1,coin_navigation,12003,task3pilot_parent_s22_eval_t1_dev12000_12019_814173b_s12003,/export/data/sfan/MLE_final_project/runs/task2winner_replica_cv2_r7_s22_t2_v7_814173b/checkpoints/final.pt,814173b618fb38990db7a5b7ee200369c8b25289,b3dafd35f05214bac1058d7e16407e8cb113322a10c590efb748a51eb6e9364e,completed,50.0,50.0,0.0,0.0,0.0,0.0,0.0,0.0,0.0,1.0,1.0,0.0,121,0.007114887237548828,0.00918269157409668,0,0
22,1500,parent_task1,coin_navigation,12004,task3pilot_parent_s22_eval_t1_dev12000_12019_814173b_s12004,/export/data/sfan/MLE_final_project/runs/task2winner_replica_cv2_r7_s22_t2_v7_814173b/checkpoints/final.pt,814173b618fb38990db7a5b7ee200369c8b25289,b3dafd35f05214bac1058d7e16407e8cb113322a10c590efb748a51eb6e9364e,completed,50.0,50.0,0.0,0.0,0.0,0.0,0.0,0.0,0.0,1.0,1.0,0.0,125,0.007205486297607422,0.007712364196777344,0,0
22,1500,parent_task1,coin_navigation,12005,task3pilot_parent_s22_eval_t1_dev12000_12019_814173b_s12005,/export/data/sfan/MLE_final_project/runs/task2winner_replica_cv2_r7_s22_t2_v7_814173b/checkpoints/final.pt,814173b618fb38990db7a5b7ee200369c8b25289,b3dafd35f05214bac1058d7e16407e8cb113322a10c590efb748a51eb6e9364e,completed,50.0,50.0,0.0,0.0,0.0,0.0,0.0,0.0,0.0,1.0,1.0,0.0,146,0.007105350494384766,0.008469820022583008,0,0
22,1500,parent_task1,coin_navigation,12006,task3pilot_parent_s22_eval_t1_dev12000_12019_814173b_s12006,/export/data/sfan/MLE_final_project/runs/task2winner_replica_cv2_r7_s22_t2_v7_814173b/checkpoints/final.pt,814173b618fb38990db7a5b7ee200369c8b25289,b3dafd35f05214bac1058d7e16407e8cb113322a10c590efb748a51eb6e9364e,completed,50.0,50.0,0.0,0.0,0.0,0.0,0.0,0.0,0.0,1.0,1.0,0.0,136,0.006757497787475586,0.006989717483520508,0,0
22,1500,parent_task1,coin_navigation,12007,task3pilot_parent_s22_eval_t1_dev12000_12019_814173b_s12007,/export/data/sfan/MLE_final_project/runs/task2winner_replica_cv2_r7_s22_t2_v7_814173b/checkpoints/final.pt,814173b618fb38990db7a5b7ee200369c8b25289,b3dafd35f05214bac1058d7e16407e8cb113322a10c590efb748a51eb6e9364e,completed,50.0,50.0,0.0,0.0,0.0,0.0,0.0,0.0,0.0,1.0,1.0,0.0,113,0.006590843200683594,0.006682157516479492,0,0
22,1500,parent_task1,coin_navigation,12008,task3pilot_parent_s22_eval_t1_dev12000_12019_814173b_s12008,/export/data/sfan/MLE_final_project/runs/task2winner_replica_cv2_r7_s22_t2_v7_814173b/checkpoints/final.pt,814173b618fb38990db7a5b7ee200369c8b25289,b3dafd35f05214bac1058d7e16407e8cb113322a10c590efb748a51eb6e9364e,completed,50.0,50.0,0.0,0.0,0.0,0.0,0.0,0.0,0.0,1.0,1.0,0.0,119,0.007002353668212891,0.0072896480560302734,0,0
22,1500,parent_task1,coin_navigation,12009,task3pilot_parent_s22_eval_t1_dev12000_12019_814173b_s12009,/export/data/sfan/MLE_final_project/runs/task2winner_replica_cv2_r7_s22_t2_v7_814173b/checkpoints/final.pt,814173b618fb38990db7a5b7ee200369c8b25289,b3dafd35f05214bac1058d7e16407e8cb113322a10c590efb748a51eb6e9364e,completed,50.0,50.0,0.0,0.0,0.0,0.0,0.0,0.0,0.0,1.0,1.0,0.0,138,0.006595134735107422,0.006917476654052734,0,0
22,1500,parent_task1,coin_navigation,12010,task3pilot_parent_s22_eval_t1_dev12000_12019_814173b_s12010,/export/data/sfan/MLE_final_project/runs/task2winner_replica_cv2_r7_s22_t2_v7_814173b/checkpoints/final.pt,814173b618fb38990db7a5b7ee200369c8b25289,b3dafd35f05214bac1058d7e16407e8cb113322a10c590efb748a51eb6e9364e,completed,50.0,50.0,0.0,0.0,0.0,0.0,0.0,0.0,0.0,1.0,1.0,0.0,141,0.006579399108886719,0.006650209426879883,0,0
22,1500,parent_task1,coin_navigation,12011,task3pilot_parent_s22_eval_t1_dev12000_12019_814173b_s12011,/export/data/sfan/MLE_final_project/runs/task2winner_replica_cv2_r7_s22_t2_v7_814173b/checkpoints/final.pt,814173b618fb38990db7a5b7ee200369c8b25289,b3dafd35f05214bac1058d7e16407e8cb113322a10c590efb748a51eb6e9364e,completed,50.0,50.0,0.0,0.0,0.0,0.0,0.0,0.0,0.0,1.0,1.0,0.0,138,0.006627082824707031,0.0066945552825927734,0,0
22,1500,parent_task1,coin_navigation,12012,task3pilot_parent_s22_eval_t1_dev12000_12019_814173b_s12012,/export/data/sfan/MLE_final_project/runs/task2winner_replica_cv2_r7_s22_t2_v7_814173b/checkpoints/final.pt,814173b618fb38990db7a5b7ee200369c8b25289,b3dafd35f05214bac1058d7e16407e8cb113322a10c590efb748a51eb6e9364e,completed,50.0,50.0,0.0,0.0,0.0,0.0,0.0,0.0,0.0,1.0,1.0,0.0,122,0.006916046142578125,0.00732731819152832,0,0
22,1500,parent_task1,coin_navigation,12013,task3pilot_parent_s22_eval_t1_dev12000_12019_814173b_s12013,/export/data/sfan/MLE_final_project/runs/task2winner_replica_cv2_r7_s22_t2_v7_814173b/checkpoints/final.pt,814173b618fb38990db7a5b7ee200369c8b25289,b3dafd35f05214bac1058d7e16407e8cb113322a10c590efb748a51eb6e9364e,completed,50.0,50.0,0.0,0.0,0.0,0.0,0.0,0.0,0.0,1.0,1.0,0.0,122,0.007106304168701172,0.007988691329956055,0,0
22,1500,parent_task1,coin_navigation,12014,task3pilot_parent_s22_eval_t1_dev12000_12019_814173b_s12014,/export/data/sfan/MLE_final_project/runs/task2winner_replica_cv2_r7_s22_t2_v7_814173b/checkpoints/final.pt,814173b618fb38990db7a5b7ee200369c8b25289,b3dafd35f05214bac1058d7e16407e8cb113322a10c590efb748a51eb6e9364e,completed,50.0,50.0,0.0,0.0,0.0,0.0,0.0,0.0,0.0,1.0,1.0,0.0,121,0.006816864013671875,0.007091999053955078,0,0
22,1500,parent_task1,coin_navigation,12015,task3pilot_parent_s22_eval_t1_dev12000_12019_814173b_s12015,/export/data/sfan/MLE_final_project/runs/task2winner_replica_cv2_r7_s22_t2_v7_814173b/checkpoints/final.pt,814173b618fb38990db7a5b7ee200369c8b25289,b3dafd35f05214bac1058d7e16407e8cb113322a10c590efb748a51eb6e9364e,completed,50.0,50.0,0.0,0.0,0.0,0.0,0.0,0.0,0.0,1.0,1.0,0.0,128,0.007149934768676758,0.0074481964111328125,0,0
22,1500,parent_task1,coin_navigation,12016,task3pilot_parent_s22_eval_t1_dev12000_12019_814173b_s12016,/export/data/sfan/MLE_final_project/runs/task2winner_replica_cv2_r7_s22_t2_v7_814173b/checkpoints/final.pt,814173b618fb38990db7a5b7ee200369c8b25289,b3dafd35f05214bac1058d7e16407e8cb113322a10c590efb748a51eb6e9364e,completed,50.0,50.0,0.0,0.0,0.0,0.0,0.0,0.0,0.0,1.0,1.0,0.0,116,0.007160186767578125,0.0073316097259521484,0,0
22,1500,parent_task1,coin_navigation,12017,task3pilot_parent_s22_eval_t1_dev12000_12019_814173b_s12017,/export/data/sfan/MLE_final_project/runs/task2winner_replica_cv2_r7_s22_t2_v7_814173b/checkpoints/final.pt,814173b618fb38990db7a5b7ee200369c8b25289,b3dafd35f05214bac1058d7e16407e8cb113322a10c590efb748a51eb6e9364e,completed,50.0,50.0,0.0,0.0,0.0,0.0,0.0,0.0,0.0,1.0,1.0,0.0,135,0.0070934295654296875,0.008204221725463867,0,0
22,1500,parent_task1,coin_navigation,12018,task3pilot_parent_s22_eval_t1_dev12000_12019_814173b_s12018,/export/data/sfan/MLE_final_project/runs/task2winner_replica_cv2_r7_s22_t2_v7_814173b/checkpoints/final.pt,814173b618fb38990db7a5b7ee200369c8b25289,b3dafd35f05214bac1058d7e16407e8cb113322a10c590efb748a51eb6e9364e,completed,50.0,50.0,0.0,0.0,0.0,0.0,0.0,0.0,0.0,1.0,1.0,0.0,125,0.007083415985107422,0.007322788238525391,0,0
22,1500,parent_task1,coin_navigation,12019,task3pilot_parent_s22_eval_t1_dev12000_12019_814173b_s12019,/export/data/sfan/MLE_final_project/runs/task2winner_replica_cv2_r7_s22_t2_v7_814173b/checkpoints/final.pt,814173b618fb38990db7a5b7ee200369c8b25289,b3dafd35f05214bac1058d7e16407e8cb113322a10c590efb748a51eb6e9364e,completed,50.0,50.0,0.0,0.0,0.0,0.0,0.0,0.0,0.0,1.0,1.0,0.0,130,0.0071566104888916016,0.007959127426147461,0,0
22,1500,parent_task2,crate_navigation,12000,task3pilot_parent_s22_eval_t2_dev12000_12019_814173b_s12000,/export/data/sfan/MLE_final_project/runs/task2winner_replica_cv2_r7_s22_t2_v7_814173b/checkpoints/final.pt,814173b618fb38990db7a5b7ee200369c8b25289,b3dafd35f05214bac1058d7e16407e8cb113322a10c590efb748a51eb6e9364e,completed,4.0,4.0,58.0,0.0,0.0,34.0,34.0,34.0,0.0,1.0,1.0,0.0,400,0.005455732345581055,0.010751962661743164,0,0
22,1500,parent_task2,crate_navigation,12001,task3pilot_parent_s22_eval_t2_dev12000_12019_814173b_s12001,/export/data/sfan/MLE_final_project/runs/task2winner_replica_cv2_r7_s22_t2_v7_814173b/checkpoints/final.pt,814173b618fb38990db7a5b7ee200369c8b25289,b3dafd35f05214bac1058d7e16407e8cb113322a10c590efb748a51eb6e9364e,completed,2.0,2.0,50.0,0.0,0.0,39.0,39.0,39.0,0.0,1.0,1.0,0.0,400,0.005353450775146484,0.006077289581298828,0,0
22,1500,parent_task2,crate_navigation,12002,task3pilot_parent_s22_eval_t2_dev12000_12019_814173b_s12002,/export/data/sfan/MLE_final_project/runs/task2winner_replica_cv2_r7_s22_t2_v7_814173b/checkpoints/final.pt,814173b618fb38990db7a5b7ee200369c8b25289,b3dafd35f05214bac1058d7e16407e8cb113322a10c590efb748a51eb6e9364e,completed,6.0,6.0,91.0,0.0,0.0,33.0,33.0,33.0,0.0,1.0,1.0,0.0,400,0.005914211273193359,0.0066986083984375,0,0
22,1500,parent_task2,crate_navigation,12003,task3pilot_parent_s22_eval_t2_dev12000_12019_814173b_s12003,/export/data/sfan/MLE_final_project/runs/task2winner_replica_cv2_r7_s22_t2_v7_814173b/checkpoints/final.pt,814173b618fb38990db7a5b7ee200369c8b25289,b3dafd35f05214bac1058d7e16407e8cb113322a10c590efb748a51eb6e9364e,completed,1.0,1.0,61.0,0.0,0.0,46.0,46.0,46.0,0.0,1.0,1.0,0.0,400,0.005285978317260742,0.005619525909423828,0,0
22,1500,parent_task2,crate_navigation,12004,task3pilot_parent_s22_eval_t2_dev12000_12019_814173b_s12004,/export/data/sfan/MLE_final_project/runs/task2winner_replica_cv2_r7_s22_t2_v7_814173b/checkpoints/final.pt,814173b618fb38990db7a5b7ee200369c8b25289,b3dafd35f05214bac1058d7e16407e8cb113322a10c590efb748a51eb6e9364e,completed,6.0,6.0,91.0,0.0,0.0,41.0,41.0,41.0,0.0,1.0,1.0,0.0,400,0.0056154727935791016,0.00585627555847168,0,0
22,1500,parent_task2,crate_navigation,12005,task3pilot_parent_s22_eval_t2_dev12000_12019_814173b_s12005,/export/data/sfan/MLE_final_project/runs/task2winner_replica_cv2_r7_s22_t2_v7_814173b/checkpoints/final.pt,814173b618fb38990db7a5b7ee200369c8b25289,b3dafd35f05214bac1058d7e16407e8cb113322a10c590efb748a51eb6e9364e,completed,5.0,5.0,86.0,0.0,0.0,31.0,31.0,31.0,0.0,1.0,1.0,0.0,400,0.006142377853393555,0.006384134292602539,0,0
22,1500,parent_task2,crate_navigation,12006,task3pilot_parent_s22_eval_t2_dev12000_12019_814173b_s12006,/export/data/sfan/MLE_final_project/runs/task2winner_replica_cv2_r7_s22_t2_v7_814173b/checkpoints/final.pt,814173b618fb38990db7a5b7ee200369c8b25289,b3dafd35f05214bac1058d7e16407e8cb113322a10c590efb748a51eb6e9364e,completed,6.0,6.0,68.0,0.0,0.0,32.0,32.0,32.0,0.0,1.0,1.0,0.0,400,0.005798816680908203,0.006196498870849609,0,0
22,1500,parent_task2,crate_navigation,12007,task3pilot_parent_s22_eval_t2_dev12000_12019_814173b_s12007,/export/data/sfan/MLE_final_project/runs/task2winner_replica_cv2_r7_s22_t2_v7_814173b/checkpoints/final.pt,814173b618fb38990db7a5b7ee200369c8b25289,b3dafd35f05214bac1058d7e16407e8cb113322a10c590efb748a51eb6e9364e,completed,7.0,7.0,86.0,0.0,0.0,38.0,37.0,37.0,0.0,1.0,1.0,0.0,400,0.005532264709472656,0.00639033317565918,0,0
22,1500,parent_task2,crate_navigation,12008,task3pilot_parent_s22_eval_t2_dev12000_12019_814173b_s12008,/export/data/sfan/MLE_final_project/runs/task2winner_replica_cv2_r7_s22_t2_v7_814173b/checkpoints/final.pt,814173b618fb38990db7a5b7ee200369c8b25289,b3dafd35f05214bac1058d7e16407e8cb113322a10c590efb748a51eb6e9364e,completed,6.0,6.0,115.0,0.0,0.0,50.0,50.0,50.0,0.0,1.0,1.0,0.0,400,0.005484580993652344,0.0065155029296875,0,0
22,1500,parent_task2,crate_navigation,12009,task3pilot_parent_s22_eval_t2_dev12000_12019_814173b_s12009,/export/data/sfan/MLE_final_project/runs/task2winner_replica_cv2_r7_s22_t2_v7_814173b/checkpoints/final.pt,814173b618fb38990db7a5b7ee200369c8b25289,b3dafd35f05214bac1058d7e16407e8cb113322a10c590efb748a51eb6e9364e,completed,6.0,6.0,60.0,0.0,0.0,50.0,50.0,50.0,0.0,1.0,1.0,0.0,400,0.005185365676879883,0.005525827407836914,0,0
22,1500,parent_task2,crate_navigation,12010,task3pilot_parent_s22_eval_t2_dev12000_12019_814173b_s12010,/export/data/sfan/MLE_final_project/runs/task2winner_replica_cv2_r7_s22_t2_v7_814173b/checkpoints/final.pt,814173b618fb38990db7a5b7ee200369c8b25289,b3dafd35f05214bac1058d7e16407e8cb113322a10c590efb748a51eb6e9364e,completed,5.0,5.0,100.0,0.0,0.0,54.0,53.0,53.0,0.0,1.0,1.0,0.0,400,0.004868984222412109,0.005921363830566406,0,0
22,1500,parent_task2,crate_navigation,12011,task3pilot_parent_s22_eval_t2_dev12000_12019_814173b_s12011,/export/data/sfan/MLE_final_project/runs/task2winner_replica_cv2_r7_s22_t2_v7_814173b/checkpoints/final.pt,814173b618fb38990db7a5b7ee200369c8b25289,b3dafd35f05214bac1058d7e16407e8cb113322a10c590efb748a51eb6e9364e,completed,7.0,7.0,104.0,0.0,0.0,47.0,47.0,47.0,0.0,1.0,1.0,0.0,400,0.004649639129638672,0.005335569381713867,0,0
22,1500,parent_task2,crate_navigation,12012,task3pilot_parent_s22_eval_t2_dev12000_12019_814173b_s12012,/export/data/sfan/MLE_final_project/runs/task2winner_replica_cv2_r7_s22_t2_v7_814173b/checkpoints/final.pt,814173b618fb38990db7a5b7ee200369c8b25289,b3dafd35f05214bac1058d7e16407e8cb113322a10c590efb748a51eb6e9364e,completed,8.0,8.0,96.0,0.0,0.0,41.0,41.0,41.0,0.0,1.0,1.0,0.0,400,0.005944967269897461,0.006224155426025391,0,0
22,1500,parent_task2,crate_navigation,12013,task3pilot_parent_s22_eval_t2_dev12000_12019_814173b_s12013,/export/data/sfan/MLE_final_project/runs/task2winner_replica_cv2_r7_s22_t2_v7_814173b/checkpoints/final.pt,814173b618fb38990db7a5b7ee200369c8b25289,b3dafd35f05214bac1058d7e16407e8cb113322a10c590efb748a51eb6e9364e,completed,6.0,6.0,84.0,0.0,0.0,26.0,26.0,26.0,0.0,1.0,1.0,0.0,400,0.005494832992553711,0.006484270095825195,0,0
22,1500,parent_task2,crate_navigation,12014,task3pilot_parent_s22_eval_t2_dev12000_12019_814173b_s12014,/export/data/sfan/MLE_final_project/runs/task2winner_replica_cv2_r7_s22_t2_v7_814173b/checkpoints/final.pt,814173b618fb38990db7a5b7ee200369c8b25289,b3dafd35f05214bac1058d7e16407e8cb113322a10c590efb748a51eb6e9364e,completed,9.0,9.0,114.0,0.0,0.0,46.0,46.0,46.0,0.0,1.0,1.0,0.0,400,0.005317211151123047,0.006437778472900391,0,0
22,1500,parent_task2,crate_navigation,12015,task3pilot_parent_s22_eval_t2_dev12000_12019_814173b_s12015,/export/data/sfan/MLE_final_project/runs/task2winner_replica_cv2_r7_s22_t2_v7_814173b/checkpoints/final.pt,814173b618fb38990db7a5b7ee200369c8b25289,b3dafd35f05214bac1058d7e16407e8cb113322a10c590efb748a51eb6e9364e,completed,5.0,5.0,93.0,0.0,0.0,37.0,37.0,37.0,0.0,1.0,1.0,0.0,400,0.0059814453125,0.006345033645629883,0,0
22,1500,parent_task2,crate_navigation,12016,task3pilot_parent_s22_eval_t2_dev12000_12019_814173b_s12016,/export/data/sfan/MLE_final_project/runs/task2winner_replica_cv2_r7_s22_t2_v7_814173b/checkpoints/final.pt,814173b618fb38990db7a5b7ee200369c8b25289,b3dafd35f05214bac1058d7e16407e8cb113322a10c590efb748a51eb6e9364e,completed,5.0,5.0,81.0,0.0,0.0,47.0,47.0,47.0,0.0,1.0,1.0,0.0,400,0.004828453063964844,0.005522489547729492,0,0
22,1500,parent_task2,crate_navigation,12017,task3pilot_parent_s22_eval_t2_dev12000_12019_814173b_s12017,/export/data/sfan/MLE_final_project/runs/task2winner_replica_cv2_r7_s22_t2_v7_814173b/checkpoints/final.pt,814173b618fb38990db7a5b7ee200369c8b25289,b3dafd35f05214bac1058d7e16407e8cb113322a10c590efb748a51eb6e9364e,completed,9.0,9.0,103.0,0.0,0.0,51.0,51.0,51.0,0.0,1.0,1.0,0.0,400,0.005276918411254883,0.005971431732177734,0,0
22,1500,parent_task2,crate_navigation,12018,task3pilot_parent_s22_eval_t2_dev12000_12019_814173b_s12018,/export/data/sfan/MLE_final_project/runs/task2winner_replica_cv2_r7_s22_t2_v7_814173b/checkpoints/final.pt,814173b618fb38990db7a5b7ee200369c8b25289,b3dafd35f05214bac1058d7e16407e8cb113322a10c590efb748a51eb6e9364e,completed,4.0,4.0,86.0,0.0,0.0,29.0,29.0,29.0,0.0,1.0,1.0,0.0,400,0.005918741226196289,0.006921052932739258,0,0
22,1500,parent_task2,crate_navigation,12019,task3pilot_parent_s22_eval_t2_dev12000_12019_814173b_s12019,/export/data/sfan/MLE_final_project/runs/task2winner_replica_cv2_r7_s22_t2_v7_814173b/checkpoints/final.pt,814173b618fb38990db7a5b7ee200369c8b25289,b3dafd35f05214bac1058d7e16407e8cb113322a10c590efb748a51eb6e9364e,completed,7.0,7.0,109.0,0.0,0.0,42.0,42.0,42.0,0.0,1.0,1.0,0.0,400,0.005658626556396484,0.006088972091674805,0,0
22,1500,parent_task3,weak_opponents,12000,task3pilot_parent_s22_eval_t3_dev12000_12019_814173b_s12000,/export/data/sfan/MLE_final_project/runs/task2winner_replica_cv2_r7_s22_t2_v7_814173b/checkpoints/final.pt,814173b618fb38990db7a5b7ee200369c8b25289,b3dafd35f05214bac1058d7e16407e8cb113322a10c590efb748a51eb6e9364e,completed,8.0,3.0,50.0,1.0,0.0,50.0,50.0,50.0,0.0,1.0,1.0,0.0,400,0.006136894226074219,0.00863790512084961,0,0
22,1500,parent_task3,weak_opponents,12001,task3pilot_parent_s22_eval_t3_dev12000_12019_814173b_s12001,/export/data/sfan/MLE_final_project/runs/task2winner_replica_cv2_r7_s22_t2_v7_814173b/checkpoints/final.pt,814173b618fb38990db7a5b7ee200369c8b25289,b3dafd35f05214bac1058d7e16407e8cb113322a10c590efb748a51eb6e9364e,completed,1.0,1.0,39.0,0.0,0.0,49.0,49.0,49.0,0.0,1.0,0.0,0.0,400,0.006335735321044922,0.008550167083740234,0,0
22,1500,parent_task3,weak_opponents,12002,task3pilot_parent_s22_eval_t3_dev12000_12019_814173b_s12002,/export/data/sfan/MLE_final_project/runs/task2winner_replica_cv2_r7_s22_t2_v7_814173b/checkpoints/final.pt,814173b618fb38990db7a5b7ee200369c8b25289,b3dafd35f05214bac1058d7e16407e8cb113322a10c590efb748a51eb6e9364e,completed,8.0,3.0,38.0,1.0,1.0,29.0,29.0,28.0,0.0,0.0,1.0,0.0,250,0.0056819915771484375,0.0074765682220458984,0,0
22,1500,parent_task3,weak_opponents,12003,task3pilot_parent_s22_eval_t3_dev12000_12019_814173b_s12003,/export/data/sfan/MLE_final_project/runs/task2winner_replica_cv2_r7_s22_t2_v7_814173b/checkpoints/final.pt,814173b618fb38990db7a5b7ee200369c8b25289,b3dafd35f05214bac1058d7e16407e8cb113322a10c590efb748a51eb6e9364e,completed,5.0,5.0,62.0,0.0,0.0,50.0,49.0,49.0,0.0,1.0,0.0,0.0,400,0.006590127944946289,0.008122444152832031,0,0
22,1500,parent_task3,weak_opponents,12004,task3pilot_parent_s22_eval_t3_dev12000_12019_814173b_s12004,/export/data/sfan/MLE_final_project/runs/task2winner_replica_cv2_r7_s22_t2_v7_814173b/checkpoints/final.pt,814173b618fb38990db7a5b7ee200369c8b25289,b3dafd35f05214bac1058d7e16407e8cb113322a10c590efb748a51eb6e9364e,completed,1.0,1.0,16.0,0.0,1.0,31.0,31.0,30.0,0.0,0.0,0.0,0.0,271,0.0059108734130859375,0.007215261459350586,0,0
22,1500,parent_task3,weak_opponents,12005,task3pilot_parent_s22_eval_t3_dev12000_12019_814173b_s12005,/export/data/sfan/MLE_final_project/runs/task2winner_replica_cv2_r7_s22_t2_v7_814173b/checkpoints/final.pt,814173b618fb38990db7a5b7ee200369c8b25289,b3dafd35f05214bac1058d7e16407e8cb113322a10c590efb748a51eb6e9364e,completed,5.0,5.0,55.0,0.0,0.0,53.0,52.0,52.0,0.0,1.0,1.0,0.0,400,0.0061550140380859375,0.007935762405395508,0,0
22,1500,parent_task3,weak_opponents,12006,task3pilot_parent_s22_eval_t3_dev12000_12019_814173b_s12006,/export/data/sfan/MLE_final_project/runs/task2winner_replica_cv2_r7_s22_t2_v7_814173b/checkpoints/final.pt,814173b618fb38990db7a5b7ee200369c8b25289,b3dafd35f05214bac1058d7e16407e8cb113322a10c590efb748a51eb6e9364e,completed,10.0,5.0,43.0,1.0,0.0,46.0,46.0,46.0,0.0,1.0,1.0,0.0,400,0.00674891471862793,0.008504152297973633,0,0
22,1500,parent_task3,weak_opponents,12007,task3pilot_parent_s22_eval_t3_dev12000_12019_814173b_s12007,/export/data/sfan/MLE_final_project/runs/task2winner_replica_cv2_r7_s22_t2_v7_814173b/checkpoints/final.pt,814173b618fb38990db7a5b7ee200369c8b25289,b3dafd35f05214bac1058d7e16407e8cb113322a10c590efb748a51eb6e9364e,completed,4.0,4.0,43.0,0.0,0.0,47.0,46.0,46.0,1.0,1.0,0.0,0.0,400,0.006125450134277344,0.00809931755065918,0,0
22,1500,parent_task3,weak_opponents,12008,task3pilot_parent_s22_eval_t3_dev12000_12019_814173b_s12008,/export/data/sfan/MLE_final_project/runs/task2winner_replica_cv2_r7_s22_t2_v7_814173b/checkpoints/final.pt,814173b618fb38990db7a5b7ee200369c8b25289,b3dafd35f05214bac1058d7e16407e8cb113322a10c590efb748a51eb6e9364e,completed,12.0,7.0,86.0,1.0,0.0,47.0,47.0,47.0,0.0,1.0,1.0,0.0,400,0.005814790725708008,0.007628202438354492,0,0
22,1500,parent_task3,weak_opponents,12009,task3pilot_parent_s22_eval_t3_dev12000_12019_814173b_s12009,/export/data/sfan/MLE_final_project/runs/task2winner_replica_cv2_r7_s22_t2_v7_814173b/checkpoints/final.pt,814173b618fb38990db7a5b7ee200369c8b25289,b3dafd35f05214bac1058d7e16407e8cb113322a10c590efb748a51eb6e9364e,completed,5.0,5.0,56.0,0.0,0.0,47.0,46.0,46.0,0.0,1.0,1.0,0.0,400,0.005321025848388672,0.007280588150024414,0,0
22,1500,parent_task3,weak_opponents,12010,task3pilot_parent_s22_eval_t3_dev12000_12019_814173b_s12010,/export/data/sfan/MLE_final_project/runs/task2winner_replica_cv2_r7_s22_t2_v7_814173b/checkpoints/final.pt,814173b618fb38990db7a5b7ee200369c8b25289,b3dafd35f05214bac1058d7e16407e8cb113322a10c590efb748a51eb6e9364e,completed,5.0,5.0,48.0,0.0,1.0,20.0,20.0,19.0,1.0,0.0,1.0,0.0,172,0.006447553634643555,0.006896495819091797,0,0
22,1500,parent_task3,weak_opponents,12011,task3pilot_parent_s22_eval_t3_dev12000_12019_814173b_s12011,/export/data/sfan/MLE_final_project/runs/task2winner_replica_cv2_r7_s22_t2_v7_814173b/checkpoints/final.pt,814173b618fb38990db7a5b7ee200369c8b25289,b3dafd35f05214bac1058d7e16407e8cb113322a10c590efb748a51eb6e9364e,completed,3.0,3.0,58.0,0.0,0.0,51.0,51.0,51.0,0.0,1.0,0.0,0.0,400,0.006958961486816406,0.010345697402954102,0,0
22,1500,parent_task3,weak_opponents,12012,task3pilot_parent_s22_eval_t3_dev12000_12019_814173b_s12012,/export/data/sfan/MLE_final_project/runs/task2winner_replica_cv2_r7_s22_t2_v7_814173b/checkpoints/final.pt,814173b618fb38990db7a5b7ee200369c8b25289,b3dafd35f05214bac1058d7e16407e8cb113322a10c590efb748a51eb6e9364e,completed,6.0,6.0,42.0,0.0,0.0,50.0,49.0,49.0,1.0,1.0,0.0,0.0,400,0.0068547725677490234,0.008717060089111328,0,0
22,1500,parent_task3,weak_opponents,12013,task3pilot_parent_s22_eval_t3_dev12000_12019_814173b_s12013,/export/data/sfan/MLE_final_project/runs/task2winner_replica_cv2_r7_s22_t2_v7_814173b/checkpoints/final.pt,814173b618fb38990db7a5b7ee200369c8b25289,b3dafd35f05214bac1058d7e16407e8cb113322a10c590efb748a51eb6e9364e,completed,9.0,4.0,45.0,1.0,0.0,50.0,50.0,50.0,0.0,1.0,1.0,0.0,400,0.006783962249755859,0.008945703506469727,0,0
22,1500,parent_task3,weak_opponents,12014,task3pilot_parent_s22_eval_t3_dev12000_12019_814173b_s12014,/export/data/sfan/MLE_final_project/runs/task2winner_replica_cv2_r7_s22_t2_v7_814173b/checkpoints/final.pt,814173b618fb38990db7a5b7ee200369c8b25289,b3dafd35f05214bac1058d7e16407e8cb113322a10c590efb748a51eb6e9364e,completed,4.0,4.0,61.0,0.0,0.0,51.0,50.0,50.0,1.0,1.0,0.0,0.0,400,0.006379842758178711,0.008516311645507812,0,0
22,1500,parent_task3,weak_opponents,12015,task3pilot_parent_s22_eval_t3_dev12000_12019_814173b_s12015,/export/data/sfan/MLE_final_project/runs/task2winner_replica_cv2_r7_s22_t2_v7_814173b/checkpoints/final.pt,814173b618fb38990db7a5b7ee200369c8b25289,b3dafd35f05214bac1058d7e16407e8cb113322a10c590efb748a51eb6e9364e,completed,0.0,0.0,30.0,0.0,0.0,49.0,48.0,48.0,0.0,1.0,0.0,0.0,400,0.006496429443359375,0.008013725280761719,0,0
22,1500,parent_task3,weak_opponents,12016,task3pilot_parent_s22_eval_t3_dev12000_12019_814173b_s12016,/export/data/sfan/MLE_final_project/runs/task2winner_replica_cv2_r7_s22_t2_v7_814173b/checkpoints/final.pt,814173b618fb38990db7a5b7ee200369c8b25289,b3dafd35f05214bac1058d7e16407e8cb113322a10c590efb748a51eb6e9364e,completed,2.0,2.0,51.0,0.0,0.0,49.0,49.0,49.0,0.0,1.0,0.0,0.0,400,0.0066394805908203125,0.00787043571472168,0,0
22,1500,parent_task3,weak_opponents,12017,task3pilot_parent_s22_eval_t3_dev12000_12019_814173b_s12017,/export/data/sfan/MLE_final_project/runs/task2winner_replica_cv2_r7_s22_t2_v7_814173b/checkpoints/final.pt,814173b618fb38990db7a5b7ee200369c8b25289,b3dafd35f05214bac1058d7e16407e8cb113322a10c590efb748a51eb6e9364e,completed,8.0,3.0,36.0,1.0,0.0,50.0,50.0,50.0,0.0,1.0,1.0,0.0,400,0.007058858871459961,0.008330821990966797,0,0
22,1500,parent_task3,weak_opponents,12018,task3pilot_parent_s22_eval_t3_dev12000_12019_814173b_s12018,/export/data/sfan/MLE_final_project/runs/task2winner_replica_cv2_r7_s22_t2_v7_814173b/checkpoints/final.pt,814173b618fb38990db7a5b7ee200369c8b25289,b3dafd35f05214bac1058d7e16407e8cb113322a10c590efb748a51eb6e9364e,completed,7.0,2.0,60.0,1.0,0.0,51.0,51.0,51.0,0.0,1.0,1.0,0.0,400,0.006470203399658203,0.007757902145385742,0,0
22,1500,parent_task3,weak_opponents,12019,task3pilot_parent_s22_eval_t3_dev12000_12019_814173b_s12019,/export/data/sfan/MLE_final_project/runs/task2winner_replica_cv2_r7_s22_t2_v7_814173b/checkpoints/final.pt,814173b618fb38990db7a5b7ee200369c8b25289,b3dafd35f05214bac1058d7e16407e8cb113322a10c590efb748a51eb6e9364e,completed,9.0,4.0,42.0,1.0,0.0,50.0,50.0,50.0,0.0,1.0,1.0,0.0,400,0.0064239501953125,0.009190082550048828,0,0
22,1500,child_task1,coin_navigation,12000,task3pilot_child_s22_c1500_eval_t1_dev12000_12019_814173b_s12000,/export/data/sfan/MLE_final_project/runs/task3_pilot_ddqn_cv2_r7_s22_t3_c1500_814173b/checkpoints/final.pt,814173b618fb38990db7a5b7ee200369c8b25289,b3dafd35f05214bac1058d7e16407e8cb113322a10c590efb748a51eb6e9364e,completed,50.0,50.0,0.0,0.0,0.0,0.0,0.0,0.0,0.0,1.0,1.0,0.0,129,0.006895303726196289,0.009094476699829102,0,0
22,1500,child_task1,coin_navigation,12001,task3pilot_child_s22_c1500_eval_t1_dev12000_12019_814173b_s12001,/export/data/sfan/MLE_final_project/runs/task3_pilot_ddqn_cv2_r7_s22_t3_c1500_814173b/checkpoints/final.pt,814173b618fb38990db7a5b7ee200369c8b25289,b3dafd35f05214bac1058d7e16407e8cb113322a10c590efb748a51eb6e9364e,completed,50.0,50.0,0.0,0.0,0.0,0.0,0.0,0.0,0.0,1.0,1.0,0.0,121,0.006561994552612305,0.008550405502319336,0,0
22,1500,child_task1,coin_navigation,12002,task3pilot_child_s22_c1500_eval_t1_dev12000_12019_814173b_s12002,/export/data/sfan/MLE_final_project/runs/task3_pilot_ddqn_cv2_r7_s22_t3_c1500_814173b/checkpoints/final.pt,814173b618fb38990db7a5b7ee200369c8b25289,b3dafd35f05214bac1058d7e16407e8cb113322a10c590efb748a51eb6e9364e,completed,50.0,50.0,0.0,0.0,0.0,0.0,0.0,0.0,0.0,1.0,1.0,0.0,118,0.006601095199584961,0.007026195526123047,0,0
22,1500,child_task1,coin_navigation,12003,task3pilot_child_s22_c1500_eval_t1_dev12000_12019_814173b_s12003,/export/data/sfan/MLE_final_project/runs/task3_pilot_ddqn_cv2_r7_s22_t3_c1500_814173b/checkpoints/final.pt,814173b618fb38990db7a5b7ee200369c8b25289,b3dafd35f05214bac1058d7e16407e8cb113322a10c590efb748a51eb6e9364e,completed,50.0,50.0,0.0,0.0,0.0,0.0,0.0,0.0,0.0,1.0,1.0,0.0,118,0.006566762924194336,0.007208585739135742,0,0
22,1500,child_task1,coin_navigation,12004,task3pilot_child_s22_c1500_eval_t1_dev12000_12019_814173b_s12004,/export/data/sfan/MLE_final_project/runs/task3_pilot_ddqn_cv2_r7_s22_t3_c1500_814173b/checkpoints/final.pt,814173b618fb38990db7a5b7ee200369c8b25289,b3dafd35f05214bac1058d7e16407e8cb113322a10c590efb748a51eb6e9364e,completed,50.0,50.0,0.0,0.0,0.0,0.0,0.0,0.0,0.0,1.0,1.0,0.0,135,0.006764650344848633,0.0072209835052490234,0,0
22,1500,child_task1,coin_navigation,12005,task3pilot_child_s22_c1500_eval_t1_dev12000_12019_814173b_s12005,/export/data/sfan/MLE_final_project/runs/task3_pilot_ddqn_cv2_r7_s22_t3_c1500_814173b/checkpoints/final.pt,814173b618fb38990db7a5b7ee200369c8b25289,b3dafd35f05214bac1058d7e16407e8cb113322a10c590efb748a51eb6e9364e,completed,50.0,50.0,0.0,0.0,0.0,0.0,0.0,0.0,0.0,1.0,1.0,0.0,149,0.0064733028411865234,0.006646871566772461,0,0
22,1500,child_task1,coin_navigation,12006,task3pilot_child_s22_c1500_eval_t1_dev12000_12019_814173b_s12006,/export/data/sfan/MLE_final_project/runs/task3_pilot_ddqn_cv2_r7_s22_t3_c1500_814173b/checkpoints/final.pt,814173b618fb38990db7a5b7ee200369c8b25289,b3dafd35f05214bac1058d7e16407e8cb113322a10c590efb748a51eb6e9364e,completed,50.0,50.0,0.0,0.0,0.0,0.0,0.0,0.0,0.0,1.0,1.0,0.0,124,0.006488800048828125,0.006845712661743164,0,0
22,1500,child_task1,coin_navigation,12007,task3pilot_child_s22_c1500_eval_t1_dev12000_12019_814173b_s12007,/export/data/sfan/MLE_final_project/runs/task3_pilot_ddqn_cv2_r7_s22_t3_c1500_814173b/checkpoints/final.pt,814173b618fb38990db7a5b7ee200369c8b25289,b3dafd35f05214bac1058d7e16407e8cb113322a10c590efb748a51eb6e9364e,completed,50.0,50.0,0.0,0.0,0.0,0.0,0.0,0.0,0.0,1.0,1.0,0.0,113,0.0065343379974365234,0.006794452667236328,0,0
22,1500,child_task1,coin_navigation,12008,task3pilot_child_s22_c1500_eval_t1_dev12000_12019_814173b_s12008,/export/data/sfan/MLE_final_project/runs/task3_pilot_ddqn_cv2_r7_s22_t3_c1500_814173b/checkpoints/final.pt,814173b618fb38990db7a5b7ee200369c8b25289,b3dafd35f05214bac1058d7e16407e8cb113322a10c590efb748a51eb6e9364e,completed,50.0,50.0,0.0,0.0,0.0,0.0,0.0,0.0,0.0,1.0,1.0,0.0,125,0.0064847469329833984,0.007038116455078125,0,0
22,1500,child_task1,coin_navigation,12009,task3pilot_child_s22_c1500_eval_t1_dev12000_12019_814173b_s12009,/export/data/sfan/MLE_final_project/runs/task3_pilot_ddqn_cv2_r7_s22_t3_c1500_814173b/checkpoints/final.pt,814173b618fb38990db7a5b7ee200369c8b25289,b3dafd35f05214bac1058d7e16407e8cb113322a10c590efb748a51eb6e9364e,completed,50.0,50.0,0.0,0.0,0.0,0.0,0.0,0.0,0.0,1.0,1.0,0.0,140,0.006667613983154297,0.007380247116088867,0,0
22,1500,child_task1,coin_navigation,12010,task3pilot_child_s22_c1500_eval_t1_dev12000_12019_814173b_s12010,/export/data/sfan/MLE_final_project/runs/task3_pilot_ddqn_cv2_r7_s22_t3_c1500_814173b/checkpoints/final.pt,814173b618fb38990db7a5b7ee200369c8b25289,b3dafd35f05214bac1058d7e16407e8cb113322a10c590efb748a51eb6e9364e,completed,50.0,50.0,0.0,0.0,0.0,0.0,0.0,0.0,0.0,1.0,1.0,0.0,129,0.0064754486083984375,0.006564140319824219,0,0
22,1500,child_task1,coin_navigation,12011,task3pilot_child_s22_c1500_eval_t1_dev12000_12019_814173b_s12011,/export/data/sfan/MLE_final_project/runs/task3_pilot_ddqn_cv2_r7_s22_t3_c1500_814173b/checkpoints/final.pt,814173b618fb38990db7a5b7ee200369c8b25289,b3dafd35f05214bac1058d7e16407e8cb113322a10c590efb748a51eb6e9364e,completed,50.0,50.0,0.0,0.0,0.0,0.0,0.0,0.0,0.0,1.0,1.0,0.0,142,0.006501674652099609,0.0066967010498046875,0,0
22,1500,child_task1,coin_navigation,12012,task3pilot_child_s22_c1500_eval_t1_dev12000_12019_814173b_s12012,/export/data/sfan/MLE_final_project/runs/task3_pilot_ddqn_cv2_r7_s22_t3_c1500_814173b/checkpoints/final.pt,814173b618fb38990db7a5b7ee200369c8b25289,b3dafd35f05214bac1058d7e16407e8cb113322a10c590efb748a51eb6e9364e,completed,50.0,50.0,0.0,0.0,0.0,0.0,0.0,0.0,0.0,1.0,1.0,0.0,138,0.006536722183227539,0.007101297378540039,0,0
22,1500,child_task1,coin_navigation,12013,task3pilot_child_s22_c1500_eval_t1_dev12000_12019_814173b_s12013,/export/data/sfan/MLE_final_project/runs/task3_pilot_ddqn_cv2_r7_s22_t3_c1500_814173b/checkpoints/final.pt,814173b618fb38990db7a5b7ee200369c8b25289,b3dafd35f05214bac1058d7e16407e8cb113322a10c590efb748a51eb6e9364e,completed,50.0,50.0,0.0,0.0,0.0,0.0,0.0,0.0,0.0,1.0,1.0,0.0,124,0.0065424442291259766,0.0071260929107666016,0,0
22,1500,child_task1,coin_navigation,12014,task3pilot_child_s22_c1500_eval_t1_dev12000_12019_814173b_s12014,/export/data/sfan/MLE_final_project/runs/task3_pilot_ddqn_cv2_r7_s22_t3_c1500_814173b/checkpoints/final.pt,814173b618fb38990db7a5b7ee200369c8b25289,b3dafd35f05214bac1058d7e16407e8cb113322a10c590efb748a51eb6e9364e,completed,50.0,50.0,0.0,0.0,0.0,0.0,0.0,0.0,0.0,1.0,1.0,0.0,127,0.00667881965637207,0.007263898849487305,0,0
22,1500,child_task1,coin_navigation,12015,task3pilot_child_s22_c1500_eval_t1_dev12000_12019_814173b_s12015,/export/data/sfan/MLE_final_project/runs/task3_pilot_ddqn_cv2_r7_s22_t3_c1500_814173b/checkpoints/final.pt,814173b618fb38990db7a5b7ee200369c8b25289,b3dafd35f05214bac1058d7e16407e8cb113322a10c590efb748a51eb6e9364e,completed,50.0,50.0,0.0,0.0,0.0,0.0,0.0,0.0,0.0,1.0,1.0,0.0,118,0.0066852569580078125,0.007208347320556641,0,0
22,1500,child_task1,coin_navigation,12016,task3pilot_child_s22_c1500_eval_t1_dev12000_12019_814173b_s12016,/export/data/sfan/MLE_final_project/runs/task3_pilot_ddqn_cv2_r7_s22_t3_c1500_814173b/checkpoints/final.pt,814173b618fb38990db7a5b7ee200369c8b25289,b3dafd35f05214bac1058d7e16407e8cb113322a10c590efb748a51eb6e9364e,completed,50.0,50.0,0.0,0.0,0.0,0.0,0.0,0.0,0.0,1.0,1.0,0.0,113,0.006531953811645508,0.007109403610229492,0,0
22,1500,child_task1,coin_navigation,12017,task3pilot_child_s22_c1500_eval_t1_dev12000_12019_814173b_s12017,/export/data/sfan/MLE_final_project/runs/task3_pilot_ddqn_cv2_r7_s22_t3_c1500_814173b/checkpoints/final.pt,814173b618fb38990db7a5b7ee200369c8b25289,b3dafd35f05214bac1058d7e16407e8cb113322a10c590efb748a51eb6e9364e,completed,50.0,50.0,0.0,0.0,0.0,0.0,0.0,0.0,0.0,1.0,1.0,0.0,137,0.006498575210571289,0.0067386627197265625,0,0
22,1500,child_task1,coin_navigation,12018,task3pilot_child_s22_c1500_eval_t1_dev12000_12019_814173b_s12018,/export/data/sfan/MLE_final_project/runs/task3_pilot_ddqn_cv2_r7_s22_t3_c1500_814173b/checkpoints/final.pt,814173b618fb38990db7a5b7ee200369c8b25289,b3dafd35f05214bac1058d7e16407e8cb113322a10c590efb748a51eb6e9364e,completed,50.0,50.0,0.0,0.0,0.0,0.0,0.0,0.0,0.0,1.0,1.0,0.0,121,0.006524324417114258,0.006698131561279297,0,0
22,1500,child_task1,coin_navigation,12019,task3pilot_child_s22_c1500_eval_t1_dev12000_12019_814173b_s12019,/export/data/sfan/MLE_final_project/runs/task3_pilot_ddqn_cv2_r7_s22_t3_c1500_814173b/checkpoints/final.pt,814173b618fb38990db7a5b7ee200369c8b25289,b3dafd35f05214bac1058d7e16407e8cb113322a10c590efb748a51eb6e9364e,completed,50.0,50.0,0.0,0.0,0.0,0.0,0.0,0.0,0.0,1.0,1.0,0.0,134,0.006495952606201172,0.006865501403808594,0,0
22,1500,child_task2,crate_navigation,12000,task3pilot_child_s22_c1500_eval_t2_dev12000_12019_814173b_s12000,/export/data/sfan/MLE_final_project/runs/task3_pilot_ddqn_cv2_r7_s22_t3_c1500_814173b/checkpoints/final.pt,814173b618fb38990db7a5b7ee200369c8b25289,b3dafd35f05214bac1058d7e16407e8cb113322a10c590efb748a51eb6e9364e,completed,7.0,7.0,102.0,0.0,0.0,40.0,40.0,40.0,0.0,1.0,1.0,0.0,400,0.0051572322845458984,0.008910417556762695,0,0
22,1500,child_task2,crate_navigation,12001,task3pilot_child_s22_c1500_eval_t2_dev12000_12019_814173b_s12001,/export/data/sfan/MLE_final_project/runs/task3_pilot_ddqn_cv2_r7_s22_t3_c1500_814173b/checkpoints/final.pt,814173b618fb38990db7a5b7ee200369c8b25289,b3dafd35f05214bac1058d7e16407e8cb113322a10c590efb748a51eb6e9364e,completed,3.0,3.0,51.0,0.0,0.0,49.0,49.0,49.0,0.0,1.0,1.0,0.0,400,0.004248857498168945,0.005532264709472656,0,0
22,1500,child_task2,crate_navigation,12002,task3pilot_child_s22_c1500_eval_t2_dev12000_12019_814173b_s12002,/export/data/sfan/MLE_final_project/runs/task3_pilot_ddqn_cv2_r7_s22_t3_c1500_814173b/checkpoints/final.pt,814173b618fb38990db7a5b7ee200369c8b25289,b3dafd35f05214bac1058d7e16407e8cb113322a10c590efb748a51eb6e9364e,completed,6.0,6.0,96.0,0.0,0.0,52.0,51.0,51.0,0.0,1.0,1.0,0.0,400,0.004958152770996094,0.005899190902709961,0,0
22,1500,child_task2,crate_navigation,12003,task3pilot_child_s22_c1500_eval_t2_dev12000_12019_814173b_s12003,/export/data/sfan/MLE_final_project/runs/task3_pilot_ddqn_cv2_r7_s22_t3_c1500_814173b/checkpoints/final.pt,814173b618fb38990db7a5b7ee200369c8b25289,b3dafd35f05214bac1058d7e16407e8cb113322a10c590efb748a51eb6e9364e,completed,7.0,7.0,112.0,0.0,0.0,49.0,49.0,49.0,0.0,1.0,1.0,0.0,400,0.005467891693115234,0.006661415100097656,0,0
22,1500,child_task2,crate_navigation,12004,task3pilot_child_s22_c1500_eval_t2_dev12000_12019_814173b_s12004,/export/data/sfan/MLE_final_project/runs/task3_pilot_ddqn_cv2_r7_s22_t3_c1500_814173b/checkpoints/final.pt,814173b618fb38990db7a5b7ee200369c8b25289,b3dafd35f05214bac1058d7e16407e8cb113322a10c590efb748a51eb6e9364e,completed,8.0,8.0,96.0,0.0,0.0,40.0,40.0,40.0,0.0,1.0,1.0,0.0,400,0.004832267761230469,0.0065042972564697266,0,0
22,1500,child_task2,crate_navigation,12005,task3pilot_child_s22_c1500_eval_t2_dev12000_12019_814173b_s12005,/export/data/sfan/MLE_final_project/runs/task3_pilot_ddqn_cv2_r7_s22_t3_c1500_814173b/checkpoints/final.pt,814173b618fb38990db7a5b7ee200369c8b25289,b3dafd35f05214bac1058d7e16407e8cb113322a10c590efb748a51eb6e9364e,completed,7.0,7.0,95.0,0.0,0.0,45.0,45.0,45.0,0.0,1.0,1.0,0.0,400,0.005295276641845703,0.005733966827392578,0,0
22,1500,child_task2,crate_navigation,12006,task3pilot_child_s22_c1500_eval_t2_dev12000_12019_814173b_s12006,/export/data/sfan/MLE_final_project/runs/task3_pilot_ddqn_cv2_r7_s22_t3_c1500_814173b/checkpoints/final.pt,814173b618fb38990db7a5b7ee200369c8b25289,b3dafd35f05214bac1058d7e16407e8cb113322a10c590efb748a51eb6e9364e,completed,6.0,6.0,73.0,0.0,0.0,47.0,47.0,47.0,0.0,1.0,1.0,0.0,400,0.0045850276947021484,0.00601649284362793,0,0
22,1500,child_task2,crate_navigation,12007,task3pilot_child_s22_c1500_eval_t2_dev12000_12019_814173b_s12007,/export/data/sfan/MLE_final_project/runs/task3_pilot_ddqn_cv2_r7_s22_t3_c1500_814173b/checkpoints/final.pt,814173b618fb38990db7a5b7ee200369c8b25289,b3dafd35f05214bac1058d7e16407e8cb113322a10c590efb748a51eb6e9364e,completed,9.0,9.0,110.0,0.0,0.0,52.0,51.0,51.0,0.0,1.0,1.0,0.0,400,0.005031108856201172,0.006003379821777344,0,0
22,1500,child_task2,crate_navigation,12008,task3pilot_child_s22_c1500_eval_t2_dev12000_12019_814173b_s12008,/export/data/sfan/MLE_final_project/runs/task3_pilot_ddqn_cv2_r7_s22_t3_c1500_814173b/checkpoints/final.pt,814173b618fb38990db7a5b7ee200369c8b25289,b3dafd35f05214bac1058d7e16407e8cb113322a10c590efb748a51eb6e9364e,completed,6.0,6.0,105.0,0.0,0.0,40.0,40.0,40.0,0.0,1.0,1.0,0.0,400,0.005086660385131836,0.007233858108520508,0,0
22,1500,child_task2,crate_navigation,12009,task3pilot_child_s22_c1500_eval_t2_dev12000_12019_814173b_s12009,/export/data/sfan/MLE_final_project/runs/task3_pilot_ddqn_cv2_r7_s22_t3_c1500_814173b/checkpoints/final.pt,814173b618fb38990db7a5b7ee200369c8b25289,b3dafd35f05214bac1058d7e16407e8cb113322a10c590efb748a51eb6e9364e,completed,8.0,8.0,107.0,0.0,0.0,49.0,49.0,49.0,0.0,1.0,1.0,0.0,400,0.004958391189575195,0.0057964324951171875,0,0
22,1500,child_task2,crate_navigation,12010,task3pilot_child_s22_c1500_eval_t2_dev12000_12019_814173b_s12010,/export/data/sfan/MLE_final_project/runs/task3_pilot_ddqn_cv2_r7_s22_t3_c1500_814173b/checkpoints/final.pt,814173b618fb38990db7a5b7ee200369c8b25289,b3dafd35f05214bac1058d7e16407e8cb113322a10c590efb748a51eb6e9364e,completed,9.0,9.0,94.0,0.0,0.0,45.0,45.0,45.0,0.0,1.0,1.0,0.0,400,0.005095720291137695,0.007707118988037109,0,0
22,1500,child_task2,crate_navigation,12011,task3pilot_child_s22_c1500_eval_t2_dev12000_12019_814173b_s12011,/export/data/sfan/MLE_final_project/runs/task3_pilot_ddqn_cv2_r7_s22_t3_c1500_814173b/checkpoints/final.pt,814173b618fb38990db7a5b7ee200369c8b25289,b3dafd35f05214bac1058d7e16407e8cb113322a10c590efb748a51eb6e9364e,completed,7.0,7.0,95.0,0.0,0.0,42.0,42.0,42.0,0.0,1.0,1.0,0.0,400,0.005359172821044922,0.008293390274047852,0,0
22,1500,child_task2,crate_navigation,12012,task3pilot_child_s22_c1500_eval_t2_dev12000_12019_814173b_s12012,/export/data/sfan/MLE_final_project/runs/task3_pilot_ddqn_cv2_r7_s22_t3_c1500_814173b/checkpoints/final.pt,814173b618fb38990db7a5b7ee200369c8b25289,b3dafd35f05214bac1058d7e16407e8cb113322a10c590efb748a51eb6e9364e,completed,7.0,7.0,71.0,0.0,0.0,51.0,51.0,51.0,0.0,1.0,1.0,0.0,400,0.004263162612915039,0.005584716796875,0,0
22,1500,child_task2,crate_navigation,12013,task3pilot_child_s22_c1500_eval_t2_dev12000_12019_814173b_s12013,/export/data/sfan/MLE_final_project/runs/task3_pilot_ddqn_cv2_r7_s22_t3_c1500_814173b/checkpoints/final.pt,814173b618fb38990db7a5b7ee200369c8b25289,b3dafd35f05214bac1058d7e16407e8cb113322a10c590efb748a51eb6e9364e,completed,7.0,7.0,91.0,0.0,0.0,53.0,52.0,52.0,0.0,1.0,1.0,0.0,400,0.004720449447631836,0.005529165267944336,0,0
22,1500,child_task2,crate_navigation,12014,task3pilot_child_s22_c1500_eval_t2_dev12000_12019_814173b_s12014,/export/data/sfan/MLE_final_project/runs/task3_pilot_ddqn_cv2_r7_s22_t3_c1500_814173b/checkpoints/final.pt,814173b618fb38990db7a5b7ee200369c8b25289,b3dafd35f05214bac1058d7e16407e8cb113322a10c590efb748a51eb6e9364e,completed,8.0,8.0,101.0,0.0,0.0,43.0,43.0,43.0,0.0,1.0,1.0,0.0,400,0.005511283874511719,0.0058710575103759766,0,0
22,1500,child_task2,crate_navigation,12015,task3pilot_child_s22_c1500_eval_t2_dev12000_12019_814173b_s12015,/export/data/sfan/MLE_final_project/runs/task3_pilot_ddqn_cv2_r7_s22_t3_c1500_814173b/checkpoints/final.pt,814173b618fb38990db7a5b7ee200369c8b25289,b3dafd35f05214bac1058d7e16407e8cb113322a10c590efb748a51eb6e9364e,completed,7.0,7.0,113.0,0.0,0.0,53.0,52.0,52.0,0.0,1.0,1.0,0.0,400,0.004883766174316406,0.006445646286010742,0,0
22,1500,child_task2,crate_navigation,12016,task3pilot_child_s22_c1500_eval_t2_dev12000_12019_814173b_s12016,/export/data/sfan/MLE_final_project/runs/task3_pilot_ddqn_cv2_r7_s22_t3_c1500_814173b/checkpoints/final.pt,814173b618fb38990db7a5b7ee200369c8b25289,b3dafd35f05214bac1058d7e16407e8cb113322a10c590efb748a51eb6e9364e,completed,6.0,6.0,83.0,0.0,0.0,31.0,31.0,31.0,0.0,1.0,1.0,0.0,400,0.0051784515380859375,0.005928516387939453,0,0
22,1500,child_task2,crate_navigation,12017,task3pilot_child_s22_c1500_eval_t2_dev12000_12019_814173b_s12017,/export/data/sfan/MLE_final_project/runs/task3_pilot_ddqn_cv2_r7_s22_t3_c1500_814173b/checkpoints/final.pt,814173b618fb38990db7a5b7ee200369c8b25289,b3dafd35f05214bac1058d7e16407e8cb113322a10c590efb748a51eb6e9364e,completed,8.0,8.0,96.0,0.0,0.0,42.0,42.0,42.0,0.0,1.0,1.0,0.0,400,0.0049343109130859375,0.006632804870605469,0,0
22,1500,child_task2,crate_navigation,12018,task3pilot_child_s22_c1500_eval_t2_dev12000_12019_814173b_s12018,/export/data/sfan/MLE_final_project/runs/task3_pilot_ddqn_cv2_r7_s22_t3_c1500_814173b/checkpoints/final.pt,814173b618fb38990db7a5b7ee200369c8b25289,b3dafd35f05214bac1058d7e16407e8cb113322a10c590efb748a51eb6e9364e,completed,6.0,6.0,103.0,0.0,0.0,51.0,50.0,50.0,0.0,1.0,1.0,0.0,400,0.004883527755737305,0.007436037063598633,0,0
22,1500,child_task2,crate_navigation,12019,task3pilot_child_s22_c1500_eval_t2_dev12000_12019_814173b_s12019,/export/data/sfan/MLE_final_project/runs/task3_pilot_ddqn_cv2_r7_s22_t3_c1500_814173b/checkpoints/final.pt,814173b618fb38990db7a5b7ee200369c8b25289,b3dafd35f05214bac1058d7e16407e8cb113322a10c590efb748a51eb6e9364e,completed,9.0,9.0,114.0,0.0,0.0,47.0,47.0,47.0,0.0,1.0,1.0,0.0,400,0.005274534225463867,0.0062448978424072266,0,0
22,1500,child_task3,weak_opponents,12000,task3pilot_child_s22_c1500_eval_t3_dev12000_12019_814173b_s12000,/export/data/sfan/MLE_final_project/runs/task3_pilot_ddqn_cv2_r7_s22_t3_c1500_814173b/checkpoints/final.pt,814173b618fb38990db7a5b7ee200369c8b25289,b3dafd35f05214bac1058d7e16407e8cb113322a10c590efb748a51eb6e9364e,completed,2.0,2.0,50.0,0.0,1.0,18.0,18.0,17.0,1.0,0.0,0.0,0.0,147,0.00594782829284668,0.006868839263916016,0,0
22,1500,child_task3,weak_opponents,12001,task3pilot_child_s22_c1500_eval_t3_dev12000_12019_814173b_s12001,/export/data/sfan/MLE_final_project/runs/task3_pilot_ddqn_cv2_r7_s22_t3_c1500_814173b/checkpoints/final.pt,814173b618fb38990db7a5b7ee200369c8b25289,b3dafd35f05214bac1058d7e16407e8cb113322a10c590efb748a51eb6e9364e,completed,10.0,5.0,66.0,1.0,0.0,39.0,39.0,39.0,0.0,1.0,1.0,0.0,400,0.006151676177978516,0.008631467819213867,0,0
22,1500,child_task3,weak_opponents,12002,task3pilot_child_s22_c1500_eval_t3_dev12000_12019_814173b_s12002,/export/data/sfan/MLE_final_project/runs/task3_pilot_ddqn_cv2_r7_s22_t3_c1500_814173b/checkpoints/final.pt,814173b618fb38990db7a5b7ee200369c8b25289,b3dafd35f05214bac1058d7e16407e8cb113322a10c590efb748a51eb6e9364e,completed,7.0,7.0,64.0,0.0,0.0,40.0,40.0,40.0,0.0,1.0,0.0,1.0,400,0.006522417068481445,0.008502960205078125,0,0
22,1500,child_task3,weak_opponents,12003,task3pilot_child_s22_c1500_eval_t3_dev12000_12019_814173b_s12003,/export/data/sfan/MLE_final_project/runs/task3_pilot_ddqn_cv2_r7_s22_t3_c1500_814173b/checkpoints/final.pt,814173b618fb38990db7a5b7ee200369c8b25289,b3dafd35f05214bac1058d7e16407e8cb113322a10c590efb748a51eb6e9364e,completed,4.0,4.0,50.0,0.0,0.0,37.0,37.0,37.0,0.0,1.0,0.0,0.0,400,0.006814718246459961,0.007582426071166992,0,0
22,1500,child_task3,weak_opponents,12004,task3pilot_child_s22_c1500_eval_t3_dev12000_12019_814173b_s12004,/export/data/sfan/MLE_final_project/runs/task3_pilot_ddqn_cv2_r7_s22_t3_c1500_814173b/checkpoints/final.pt,814173b618fb38990db7a5b7ee200369c8b25289,b3dafd35f05214bac1058d7e16407e8cb113322a10c590efb748a51eb6e9364e,completed,2.0,2.0,57.0,0.0,0.0,38.0,38.0,38.0,0.0,1.0,0.0,0.0,400,0.0063898563385009766,0.008741617202758789,0,0
22,1500,child_task3,weak_opponents,12005,task3pilot_child_s22_c1500_eval_t3_dev12000_12019_814173b_s12005,/export/data/sfan/MLE_final_project/runs/task3_pilot_ddqn_cv2_r7_s22_t3_c1500_814173b/checkpoints/final.pt,814173b618fb38990db7a5b7ee200369c8b25289,b3dafd35f05214bac1058d7e16407e8cb113322a10c590efb748a51eb6e9364e,completed,4.0,4.0,52.0,0.0,1.0,19.0,19.0,18.0,0.0,0.0,0.0,0.0,157,0.005906343460083008,0.00763392448425293,0,0
22,1500,child_task3,weak_opponents,12006,task3pilot_child_s22_c1500_eval_t3_dev12000_12019_814173b_s12006,/export/data/sfan/MLE_final_project/runs/task3_pilot_ddqn_cv2_r7_s22_t3_c1500_814173b/checkpoints/final.pt,814173b618fb38990db7a5b7ee200369c8b25289,b3dafd35f05214bac1058d7e16407e8cb113322a10c590efb748a51eb6e9364e,completed,11.0,6.0,49.0,1.0,0.0,33.0,33.0,33.0,0.0,1.0,1.0,0.0,400,0.006411552429199219,0.008013725280761719,0,0
22,1500,child_task3,weak_opponents,12007,task3pilot_child_s22_c1500_eval_t3_dev12000_12019_814173b_s12007,/export/data/sfan/MLE_final_project/runs/task3_pilot_ddqn_cv2_r7_s22_t3_c1500_814173b/checkpoints/final.pt,814173b618fb38990db7a5b7ee200369c8b25289,b3dafd35f05214bac1058d7e16407e8cb113322a10c590efb748a51eb6e9364e,completed,4.0,4.0,57.0,0.0,0.0,45.0,45.0,45.0,0.0,1.0,0.0,0.0,400,0.006319284439086914,0.009025096893310547,0,0
22,1500,child_task3,weak_opponents,12008,task3pilot_child_s22_c1500_eval_t3_dev12000_12019_814173b_s12008,/export/data/sfan/MLE_final_project/runs/task3_pilot_ddqn_cv2_r7_s22_t3_c1500_814173b/checkpoints/final.pt,814173b618fb38990db7a5b7ee200369c8b25289,b3dafd35f05214bac1058d7e16407e8cb113322a10c590efb748a51eb6e9364e,completed,2.0,2.0,37.0,0.0,1.0,12.0,12.0,11.0,0.0,0.0,0.0,0.0,108,0.005055665969848633,0.00566411018371582,0,0
22,1500,child_task3,weak_opponents,12009,task3pilot_child_s22_c1500_eval_t3_dev12000_12019_814173b_s12009,/export/data/sfan/MLE_final_project/runs/task3_pilot_ddqn_cv2_r7_s22_t3_c1500_814173b/checkpoints/final.pt,814173b618fb38990db7a5b7ee200369c8b25289,b3dafd35f05214bac1058d7e16407e8cb113322a10c590efb748a51eb6e9364e,completed,4.0,4.0,61.0,0.0,0.0,40.0,40.0,40.0,0.0,1.0,0.0,0.0,400,0.006148576736450195,0.008152008056640625,0,0
22,1500,child_task3,weak_opponents,12010,task3pilot_child_s22_c1500_eval_t3_dev12000_12019_814173b_s12010,/export/data/sfan/MLE_final_project/runs/task3_pilot_ddqn_cv2_r7_s22_t3_c1500_814173b/checkpoints/final.pt,814173b618fb38990db7a5b7ee200369c8b25289,b3dafd35f05214bac1058d7e16407e8cb113322a10c590efb748a51eb6e9364e,completed,7.0,7.0,59.0,0.0,0.0,41.0,41.0,41.0,0.0,1.0,1.0,0.0,400,0.006784677505493164,0.008725166320800781,0,0
22,1500,child_task3,weak_opponents,12011,task3pilot_child_s22_c1500_eval_t3_dev12000_12019_814173b_s12011,/export/data/sfan/MLE_final_project/runs/task3_pilot_ddqn_cv2_r7_s22_t3_c1500_814173b/checkpoints/final.pt,814173b618fb38990db7a5b7ee200369c8b25289,b3dafd35f05214bac1058d7e16407e8cb113322a10c590efb748a51eb6e9364e,completed,3.0,3.0,32.0,0.0,1.0,13.0,13.0,12.0,1.0,0.0,0.0,0.0,106,0.005509376525878906,0.006060600280761719,0,0
22,1500,child_task3,weak_opponents,12012,task3pilot_child_s22_c1500_eval_t3_dev12000_12019_814173b_s12012,/export/data/sfan/MLE_final_project/runs/task3_pilot_ddqn_cv2_r7_s22_t3_c1500_814173b/checkpoints/final.pt,814173b618fb38990db7a5b7ee200369c8b25289,b3dafd35f05214bac1058d7e16407e8cb113322a10c590efb748a51eb6e9364e,completed,6.0,6.0,53.0,0.0,0.0,43.0,43.0,43.0,0.0,1.0,1.0,0.0,400,0.006502628326416016,0.00874638557434082,0,0
22,1500,child_task3,weak_opponents,12013,task3pilot_child_s22_c1500_eval_t3_dev12000_12019_814173b_s12013,/export/data/sfan/MLE_final_project/runs/task3_pilot_ddqn_cv2_r7_s22_t3_c1500_814173b/checkpoints/final.pt,814173b618fb38990db7a5b7ee200369c8b25289,b3dafd35f05214bac1058d7e16407e8cb113322a10c590efb748a51eb6e9364e,completed,5.0,5.0,51.0,0.0,0.0,39.0,39.0,39.0,0.0,1.0,0.0,0.0,400,0.006423473358154297,0.007926702499389648,0,0
22,1500,child_task3,weak_opponents,12014,task3pilot_child_s22_c1500_eval_t3_dev12000_12019_814173b_s12014,/export/data/sfan/MLE_final_project/runs/task3_pilot_ddqn_cv2_r7_s22_t3_c1500_814173b/checkpoints/final.pt,814173b618fb38990db7a5b7ee200369c8b25289,b3dafd35f05214bac1058d7e16407e8cb113322a10c590efb748a51eb6e9364e,completed,10.0,5.0,58.0,1.0,0.0,52.0,51.0,51.0,0.0,1.0,1.0,0.0,400,0.006256580352783203,0.00902104377746582,0,0
22,1500,child_task3,weak_opponents,12015,task3pilot_child_s22_c1500_eval_t3_dev12000_12019_814173b_s12015,/export/data/sfan/MLE_final_project/runs/task3_pilot_ddqn_cv2_r7_s22_t3_c1500_814173b/checkpoints/final.pt,814173b618fb38990db7a5b7ee200369c8b25289,b3dafd35f05214bac1058d7e16407e8cb113322a10c590efb748a51eb6e9364e,completed,3.0,3.0,53.0,0.0,1.0,17.0,17.0,16.0,0.0,0.0,0.0,0.0,145,0.005888938903808594,0.007190704345703125,0,0
22,1500,child_task3,weak_opponents,12016,task3pilot_child_s22_c1500_eval_t3_dev12000_12019_814173b_s12016,/export/data/sfan/MLE_final_project/runs/task3_pilot_ddqn_cv2_r7_s22_t3_c1500_814173b/checkpoints/final.pt,814173b618fb38990db7a5b7ee200369c8b25289,b3dafd35f05214bac1058d7e16407e8cb113322a10c590efb748a51eb6e9364e,completed,5.0,5.0,61.0,0.0,0.0,53.0,52.0,52.0,0.0,1.0,0.0,0.0,400,0.005778789520263672,0.007090330123901367,0,0
22,1500,child_task3,weak_opponents,12017,task3pilot_child_s22_c1500_eval_t3_dev12000_12019_814173b_s12017,/export/data/sfan/MLE_final_project/runs/task3_pilot_ddqn_cv2_r7_s22_t3_c1500_814173b/checkpoints/final.pt,814173b618fb38990db7a5b7ee200369c8b25289,b3dafd35f05214bac1058d7e16407e8cb113322a10c590efb748a51eb6e9364e,completed,0.0,0.0,27.0,0.0,1.0,14.0,14.0,13.0,0.0,0.0,0.0,0.0,125,0.006264448165893555,0.009026050567626953,0,0
22,1500,child_task3,weak_opponents,12018,task3pilot_child_s22_c1500_eval_t3_dev12000_12019_814173b_s12018,/export/data/sfan/MLE_final_project/runs/task3_pilot_ddqn_cv2_r7_s22_t3_c1500_814173b/checkpoints/final.pt,814173b618fb38990db7a5b7ee200369c8b25289,b3dafd35f05214bac1058d7e16407e8cb113322a10c590efb748a51eb6e9364e,completed,3.0,3.0,57.0,0.0,0.0,41.0,41.0,41.0,0.0,1.0,0.0,0.0,400,0.0066204071044921875,0.008977174758911133,0,0
22,1500,child_task3,weak_opponents,12019,task3pilot_child_s22_c1500_eval_t3_dev12000_12019_814173b_s12019,/export/data/sfan/MLE_final_project/runs/task3_pilot_ddqn_cv2_r7_s22_t3_c1500_814173b/checkpoints/final.pt,814173b618fb38990db7a5b7ee200369c8b25289,b3dafd35f05214bac1058d7e16407e8cb113322a10c590efb748a51eb6e9364e,completed,2.0,2.0,40.0,0.0,1.0,19.0,19.0,18.0,1.0,0.0,0.0,0.0,149,0.00558924674987793,0.006577968597412109,0,0
33,1500,parent_task1,coin_navigation,12000,task3pilot_parent_s33_eval_t1_dev12000_12019_814173b_s12000,/export/data/sfan/MLE_final_project/runs/task2winner_replica_cv2_r7_s33_t2_v7_814173b/checkpoints/final.pt,814173b618fb38990db7a5b7ee200369c8b25289,b3dafd35f05214bac1058d7e16407e8cb113322a10c590efb748a51eb6e9364e,completed,50.0,50.0,0.0,0.0,0.0,0.0,0.0,0.0,0.0,1.0,1.0,0.0,133,0.007213115692138672,0.00761723518371582,0,0
33,1500,parent_task1,coin_navigation,12001,task3pilot_parent_s33_eval_t1_dev12000_12019_814173b_s12001,/export/data/sfan/MLE_final_project/runs/task2winner_replica_cv2_r7_s33_t2_v7_814173b/checkpoints/final.pt,814173b618fb38990db7a5b7ee200369c8b25289,b3dafd35f05214bac1058d7e16407e8cb113322a10c590efb748a51eb6e9364e,completed,50.0,50.0,0.0,0.0,0.0,0.0,0.0,0.0,0.0,1.0,1.0,0.0,128,0.007165193557739258,0.009390830993652344,0,0
33,1500,parent_task1,coin_navigation,12002,task3pilot_parent_s33_eval_t1_dev12000_12019_814173b_s12002,/export/data/sfan/MLE_final_project/runs/task2winner_replica_cv2_r7_s33_t2_v7_814173b/checkpoints/final.pt,814173b618fb38990db7a5b7ee200369c8b25289,b3dafd35f05214bac1058d7e16407e8cb113322a10c590efb748a51eb6e9364e,completed,50.0,50.0,0.0,0.0,0.0,0.0,0.0,0.0,0.0,1.0,1.0,0.0,126,0.007179975509643555,0.007685422897338867,0,0
33,1500,parent_task1,coin_navigation,12003,task3pilot_parent_s33_eval_t1_dev12000_12019_814173b_s12003,/export/data/sfan/MLE_final_project/runs/task2winner_replica_cv2_r7_s33_t2_v7_814173b/checkpoints/final.pt,814173b618fb38990db7a5b7ee200369c8b25289,b3dafd35f05214bac1058d7e16407e8cb113322a10c590efb748a51eb6e9364e,completed,50.0,50.0,0.0,0.0,0.0,0.0,0.0,0.0,0.0,1.0,1.0,0.0,113,0.007171154022216797,0.0074100494384765625,0,0
33,1500,parent_task1,coin_navigation,12004,task3pilot_parent_s33_eval_t1_dev12000_12019_814173b_s12004,/export/data/sfan/MLE_final_project/runs/task2winner_replica_cv2_r7_s33_t2_v7_814173b/checkpoints/final.pt,814173b618fb38990db7a5b7ee200369c8b25289,b3dafd35f05214bac1058d7e16407e8cb113322a10c590efb748a51eb6e9364e,completed,50.0,50.0,0.0,0.0,0.0,0.0,0.0,0.0,0.0,1.0,1.0,0.0,127,0.007238626480102539,0.0073854923248291016,0,0
33,1500,parent_task1,coin_navigation,12005,task3pilot_parent_s33_eval_t1_dev12000_12019_814173b_s12005,/export/data/sfan/MLE_final_project/runs/task2winner_replica_cv2_r7_s33_t2_v7_814173b/checkpoints/final.pt,814173b618fb38990db7a5b7ee200369c8b25289,b3dafd35f05214bac1058d7e16407e8cb113322a10c590efb748a51eb6e9364e,completed,50.0,50.0,0.0,0.0,0.0,0.0,0.0,0.0,0.0,1.0,1.0,0.0,134,0.007076263427734375,0.007244586944580078,0,0
33,1500,parent_task1,coin_navigation,12006,task3pilot_parent_s33_eval_t1_dev12000_12019_814173b_s12006,/export/data/sfan/MLE_final_project/runs/task2winner_replica_cv2_r7_s33_t2_v7_814173b/checkpoints/final.pt,814173b618fb38990db7a5b7ee200369c8b25289,b3dafd35f05214bac1058d7e16407e8cb113322a10c590efb748a51eb6e9364e,completed,50.0,50.0,0.0,0.0,0.0,0.0,0.0,0.0,0.0,1.0,1.0,0.0,121,0.007067203521728516,0.007451057434082031,0,0
33,1500,parent_task1,coin_navigation,12007,task3pilot_parent_s33_eval_t1_dev12000_12019_814173b_s12007,/export/data/sfan/MLE_final_project/runs/task2winner_replica_cv2_r7_s33_t2_v7_814173b/checkpoints/final.pt,814173b618fb38990db7a5b7ee200369c8b25289,b3dafd35f05214bac1058d7e16407e8cb113322a10c590efb748a51eb6e9364e,completed,50.0,50.0,0.0,0.0,0.0,0.0,0.0,0.0,0.0,1.0,1.0,0.0,125,0.007209062576293945,0.007335662841796875,0,0
33,1500,parent_task1,coin_navigation,12008,task3pilot_parent_s33_eval_t1_dev12000_12019_814173b_s12008,/export/data/sfan/MLE_final_project/runs/task2winner_replica_cv2_r7_s33_t2_v7_814173b/checkpoints/final.pt,814173b618fb38990db7a5b7ee200369c8b25289,b3dafd35f05214bac1058d7e16407e8cb113322a10c590efb748a51eb6e9364e,completed,50.0,50.0,0.0,0.0,0.0,0.0,0.0,0.0,0.0,1.0,1.0,0.0,114,0.007196187973022461,0.0072727203369140625,0,0
33,1500,parent_task1,coin_navigation,12009,task3pilot_parent_s33_eval_t1_dev12000_12019_814173b_s12009,/export/data/sfan/MLE_final_project/runs/task2winner_replica_cv2_r7_s33_t2_v7_814173b/checkpoints/final.pt,814173b618fb38990db7a5b7ee200369c8b25289,b3dafd35f05214bac1058d7e16407e8cb113322a10c590efb748a51eb6e9364e,completed,50.0,50.0,0.0,0.0,0.0,0.0,0.0,0.0,0.0,1.0,1.0,0.0,128,0.007173061370849609,0.0074236392974853516,0,0
33,1500,parent_task1,coin_navigation,12010,task3pilot_parent_s33_eval_t1_dev12000_12019_814173b_s12010,/export/data/sfan/MLE_final_project/runs/task2winner_replica_cv2_r7_s33_t2_v7_814173b/checkpoints/final.pt,814173b618fb38990db7a5b7ee200369c8b25289,b3dafd35f05214bac1058d7e16407e8cb113322a10c590efb748a51eb6e9364e,completed,50.0,50.0,0.0,0.0,0.0,0.0,0.0,0.0,0.0,1.0,1.0,0.0,135,0.007429599761962891,0.008347749710083008,0,0
33,1500,parent_task1,coin_navigation,12011,task3pilot_parent_s33_eval_t1_dev12000_12019_814173b_s12011,/export/data/sfan/MLE_final_project/runs/task2winner_replica_cv2_r7_s33_t2_v7_814173b/checkpoints/final.pt,814173b618fb38990db7a5b7ee200369c8b25289,b3dafd35f05214bac1058d7e16407e8cb113322a10c590efb748a51eb6e9364e,completed,50.0,50.0,0.0,0.0,0.0,0.0,0.0,0.0,0.0,1.0,1.0,0.0,151,0.0073778629302978516,0.008020877838134766,0,0
33,1500,parent_task1,coin_navigation,12012,task3pilot_parent_s33_eval_t1_dev12000_12019_814173b_s12012,/export/data/sfan/MLE_final_project/runs/task2winner_replica_cv2_r7_s33_t2_v7_814173b/checkpoints/final.pt,814173b618fb38990db7a5b7ee200369c8b25289,b3dafd35f05214bac1058d7e16407e8cb113322a10c590efb748a51eb6e9364e,completed,50.0,50.0,0.0,0.0,0.0,0.0,0.0,0.0,0.0,1.0,1.0,0.0,129,0.007086992263793945,0.007243633270263672,0,0
33,1500,parent_task1,coin_navigation,12013,task3pilot_parent_s33_eval_t1_dev12000_12019_814173b_s12013,/export/data/sfan/MLE_final_project/runs/task2winner_replica_cv2_r7_s33_t2_v7_814173b/checkpoints/final.pt,814173b618fb38990db7a5b7ee200369c8b25289,b3dafd35f05214bac1058d7e16407e8cb113322a10c590efb748a51eb6e9364e,completed,50.0,50.0,0.0,0.0,0.0,0.0,0.0,0.0,0.0,1.0,1.0,0.0,141,0.007254123687744141,0.007369041442871094,0,0
33,1500,parent_task1,coin_navigation,12014,task3pilot_parent_s33_eval_t1_dev12000_12019_814173b_s12014,/export/data/sfan/MLE_final_project/runs/task2winner_replica_cv2_r7_s33_t2_v7_814173b/checkpoints/final.pt,814173b618fb38990db7a5b7ee200369c8b25289,b3dafd35f05214bac1058d7e16407e8cb113322a10c590efb748a51eb6e9364e,completed,50.0,50.0,0.0,0.0,0.0,0.0,0.0,0.0,0.0,1.0,1.0,0.0,122,0.007364988327026367,0.008015871047973633,0,0
33,1500,parent_task1,coin_navigation,12015,task3pilot_parent_s33_eval_t1_dev12000_12019_814173b_s12015,/export/data/sfan/MLE_final_project/runs/task2winner_replica_cv2_r7_s33_t2_v7_814173b/checkpoints/final.pt,814173b618fb38990db7a5b7ee200369c8b25289,b3dafd35f05214bac1058d7e16407e8cb113322a10c590efb748a51eb6e9364e,completed,50.0,50.0,0.0,0.0,0.0,0.0,0.0,0.0,0.0,1.0,1.0,0.0,127,0.008289813995361328,0.00853872299194336,0,0
33,1500,parent_task1,coin_navigation,12016,task3pilot_parent_s33_eval_t1_dev12000_12019_814173b_s12016,/export/data/sfan/MLE_final_project/runs/task2winner_replica_cv2_r7_s33_t2_v7_814173b/checkpoints/final.pt,814173b618fb38990db7a5b7ee200369c8b25289,b3dafd35f05214bac1058d7e16407e8cb113322a10c590efb748a51eb6e9364e,completed,50.0,50.0,0.0,0.0,0.0,0.0,0.0,0.0,0.0,1.0,1.0,0.0,112,0.007320880889892578,0.0074193477630615234,0,0
33,1500,parent_task1,coin_navigation,12017,task3pilot_parent_s33_eval_t1_dev12000_12019_814173b_s12017,/export/data/sfan/MLE_final_project/runs/task2winner_replica_cv2_r7_s33_t2_v7_814173b/checkpoints/final.pt,814173b618fb38990db7a5b7ee200369c8b25289,b3dafd35f05214bac1058d7e16407e8cb113322a10c590efb748a51eb6e9364e,completed,50.0,50.0,0.0,0.0,0.0,0.0,0.0,0.0,0.0,1.0,1.0,0.0,131,0.007283926010131836,0.007390260696411133,0,0
33,1500,parent_task1,coin_navigation,12018,task3pilot_parent_s33_eval_t1_dev12000_12019_814173b_s12018,/export/data/sfan/MLE_final_project/runs/task2winner_replica_cv2_r7_s33_t2_v7_814173b/checkpoints/final.pt,814173b618fb38990db7a5b7ee200369c8b25289,b3dafd35f05214bac1058d7e16407e8cb113322a10c590efb748a51eb6e9364e,completed,50.0,50.0,0.0,0.0,0.0,0.0,0.0,0.0,0.0,1.0,1.0,0.0,135,0.0071675777435302734,0.007340431213378906,0,0
33,1500,parent_task1,coin_navigation,12019,task3pilot_parent_s33_eval_t1_dev12000_12019_814173b_s12019,/export/data/sfan/MLE_final_project/runs/task2winner_replica_cv2_r7_s33_t2_v7_814173b/checkpoints/final.pt,814173b618fb38990db7a5b7ee200369c8b25289,b3dafd35f05214bac1058d7e16407e8cb113322a10c590efb748a51eb6e9364e,completed,50.0,50.0,0.0,0.0,0.0,0.0,0.0,0.0,0.0,1.0,1.0,0.0,124,0.0072629451751708984,0.007791996002197266,0,0
33,1500,parent_task2,crate_navigation,12000,task3pilot_parent_s33_eval_t2_dev12000_12019_814173b_s12000,/export/data/sfan/MLE_final_project/runs/task2winner_replica_cv2_r7_s33_t2_v7_814173b/checkpoints/final.pt,814173b618fb38990db7a5b7ee200369c8b25289,b3dafd35f05214bac1058d7e16407e8cb113322a10c590efb748a51eb6e9364e,completed,3.0,3.0,75.0,0.0,0.0,44.0,43.0,43.0,0.0,1.0,1.0,0.0,400,0.0049130916595458984,0.007900714874267578,0,0
33,1500,parent_task2,crate_navigation,12001,task3pilot_parent_s33_eval_t2_dev12000_12019_814173b_s12001,/export/data/sfan/MLE_final_project/runs/task2winner_replica_cv2_r7_s33_t2_v7_814173b/checkpoints/final.pt,814173b618fb38990db7a5b7ee200369c8b25289,b3dafd35f05214bac1058d7e16407e8cb113322a10c590efb748a51eb6e9364e,completed,1.0,1.0,50.0,0.0,0.0,48.0,47.0,47.0,0.0,1.0,1.0,0.0,400,0.004878520965576172,0.0066356658935546875,0,0
33,1500,parent_task2,crate_navigation,12002,task3pilot_parent_s33_eval_t2_dev12000_12019_814173b_s12002,/export/data/sfan/MLE_final_project/runs/task2winner_replica_cv2_r7_s33_t2_v7_814173b/checkpoints/final.pt,814173b618fb38990db7a5b7ee200369c8b25289,b3dafd35f05214bac1058d7e16407e8cb113322a10c590efb748a51eb6e9364e,completed,3.0,3.0,50.0,0.0,0.0,42.0,42.0,42.0,0.0,1.0,1.0,0.0,400,0.004355669021606445,0.005504608154296875,0,0
33,1500,parent_task2,crate_navigation,12003,task3pilot_parent_s33_eval_t2_dev12000_12019_814173b_s12003,/export/data/sfan/MLE_final_project/runs/task2winner_replica_cv2_r7_s33_t2_v7_814173b/checkpoints/final.pt,814173b618fb38990db7a5b7ee200369c8b25289,b3dafd35f05214bac1058d7e16407e8cb113322a10c590efb748a51eb6e9364e,completed,5.0,5.0,84.0,0.0,0.0,53.0,52.0,52.0,0.0,1.0,1.0,0.0,400,0.005161762237548828,0.006762981414794922,0,0
33,1500,parent_task2,crate_navigation,12004,task3pilot_parent_s33_eval_t2_dev12000_12019_814173b_s12004,/export/data/sfan/MLE_final_project/runs/task2winner_replica_cv2_r7_s33_t2_v7_814173b/checkpoints/final.pt,814173b618fb38990db7a5b7ee200369c8b25289,b3dafd35f05214bac1058d7e16407e8cb113322a10c590efb748a51eb6e9364e,completed,4.0,4.0,88.0,0.0,0.0,50.0,49.0,49.0,0.0,1.0,1.0,0.0,400,0.005064725875854492,0.005647420883178711,0,0
33,1500,parent_task2,crate_navigation,12005,task3pilot_parent_s33_eval_t2_dev12000_12019_814173b_s12005,/export/data/sfan/MLE_final_project/runs/task2winner_replica_cv2_r7_s33_t2_v7_814173b/checkpoints/final.pt,814173b618fb38990db7a5b7ee200369c8b25289,b3dafd35f05214bac1058d7e16407e8cb113322a10c590efb748a51eb6e9364e,completed,2.0,2.0,43.0,0.0,0.0,49.0,48.0,48.0,0.0,1.0,1.0,0.0,400,0.00434422492980957,0.005960226058959961,0,0
33,1500,parent_task2,crate_navigation,12006,task3pilot_parent_s33_eval_t2_dev12000_12019_814173b_s12006,/export/data/sfan/MLE_final_project/runs/task2winner_replica_cv2_r7_s33_t2_v7_814173b/checkpoints/final.pt,814173b618fb38990db7a5b7ee200369c8b25289,b3dafd35f05214bac1058d7e16407e8cb113322a10c590efb748a51eb6e9364e,completed,5.0,5.0,40.0,0.0,0.0,45.0,45.0,45.0,0.0,1.0,1.0,0.0,400,0.004395961761474609,0.0047550201416015625,0,0
33,1500,parent_task2,crate_navigation,12007,task3pilot_parent_s33_eval_t2_dev12000_12019_814173b_s12007,/export/data/sfan/MLE_final_project/runs/task2winner_replica_cv2_r7_s33_t2_v7_814173b/checkpoints/final.pt,814173b618fb38990db7a5b7ee200369c8b25289,b3dafd35f05214bac1058d7e16407e8cb113322a10c590efb748a51eb6e9364e,completed,5.0,5.0,85.0,0.0,0.0,53.0,52.0,52.0,0.0,1.0,1.0,0.0,400,0.004685640335083008,0.005469083786010742,0,0
33,1500,parent_task2,crate_navigation,12008,task3pilot_parent_s33_eval_t2_dev12000_12019_814173b_s12008,/export/data/sfan/MLE_final_project/runs/task2winner_replica_cv2_r7_s33_t2_v7_814173b/checkpoints/final.pt,814173b618fb38990db7a5b7ee200369c8b25289,b3dafd35f05214bac1058d7e16407e8cb113322a10c590efb748a51eb6e9364e,completed,6.0,6.0,116.0,0.0,0.0,53.0,52.0,52.0,0.0,1.0,1.0,0.0,400,0.005015850067138672,0.006307840347290039,0,0
33,1500,parent_task2,crate_navigation,12009,task3pilot_parent_s33_eval_t2_dev12000_12019_814173b_s12009,/export/data/sfan/MLE_final_project/runs/task2winner_replica_cv2_r7_s33_t2_v7_814173b/checkpoints/final.pt,814173b618fb38990db7a5b7ee200369c8b25289,b3dafd35f05214bac1058d7e16407e8cb113322a10c590efb748a51eb6e9364e,completed,4.0,4.0,60.0,0.0,0.0,45.0,45.0,45.0,0.0,1.0,1.0,0.0,400,0.004395723342895508,0.004765510559082031,0,0
33,1500,parent_task2,crate_navigation,12010,task3pilot_parent_s33_eval_t2_dev12000_12019_814173b_s12010,/export/data/sfan/MLE_final_project/runs/task2winner_replica_cv2_r7_s33_t2_v7_814173b/checkpoints/final.pt,814173b618fb38990db7a5b7ee200369c8b25289,b3dafd35f05214bac1058d7e16407e8cb113322a10c590efb748a51eb6e9364e,completed,2.0,2.0,39.0,0.0,0.0,45.0,44.0,44.0,0.0,1.0,1.0,0.0,400,0.004137754440307617,0.004580020904541016,0,0
33,1500,parent_task2,crate_navigation,12011,task3pilot_parent_s33_eval_t2_dev12000_12019_814173b_s12011,/export/data/sfan/MLE_final_project/runs/task2winner_replica_cv2_r7_s33_t2_v7_814173b/checkpoints/final.pt,814173b618fb38990db7a5b7ee200369c8b25289,b3dafd35f05214bac1058d7e16407e8cb113322a10c590efb748a51eb6e9364e,completed,5.0,5.0,73.0,0.0,0.0,47.0,46.0,46.0,0.0,1.0,1.0,0.0,400,0.004619121551513672,0.005438089370727539,0,0
33,1500,parent_task2,crate_navigation,12012,task3pilot_parent_s33_eval_t2_dev12000_12019_814173b_s12012,/export/data/sfan/MLE_final_project/runs/task2winner_replica_cv2_r7_s33_t2_v7_814173b/checkpoints/final.pt,814173b618fb38990db7a5b7ee200369c8b25289,b3dafd35f05214bac1058d7e16407e8cb113322a10c590efb748a51eb6e9364e,completed,8.0,8.0,99.0,0.0,0.0,51.0,51.0,51.0,0.0,1.0,1.0,0.0,400,0.004767894744873047,0.006238698959350586,0,0
33,1500,parent_task2,crate_navigation,12013,task3pilot_parent_s33_eval_t2_dev12000_12019_814173b_s12013,/export/data/sfan/MLE_final_project/runs/task2winner_replica_cv2_r7_s33_t2_v7_814173b/checkpoints/final.pt,814173b618fb38990db7a5b7ee200369c8b25289,b3dafd35f05214bac1058d7e16407e8cb113322a10c590efb748a51eb6e9364e,completed,6.0,6.0,70.0,0.0,0.0,48.0,47.0,47.0,0.0,1.0,1.0,0.0,400,0.0044994354248046875,0.00515437126159668,0,0
33,1500,parent_task2,crate_navigation,12014,task3pilot_parent_s33_eval_t2_dev12000_12019_814173b_s12014,/export/data/sfan/MLE_final_project/runs/task2winner_replica_cv2_r7_s33_t2_v7_814173b/checkpoints/final.pt,814173b618fb38990db7a5b7ee200369c8b25289,b3dafd35f05214bac1058d7e16407e8cb113322a10c590efb748a51eb6e9364e,completed,6.0,6.0,77.0,0.0,0.0,53.0,52.0,52.0,0.0,1.0,1.0,0.0,400,0.0048580169677734375,0.005793571472167969,0,0
33,1500,parent_task2,crate_navigation,12015,task3pilot_parent_s33_eval_t2_dev12000_12019_814173b_s12015,/export/data/sfan/MLE_final_project/runs/task2winner_replica_cv2_r7_s33_t2_v7_814173b/checkpoints/final.pt,814173b618fb38990db7a5b7ee200369c8b25289,b3dafd35f05214bac1058d7e16407e8cb113322a10c590efb748a51eb6e9364e,completed,7.0,7.0,95.0,0.0,0.0,44.0,43.0,43.0,0.0,1.0,1.0,0.0,400,0.004997730255126953,0.00597381591796875,0,0
33,1500,parent_task2,crate_navigation,12016,task3pilot_parent_s33_eval_t2_dev12000_12019_814173b_s12016,/export/data/sfan/MLE_final_project/runs/task2winner_replica_cv2_r7_s33_t2_v7_814173b/checkpoints/final.pt,814173b618fb38990db7a5b7ee200369c8b25289,b3dafd35f05214bac1058d7e16407e8cb113322a10c590efb748a51eb6e9364e,completed,3.0,3.0,54.0,0.0,0.0,57.0,56.0,56.0,0.0,1.0,1.0,0.0,400,0.004164695739746094,0.00535273551940918,0,0
33,1500,parent_task2,crate_navigation,12017,task3pilot_parent_s33_eval_t2_dev12000_12019_814173b_s12017,/export/data/sfan/MLE_final_project/runs/task2winner_replica_cv2_r7_s33_t2_v7_814173b/checkpoints/final.pt,814173b618fb38990db7a5b7ee200369c8b25289,b3dafd35f05214bac1058d7e16407e8cb113322a10c590efb748a51eb6e9364e,completed,8.0,8.0,71.0,0.0,0.0,50.0,49.0,49.0,0.0,1.0,1.0,0.0,400,0.0047566890716552734,0.006208658218383789,0,0
33,1500,parent_task2,crate_navigation,12018,task3pilot_parent_s33_eval_t2_dev12000_12019_814173b_s12018,/export/data/sfan/MLE_final_project/runs/task2winner_replica_cv2_r7_s33_t2_v7_814173b/checkpoints/final.pt,814173b618fb38990db7a5b7ee200369c8b25289,b3dafd35f05214bac1058d7e16407e8cb113322a10c590efb748a51eb6e9364e,completed,5.0,5.0,92.0,0.0,0.0,54.0,53.0,53.0,0.0,1.0,1.0,0.0,400,0.004964351654052734,0.00608515739440918,0,0
33,1500,parent_task2,crate_navigation,12019,task3pilot_parent_s33_eval_t2_dev12000_12019_814173b_s12019,/export/data/sfan/MLE_final_project/runs/task2winner_replica_cv2_r7_s33_t2_v7_814173b/checkpoints/final.pt,814173b618fb38990db7a5b7ee200369c8b25289,b3dafd35f05214bac1058d7e16407e8cb113322a10c590efb748a51eb6e9364e,completed,8.0,8.0,92.0,0.0,0.0,48.0,47.0,47.0,0.0,1.0,1.0,0.0,400,0.00495147705078125,0.005601644515991211,0,0
33,1500,parent_task3,weak_opponents,12000,task3pilot_parent_s33_eval_t3_dev12000_12019_814173b_s12000,/export/data/sfan/MLE_final_project/runs/task2winner_replica_cv2_r7_s33_t2_v7_814173b/checkpoints/final.pt,814173b618fb38990db7a5b7ee200369c8b25289,b3dafd35f05214bac1058d7e16407e8cb113322a10c590efb748a51eb6e9364e,completed,3.0,3.0,39.0,0.0,1.0,13.0,13.0,12.0,0.0,0.0,0.0,0.0,125,0.00543212890625,0.007616758346557617,0,0
33,1500,parent_task3,weak_opponents,12001,task3pilot_parent_s33_eval_t3_dev12000_12019_814173b_s12001,/export/data/sfan/MLE_final_project/runs/task2winner_replica_cv2_r7_s33_t2_v7_814173b/checkpoints/final.pt,814173b618fb38990db7a5b7ee200369c8b25289,b3dafd35f05214bac1058d7e16407e8cb113322a10c590efb748a51eb6e9364e,completed,7.0,2.0,51.0,1.0,0.0,51.0,51.0,51.0,0.0,1.0,0.0,1.0,400,0.006142854690551758,0.008323907852172852,0,0
33,1500,parent_task3,weak_opponents,12002,task3pilot_parent_s33_eval_t3_dev12000_12019_814173b_s12002,/export/data/sfan/MLE_final_project/runs/task2winner_replica_cv2_r7_s33_t2_v7_814173b/checkpoints/final.pt,814173b618fb38990db7a5b7ee200369c8b25289,b3dafd35f05214bac1058d7e16407e8cb113322a10c590efb748a51eb6e9364e,completed,6.0,6.0,62.0,0.0,0.0,40.0,40.0,40.0,0.0,1.0,0.0,0.0,400,0.0070645809173583984,0.009229898452758789,0,0
33,1500,parent_task3,weak_opponents,12003,task3pilot_parent_s33_eval_t3_dev12000_12019_814173b_s12003,/export/data/sfan/MLE_final_project/runs/task2winner_replica_cv2_r7_s33_t2_v7_814173b/checkpoints/final.pt,814173b618fb38990db7a5b7ee200369c8b25289,b3dafd35f05214bac1058d7e16407e8cb113322a10c590efb748a51eb6e9364e,completed,4.0,4.0,46.0,0.0,1.0,26.0,26.0,25.0,0.0,0.0,0.0,0.0,212,0.006143808364868164,0.007555484771728516,0,0
33,1500,parent_task3,weak_opponents,12004,task3pilot_parent_s33_eval_t3_dev12000_12019_814173b_s12004,/export/data/sfan/MLE_final_project/runs/task2winner_replica_cv2_r7_s33_t2_v7_814173b/checkpoints/final.pt,814173b618fb38990db7a5b7ee200369c8b25289,b3dafd35f05214bac1058d7e16407e8cb113322a10c590efb748a51eb6e9364e,completed,1.0,1.0,34.0,0.0,0.0,41.0,41.0,41.0,0.0,1.0,0.0,0.0,400,0.007203340530395508,0.008874654769897461,0,0
33,1500,parent_task3,weak_opponents,12005,task3pilot_parent_s33_eval_t3_dev12000_12019_814173b_s12005,/export/data/sfan/MLE_final_project/runs/task2winner_replica_cv2_r7_s33_t2_v7_814173b/checkpoints/final.pt,814173b618fb38990db7a5b7ee200369c8b25289,b3dafd35f05214bac1058d7e16407e8cb113322a10c590efb748a51eb6e9364e,completed,9.0,4.0,35.0,1.0,0.0,41.0,41.0,41.0,0.0,1.0,1.0,0.0,400,0.006619691848754883,0.009233713150024414,0,0
33,1500,parent_task3,weak_opponents,12006,task3pilot_parent_s33_eval_t3_dev12000_12019_814173b_s12006,/export/data/sfan/MLE_final_project/runs/task2winner_replica_cv2_r7_s33_t2_v7_814173b/checkpoints/final.pt,814173b618fb38990db7a5b7ee200369c8b25289,b3dafd35f05214bac1058d7e16407e8cb113322a10c590efb748a51eb6e9364e,completed,10.0,5.0,45.0,1.0,0.0,31.0,31.0,31.0,0.0,1.0,1.0,0.0,400,0.007388591766357422,0.008614301681518555,0,0
33,1500,parent_task3,weak_opponents,12007,task3pilot_parent_s33_eval_t3_dev12000_12019_814173b_s12007,/export/data/sfan/MLE_final_project/runs/task2winner_replica_cv2_r7_s33_t2_v7_814173b/checkpoints/final.pt,814173b618fb38990db7a5b7ee200369c8b25289,b3dafd35f05214bac1058d7e16407e8cb113322a10c590efb748a51eb6e9364e,completed,2.0,2.0,21.0,0.0,0.0,38.0,38.0,38.0,0.0,1.0,0.0,0.0,400,0.00673365592956543,0.008081436157226562,0,0
33,1500,parent_task3,weak_opponents,12008,task3pilot_parent_s33_eval_t3_dev12000_12019_814173b_s12008,/export/data/sfan/MLE_final_project/runs/task2winner_replica_cv2_r7_s33_t2_v7_814173b/checkpoints/final.pt,814173b618fb38990db7a5b7ee200369c8b25289,b3dafd35f05214bac1058d7e16407e8cb113322a10c590efb748a51eb6e9364e,completed,8.0,3.0,34.0,1.0,0.0,53.0,52.0,52.0,0.0,1.0,1.0,0.0,400,0.006783962249755859,0.00830984115600586,0,0
33,1500,parent_task3,weak_opponents,12009,task3pilot_parent_s33_eval_t3_dev12000_12019_814173b_s12009,/export/data/sfan/MLE_final_project/runs/task2winner_replica_cv2_r7_s33_t2_v7_814173b/checkpoints/final.pt,814173b618fb38990db7a5b7ee200369c8b25289,b3dafd35f05214bac1058d7e16407e8cb113322a10c590efb748a51eb6e9364e,completed,9.0,4.0,59.0,1.0,0.0,52.0,51.0,51.0,0.0,1.0,1.0,0.0,400,0.006476879119873047,0.008522987365722656,0,0
33,1500,parent_task3,weak_opponents,12010,task3pilot_parent_s33_eval_t3_dev12000_12019_814173b_s12010,/export/data/sfan/MLE_final_project/runs/task2winner_replica_cv2_r7_s33_t2_v7_814173b/checkpoints/final.pt,814173b618fb38990db7a5b7ee200369c8b25289,b3dafd35f05214bac1058d7e16407e8cb113322a10c590efb748a51eb6e9364e,completed,3.0,3.0,16.0,0.0,1.0,23.0,23.0,22.0,0.0,0.0,0.0,0.0,206,0.005627155303955078,0.006791830062866211,0,0
33,1500,parent_task3,weak_opponents,12011,task3pilot_parent_s33_eval_t3_dev12000_12019_814173b_s12011,/export/data/sfan/MLE_final_project/runs/task2winner_replica_cv2_r7_s33_t2_v7_814173b/checkpoints/final.pt,814173b618fb38990db7a5b7ee200369c8b25289,b3dafd35f05214bac1058d7e16407e8cb113322a10c590efb748a51eb6e9364e,completed,2.0,2.0,26.0,0.0,0.0,46.0,46.0,46.0,0.0,1.0,0.0,0.0,400,0.007338762283325195,0.00868082046508789,0,0
33,1500,parent_task3,weak_opponents,12012,task3pilot_parent_s33_eval_t3_dev12000_12019_814173b_s12012,/export/data/sfan/MLE_final_project/runs/task2winner_replica_cv2_r7_s33_t2_v7_814173b/checkpoints/final.pt,814173b618fb38990db7a5b7ee200369c8b25289,b3dafd35f05214bac1058d7e16407e8cb113322a10c590efb748a51eb6e9364e,completed,5.0,5.0,34.0,0.0,1.0,17.0,17.0,16.0,0.0,0.0,0.0,0.0,132,0.0057561397552490234,0.007872581481933594,0,0
33,1500,parent_task3,weak_opponents,12013,task3pilot_parent_s33_eval_t3_dev12000_12019_814173b_s12013,/export/data/sfan/MLE_final_project/runs/task2winner_replica_cv2_r7_s33_t2_v7_814173b/checkpoints/final.pt,814173b618fb38990db7a5b7ee200369c8b25289,b3dafd35f05214bac1058d7e16407e8cb113322a10c590efb748a51eb6e9364e,completed,5.0,5.0,44.0,0.0,0.0,42.0,42.0,42.0,0.0,1.0,0.0,0.0,400,0.007287502288818359,0.008922576904296875,0,0
33,1500,parent_task3,weak_opponents,12014,task3pilot_parent_s33_eval_t3_dev12000_12019_814173b_s12014,/export/data/sfan/MLE_final_project/runs/task2winner_replica_cv2_r7_s33_t2_v7_814173b/checkpoints/final.pt,814173b618fb38990db7a5b7ee200369c8b25289,b3dafd35f05214bac1058d7e16407e8cb113322a10c590efb748a51eb6e9364e,completed,7.0,2.0,12.0,1.0,1.0,5.0,5.0,4.0,0.0,0.0,0.0,1.0,45,0.005006551742553711,0.005948781967163086,0,0
33,1500,parent_task3,weak_opponents,12015,task3pilot_parent_s33_eval_t3_dev12000_12019_814173b_s12015,/export/data/sfan/MLE_final_project/runs/task2winner_replica_cv2_r7_s33_t2_v7_814173b/checkpoints/final.pt,814173b618fb38990db7a5b7ee200369c8b25289,b3dafd35f05214bac1058d7e16407e8cb113322a10c590efb748a51eb6e9364e,completed,2.0,2.0,42.0,0.0,0.0,45.0,45.0,45.0,0.0,1.0,0.0,0.0,400,0.006782054901123047,0.008697748184204102,0,0
33,1500,parent_task3,weak_opponents,12016,task3pilot_parent_s33_eval_t3_dev12000_12019_814173b_s12016,/export/data/sfan/MLE_final_project/runs/task2winner_replica_cv2_r7_s33_t2_v7_814173b/checkpoints/final.pt,814173b618fb38990db7a5b7ee200369c8b25289,b3dafd35f05214bac1058d7e16407e8cb113322a10c590efb748a51eb6e9364e,completed,4.0,4.0,51.0,0.0,0.0,52.0,52.0,52.0,0.0,1.0,0.0,0.0,400,0.00584101676940918,0.007874011993408203,0,0
33,1500,parent_task3,weak_opponents,12017,task3pilot_parent_s33_eval_t3_dev12000_12019_814173b_s12017,/export/data/sfan/MLE_final_project/runs/task2winner_replica_cv2_r7_s33_t2_v7_814173b/checkpoints/final.pt,814173b618fb38990db7a5b7ee200369c8b25289,b3dafd35f05214bac1058d7e16407e8cb113322a10c590efb748a51eb6e9364e,completed,4.0,4.0,42.0,0.0,0.0,42.0,42.0,42.0,0.0,1.0,0.0,0.0,400,0.0070874691009521484,0.009033918380737305,0,0
33,1500,parent_task3,weak_opponents,12018,task3pilot_parent_s33_eval_t3_dev12000_12019_814173b_s12018,/export/data/sfan/MLE_final_project/runs/task2winner_replica_cv2_r7_s33_t2_v7_814173b/checkpoints/final.pt,814173b618fb38990db7a5b7ee200369c8b25289,b3dafd35f05214bac1058d7e16407e8cb113322a10c590efb748a51eb6e9364e,completed,1.0,1.0,28.0,0.0,0.0,52.0,52.0,52.0,0.0,1.0,0.0,0.0,400,0.0062313079833984375,0.009708166122436523,0,0
33,1500,parent_task3,weak_opponents,12019,task3pilot_parent_s33_eval_t3_dev12000_12019_814173b_s12019,/export/data/sfan/MLE_final_project/runs/task2winner_replica_cv2_r7_s33_t2_v7_814173b/checkpoints/final.pt,814173b618fb38990db7a5b7ee200369c8b25289,b3dafd35f05214bac1058d7e16407e8cb113322a10c590efb748a51eb6e9364e,completed,10.0,5.0,43.0,1.0,0.0,35.0,35.0,35.0,0.0,1.0,1.0,0.0,400,0.007239341735839844,0.007956504821777344,0,0
33,1500,child_task1,coin_navigation,12000,task3pilot_child_s33_c1500_eval_t1_dev12000_12019_814173b_s12000,/export/data/sfan/MLE_final_project/runs/task3_pilot_ddqn_cv2_r7_s33_t3_c1500_814173b/checkpoints/final.pt,814173b618fb38990db7a5b7ee200369c8b25289,b3dafd35f05214bac1058d7e16407e8cb113322a10c590efb748a51eb6e9364e,completed,50.0,50.0,0.0,0.0,0.0,0.0,0.0,0.0,0.0,1.0,1.0,0.0,117,0.006674528121948242,0.008636713027954102,0,0
33,1500,child_task1,coin_navigation,12001,task3pilot_child_s33_c1500_eval_t1_dev12000_12019_814173b_s12001,/export/data/sfan/MLE_final_project/runs/task3_pilot_ddqn_cv2_r7_s33_t3_c1500_814173b/checkpoints/final.pt,814173b618fb38990db7a5b7ee200369c8b25289,b3dafd35f05214bac1058d7e16407e8cb113322a10c590efb748a51eb6e9364e,completed,50.0,50.0,0.0,0.0,0.0,0.0,0.0,0.0,0.0,1.0,1.0,0.0,130,0.006577491760253906,0.009053468704223633,0,0
33,1500,child_task1,coin_navigation,12002,task3pilot_child_s33_c1500_eval_t1_dev12000_12019_814173b_s12002,/export/data/sfan/MLE_final_project/runs/task3_pilot_ddqn_cv2_r7_s33_t3_c1500_814173b/checkpoints/final.pt,814173b618fb38990db7a5b7ee200369c8b25289,b3dafd35f05214bac1058d7e16407e8cb113322a10c590efb748a51eb6e9364e,completed,50.0,50.0,0.0,0.0,0.0,0.0,0.0,0.0,0.0,1.0,1.0,0.0,127,0.006621122360229492,0.0067291259765625,0,0
33,1500,child_task1,coin_navigation,12003,task3pilot_child_s33_c1500_eval_t1_dev12000_12019_814173b_s12003,/export/data/sfan/MLE_final_project/runs/task3_pilot_ddqn_cv2_r7_s33_t3_c1500_814173b/checkpoints/final.pt,814173b618fb38990db7a5b7ee200369c8b25289,b3dafd35f05214bac1058d7e16407e8cb113322a10c590efb748a51eb6e9364e,completed,50.0,50.0,0.0,0.0,0.0,0.0,0.0,0.0,0.0,1.0,1.0,0.0,104,0.0066738128662109375,0.007996797561645508,0,0
33,1500,child_task1,coin_navigation,12004,task3pilot_child_s33_c1500_eval_t1_dev12000_12019_814173b_s12004,/export/data/sfan/MLE_final_project/runs/task3_pilot_ddqn_cv2_r7_s33_t3_c1500_814173b/checkpoints/final.pt,814173b618fb38990db7a5b7ee200369c8b25289,b3dafd35f05214bac1058d7e16407e8cb113322a10c590efb748a51eb6e9364e,completed,50.0,50.0,0.0,0.0,0.0,0.0,0.0,0.0,0.0,1.0,1.0,0.0,141,0.006719350814819336,0.007071256637573242,0,0
33,1500,child_task1,coin_navigation,12005,task3pilot_child_s33_c1500_eval_t1_dev12000_12019_814173b_s12005,/export/data/sfan/MLE_final_project/runs/task3_pilot_ddqn_cv2_r7_s33_t3_c1500_814173b/checkpoints/final.pt,814173b618fb38990db7a5b7ee200369c8b25289,b3dafd35f05214bac1058d7e16407e8cb113322a10c590efb748a51eb6e9364e,completed,50.0,50.0,0.0,0.0,0.0,0.0,0.0,0.0,0.0,1.0,1.0,0.0,150,0.006755352020263672,0.00713038444519043,0,0
33,1500,child_task1,coin_navigation,12006,task3pilot_child_s33_c1500_eval_t1_dev12000_12019_814173b_s12006,/export/data/sfan/MLE_final_project/runs/task3_pilot_ddqn_cv2_r7_s33_t3_c1500_814173b/checkpoints/final.pt,814173b618fb38990db7a5b7ee200369c8b25289,b3dafd35f05214bac1058d7e16407e8cb113322a10c590efb748a51eb6e9364e,completed,50.0,50.0,0.0,0.0,0.0,0.0,0.0,0.0,0.0,1.0,1.0,0.0,121,0.006606578826904297,0.006764650344848633,0,0
33,1500,child_task1,coin_navigation,12007,task3pilot_child_s33_c1500_eval_t1_dev12000_12019_814173b_s12007,/export/data/sfan/MLE_final_project/runs/task3_pilot_ddqn_cv2_r7_s33_t3_c1500_814173b/checkpoints/final.pt,814173b618fb38990db7a5b7ee200369c8b25289,b3dafd35f05214bac1058d7e16407e8cb113322a10c590efb748a51eb6e9364e,completed,50.0,50.0,0.0,0.0,0.0,0.0,0.0,0.0,0.0,1.0,1.0,0.0,123,0.00654911994934082,0.0068590641021728516,0,0
33,1500,child_task1,coin_navigation,12008,task3pilot_child_s33_c1500_eval_t1_dev12000_12019_814173b_s12008,/export/data/sfan/MLE_final_project/runs/task3_pilot_ddqn_cv2_r7_s33_t3_c1500_814173b/checkpoints/final.pt,814173b618fb38990db7a5b7ee200369c8b25289,b3dafd35f05214bac1058d7e16407e8cb113322a10c590efb748a51eb6e9364e,completed,50.0,50.0,0.0,0.0,0.0,0.0,0.0,0.0,0.0,1.0,1.0,0.0,114,0.006621599197387695,0.0066835880279541016,0,0
33,1500,child_task1,coin_navigation,12009,task3pilot_child_s33_c1500_eval_t1_dev12000_12019_814173b_s12009,/export/data/sfan/MLE_final_project/runs/task3_pilot_ddqn_cv2_r7_s33_t3_c1500_814173b/checkpoints/final.pt,814173b618fb38990db7a5b7ee200369c8b25289,b3dafd35f05214bac1058d7e16407e8cb113322a10c590efb748a51eb6e9364e,completed,50.0,50.0,0.0,0.0,0.0,0.0,0.0,0.0,0.0,1.0,1.0,0.0,137,0.006690263748168945,0.0074808597564697266,0,0
33,1500,child_task1,coin_navigation,12010,task3pilot_child_s33_c1500_eval_t1_dev12000_12019_814173b_s12010,/export/data/sfan/MLE_final_project/runs/task3_pilot_ddqn_cv2_r7_s33_t3_c1500_814173b/checkpoints/final.pt,814173b618fb38990db7a5b7ee200369c8b25289,b3dafd35f05214bac1058d7e16407e8cb113322a10c590efb748a51eb6e9364e,completed,50.0,50.0,0.0,0.0,0.0,0.0,0.0,0.0,0.0,1.0,1.0,0.0,125,0.006522655487060547,0.006688594818115234,0,0
33,1500,child_task1,coin_navigation,12011,task3pilot_child_s33_c1500_eval_t1_dev12000_12019_814173b_s12011,/export/data/sfan/MLE_final_project/runs/task3_pilot_ddqn_cv2_r7_s33_t3_c1500_814173b/checkpoints/final.pt,814173b618fb38990db7a5b7ee200369c8b25289,b3dafd35f05214bac1058d7e16407e8cb113322a10c590efb748a51eb6e9364e,completed,50.0,50.0,0.0,0.0,0.0,0.0,0.0,0.0,0.0,1.0,1.0,0.0,147,0.006535768508911133,0.006664276123046875,0,0
33,1500,child_task1,coin_navigation,12012,task3pilot_child_s33_c1500_eval_t1_dev12000_12019_814173b_s12012,/export/data/sfan/MLE_final_project/runs/task3_pilot_ddqn_cv2_r7_s33_t3_c1500_814173b/checkpoints/final.pt,814173b618fb38990db7a5b7ee200369c8b25289,b3dafd35f05214bac1058d7e16407e8cb113322a10c590efb748a51eb6e9364e,completed,50.0,50.0,0.0,0.0,0.0,0.0,0.0,0.0,0.0,1.0,1.0,0.0,130,0.006639003753662109,0.006793975830078125,0,0
33,1500,child_task1,coin_navigation,12013,task3pilot_child_s33_c1500_eval_t1_dev12000_12019_814173b_s12013,/export/data/sfan/MLE_final_project/runs/task3_pilot_ddqn_cv2_r7_s33_t3_c1500_814173b/checkpoints/final.pt,814173b618fb38990db7a5b7ee200369c8b25289,b3dafd35f05214bac1058d7e16407e8cb113322a10c590efb748a51eb6e9364e,completed,50.0,50.0,0.0,0.0,0.0,0.0,0.0,0.0,0.0,1.0,1.0,0.0,127,0.006616830825805664,0.006824970245361328,0,0
33,1500,child_task1,coin_navigation,12014,task3pilot_child_s33_c1500_eval_t1_dev12000_12019_814173b_s12014,/export/data/sfan/MLE_final_project/runs/task3_pilot_ddqn_cv2_r7_s33_t3_c1500_814173b/checkpoints/final.pt,814173b618fb38990db7a5b7ee200369c8b25289,b3dafd35f05214bac1058d7e16407e8cb113322a10c590efb748a51eb6e9364e,completed,50.0,50.0,0.0,0.0,0.0,0.0,0.0,0.0,0.0,1.0,1.0,0.0,126,0.006603717803955078,0.006716489791870117,0,0
33,1500,child_task1,coin_navigation,12015,task3pilot_child_s33_c1500_eval_t1_dev12000_12019_814173b_s12015,/export/data/sfan/MLE_final_project/runs/task3_pilot_ddqn_cv2_r7_s33_t3_c1500_814173b/checkpoints/final.pt,814173b618fb38990db7a5b7ee200369c8b25289,b3dafd35f05214bac1058d7e16407e8cb113322a10c590efb748a51eb6e9364e,completed,50.0,50.0,0.0,0.0,0.0,0.0,0.0,0.0,0.0,1.0,1.0,0.0,117,0.006659984588623047,0.00677800178527832,0,0
33,1500,child_task1,coin_navigation,12016,task3pilot_child_s33_c1500_eval_t1_dev12000_12019_814173b_s12016,/export/data/sfan/MLE_final_project/runs/task3_pilot_ddqn_cv2_r7_s33_t3_c1500_814173b/checkpoints/final.pt,814173b618fb38990db7a5b7ee200369c8b25289,b3dafd35f05214bac1058d7e16407e8cb113322a10c590efb748a51eb6e9364e,completed,50.0,50.0,0.0,0.0,0.0,0.0,0.0,0.0,0.0,1.0,1.0,0.0,116,0.006595134735107422,0.006685495376586914,0,0
33,1500,child_task1,coin_navigation,12017,task3pilot_child_s33_c1500_eval_t1_dev12000_12019_814173b_s12017,/export/data/sfan/MLE_final_project/runs/task3_pilot_ddqn_cv2_r7_s33_t3_c1500_814173b/checkpoints/final.pt,814173b618fb38990db7a5b7ee200369c8b25289,b3dafd35f05214bac1058d7e16407e8cb113322a10c590efb748a51eb6e9364e,completed,50.0,50.0,0.0,0.0,0.0,0.0,0.0,0.0,0.0,1.0,1.0,0.0,135,0.006631612777709961,0.006783962249755859,0,0
33,1500,child_task1,coin_navigation,12018,task3pilot_child_s33_c1500_eval_t1_dev12000_12019_814173b_s12018,/export/data/sfan/MLE_final_project/runs/task3_pilot_ddqn_cv2_r7_s33_t3_c1500_814173b/checkpoints/final.pt,814173b618fb38990db7a5b7ee200369c8b25289,b3dafd35f05214bac1058d7e16407e8cb113322a10c590efb748a51eb6e9364e,completed,50.0,50.0,0.0,0.0,0.0,0.0,0.0,0.0,0.0,1.0,1.0,0.0,126,0.006597042083740234,0.006705284118652344,0,0
33,1500,child_task1,coin_navigation,12019,task3pilot_child_s33_c1500_eval_t1_dev12000_12019_814173b_s12019,/export/data/sfan/MLE_final_project/runs/task3_pilot_ddqn_cv2_r7_s33_t3_c1500_814173b/checkpoints/final.pt,814173b618fb38990db7a5b7ee200369c8b25289,b3dafd35f05214bac1058d7e16407e8cb113322a10c590efb748a51eb6e9364e,completed,50.0,50.0,0.0,0.0,0.0,0.0,0.0,0.0,0.0,1.0,1.0,0.0,118,0.006776571273803711,0.007197856903076172,0,0
33,1500,child_task2,crate_navigation,12000,task3pilot_child_s33_c1500_eval_t2_dev12000_12019_814173b_s12000,/export/data/sfan/MLE_final_project/runs/task3_pilot_ddqn_cv2_r7_s33_t3_c1500_814173b/checkpoints/final.pt,814173b618fb38990db7a5b7ee200369c8b25289,b3dafd35f05214bac1058d7e16407e8cb113322a10c590efb748a51eb6e9364e,completed,8.0,8.0,111.0,0.0,0.0,48.0,48.0,48.0,0.0,1.0,1.0,0.0,400,0.005445003509521484,0.008148193359375,0,0
33,1500,child_task2,crate_navigation,12001,task3pilot_child_s33_c1500_eval_t2_dev12000_12019_814173b_s12001,/export/data/sfan/MLE_final_project/runs/task3_pilot_ddqn_cv2_r7_s33_t3_c1500_814173b/checkpoints/final.pt,814173b618fb38990db7a5b7ee200369c8b25289,b3dafd35f05214bac1058d7e16407e8cb113322a10c590efb748a51eb6e9364e,completed,7.0,7.0,113.0,0.0,0.0,40.0,40.0,40.0,0.0,1.0,1.0,0.0,400,0.004953622817993164,0.006497383117675781,0,0
33,1500,child_task2,crate_navigation,12002,task3pilot_child_s33_c1500_eval_t2_dev12000_12019_814173b_s12002,/export/data/sfan/MLE_final_project/runs/task3_pilot_ddqn_cv2_r7_s33_t3_c1500_814173b/checkpoints/final.pt,814173b618fb38990db7a5b7ee200369c8b25289,b3dafd35f05214bac1058d7e16407e8cb113322a10c590efb748a51eb6e9364e,completed,8.0,8.0,118.0,0.0,0.0,42.0,42.0,42.0,0.0,1.0,1.0,0.0,400,0.005117177963256836,0.005930900573730469,0,0
33,1500,child_task2,crate_navigation,12003,task3pilot_child_s33_c1500_eval_t2_dev12000_12019_814173b_s12003,/export/data/sfan/MLE_final_project/runs/task3_pilot_ddqn_cv2_r7_s33_t3_c1500_814173b/checkpoints/final.pt,814173b618fb38990db7a5b7ee200369c8b25289,b3dafd35f05214bac1058d7e16407e8cb113322a10c590efb748a51eb6e9364e,completed,7.0,7.0,97.0,0.0,0.0,47.0,46.0,46.0,0.0,1.0,1.0,0.0,400,0.004911184310913086,0.006051063537597656,0,0
33,1500,child_task2,crate_navigation,12004,task3pilot_child_s33_c1500_eval_t2_dev12000_12019_814173b_s12004,/export/data/sfan/MLE_final_project/runs/task3_pilot_ddqn_cv2_r7_s33_t3_c1500_814173b/checkpoints/final.pt,814173b618fb38990db7a5b7ee200369c8b25289,b3dafd35f05214bac1058d7e16407e8cb113322a10c590efb748a51eb6e9364e,completed,8.0,8.0,110.0,0.0,0.0,46.0,46.0,46.0,0.0,1.0,1.0,0.0,400,0.005038738250732422,0.007490634918212891,0,0
33,1500,child_task2,crate_navigation,12005,task3pilot_child_s33_c1500_eval_t2_dev12000_12019_814173b_s12005,/export/data/sfan/MLE_final_project/runs/task3_pilot_ddqn_cv2_r7_s33_t3_c1500_814173b/checkpoints/final.pt,814173b618fb38990db7a5b7ee200369c8b25289,b3dafd35f05214bac1058d7e16407e8cb113322a10c590efb748a51eb6e9364e,completed,9.0,9.0,110.0,0.0,0.0,50.0,50.0,50.0,0.0,1.0,1.0,0.0,400,0.005336761474609375,0.0065898895263671875,0,0
33,1500,child_task2,crate_navigation,12006,task3pilot_child_s33_c1500_eval_t2_dev12000_12019_814173b_s12006,/export/data/sfan/MLE_final_project/runs/task3_pilot_ddqn_cv2_r7_s33_t3_c1500_814173b/checkpoints/final.pt,814173b618fb38990db7a5b7ee200369c8b25289,b3dafd35f05214bac1058d7e16407e8cb113322a10c590efb748a51eb6e9364e,completed,9.0,9.0,112.0,0.0,0.0,50.0,49.0,49.0,0.0,1.0,1.0,0.0,400,0.005165576934814453,0.0065114498138427734,0,0
33,1500,child_task2,crate_navigation,12007,task3pilot_child_s33_c1500_eval_t2_dev12000_12019_814173b_s12007,/export/data/sfan/MLE_final_project/runs/task3_pilot_ddqn_cv2_r7_s33_t3_c1500_814173b/checkpoints/final.pt,814173b618fb38990db7a5b7ee200369c8b25289,b3dafd35f05214bac1058d7e16407e8cb113322a10c590efb748a51eb6e9364e,completed,7.0,7.0,101.0,0.0,0.0,50.0,50.0,50.0,0.0,1.0,1.0,0.0,400,0.005118608474731445,0.005788564682006836,0,0
33,1500,child_task2,crate_navigation,12008,task3pilot_child_s33_c1500_eval_t2_dev12000_12019_814173b_s12008,/export/data/sfan/MLE_final_project/runs/task3_pilot_ddqn_cv2_r7_s33_t3_c1500_814173b/checkpoints/final.pt,814173b618fb38990db7a5b7ee200369c8b25289,b3dafd35f05214bac1058d7e16407e8cb113322a10c590efb748a51eb6e9364e,completed,7.0,7.0,89.0,0.0,0.0,40.0,39.0,39.0,0.0,1.0,1.0,0.0,400,0.00467228889465332,0.0060884952545166016,0,0
33,1500,child_task2,crate_navigation,12009,task3pilot_child_s33_c1500_eval_t2_dev12000_12019_814173b_s12009,/export/data/sfan/MLE_final_project/runs/task3_pilot_ddqn_cv2_r7_s33_t3_c1500_814173b/checkpoints/final.pt,814173b618fb38990db7a5b7ee200369c8b25289,b3dafd35f05214bac1058d7e16407e8cb113322a10c590efb748a51eb6e9364e,completed,8.0,8.0,105.0,0.0,0.0,46.0,46.0,46.0,0.0,1.0,1.0,0.0,400,0.005552053451538086,0.0061206817626953125,0,0
33,1500,child_task2,crate_navigation,12010,task3pilot_child_s33_c1500_eval_t2_dev12000_12019_814173b_s12010,/export/data/sfan/MLE_final_project/runs/task3_pilot_ddqn_cv2_r7_s33_t3_c1500_814173b/checkpoints/final.pt,814173b618fb38990db7a5b7ee200369c8b25289,b3dafd35f05214bac1058d7e16407e8cb113322a10c590efb748a51eb6e9364e,completed,7.0,7.0,99.0,0.0,0.0,49.0,49.0,49.0,0.0,1.0,1.0,0.0,400,0.005153179168701172,0.0065119266510009766,0,0
33,1500,child_task2,crate_navigation,12011,task3pilot_child_s33_c1500_eval_t2_dev12000_12019_814173b_s12011,/export/data/sfan/MLE_final_project/runs/task3_pilot_ddqn_cv2_r7_s33_t3_c1500_814173b/checkpoints/final.pt,814173b618fb38990db7a5b7ee200369c8b25289,b3dafd35f05214bac1058d7e16407e8cb113322a10c590efb748a51eb6e9364e,completed,9.0,9.0,108.0,0.0,0.0,46.0,45.0,45.0,0.0,1.0,1.0,0.0,400,0.0051958560943603516,0.006225109100341797,0,0
33,1500,child_task2,crate_navigation,12012,task3pilot_child_s33_c1500_eval_t2_dev12000_12019_814173b_s12012,/export/data/sfan/MLE_final_project/runs/task3_pilot_ddqn_cv2_r7_s33_t3_c1500_814173b/checkpoints/final.pt,814173b618fb38990db7a5b7ee200369c8b25289,b3dafd35f05214bac1058d7e16407e8cb113322a10c590efb748a51eb6e9364e,completed,8.0,8.0,110.0,0.0,0.0,49.0,49.0,49.0,0.0,1.0,1.0,0.0,400,0.005409717559814453,0.0072443485260009766,0,0
33,1500,child_task2,crate_navigation,12013,task3pilot_child_s33_c1500_eval_t2_dev12000_12019_814173b_s12013,/export/data/sfan/MLE_final_project/runs/task3_pilot_ddqn_cv2_r7_s33_t3_c1500_814173b/checkpoints/final.pt,814173b618fb38990db7a5b7ee200369c8b25289,b3dafd35f05214bac1058d7e16407e8cb113322a10c590efb748a51eb6e9364e,completed,8.0,8.0,101.0,0.0,0.0,44.0,44.0,44.0,0.0,1.0,1.0,0.0,400,0.004872322082519531,0.006048440933227539,0,0
33,1500,child_task2,crate_navigation,12014,task3pilot_child_s33_c1500_eval_t2_dev12000_12019_814173b_s12014,/export/data/sfan/MLE_final_project/runs/task3_pilot_ddqn_cv2_r7_s33_t3_c1500_814173b/checkpoints/final.pt,814173b618fb38990db7a5b7ee200369c8b25289,b3dafd35f05214bac1058d7e16407e8cb113322a10c590efb748a51eb6e9364e,completed,6.0,6.0,84.0,0.0,0.0,52.0,51.0,51.0,0.0,1.0,1.0,0.0,400,0.004899263381958008,0.0065610408782958984,0,0
33,1500,child_task2,crate_navigation,12015,task3pilot_child_s33_c1500_eval_t2_dev12000_12019_814173b_s12015,/export/data/sfan/MLE_final_project/runs/task3_pilot_ddqn_cv2_r7_s33_t3_c1500_814173b/checkpoints/final.pt,814173b618fb38990db7a5b7ee200369c8b25289,b3dafd35f05214bac1058d7e16407e8cb113322a10c590efb748a51eb6e9364e,completed,7.0,7.0,92.0,0.0,0.0,48.0,47.0,47.0,0.0,1.0,1.0,0.0,400,0.00484013557434082,0.0061473846435546875,0,0
33,1500,child_task2,crate_navigation,12016,task3pilot_child_s33_c1500_eval_t2_dev12000_12019_814173b_s12016,/export/data/sfan/MLE_final_project/runs/task3_pilot_ddqn_cv2_r7_s33_t3_c1500_814173b/checkpoints/final.pt,814173b618fb38990db7a5b7ee200369c8b25289,b3dafd35f05214bac1058d7e16407e8cb113322a10c590efb748a51eb6e9364e,completed,8.0,8.0,104.0,0.0,0.0,52.0,52.0,52.0,0.0,1.0,1.0,0.0,400,0.004796743392944336,0.006515979766845703,0,0
33,1500,child_task2,crate_navigation,12017,task3pilot_child_s33_c1500_eval_t2_dev12000_12019_814173b_s12017,/export/data/sfan/MLE_final_project/runs/task3_pilot_ddqn_cv2_r7_s33_t3_c1500_814173b/checkpoints/final.pt,814173b618fb38990db7a5b7ee200369c8b25289,b3dafd35f05214bac1058d7e16407e8cb113322a10c590efb748a51eb6e9364e,completed,6.0,6.0,100.0,0.0,0.0,48.0,48.0,48.0,0.0,1.0,1.0,0.0,400,0.005280494689941406,0.007054328918457031,0,0
33,1500,child_task2,crate_navigation,12018,task3pilot_child_s33_c1500_eval_t2_dev12000_12019_814173b_s12018,/export/data/sfan/MLE_final_project/runs/task3_pilot_ddqn_cv2_r7_s33_t3_c1500_814173b/checkpoints/final.pt,814173b618fb38990db7a5b7ee200369c8b25289,b3dafd35f05214bac1058d7e16407e8cb113322a10c590efb748a51eb6e9364e,completed,5.0,5.0,83.0,0.0,0.0,45.0,45.0,45.0,0.0,1.0,1.0,0.0,400,0.004924297332763672,0.006371736526489258,0,0
33,1500,child_task2,crate_navigation,12019,task3pilot_child_s33_c1500_eval_t2_dev12000_12019_814173b_s12019,/export/data/sfan/MLE_final_project/runs/task3_pilot_ddqn_cv2_r7_s33_t3_c1500_814173b/checkpoints/final.pt,814173b618fb38990db7a5b7ee200369c8b25289,b3dafd35f05214bac1058d7e16407e8cb113322a10c590efb748a51eb6e9364e,completed,7.0,7.0,113.0,0.0,0.0,50.0,50.0,50.0,0.0,1.0,1.0,0.0,400,0.005578041076660156,0.007475614547729492,0,0
33,1500,child_task3,weak_opponents,12000,task3pilot_child_s33_c1500_eval_t3_dev12000_12019_814173b_s12000,/export/data/sfan/MLE_final_project/runs/task3_pilot_ddqn_cv2_r7_s33_t3_c1500_814173b/checkpoints/final.pt,814173b618fb38990db7a5b7ee200369c8b25289,b3dafd35f05214bac1058d7e16407e8cb113322a10c590efb748a51eb6e9364e,completed,6.0,6.0,43.0,0.0,0.0,41.0,40.0,40.0,0.0,1.0,1.0,0.0,400,0.0061151981353759766,0.009285211563110352,0,0
33,1500,child_task3,weak_opponents,12001,task3pilot_child_s33_c1500_eval_t3_dev12000_12019_814173b_s12001,/export/data/sfan/MLE_final_project/runs/task3_pilot_ddqn_cv2_r7_s33_t3_c1500_814173b/checkpoints/final.pt,814173b618fb38990db7a5b7ee200369c8b25289,b3dafd35f05214bac1058d7e16407e8cb113322a10c590efb748a51eb6e9364e,completed,1.0,1.0,55.0,0.0,1.0,24.0,24.0,23.0,1.0,0.0,0.0,0.0,185,0.005743741989135742,0.007481098175048828,0,0
33,1500,child_task3,weak_opponents,12002,task3pilot_child_s33_c1500_eval_t3_dev12000_12019_814173b_s12002,/export/data/sfan/MLE_final_project/runs/task3_pilot_ddqn_cv2_r7_s33_t3_c1500_814173b/checkpoints/final.pt,814173b618fb38990db7a5b7ee200369c8b25289,b3dafd35f05214bac1058d7e16407e8cb113322a10c590efb748a51eb6e9364e,completed,5.0,5.0,56.0,0.0,0.0,43.0,43.0,43.0,1.0,1.0,0.0,0.0,400,0.006595134735107422,0.009230852127075195,0,0
33,1500,child_task3,weak_opponents,12003,task3pilot_child_s33_c1500_eval_t3_dev12000_12019_814173b_s12003,/export/data/sfan/MLE_final_project/runs/task3_pilot_ddqn_cv2_r7_s33_t3_c1500_814173b/checkpoints/final.pt,814173b618fb38990db7a5b7ee200369c8b25289,b3dafd35f05214bac1058d7e16407e8cb113322a10c590efb748a51eb6e9364e,completed,5.0,5.0,48.0,0.0,0.0,40.0,40.0,40.0,0.0,1.0,0.0,0.0,343,0.0066301822662353516,0.009261846542358398,0,0
33,1500,child_task3,weak_opponents,12004,task3pilot_child_s33_c1500_eval_t3_dev12000_12019_814173b_s12004,/export/data/sfan/MLE_final_project/runs/task3_pilot_ddqn_cv2_r7_s33_t3_c1500_814173b/checkpoints/final.pt,814173b618fb38990db7a5b7ee200369c8b25289,b3dafd35f05214bac1058d7e16407e8cb113322a10c590efb748a51eb6e9364e,completed,4.0,4.0,52.0,0.0,0.0,35.0,35.0,35.0,0.0,1.0,0.0,0.0,400,0.006148815155029297,0.00811147689819336,0,0
33,1500,child_task3,weak_opponents,12005,task3pilot_child_s33_c1500_eval_t3_dev12000_12019_814173b_s12005,/export/data/sfan/MLE_final_project/runs/task3_pilot_ddqn_cv2_r7_s33_t3_c1500_814173b/checkpoints/final.pt,814173b618fb38990db7a5b7ee200369c8b25289,b3dafd35f05214bac1058d7e16407e8cb113322a10c590efb748a51eb6e9364e,completed,9.0,4.0,52.0,1.0,0.0,39.0,39.0,39.0,0.0,1.0,1.0,0.0,400,0.006644487380981445,0.008207559585571289,0,0
33,1500,child_task3,weak_opponents,12006,task3pilot_child_s33_c1500_eval_t3_dev12000_12019_814173b_s12006,/export/data/sfan/MLE_final_project/runs/task3_pilot_ddqn_cv2_r7_s33_t3_c1500_814173b/checkpoints/final.pt,814173b618fb38990db7a5b7ee200369c8b25289,b3dafd35f05214bac1058d7e16407e8cb113322a10c590efb748a51eb6e9364e,completed,11.0,6.0,61.0,1.0,0.0,44.0,44.0,44.0,0.0,1.0,1.0,0.0,400,0.005950927734375,0.008438825607299805,0,0
33,1500,child_task3,weak_opponents,12007,task3pilot_child_s33_c1500_eval_t3_dev12000_12019_814173b_s12007,/export/data/sfan/MLE_final_project/runs/task3_pilot_ddqn_cv2_r7_s33_t3_c1500_814173b/checkpoints/final.pt,814173b618fb38990db7a5b7ee200369c8b25289,b3dafd35f05214bac1058d7e16407e8cb113322a10c590efb748a51eb6e9364e,completed,11.0,6.0,69.0,1.0,0.0,38.0,38.0,38.0,0.0,1.0,1.0,0.0,400,0.006502389907836914,0.008370399475097656,0,0
33,1500,child_task3,weak_opponents,12008,task3pilot_child_s33_c1500_eval_t3_dev12000_12019_814173b_s12008,/export/data/sfan/MLE_final_project/runs/task3_pilot_ddqn_cv2_r7_s33_t3_c1500_814173b/checkpoints/final.pt,814173b618fb38990db7a5b7ee200369c8b25289,b3dafd35f05214bac1058d7e16407e8cb113322a10c590efb748a51eb6e9364e,completed,4.0,4.0,54.0,0.0,0.0,53.0,52.0,52.0,0.0,1.0,0.0,0.0,400,0.0060350894927978516,0.0071108341217041016,0,0
33,1500,child_task3,weak_opponents,12009,task3pilot_child_s33_c1500_eval_t3_dev12000_12019_814173b_s12009,/export/data/sfan/MLE_final_project/runs/task3_pilot_ddqn_cv2_r7_s33_t3_c1500_814173b/checkpoints/final.pt,814173b618fb38990db7a5b7ee200369c8b25289,b3dafd35f05214bac1058d7e16407e8cb113322a10c590efb748a51eb6e9364e,completed,3.0,3.0,31.0,0.0,0.0,40.0,40.0,40.0,0.0,1.0,0.0,0.0,400,0.006279468536376953,0.007949590682983398,0,0
33,1500,child_task3,weak_opponents,12010,task3pilot_child_s33_c1500_eval_t3_dev12000_12019_814173b_s12010,/export/data/sfan/MLE_final_project/runs/task3_pilot_ddqn_cv2_r7_s33_t3_c1500_814173b/checkpoints/final.pt,814173b618fb38990db7a5b7ee200369c8b25289,b3dafd35f05214bac1058d7e16407e8cb113322a10c590efb748a51eb6e9364e,completed,18.0,8.0,85.0,2.0,0.0,45.0,44.0,44.0,0.0,1.0,1.0,0.0,400,0.005621194839477539,0.0072784423828125,0,0
33,1500,child_task3,weak_opponents,12011,task3pilot_child_s33_c1500_eval_t3_dev12000_12019_814173b_s12011,/export/data/sfan/MLE_final_project/runs/task3_pilot_ddqn_cv2_r7_s33_t3_c1500_814173b/checkpoints/final.pt,814173b618fb38990db7a5b7ee200369c8b25289,b3dafd35f05214bac1058d7e16407e8cb113322a10c590efb748a51eb6e9364e,completed,10.0,5.0,52.0,1.0,0.0,34.0,34.0,34.0,0.0,1.0,1.0,0.0,400,0.006982326507568359,0.008484125137329102,0,0
33,1500,child_task3,weak_opponents,12012,task3pilot_child_s33_c1500_eval_t3_dev12000_12019_814173b_s12012,/export/data/sfan/MLE_final_project/runs/task3_pilot_ddqn_cv2_r7_s33_t3_c1500_814173b/checkpoints/final.pt,814173b618fb38990db7a5b7ee200369c8b25289,b3dafd35f05214bac1058d7e16407e8cb113322a10c590efb748a51eb6e9364e,completed,7.0,7.0,44.0,0.0,0.0,50.0,49.0,49.0,0.0,1.0,0.0,1.0,400,0.006092071533203125,0.007233858108520508,0,0
33,1500,child_task3,weak_opponents,12013,task3pilot_child_s33_c1500_eval_t3_dev12000_12019_814173b_s12013,/export/data/sfan/MLE_final_project/runs/task3_pilot_ddqn_cv2_r7_s33_t3_c1500_814173b/checkpoints/final.pt,814173b618fb38990db7a5b7ee200369c8b25289,b3dafd35f05214bac1058d7e16407e8cb113322a10c590efb748a51eb6e9364e,completed,9.0,4.0,51.0,1.0,0.0,34.0,34.0,34.0,0.0,1.0,1.0,0.0,400,0.006675243377685547,0.008563756942749023,0,0
33,1500,child_task3,weak_opponents,12014,task3pilot_child_s33_c1500_eval_t3_dev12000_12019_814173b_s12014,/export/data/sfan/MLE_final_project/runs/task3_pilot_ddqn_cv2_r7_s33_t3_c1500_814173b/checkpoints/final.pt,814173b618fb38990db7a5b7ee200369c8b25289,b3dafd35f05214bac1058d7e16407e8cb113322a10c590efb748a51eb6e9364e,completed,12.0,7.0,47.0,1.0,0.0,43.0,43.0,43.0,0.0,1.0,1.0,0.0,400,0.006289482116699219,0.007903337478637695,0,0
33,1500,child_task3,weak_opponents,12015,task3pilot_child_s33_c1500_eval_t3_dev12000_12019_814173b_s12015,/export/data/sfan/MLE_final_project/runs/task3_pilot_ddqn_cv2_r7_s33_t3_c1500_814173b/checkpoints/final.pt,814173b618fb38990db7a5b7ee200369c8b25289,b3dafd35f05214bac1058d7e16407e8cb113322a10c590efb748a51eb6e9364e,completed,6.0,6.0,61.0,0.0,0.0,39.0,39.0,39.0,0.0,1.0,0.0,0.0,400,0.006870269775390625,0.00853109359741211,0,0
33,1500,child_task3,weak_opponents,12016,task3pilot_child_s33_c1500_eval_t3_dev12000_12019_814173b_s12016,/export/data/sfan/MLE_final_project/runs/task3_pilot_ddqn_cv2_r7_s33_t3_c1500_814173b/checkpoints/final.pt,814173b618fb38990db7a5b7ee200369c8b25289,b3dafd35f05214bac1058d7e16407e8cb113322a10c590efb748a51eb6e9364e,completed,1.0,1.0,30.0,0.0,0.0,46.0,45.0,45.0,0.0,1.0,0.0,0.0,400,0.006178140640258789,0.00858759880065918,0,0
33,1500,child_task3,weak_opponents,12017,task3pilot_child_s33_c1500_eval_t3_dev12000_12019_814173b_s12017,/export/data/sfan/MLE_final_project/runs/task3_pilot_ddqn_cv2_r7_s33_t3_c1500_814173b/checkpoints/final.pt,814173b618fb38990db7a5b7ee200369c8b25289,b3dafd35f05214bac1058d7e16407e8cb113322a10c590efb748a51eb6e9364e,completed,6.0,6.0,58.0,0.0,0.0,43.0,43.0,43.0,1.0,1.0,1.0,0.0,400,0.007262706756591797,0.008672952651977539,0,0
33,1500,child_task3,weak_opponents,12018,task3pilot_child_s33_c1500_eval_t3_dev12000_12019_814173b_s12018,/export/data/sfan/MLE_final_project/runs/task3_pilot_ddqn_cv2_r7_s33_t3_c1500_814173b/checkpoints/final.pt,814173b618fb38990db7a5b7ee200369c8b25289,b3dafd35f05214bac1058d7e16407e8cb113322a10c590efb748a51eb6e9364e,completed,4.0,4.0,54.0,0.0,0.0,42.0,42.0,42.0,1.0,1.0,0.0,0.0,400,0.006197452545166016,0.0074579715728759766,0,0
33,1500,child_task3,weak_opponents,12019,task3pilot_child_s33_c1500_eval_t3_dev12000_12019_814173b_s12019,/export/data/sfan/MLE_final_project/runs/task3_pilot_ddqn_cv2_r7_s33_t3_c1500_814173b/checkpoints/final.pt,814173b618fb38990db7a5b7ee200369c8b25289,b3dafd35f05214bac1058d7e16407e8cb113322a10c590efb748a51eb6e9364e,completed,3.0,3.0,45.0,0.0,0.0,41.0,41.0,41.0,0.0,1.0,0.0,0.0,400,0.006305694580078125,0.008023262023925781,0,0
