schema_version,phase,training_seed,role,environment_seed,evaluation_group,run_id,checkpoint,checkpoint_sha256,source_commit,source_hash,status,scenario,stage,round_steps,score,coins,crates,kills,suicides,killed_by_opponent,survived,bombs,bombs_resolved,bombs_survived,invalid_actions,act_count,act_mean_seconds,act_p95_seconds,act_max_seconds,timeouts,skipped_actions
task2-winner-evaluation-v1,development,11,parent_task1,10000,runs/gate_scoreconv_ddqn_cv2_r7_s11_t1_814173b,gate_scoreconv_ddqn_cv2_r7_s11_t1_814173b_s10000,runs/scoreconv_ddqn_cv2_r7_s11_t1_v7_814173b/checkpoints/final.pt,e35a332f54207ad5c507c76304c997a773625148aec29205b72e2f19d710781e,814173b618fb38990db7a5b7ee200369c8b25289,b3dafd35f05214bac1058d7e16407e8cb113322a10c590efb748a51eb6e9364e,completed,coin-heaven,coin_navigation_evaluate,133,50,50,0,0,0,0,1,0,0,0,0,133,0.006073015973083955,0.0070053100585937495,0.008670806884765625,0,0
task2-winner-evaluation-v1,development,11,parent_task1,10001,runs/gate_scoreconv_ddqn_cv2_r7_s11_t1_814173b,gate_scoreconv_ddqn_cv2_r7_s11_t1_814173b_s10001,runs/scoreconv_ddqn_cv2_r7_s11_t1_v7_814173b/checkpoints/final.pt,e35a332f54207ad5c507c76304c997a773625148aec29205b72e2f19d710781e,814173b618fb38990db7a5b7ee200369c8b25289,b3dafd35f05214bac1058d7e16407e8cb113322a10c590efb748a51eb6e9364e,completed,coin-heaven,coin_navigation_evaluate,123,50,50,0,0,0,0,1,0,0,0,0,123,0.005977159593163467,0.006917881965637207,0.010544061660766602,0,0
task2-winner-evaluation-v1,development,11,parent_task1,10002,runs/gate_scoreconv_ddqn_cv2_r7_s11_t1_814173b,gate_scoreconv_ddqn_cv2_r7_s11_t1_814173b_s10002,runs/scoreconv_ddqn_cv2_r7_s11_t1_v7_814173b/checkpoints/final.pt,e35a332f54207ad5c507c76304c997a773625148aec29205b72e2f19d710781e,814173b618fb38990db7a5b7ee200369c8b25289,b3dafd35f05214bac1058d7e16407e8cb113322a10c590efb748a51eb6e9364e,completed,coin-heaven,coin_navigation_evaluate,131,50,50,0,0,0,0,1,0,0,0,0,131,0.005950873134700396,0.0069359540939331055,0.007968664169311523,0,0
task2-winner-evaluation-v1,development,11,parent_task1,10003,runs/gate_scoreconv_ddqn_cv2_r7_s11_t1_814173b,gate_scoreconv_ddqn_cv2_r7_s11_t1_814173b_s10003,runs/scoreconv_ddqn_cv2_r7_s11_t1_v7_814173b/checkpoints/final.pt,e35a332f54207ad5c507c76304c997a773625148aec29205b72e2f19d710781e,814173b618fb38990db7a5b7ee200369c8b25289,b3dafd35f05214bac1058d7e16407e8cb113322a10c590efb748a51eb6e9364e,completed,coin-heaven,coin_navigation_evaluate,128,50,50,0,0,0,0,1,0,0,0,0,128,0.005980402231216431,0.006993305683135986,0.007258892059326172,0,0
task2-winner-evaluation-v1,development,11,parent_task1,10004,runs/gate_scoreconv_ddqn_cv2_r7_s11_t1_814173b,gate_scoreconv_ddqn_cv2_r7_s11_t1_814173b_s10004,runs/scoreconv_ddqn_cv2_r7_s11_t1_v7_814173b/checkpoints/final.pt,e35a332f54207ad5c507c76304c997a773625148aec29205b72e2f19d710781e,814173b618fb38990db7a5b7ee200369c8b25289,b3dafd35f05214bac1058d7e16407e8cb113322a10c590efb748a51eb6e9364e,completed,coin-heaven,coin_navigation_evaluate,147,50,50,0,0,0,0,1,0,0,0,0,147,0.006050473167782738,0.006795620918273925,0.007535457611083984,0,0
task2-winner-evaluation-v1,development,11,parent_task1,10005,runs/gate_scoreconv_ddqn_cv2_r7_s11_t1_814173b,gate_scoreconv_ddqn_cv2_r7_s11_t1_814173b_s10005,runs/scoreconv_ddqn_cv2_r7_s11_t1_v7_814173b/checkpoints/final.pt,e35a332f54207ad5c507c76304c997a773625148aec29205b72e2f19d710781e,814173b618fb38990db7a5b7ee200369c8b25289,b3dafd35f05214bac1058d7e16407e8cb113322a10c590efb748a51eb6e9364e,completed,coin-heaven,coin_navigation_evaluate,126,50,50,0,0,0,0,1,0,0,0,0,126,0.005866461329989963,0.006744980812072754,0.007462501525878906,0,0
task2-winner-evaluation-v1,development,11,parent_task1,10006,runs/gate_scoreconv_ddqn_cv2_r7_s11_t1_814173b,gate_scoreconv_ddqn_cv2_r7_s11_t1_814173b_s10006,runs/scoreconv_ddqn_cv2_r7_s11_t1_v7_814173b/checkpoints/final.pt,e35a332f54207ad5c507c76304c997a773625148aec29205b72e2f19d710781e,814173b618fb38990db7a5b7ee200369c8b25289,b3dafd35f05214bac1058d7e16407e8cb113322a10c590efb748a51eb6e9364e,completed,coin-heaven,coin_navigation_evaluate,127,50,50,0,0,0,0,1,0,0,0,0,127,0.006028607135682594,0.006887435913085937,0.007642507553100586,0,0
task2-winner-evaluation-v1,development,11,parent_task1,10007,runs/gate_scoreconv_ddqn_cv2_r7_s11_t1_814173b,gate_scoreconv_ddqn_cv2_r7_s11_t1_814173b_s10007,runs/scoreconv_ddqn_cv2_r7_s11_t1_v7_814173b/checkpoints/final.pt,e35a332f54207ad5c507c76304c997a773625148aec29205b72e2f19d710781e,814173b618fb38990db7a5b7ee200369c8b25289,b3dafd35f05214bac1058d7e16407e8cb113322a10c590efb748a51eb6e9364e,completed,coin-heaven,coin_navigation_evaluate,107,50,50,0,0,0,0,1,0,0,0,0,107,0.005950934419008059,0.006714367866516113,0.008392810821533203,0,0
task2-winner-evaluation-v1,development,11,parent_task1,10008,runs/gate_scoreconv_ddqn_cv2_r7_s11_t1_814173b,gate_scoreconv_ddqn_cv2_r7_s11_t1_814173b_s10008,runs/scoreconv_ddqn_cv2_r7_s11_t1_v7_814173b/checkpoints/final.pt,e35a332f54207ad5c507c76304c997a773625148aec29205b72e2f19d710781e,814173b618fb38990db7a5b7ee200369c8b25289,b3dafd35f05214bac1058d7e16407e8cb113322a10c590efb748a51eb6e9364e,completed,coin-heaven,coin_navigation_evaluate,141,50,50,0,0,0,0,1,0,0,0,0,141,0.006406863530476888,0.007233619689941406,0.00747227668762207,0,0
task2-winner-evaluation-v1,development,11,parent_task1,10009,runs/gate_scoreconv_ddqn_cv2_r7_s11_t1_814173b,gate_scoreconv_ddqn_cv2_r7_s11_t1_814173b_s10009,runs/scoreconv_ddqn_cv2_r7_s11_t1_v7_814173b/checkpoints/final.pt,e35a332f54207ad5c507c76304c997a773625148aec29205b72e2f19d710781e,814173b618fb38990db7a5b7ee200369c8b25289,b3dafd35f05214bac1058d7e16407e8cb113322a10c590efb748a51eb6e9364e,completed,coin-heaven,coin_navigation_evaluate,123,50,50,0,0,0,0,1,0,0,0,0,123,0.005915802668749802,0.0068853855133056635,0.007266998291015625,0,0
task2-winner-evaluation-v1,development,11,parent_task1,10010,runs/gate_scoreconv_ddqn_cv2_r7_s11_t1_814173b,gate_scoreconv_ddqn_cv2_r7_s11_t1_814173b_s10010,runs/scoreconv_ddqn_cv2_r7_s11_t1_v7_814173b/checkpoints/final.pt,e35a332f54207ad5c507c76304c997a773625148aec29205b72e2f19d710781e,814173b618fb38990db7a5b7ee200369c8b25289,b3dafd35f05214bac1058d7e16407e8cb113322a10c590efb748a51eb6e9364e,completed,coin-heaven,coin_navigation_evaluate,130,50,50,0,0,0,0,1,0,0,0,0,130,0.005939953143780048,0.006861984729766846,0.007418155670166016,0,0
task2-winner-evaluation-v1,development,11,parent_task1,10011,runs/gate_scoreconv_ddqn_cv2_r7_s11_t1_814173b,gate_scoreconv_ddqn_cv2_r7_s11_t1_814173b_s10011,runs/scoreconv_ddqn_cv2_r7_s11_t1_v7_814173b/checkpoints/final.pt,e35a332f54207ad5c507c76304c997a773625148aec29205b72e2f19d710781e,814173b618fb38990db7a5b7ee200369c8b25289,b3dafd35f05214bac1058d7e16407e8cb113322a10c590efb748a51eb6e9364e,completed,coin-heaven,coin_navigation_evaluate,131,50,50,0,0,0,0,1,0,0,0,0,131,0.005869053702318032,0.006697893142700195,0.007317781448364258,0,0
task2-winner-evaluation-v1,development,11,parent_task1,10012,runs/gate_scoreconv_ddqn_cv2_r7_s11_t1_814173b,gate_scoreconv_ddqn_cv2_r7_s11_t1_814173b_s10012,runs/scoreconv_ddqn_cv2_r7_s11_t1_v7_814173b/checkpoints/final.pt,e35a332f54207ad5c507c76304c997a773625148aec29205b72e2f19d710781e,814173b618fb38990db7a5b7ee200369c8b25289,b3dafd35f05214bac1058d7e16407e8cb113322a10c590efb748a51eb6e9364e,completed,coin-heaven,coin_navigation_evaluate,130,50,50,0,0,0,0,1,0,0,0,0,130,0.005972898923433744,0.006842052936553955,0.007352113723754883,0,0
task2-winner-evaluation-v1,development,11,parent_task1,10013,runs/gate_scoreconv_ddqn_cv2_r7_s11_t1_814173b,gate_scoreconv_ddqn_cv2_r7_s11_t1_814173b_s10013,runs/scoreconv_ddqn_cv2_r7_s11_t1_v7_814173b/checkpoints/final.pt,e35a332f54207ad5c507c76304c997a773625148aec29205b72e2f19d710781e,814173b618fb38990db7a5b7ee200369c8b25289,b3dafd35f05214bac1058d7e16407e8cb113322a10c590efb748a51eb6e9364e,completed,coin-heaven,coin_navigation_evaluate,128,50,50,0,0,0,0,1,0,0,0,0,128,0.005925731733441353,0.006666111946105956,0.006795406341552734,0,0
task2-winner-evaluation-v1,development,11,parent_task1,10014,runs/gate_scoreconv_ddqn_cv2_r7_s11_t1_814173b,gate_scoreconv_ddqn_cv2_r7_s11_t1_814173b_s10014,runs/scoreconv_ddqn_cv2_r7_s11_t1_v7_814173b/checkpoints/final.pt,e35a332f54207ad5c507c76304c997a773625148aec29205b72e2f19d710781e,814173b618fb38990db7a5b7ee200369c8b25289,b3dafd35f05214bac1058d7e16407e8cb113322a10c590efb748a51eb6e9364e,completed,coin-heaven,coin_navigation_evaluate,139,50,50,0,0,0,0,1,0,0,0,0,139,0.006085201990690163,0.007180905342102051,0.008558034896850586,0,0
task2-winner-evaluation-v1,development,11,parent_task1,10015,runs/gate_scoreconv_ddqn_cv2_r7_s11_t1_814173b,gate_scoreconv_ddqn_cv2_r7_s11_t1_814173b_s10015,runs/scoreconv_ddqn_cv2_r7_s11_t1_v7_814173b/checkpoints/final.pt,e35a332f54207ad5c507c76304c997a773625148aec29205b72e2f19d710781e,814173b618fb38990db7a5b7ee200369c8b25289,b3dafd35f05214bac1058d7e16407e8cb113322a10c590efb748a51eb6e9364e,completed,coin-heaven,coin_navigation_evaluate,131,50,50,0,0,0,0,1,0,0,0,0,131,0.005961733009979015,0.006851077079772949,0.007241249084472656,0,0
task2-winner-evaluation-v1,development,11,parent_task1,10016,runs/gate_scoreconv_ddqn_cv2_r7_s11_t1_814173b,gate_scoreconv_ddqn_cv2_r7_s11_t1_814173b_s10016,runs/scoreconv_ddqn_cv2_r7_s11_t1_v7_814173b/checkpoints/final.pt,e35a332f54207ad5c507c76304c997a773625148aec29205b72e2f19d710781e,814173b618fb38990db7a5b7ee200369c8b25289,b3dafd35f05214bac1058d7e16407e8cb113322a10c590efb748a51eb6e9364e,completed,coin-heaven,coin_navigation_evaluate,123,50,50,0,0,0,0,1,0,0,0,0,123,0.006415686956266078,0.0071439981460571286,0.0074863433837890625,0,0
task2-winner-evaluation-v1,development,11,parent_task1,10017,runs/gate_scoreconv_ddqn_cv2_r7_s11_t1_814173b,gate_scoreconv_ddqn_cv2_r7_s11_t1_814173b_s10017,runs/scoreconv_ddqn_cv2_r7_s11_t1_v7_814173b/checkpoints/final.pt,e35a332f54207ad5c507c76304c997a773625148aec29205b72e2f19d710781e,814173b618fb38990db7a5b7ee200369c8b25289,b3dafd35f05214bac1058d7e16407e8cb113322a10c590efb748a51eb6e9364e,completed,coin-heaven,coin_navigation_evaluate,107,50,50,0,0,0,0,1,0,0,0,0,107,0.005947777043993228,0.006947565078735352,0.00714421272277832,0,0
task2-winner-evaluation-v1,development,11,parent_task1,10018,runs/gate_scoreconv_ddqn_cv2_r7_s11_t1_814173b,gate_scoreconv_ddqn_cv2_r7_s11_t1_814173b_s10018,runs/scoreconv_ddqn_cv2_r7_s11_t1_v7_814173b/checkpoints/final.pt,e35a332f54207ad5c507c76304c997a773625148aec29205b72e2f19d710781e,814173b618fb38990db7a5b7ee200369c8b25289,b3dafd35f05214bac1058d7e16407e8cb113322a10c590efb748a51eb6e9364e,completed,coin-heaven,coin_navigation_evaluate,128,50,50,0,0,0,0,1,0,0,0,0,128,0.006069717928767204,0.006997907161712646,0.007794618606567383,0,0
task2-winner-evaluation-v1,development,11,parent_task1,10019,runs/gate_scoreconv_ddqn_cv2_r7_s11_t1_814173b,gate_scoreconv_ddqn_cv2_r7_s11_t1_814173b_s10019,runs/scoreconv_ddqn_cv2_r7_s11_t1_v7_814173b/checkpoints/final.pt,e35a332f54207ad5c507c76304c997a773625148aec29205b72e2f19d710781e,814173b618fb38990db7a5b7ee200369c8b25289,b3dafd35f05214bac1058d7e16407e8cb113322a10c590efb748a51eb6e9364e,completed,coin-heaven,coin_navigation_evaluate,131,50,50,0,0,0,0,1,0,0,0,0,131,0.005761137445464389,0.006615996360778809,0.0067980289459228516,0,0
task2-winner-evaluation-v1,development,11,child_task1,10000,runs/eval20_cv2_r7_backtest_t1_814173b,eval20_cv2_r7_backtest_t1_814173b_s10000,runs/scoreconv_ddqn_cv2_r7_s11_t2_v7_814173b/checkpoints/final.pt,91fc3d5e346768ed8928a63baf1b62f6a11bd1f2e816c1fb8d27a16ab00479f1,814173b618fb38990db7a5b7ee200369c8b25289,b3dafd35f05214bac1058d7e16407e8cb113322a10c590efb748a51eb6e9364e,completed,coin-heaven,coin_navigation_evaluate,145,50,50,0,0,0,0,1,0,0,0,0,145,0.005914697975947939,0.00670623779296875,0.00682520866394043,0,0
task2-winner-evaluation-v1,development,11,child_task1,10001,runs/eval20_cv2_r7_backtest_t1_814173b,eval20_cv2_r7_backtest_t1_814173b_s10001,runs/scoreconv_ddqn_cv2_r7_s11_t2_v7_814173b/checkpoints/final.pt,91fc3d5e346768ed8928a63baf1b62f6a11bd1f2e816c1fb8d27a16ab00479f1,814173b618fb38990db7a5b7ee200369c8b25289,b3dafd35f05214bac1058d7e16407e8cb113322a10c590efb748a51eb6e9364e,completed,coin-heaven,coin_navigation_evaluate,122,50,50,0,0,0,0,1,0,0,0,0,122,0.005965158587596456,0.006739044189453125,0.007020473480224609,0,0
task2-winner-evaluation-v1,development,11,child_task1,10002,runs/eval20_cv2_r7_backtest_t1_814173b,eval20_cv2_r7_backtest_t1_814173b_s10002,runs/scoreconv_ddqn_cv2_r7_s11_t2_v7_814173b/checkpoints/final.pt,91fc3d5e346768ed8928a63baf1b62f6a11bd1f2e816c1fb8d27a16ab00479f1,814173b618fb38990db7a5b7ee200369c8b25289,b3dafd35f05214bac1058d7e16407e8cb113322a10c590efb748a51eb6e9364e,completed,coin-heaven,coin_navigation_evaluate,130,50,50,0,0,0,0,1,0,0,0,0,130,0.006009382468003493,0.006782388687133789,0.008821725845336914,0,0
task2-winner-evaluation-v1,development,11,child_task1,10003,runs/eval20_cv2_r7_backtest_t1_814173b,eval20_cv2_r7_backtest_t1_814173b_s10003,runs/scoreconv_ddqn_cv2_r7_s11_t2_v7_814173b/checkpoints/final.pt,91fc3d5e346768ed8928a63baf1b62f6a11bd1f2e816c1fb8d27a16ab00479f1,814173b618fb38990db7a5b7ee200369c8b25289,b3dafd35f05214bac1058d7e16407e8cb113322a10c590efb748a51eb6e9364e,completed,coin-heaven,coin_navigation_evaluate,127,50,50,0,0,0,0,1,0,0,0,0,127,0.006020532818291131,0.006768155097961425,0.007318019866943359,0,0
task2-winner-evaluation-v1,development,11,child_task1,10004,runs/eval20_cv2_r7_backtest_t1_814173b,eval20_cv2_r7_backtest_t1_814173b_s10004,runs/scoreconv_ddqn_cv2_r7_s11_t2_v7_814173b/checkpoints/final.pt,91fc3d5e346768ed8928a63baf1b62f6a11bd1f2e816c1fb8d27a16ab00479f1,814173b618fb38990db7a5b7ee200369c8b25289,b3dafd35f05214bac1058d7e16407e8cb113322a10c590efb748a51eb6e9364e,completed,coin-heaven,coin_navigation_evaluate,139,50,50,0,0,0,0,1,0,0,0,0,139,0.006038346736551189,0.0067295789718627924,0.006857395172119141,0,0
task2-winner-evaluation-v1,development,11,child_task1,10005,runs/eval20_cv2_r7_backtest_t1_814173b,eval20_cv2_r7_backtest_t1_814173b_s10005,runs/scoreconv_ddqn_cv2_r7_s11_t2_v7_814173b/checkpoints/final.pt,91fc3d5e346768ed8928a63baf1b62f6a11bd1f2e816c1fb8d27a16ab00479f1,814173b618fb38990db7a5b7ee200369c8b25289,b3dafd35f05214bac1058d7e16407e8cb113322a10c590efb748a51eb6e9364e,completed,coin-heaven,coin_navigation_evaluate,125,50,50,0,0,0,0,1,0,0,0,0,125,0.005922248840332031,0.006737327575683594,0.007508993148803711,0,0
task2-winner-evaluation-v1,development,11,child_task1,10006,runs/eval20_cv2_r7_backtest_t1_814173b,eval20_cv2_r7_backtest_t1_814173b_s10006,runs/scoreconv_ddqn_cv2_r7_s11_t2_v7_814173b/checkpoints/final.pt,91fc3d5e346768ed8928a63baf1b62f6a11bd1f2e816c1fb8d27a16ab00479f1,814173b618fb38990db7a5b7ee200369c8b25289,b3dafd35f05214bac1058d7e16407e8cb113322a10c590efb748a51eb6e9364e,completed,coin-heaven,coin_navigation_evaluate,119,50,50,0,0,0,0,1,0,0,0,0,119,0.005970079357884512,0.006726694107055664,0.006891489028930664,0,0
task2-winner-evaluation-v1,development,11,child_task1,10007,runs/eval20_cv2_r7_backtest_t1_814173b,eval20_cv2_r7_backtest_t1_814173b_s10007,runs/scoreconv_ddqn_cv2_r7_s11_t2_v7_814173b/checkpoints/final.pt,91fc3d5e346768ed8928a63baf1b62f6a11bd1f2e816c1fb8d27a16ab00479f1,814173b618fb38990db7a5b7ee200369c8b25289,b3dafd35f05214bac1058d7e16407e8cb113322a10c590efb748a51eb6e9364e,completed,coin-heaven,coin_navigation_evaluate,111,50,50,0,0,0,0,1,0,0,0,0,111,0.006048314206235044,0.006791949272155762,0.0074920654296875,0,0
task2-winner-evaluation-v1,development,11,child_task1,10008,runs/eval20_cv2_r7_backtest_t1_814173b,eval20_cv2_r7_backtest_t1_814173b_s10008,runs/scoreconv_ddqn_cv2_r7_s11_t2_v7_814173b/checkpoints/final.pt,91fc3d5e346768ed8928a63baf1b62f6a11bd1f2e816c1fb8d27a16ab00479f1,814173b618fb38990db7a5b7ee200369c8b25289,b3dafd35f05214bac1058d7e16407e8cb113322a10c590efb748a51eb6e9364e,completed,coin-heaven,coin_navigation_evaluate,120,50,50,0,0,0,0,1,0,0,0,0,120,0.006059773763020833,0.00675433874130249,0.00727081298828125,0,0
task2-winner-evaluation-v1,development,11,child_task1,10009,runs/eval20_cv2_r7_backtest_t1_814173b,eval20_cv2_r7_backtest_t1_814173b_s10009,runs/scoreconv_ddqn_cv2_r7_s11_t2_v7_814173b/checkpoints/final.pt,91fc3d5e346768ed8928a63baf1b62f6a11bd1f2e816c1fb8d27a16ab00479f1,814173b618fb38990db7a5b7ee200369c8b25289,b3dafd35f05214bac1058d7e16407e8cb113322a10c590efb748a51eb6e9364e,completed,coin-heaven,coin_navigation_evaluate,124,50,50,0,0,0,0,1,0,0,0,0,124,0.00596198728007655,0.0067152857780456545,0.00724029541015625,0,0
task2-winner-evaluation-v1,development,11,child_task1,10010,runs/eval20_cv2_r7_backtest_t1_814173b,eval20_cv2_r7_backtest_t1_814173b_s10010,runs/scoreconv_ddqn_cv2_r7_s11_t2_v7_814173b/checkpoints/final.pt,91fc3d5e346768ed8928a63baf1b62f6a11bd1f2e816c1fb8d27a16ab00479f1,814173b618fb38990db7a5b7ee200369c8b25289,b3dafd35f05214bac1058d7e16407e8cb113322a10c590efb748a51eb6e9364e,completed,coin-heaven,coin_navigation_evaluate,128,50,50,0,0,0,0,1,0,0,0,0,128,0.005963809788227081,0.00677480697631836,0.006925106048583984,0,0
task2-winner-evaluation-v1,development,11,child_task1,10011,runs/eval20_cv2_r7_backtest_t1_814173b,eval20_cv2_r7_backtest_t1_814173b_s10011,runs/scoreconv_ddqn_cv2_r7_s11_t2_v7_814173b/checkpoints/final.pt,91fc3d5e346768ed8928a63baf1b62f6a11bd1f2e816c1fb8d27a16ab00479f1,814173b618fb38990db7a5b7ee200369c8b25289,b3dafd35f05214bac1058d7e16407e8cb113322a10c590efb748a51eb6e9364e,completed,coin-heaven,coin_navigation_evaluate,142,50,50,0,0,0,0,1,0,0,0,0,142,0.005994516359248632,0.006786251068115234,0.007036685943603516,0,0
task2-winner-evaluation-v1,development,11,child_task1,10012,runs/eval20_cv2_r7_backtest_t1_814173b,eval20_cv2_r7_backtest_t1_814173b_s10012,runs/scoreconv_ddqn_cv2_r7_s11_t2_v7_814173b/checkpoints/final.pt,91fc3d5e346768ed8928a63baf1b62f6a11bd1f2e816c1fb8d27a16ab00479f1,814173b618fb38990db7a5b7ee200369c8b25289,b3dafd35f05214bac1058d7e16407e8cb113322a10c590efb748a51eb6e9364e,completed,coin-heaven,coin_navigation_evaluate,128,50,50,0,0,0,0,1,0,0,0,0,128,0.006006162613630295,0.006784176826477051,0.007252693176269531,0,0
task2-winner-evaluation-v1,development,11,child_task1,10013,runs/eval20_cv2_r7_backtest_t1_814173b,eval20_cv2_r7_backtest_t1_814173b_s10013,runs/scoreconv_ddqn_cv2_r7_s11_t2_v7_814173b/checkpoints/final.pt,91fc3d5e346768ed8928a63baf1b62f6a11bd1f2e816c1fb8d27a16ab00479f1,814173b618fb38990db7a5b7ee200369c8b25289,b3dafd35f05214bac1058d7e16407e8cb113322a10c590efb748a51eb6e9364e,completed,coin-heaven,coin_navigation_evaluate,125,50,50,0,0,0,0,1,0,0,0,0,125,0.006062078475952149,0.006933259963989257,0.008216142654418945,0,0
task2-winner-evaluation-v1,development,11,child_task1,10014,runs/eval20_cv2_r7_backtest_t1_814173b,eval20_cv2_r7_backtest_t1_814173b_s10014,runs/scoreconv_ddqn_cv2_r7_s11_t2_v7_814173b/checkpoints/final.pt,91fc3d5e346768ed8928a63baf1b62f6a11bd1f2e816c1fb8d27a16ab00479f1,814173b618fb38990db7a5b7ee200369c8b25289,b3dafd35f05214bac1058d7e16407e8cb113322a10c590efb748a51eb6e9364e,completed,coin-heaven,coin_navigation_evaluate,145,50,50,0,0,0,0,1,0,0,0,0,145,0.006051788658931337,0.006817913055419921,0.00744938850402832,0,0
task2-winner-evaluation-v1,development,11,child_task1,10015,runs/eval20_cv2_r7_backtest_t1_814173b,eval20_cv2_r7_backtest_t1_814173b_s10015,runs/scoreconv_ddqn_cv2_r7_s11_t2_v7_814173b/checkpoints/final.pt,91fc3d5e346768ed8928a63baf1b62f6a11bd1f2e816c1fb8d27a16ab00479f1,814173b618fb38990db7a5b7ee200369c8b25289,b3dafd35f05214bac1058d7e16407e8cb113322a10c590efb748a51eb6e9364e,completed,coin-heaven,coin_navigation_evaluate,123,50,50,0,0,0,0,1,0,0,0,0,123,0.006027398070668787,0.0067518711090087885,0.0074498653411865234,0,0
task2-winner-evaluation-v1,development,11,child_task1,10016,runs/eval20_cv2_r7_backtest_t1_814173b,eval20_cv2_r7_backtest_t1_814173b_s10016,runs/scoreconv_ddqn_cv2_r7_s11_t2_v7_814173b/checkpoints/final.pt,91fc3d5e346768ed8928a63baf1b62f6a11bd1f2e816c1fb8d27a16ab00479f1,814173b618fb38990db7a5b7ee200369c8b25289,b3dafd35f05214bac1058d7e16407e8cb113322a10c590efb748a51eb6e9364e,completed,coin-heaven,coin_navigation_evaluate,133,50,50,0,0,0,0,1,0,0,0,0,133,0.00600712639944894,0.006623601913452149,0.007773160934448242,0,0
task2-winner-evaluation-v1,development,11,child_task1,10017,runs/eval20_cv2_r7_backtest_t1_814173b,eval20_cv2_r7_backtest_t1_814173b_s10017,runs/scoreconv_ddqn_cv2_r7_s11_t2_v7_814173b/checkpoints/final.pt,91fc3d5e346768ed8928a63baf1b62f6a11bd1f2e816c1fb8d27a16ab00479f1,814173b618fb38990db7a5b7ee200369c8b25289,b3dafd35f05214bac1058d7e16407e8cb113322a10c590efb748a51eb6e9364e,completed,coin-heaven,coin_navigation_evaluate,107,50,50,0,0,0,0,1,0,0,0,0,107,0.005927172776694609,0.006893444061279296,0.009252548217773438,0,0
task2-winner-evaluation-v1,development,11,child_task1,10018,runs/eval20_cv2_r7_backtest_t1_814173b,eval20_cv2_r7_backtest_t1_814173b_s10018,runs/scoreconv_ddqn_cv2_r7_s11_t2_v7_814173b/checkpoints/final.pt,91fc3d5e346768ed8928a63baf1b62f6a11bd1f2e816c1fb8d27a16ab00479f1,814173b618fb38990db7a5b7ee200369c8b25289,b3dafd35f05214bac1058d7e16407e8cb113322a10c590efb748a51eb6e9364e,completed,coin-heaven,coin_navigation_evaluate,146,50,50,0,0,0,0,1,0,0,0,0,146,0.005995593658865314,0.0067405104637146,0.007010698318481445,0,0
task2-winner-evaluation-v1,development,11,child_task1,10019,runs/eval20_cv2_r7_backtest_t1_814173b,eval20_cv2_r7_backtest_t1_814173b_s10019,runs/scoreconv_ddqn_cv2_r7_s11_t2_v7_814173b/checkpoints/final.pt,91fc3d5e346768ed8928a63baf1b62f6a11bd1f2e816c1fb8d27a16ab00479f1,814173b618fb38990db7a5b7ee200369c8b25289,b3dafd35f05214bac1058d7e16407e8cb113322a10c590efb748a51eb6e9364e,completed,coin-heaven,coin_navigation_evaluate,147,50,50,0,0,0,0,1,0,0,0,0,147,0.005930733518535588,0.006771183013916015,0.007070064544677734,0,0
task2-winner-evaluation-v1,development,11,parent_task2,10000,runs/eval20_cv2_r7_parent_t2_814173b,eval20_cv2_r7_parent_t2_814173b_s10000,runs/scoreconv_ddqn_cv2_r7_s11_t1_v7_814173b/checkpoints/final.pt,e35a332f54207ad5c507c76304c997a773625148aec29205b72e2f19d710781e,814173b618fb38990db7a5b7ee200369c8b25289,b3dafd35f05214bac1058d7e16407e8cb113322a10c590efb748a51eb6e9364e,completed,classic,crate_navigation_evaluate,400,0,0,0,0,0,0,1,0,0,0,0,400,0.002973620891571045,0.0035233020782470684,0.008297920227050781,0,0
task2-winner-evaluation-v1,development,11,parent_task2,10001,runs/eval20_cv2_r7_parent_t2_814173b,eval20_cv2_r7_parent_t2_814173b_s10001,runs/scoreconv_ddqn_cv2_r7_s11_t1_v7_814173b/checkpoints/final.pt,e35a332f54207ad5c507c76304c997a773625148aec29205b72e2f19d710781e,814173b618fb38990db7a5b7ee200369c8b25289,b3dafd35f05214bac1058d7e16407e8cb113322a10c590efb748a51eb6e9364e,completed,classic,crate_navigation_evaluate,400,0,0,0,0,0,0,1,0,0,0,0,400,0.0027548873424530027,0.003143143653869628,0.003753662109375,0,0
task2-winner-evaluation-v1,development,11,parent_task2,10002,runs/eval20_cv2_r7_parent_t2_814173b,eval20_cv2_r7_parent_t2_814173b_s10002,runs/scoreconv_ddqn_cv2_r7_s11_t1_v7_814173b/checkpoints/final.pt,e35a332f54207ad5c507c76304c997a773625148aec29205b72e2f19d710781e,814173b618fb38990db7a5b7ee200369c8b25289,b3dafd35f05214bac1058d7e16407e8cb113322a10c590efb748a51eb6e9364e,completed,classic,crate_navigation_evaluate,400,0,0,0,0,0,0,1,0,0,0,0,400,0.00284324049949646,0.003134334087371826,0.00457000732421875,0,0
task2-winner-evaluation-v1,development,11,parent_task2,10003,runs/eval20_cv2_r7_parent_t2_814173b,eval20_cv2_r7_parent_t2_814173b_s10003,runs/scoreconv_ddqn_cv2_r7_s11_t1_v7_814173b/checkpoints/final.pt,e35a332f54207ad5c507c76304c997a773625148aec29205b72e2f19d710781e,814173b618fb38990db7a5b7ee200369c8b25289,b3dafd35f05214bac1058d7e16407e8cb113322a10c590efb748a51eb6e9364e,completed,classic,crate_navigation_evaluate,400,0,0,0,0,0,0,1,0,0,0,0,400,0.002889587879180908,0.0030659198760986327,0.0037755966186523438,0,0
task2-winner-evaluation-v1,development,11,parent_task2,10004,runs/eval20_cv2_r7_parent_t2_814173b,eval20_cv2_r7_parent_t2_814173b_s10004,runs/scoreconv_ddqn_cv2_r7_s11_t1_v7_814173b/checkpoints/final.pt,e35a332f54207ad5c507c76304c997a773625148aec29205b72e2f19d710781e,814173b618fb38990db7a5b7ee200369c8b25289,b3dafd35f05214bac1058d7e16407e8cb113322a10c590efb748a51eb6e9364e,completed,classic,crate_navigation_evaluate,400,0,0,0,0,0,0,1,0,0,0,0,400,0.0027810132503509524,0.0029669642448425294,0.0040438175201416016,0,0
task2-winner-evaluation-v1,development,11,parent_task2,10005,runs/eval20_cv2_r7_parent_t2_814173b,eval20_cv2_r7_parent_t2_814173b_s10005,runs/scoreconv_ddqn_cv2_r7_s11_t1_v7_814173b/checkpoints/final.pt,e35a332f54207ad5c507c76304c997a773625148aec29205b72e2f19d710781e,814173b618fb38990db7a5b7ee200369c8b25289,b3dafd35f05214bac1058d7e16407e8cb113322a10c590efb748a51eb6e9364e,completed,classic,crate_navigation_evaluate,400,0,0,0,0,0,0,1,0,0,0,0,400,0.0027026385068893433,0.002835333347320556,0.003915548324584961,0,0
task2-winner-evaluation-v1,development,11,parent_task2,10006,runs/eval20_cv2_r7_parent_t2_814173b,eval20_cv2_r7_parent_t2_814173b_s10006,runs/scoreconv_ddqn_cv2_r7_s11_t1_v7_814173b/checkpoints/final.pt,e35a332f54207ad5c507c76304c997a773625148aec29205b72e2f19d710781e,814173b618fb38990db7a5b7ee200369c8b25289,b3dafd35f05214bac1058d7e16407e8cb113322a10c590efb748a51eb6e9364e,completed,classic,crate_navigation_evaluate,400,0,0,0,0,0,0,1,0,0,0,0,400,0.002710792422294617,0.002922868728637695,0.0032835006713867188,0,0
task2-winner-evaluation-v1,development,11,parent_task2,10007,runs/eval20_cv2_r7_parent_t2_814173b,eval20_cv2_r7_parent_t2_814173b_s10007,runs/scoreconv_ddqn_cv2_r7_s11_t1_v7_814173b/checkpoints/final.pt,e35a332f54207ad5c507c76304c997a773625148aec29205b72e2f19d710781e,814173b618fb38990db7a5b7ee200369c8b25289,b3dafd35f05214bac1058d7e16407e8cb113322a10c590efb748a51eb6e9364e,completed,classic,crate_navigation_evaluate,400,0,0,0,0,0,0,1,0,0,0,0,400,0.002713199853897095,0.002865934371948241,0.005801200866699219,0,0
task2-winner-evaluation-v1,development,11,parent_task2,10008,runs/eval20_cv2_r7_parent_t2_814173b,eval20_cv2_r7_parent_t2_814173b_s10008,runs/scoreconv_ddqn_cv2_r7_s11_t1_v7_814173b/checkpoints/final.pt,e35a332f54207ad5c507c76304c997a773625148aec29205b72e2f19d710781e,814173b618fb38990db7a5b7ee200369c8b25289,b3dafd35f05214bac1058d7e16407e8cb113322a10c590efb748a51eb6e9364e,completed,classic,crate_navigation_evaluate,400,0,0,0,0,0,0,1,0,0,0,0,400,0.00272818922996521,0.0029496192932128907,0.009286642074584961,0,0
task2-winner-evaluation-v1,development,11,parent_task2,10009,runs/eval20_cv2_r7_parent_t2_814173b,eval20_cv2_r7_parent_t2_814173b_s10009,runs/scoreconv_ddqn_cv2_r7_s11_t1_v7_814173b/checkpoints/final.pt,e35a332f54207ad5c507c76304c997a773625148aec29205b72e2f19d710781e,814173b618fb38990db7a5b7ee200369c8b25289,b3dafd35f05214bac1058d7e16407e8cb113322a10c590efb748a51eb6e9364e,completed,classic,crate_navigation_evaluate,400,0,0,0,0,0,0,1,0,0,0,0,400,0.0027083158493041992,0.0029283046722412107,0.004229068756103516,0,0
task2-winner-evaluation-v1,development,11,parent_task2,10010,runs/eval20_cv2_r7_parent_t2_814173b,eval20_cv2_r7_parent_t2_814173b_s10010,runs/scoreconv_ddqn_cv2_r7_s11_t1_v7_814173b/checkpoints/final.pt,e35a332f54207ad5c507c76304c997a773625148aec29205b72e2f19d710781e,814173b618fb38990db7a5b7ee200369c8b25289,b3dafd35f05214bac1058d7e16407e8cb113322a10c590efb748a51eb6e9364e,completed,classic,crate_navigation_evaluate,400,0,0,0,0,0,0,1,0,0,0,0,400,0.002990559935569763,0.003215944766998291,0.004305601119995117,0,0
task2-winner-evaluation-v1,development,11,parent_task2,10011,runs/eval20_cv2_r7_parent_t2_814173b,eval20_cv2_r7_parent_t2_814173b_s10011,runs/scoreconv_ddqn_cv2_r7_s11_t1_v7_814173b/checkpoints/final.pt,e35a332f54207ad5c507c76304c997a773625148aec29205b72e2f19d710781e,814173b618fb38990db7a5b7ee200369c8b25289,b3dafd35f05214bac1058d7e16407e8cb113322a10c590efb748a51eb6e9364e,completed,classic,crate_navigation_evaluate,400,0,0,0,0,0,0,1,0,0,0,0,400,0.0027311205863952636,0.0029294967651367185,0.0040035247802734375,0,0
task2-winner-evaluation-v1,development,11,parent_task2,10012,runs/eval20_cv2_r7_parent_t2_814173b,eval20_cv2_r7_parent_t2_814173b_s10012,runs/scoreconv_ddqn_cv2_r7_s11_t1_v7_814173b/checkpoints/final.pt,e35a332f54207ad5c507c76304c997a773625148aec29205b72e2f19d710781e,814173b618fb38990db7a5b7ee200369c8b25289,b3dafd35f05214bac1058d7e16407e8cb113322a10c590efb748a51eb6e9364e,completed,classic,crate_navigation_evaluate,400,0,0,0,0,0,0,1,0,0,0,0,400,0.0027804309129714965,0.0029795169830322266,0.004259824752807617,0,0
task2-winner-evaluation-v1,development,11,parent_task2,10013,runs/eval20_cv2_r7_parent_t2_814173b,eval20_cv2_r7_parent_t2_814173b_s10013,runs/scoreconv_ddqn_cv2_r7_s11_t1_v7_814173b/checkpoints/final.pt,e35a332f54207ad5c507c76304c997a773625148aec29205b72e2f19d710781e,814173b618fb38990db7a5b7ee200369c8b25289,b3dafd35f05214bac1058d7e16407e8cb113322a10c590efb748a51eb6e9364e,completed,classic,crate_navigation_evaluate,400,0,0,0,0,0,0,1,0,0,0,0,400,0.0027965182065963746,0.0030737519264221187,0.003836393356323242,0,0
task2-winner-evaluation-v1,development,11,parent_task2,10014,runs/eval20_cv2_r7_parent_t2_814173b,eval20_cv2_r7_parent_t2_814173b_s10014,runs/scoreconv_ddqn_cv2_r7_s11_t1_v7_814173b/checkpoints/final.pt,e35a332f54207ad5c507c76304c997a773625148aec29205b72e2f19d710781e,814173b618fb38990db7a5b7ee200369c8b25289,b3dafd35f05214bac1058d7e16407e8cb113322a10c590efb748a51eb6e9364e,completed,classic,crate_navigation_evaluate,400,0,0,0,0,0,0,1,0,0,0,0,400,0.0027340352535247803,0.0029510498046874992,0.004460811614990234,0,0
task2-winner-evaluation-v1,development,11,parent_task2,10015,runs/eval20_cv2_r7_parent_t2_814173b,eval20_cv2_r7_parent_t2_814173b_s10015,runs/scoreconv_ddqn_cv2_r7_s11_t1_v7_814173b/checkpoints/final.pt,e35a332f54207ad5c507c76304c997a773625148aec29205b72e2f19d710781e,814173b618fb38990db7a5b7ee200369c8b25289,b3dafd35f05214bac1058d7e16407e8cb113322a10c590efb748a51eb6e9364e,completed,classic,crate_navigation_evaluate,400,0,0,0,0,0,0,1,0,0,0,0,400,0.002696515321731567,0.002867496013641357,0.0034019947052001953,0,0
task2-winner-evaluation-v1,development,11,parent_task2,10016,runs/eval20_cv2_r7_parent_t2_814173b,eval20_cv2_r7_parent_t2_814173b_s10016,runs/scoreconv_ddqn_cv2_r7_s11_t1_v7_814173b/checkpoints/final.pt,e35a332f54207ad5c507c76304c997a773625148aec29205b72e2f19d710781e,814173b618fb38990db7a5b7ee200369c8b25289,b3dafd35f05214bac1058d7e16407e8cb113322a10c590efb748a51eb6e9364e,completed,classic,crate_navigation_evaluate,400,0,0,0,0,0,0,1,0,0,0,0,400,0.0027201998233795164,0.0029080629348754877,0.004278659820556641,0,0
task2-winner-evaluation-v1,development,11,parent_task2,10017,runs/eval20_cv2_r7_parent_t2_814173b,eval20_cv2_r7_parent_t2_814173b_s10017,runs/scoreconv_ddqn_cv2_r7_s11_t1_v7_814173b/checkpoints/final.pt,e35a332f54207ad5c507c76304c997a773625148aec29205b72e2f19d710781e,814173b618fb38990db7a5b7ee200369c8b25289,b3dafd35f05214bac1058d7e16407e8cb113322a10c590efb748a51eb6e9364e,completed,classic,crate_navigation_evaluate,400,0,0,0,0,0,0,1,0,0,0,0,400,0.0029134178161621094,0.003017711639404297,0.0065343379974365234,0,0
task2-winner-evaluation-v1,development,11,parent_task2,10018,runs/eval20_cv2_r7_parent_t2_814173b,eval20_cv2_r7_parent_t2_814173b_s10018,runs/scoreconv_ddqn_cv2_r7_s11_t1_v7_814173b/checkpoints/final.pt,e35a332f54207ad5c507c76304c997a773625148aec29205b72e2f19d710781e,814173b618fb38990db7a5b7ee200369c8b25289,b3dafd35f05214bac1058d7e16407e8cb113322a10c590efb748a51eb6e9364e,completed,classic,crate_navigation_evaluate,400,0,0,0,0,0,0,1,0,0,0,0,400,0.002702565789222717,0.002883148193359375,0.0039017200469970703,0,0
task2-winner-evaluation-v1,development,11,parent_task2,10019,runs/eval20_cv2_r7_parent_t2_814173b,eval20_cv2_r7_parent_t2_814173b_s10019,runs/scoreconv_ddqn_cv2_r7_s11_t1_v7_814173b/checkpoints/final.pt,e35a332f54207ad5c507c76304c997a773625148aec29205b72e2f19d710781e,814173b618fb38990db7a5b7ee200369c8b25289,b3dafd35f05214bac1058d7e16407e8cb113322a10c590efb748a51eb6e9364e,completed,classic,crate_navigation_evaluate,400,0,0,0,0,0,0,1,0,0,0,0,400,0.0028357666730880735,0.0029993414878845214,0.004327297210693359,0,0
task2-winner-evaluation-v1,development,11,child_task2,10000,runs/eval20_cv2_r7_child_t2_814173b,eval20_cv2_r7_child_t2_814173b_s10000,runs/scoreconv_ddqn_cv2_r7_s11_t2_v7_814173b/checkpoints/final.pt,91fc3d5e346768ed8928a63baf1b62f6a11bd1f2e816c1fb8d27a16ab00479f1,814173b618fb38990db7a5b7ee200369c8b25289,b3dafd35f05214bac1058d7e16407e8cb113322a10c590efb748a51eb6e9364e,completed,classic,crate_navigation_evaluate,400,7,7,99,0,0,0,1,56,55,55,0,400,0.003451210856437683,0.005090618133544919,0.008368968963623047,0,0
task2-winner-evaluation-v1,development,11,child_task2,10001,runs/eval20_cv2_r7_child_t2_814173b,eval20_cv2_r7_child_t2_814173b_s10001,runs/scoreconv_ddqn_cv2_r7_s11_t2_v7_814173b/checkpoints/final.pt,91fc3d5e346768ed8928a63baf1b62f6a11bd1f2e816c1fb8d27a16ab00479f1,814173b618fb38990db7a5b7ee200369c8b25289,b3dafd35f05214bac1058d7e16407e8cb113322a10c590efb748a51eb6e9364e,completed,classic,crate_navigation_evaluate,400,5,5,95,0,0,0,1,51,51,51,0,400,0.003527892231941223,0.0052405834197998035,0.006727457046508789,0,0
task2-winner-evaluation-v1,development,11,child_task2,10002,runs/eval20_cv2_r7_child_t2_814173b,eval20_cv2_r7_child_t2_814173b_s10002,runs/scoreconv_ddqn_cv2_r7_s11_t2_v7_814173b/checkpoints/final.pt,91fc3d5e346768ed8928a63baf1b62f6a11bd1f2e816c1fb8d27a16ab00479f1,814173b618fb38990db7a5b7ee200369c8b25289,b3dafd35f05214bac1058d7e16407e8cb113322a10c590efb748a51eb6e9364e,completed,classic,crate_navigation_evaluate,400,5,5,98,0,0,0,1,54,53,53,0,400,0.003368956446647644,0.004896247386932374,0.018260717391967773,0,0
task2-winner-evaluation-v1,development,11,child_task2,10003,runs/eval20_cv2_r7_child_t2_814173b,eval20_cv2_r7_child_t2_814173b_s10003,runs/scoreconv_ddqn_cv2_r7_s11_t2_v7_814173b/checkpoints/final.pt,91fc3d5e346768ed8928a63baf1b62f6a11bd1f2e816c1fb8d27a16ab00479f1,814173b618fb38990db7a5b7ee200369c8b25289,b3dafd35f05214bac1058d7e16407e8cb113322a10c590efb748a51eb6e9364e,completed,classic,crate_navigation_evaluate,400,7,7,96,0,0,0,1,55,54,54,0,400,0.0033819615840911866,0.004935896396636962,0.006145000457763672,0,0
task2-winner-evaluation-v1,development,11,child_task2,10004,runs/eval20_cv2_r7_child_t2_814173b,eval20_cv2_r7_child_t2_814173b_s10004,runs/scoreconv_ddqn_cv2_r7_s11_t2_v7_814173b/checkpoints/final.pt,91fc3d5e346768ed8928a63baf1b62f6a11bd1f2e816c1fb8d27a16ab00479f1,814173b618fb38990db7a5b7ee200369c8b25289,b3dafd35f05214bac1058d7e16407e8cb113322a10c590efb748a51eb6e9364e,completed,classic,crate_navigation_evaluate,400,7,7,82,0,0,0,1,54,53,53,0,400,0.003347005844116211,0.0051060080528259255,0.006917476654052734,0,0
task2-winner-evaluation-v1,development,11,child_task2,10005,runs/eval20_cv2_r7_child_t2_814173b,eval20_cv2_r7_child_t2_814173b_s10005,runs/scoreconv_ddqn_cv2_r7_s11_t2_v7_814173b/checkpoints/final.pt,91fc3d5e346768ed8928a63baf1b62f6a11bd1f2e816c1fb8d27a16ab00479f1,814173b618fb38990db7a5b7ee200369c8b25289,b3dafd35f05214bac1058d7e16407e8cb113322a10c590efb748a51eb6e9364e,completed,classic,crate_navigation_evaluate,400,5,5,78,0,0,0,1,52,52,52,0,400,0.0032304728031158445,0.004442214965820312,0.005329608917236328,0,0
task2-winner-evaluation-v1,development,11,child_task2,10006,runs/eval20_cv2_r7_child_t2_814173b,eval20_cv2_r7_child_t2_814173b_s10006,runs/scoreconv_ddqn_cv2_r7_s11_t2_v7_814173b/checkpoints/final.pt,91fc3d5e346768ed8928a63baf1b62f6a11bd1f2e816c1fb8d27a16ab00479f1,814173b618fb38990db7a5b7ee200369c8b25289,b3dafd35f05214bac1058d7e16407e8cb113322a10c590efb748a51eb6e9364e,completed,classic,crate_navigation_evaluate,400,7,7,100,0,0,0,1,53,52,52,0,400,0.003362056016921997,0.0049621820449829105,0.006404399871826172,0,0
task2-winner-evaluation-v1,development,11,child_task2,10007,runs/eval20_cv2_r7_child_t2_814173b,eval20_cv2_r7_child_t2_814173b_s10007,runs/scoreconv_ddqn_cv2_r7_s11_t2_v7_814173b/checkpoints/final.pt,91fc3d5e346768ed8928a63baf1b62f6a11bd1f2e816c1fb8d27a16ab00479f1,814173b618fb38990db7a5b7ee200369c8b25289,b3dafd35f05214bac1058d7e16407e8cb113322a10c590efb748a51eb6e9364e,completed,classic,crate_navigation_evaluate,400,7,7,79,0,0,0,1,53,52,52,0,400,0.003343240022659302,0.005159044265747067,0.006421089172363281,0,0
task2-winner-evaluation-v1,development,11,child_task2,10008,runs/eval20_cv2_r7_child_t2_814173b,eval20_cv2_r7_child_t2_814173b_s10008,runs/scoreconv_ddqn_cv2_r7_s11_t2_v7_814173b/checkpoints/final.pt,91fc3d5e346768ed8928a63baf1b62f6a11bd1f2e816c1fb8d27a16ab00479f1,814173b618fb38990db7a5b7ee200369c8b25289,b3dafd35f05214bac1058d7e16407e8cb113322a10c590efb748a51eb6e9364e,completed,classic,crate_navigation_evaluate,400,6,6,77,0,0,0,1,53,53,53,0,400,0.003291535973548889,0.004788732528686523,0.00696110725402832,0,0
task2-winner-evaluation-v1,development,11,child_task2,10009,runs/eval20_cv2_r7_child_t2_814173b,eval20_cv2_r7_child_t2_814173b_s10009,runs/scoreconv_ddqn_cv2_r7_s11_t2_v7_814173b/checkpoints/final.pt,91fc3d5e346768ed8928a63baf1b62f6a11bd1f2e816c1fb8d27a16ab00479f1,814173b618fb38990db7a5b7ee200369c8b25289,b3dafd35f05214bac1058d7e16407e8cb113322a10c590efb748a51eb6e9364e,completed,classic,crate_navigation_evaluate,400,5,5,80,0,0,0,1,55,55,55,0,400,0.003340810537338257,0.00478154420852661,0.005529165267944336,0,0
task2-winner-evaluation-v1,development,11,child_task2,10010,runs/eval20_cv2_r7_child_t2_814173b,eval20_cv2_r7_child_t2_814173b_s10010,runs/scoreconv_ddqn_cv2_r7_s11_t2_v7_814173b/checkpoints/final.pt,91fc3d5e346768ed8928a63baf1b62f6a11bd1f2e816c1fb8d27a16ab00479f1,814173b618fb38990db7a5b7ee200369c8b25289,b3dafd35f05214bac1058d7e16407e8cb113322a10c590efb748a51eb6e9364e,completed,classic,crate_navigation_evaluate,400,7,7,101,0,0,0,1,54,53,53,0,400,0.0035299021005630493,0.00536046028137207,0.0064542293548583984,0,0
task2-winner-evaluation-v1,development,11,child_task2,10011,runs/eval20_cv2_r7_child_t2_814173b,eval20_cv2_r7_child_t2_814173b_s10011,runs/scoreconv_ddqn_cv2_r7_s11_t2_v7_814173b/checkpoints/final.pt,91fc3d5e346768ed8928a63baf1b62f6a11bd1f2e816c1fb8d27a16ab00479f1,814173b618fb38990db7a5b7ee200369c8b25289,b3dafd35f05214bac1058d7e16407e8cb113322a10c590efb748a51eb6e9364e,completed,classic,crate_navigation_evaluate,400,6,6,86,0,0,0,1,54,53,53,0,400,0.0033112943172454836,0.004624199867248534,0.005475044250488281,0,0
task2-winner-evaluation-v1,development,11,child_task2,10012,runs/eval20_cv2_r7_child_t2_814173b,eval20_cv2_r7_child_t2_814173b_s10012,runs/scoreconv_ddqn_cv2_r7_s11_t2_v7_814173b/checkpoints/final.pt,91fc3d5e346768ed8928a63baf1b62f6a11bd1f2e816c1fb8d27a16ab00479f1,814173b618fb38990db7a5b7ee200369c8b25289,b3dafd35f05214bac1058d7e16407e8cb113322a10c590efb748a51eb6e9364e,completed,classic,crate_navigation_evaluate,400,8,8,102,0,0,0,1,53,53,53,0,400,0.003382722735404968,0.004816162586212157,0.006292104721069336,0,0
task2-winner-evaluation-v1,development,11,child_task2,10013,runs/eval20_cv2_r7_child_t2_814173b,eval20_cv2_r7_child_t2_814173b_s10013,runs/scoreconv_ddqn_cv2_r7_s11_t2_v7_814173b/checkpoints/final.pt,91fc3d5e346768ed8928a63baf1b62f6a11bd1f2e816c1fb8d27a16ab00479f1,814173b618fb38990db7a5b7ee200369c8b25289,b3dafd35f05214bac1058d7e16407e8cb113322a10c590efb748a51eb6e9364e,completed,classic,crate_navigation_evaluate,400,6,6,94,0,0,0,1,50,49,49,0,400,0.0032358723878860474,0.004505014419555661,0.0055239200592041016,0,0
task2-winner-evaluation-v1,development,11,child_task2,10014,runs/eval20_cv2_r7_child_t2_814173b,eval20_cv2_r7_child_t2_814173b_s10014,runs/scoreconv_ddqn_cv2_r7_s11_t2_v7_814173b/checkpoints/final.pt,91fc3d5e346768ed8928a63baf1b62f6a11bd1f2e816c1fb8d27a16ab00479f1,814173b618fb38990db7a5b7ee200369c8b25289,b3dafd35f05214bac1058d7e16407e8cb113322a10c590efb748a51eb6e9364e,completed,classic,crate_navigation_evaluate,400,8,8,107,0,0,0,1,56,55,55,0,400,0.0033909761905670166,0.004937231540679929,0.005882740020751953,0,0
task2-winner-evaluation-v1,development,11,child_task2,10015,runs/eval20_cv2_r7_child_t2_814173b,eval20_cv2_r7_child_t2_814173b_s10015,runs/scoreconv_ddqn_cv2_r7_s11_t2_v7_814173b/checkpoints/final.pt,91fc3d5e346768ed8928a63baf1b62f6a11bd1f2e816c1fb8d27a16ab00479f1,814173b618fb38990db7a5b7ee200369c8b25289,b3dafd35f05214bac1058d7e16407e8cb113322a10c590efb748a51eb6e9364e,completed,classic,crate_navigation_evaluate,400,4,4,72,0,0,0,1,56,55,55,0,400,0.0031934773921966555,0.00464940071105957,0.005570650100708008,0,0
task2-winner-evaluation-v1,development,11,child_task2,10016,runs/eval20_cv2_r7_child_t2_814173b,eval20_cv2_r7_child_t2_814173b_s10016,runs/scoreconv_ddqn_cv2_r7_s11_t2_v7_814173b/checkpoints/final.pt,91fc3d5e346768ed8928a63baf1b62f6a11bd1f2e816c1fb8d27a16ab00479f1,814173b618fb38990db7a5b7ee200369c8b25289,b3dafd35f05214bac1058d7e16407e8cb113322a10c590efb748a51eb6e9364e,completed,classic,crate_navigation_evaluate,400,7,7,84,0,0,0,1,43,43,43,0,400,0.003270389437675476,0.004422986507415772,0.005173921585083008,0,0
task2-winner-evaluation-v1,development,11,child_task2,10017,runs/eval20_cv2_r7_child_t2_814173b,eval20_cv2_r7_child_t2_814173b_s10017,runs/scoreconv_ddqn_cv2_r7_s11_t2_v7_814173b/checkpoints/final.pt,91fc3d5e346768ed8928a63baf1b62f6a11bd1f2e816c1fb8d27a16ab00479f1,814173b618fb38990db7a5b7ee200369c8b25289,b3dafd35f05214bac1058d7e16407e8cb113322a10c590efb748a51eb6e9364e,completed,classic,crate_navigation_evaluate,400,3,3,62,0,0,0,1,49,49,49,0,400,0.003106624484062195,0.0042815208435058585,0.00884389877319336,0,0
task2-winner-evaluation-v1,development,11,child_task2,10018,runs/eval20_cv2_r7_child_t2_814173b,eval20_cv2_r7_child_t2_814173b_s10018,runs/scoreconv_ddqn_cv2_r7_s11_t2_v7_814173b/checkpoints/final.pt,91fc3d5e346768ed8928a63baf1b62f6a11bd1f2e816c1fb8d27a16ab00479f1,814173b618fb38990db7a5b7ee200369c8b25289,b3dafd35f05214bac1058d7e16407e8cb113322a10c590efb748a51eb6e9364e,completed,classic,crate_navigation_evaluate,400,8,8,76,0,0,0,1,53,52,52,0,400,0.0033290469646453857,0.004698348045349121,0.007739543914794922,0,0
task2-winner-evaluation-v1,development,11,child_task2,10019,runs/eval20_cv2_r7_child_t2_814173b,eval20_cv2_r7_child_t2_814173b_s10019,runs/scoreconv_ddqn_cv2_r7_s11_t2_v7_814173b/checkpoints/final.pt,91fc3d5e346768ed8928a63baf1b62f6a11bd1f2e816c1fb8d27a16ab00479f1,814173b618fb38990db7a5b7ee200369c8b25289,b3dafd35f05214bac1058d7e16407e8cb113322a10c590efb748a51eb6e9364e,completed,classic,crate_navigation_evaluate,400,8,8,101,0,0,0,1,53,52,52,0,400,0.0033416903018951417,0.0046533942222595215,0.005837678909301758,0,0
task2-winner-evaluation-v1,development,22,parent_task1,10000,runs/task2winner_gate_cv2_r7_s22_t1_814173b,task2winner_gate_cv2_r7_s22_t1_814173b_s10000,runs/task2winner_replica_cv2_r7_s22_t1_v7_814173b/checkpoints/final.pt,cc2490bbbc0445ba3880ab6a7a656d8e5a47cc24b969910d7214e89779953d0f,814173b618fb38990db7a5b7ee200369c8b25289,b3dafd35f05214bac1058d7e16407e8cb113322a10c590efb748a51eb6e9364e,completed,coin-heaven,coin_navigation_evaluate,124,50,50,0,0,0,0,1,0,0,0,0,124,0.005894403303823163,0.006555140018463135,0.008601188659667969,0,0
task2-winner-evaluation-v1,development,22,parent_task1,10001,runs/task2winner_gate_cv2_r7_s22_t1_814173b,task2winner_gate_cv2_r7_s22_t1_814173b_s10001,runs/task2winner_replica_cv2_r7_s22_t1_v7_814173b/checkpoints/final.pt,cc2490bbbc0445ba3880ab6a7a656d8e5a47cc24b969910d7214e89779953d0f,814173b618fb38990db7a5b7ee200369c8b25289,b3dafd35f05214bac1058d7e16407e8cb113322a10c590efb748a51eb6e9364e,completed,coin-heaven,coin_navigation_evaluate,120,50,50,0,0,0,0,1,0,0,0,0,120,0.005821726719538371,0.006502234935760499,0.00887918472290039,0,0
task2-winner-evaluation-v1,development,22,parent_task1,10002,runs/task2winner_gate_cv2_r7_s22_t1_814173b,task2winner_gate_cv2_r7_s22_t1_814173b_s10002,runs/task2winner_replica_cv2_r7_s22_t1_v7_814173b/checkpoints/final.pt,cc2490bbbc0445ba3880ab6a7a656d8e5a47cc24b969910d7214e89779953d0f,814173b618fb38990db7a5b7ee200369c8b25289,b3dafd35f05214bac1058d7e16407e8cb113322a10c590efb748a51eb6e9364e,completed,coin-heaven,coin_navigation_evaluate,134,50,50,0,0,0,0,1,0,0,0,0,134,0.005766500287981175,0.006505513191223144,0.006690263748168945,0,0
task2-winner-evaluation-v1,development,22,parent_task1,10003,runs/task2winner_gate_cv2_r7_s22_t1_814173b,task2winner_gate_cv2_r7_s22_t1_814173b_s10003,runs/task2winner_replica_cv2_r7_s22_t1_v7_814173b/checkpoints/final.pt,cc2490bbbc0445ba3880ab6a7a656d8e5a47cc24b969910d7214e89779953d0f,814173b618fb38990db7a5b7ee200369c8b25289,b3dafd35f05214bac1058d7e16407e8cb113322a10c590efb748a51eb6e9364e,completed,coin-heaven,coin_navigation_evaluate,129,50,50,0,0,0,0,1,0,0,0,0,129,0.00590808816658434,0.0065692424774169925,0.008062124252319336,0,0
task2-winner-evaluation-v1,development,22,parent_task1,10004,runs/task2winner_gate_cv2_r7_s22_t1_814173b,task2winner_gate_cv2_r7_s22_t1_814173b_s10004,runs/task2winner_replica_cv2_r7_s22_t1_v7_814173b/checkpoints/final.pt,cc2490bbbc0445ba3880ab6a7a656d8e5a47cc24b969910d7214e89779953d0f,814173b618fb38990db7a5b7ee200369c8b25289,b3dafd35f05214bac1058d7e16407e8cb113322a10c590efb748a51eb6e9364e,completed,coin-heaven,coin_navigation_evaluate,138,50,50,0,0,0,0,1,0,0,0,0,138,0.005750238031580829,0.006494450569152833,0.0067026615142822266,0,0
task2-winner-evaluation-v1,development,22,parent_task1,10005,runs/task2winner_gate_cv2_r7_s22_t1_814173b,task2winner_gate_cv2_r7_s22_t1_814173b_s10005,runs/task2winner_replica_cv2_r7_s22_t1_v7_814173b/checkpoints/final.pt,cc2490bbbc0445ba3880ab6a7a656d8e5a47cc24b969910d7214e89779953d0f,814173b618fb38990db7a5b7ee200369c8b25289,b3dafd35f05214bac1058d7e16407e8cb113322a10c590efb748a51eb6e9364e,completed,coin-heaven,coin_navigation_evaluate,114,50,50,0,0,0,0,1,0,0,0,0,114,0.005834460258483887,0.006660985946655273,0.008227348327636719,0,0
task2-winner-evaluation-v1,development,22,parent_task1,10006,runs/task2winner_gate_cv2_r7_s22_t1_814173b,task2winner_gate_cv2_r7_s22_t1_814173b_s10006,runs/task2winner_replica_cv2_r7_s22_t1_v7_814173b/checkpoints/final.pt,cc2490bbbc0445ba3880ab6a7a656d8e5a47cc24b969910d7214e89779953d0f,814173b618fb38990db7a5b7ee200369c8b25289,b3dafd35f05214bac1058d7e16407e8cb113322a10c590efb748a51eb6e9364e,completed,coin-heaven,coin_navigation_evaluate,133,50,50,0,0,0,0,1,0,0,0,0,133,0.005806209449481247,0.006626319885253906,0.006834506988525391,0,0
task2-winner-evaluation-v1,development,22,parent_task1,10007,runs/task2winner_gate_cv2_r7_s22_t1_814173b,task2winner_gate_cv2_r7_s22_t1_814173b_s10007,runs/task2winner_replica_cv2_r7_s22_t1_v7_814173b/checkpoints/final.pt,cc2490bbbc0445ba3880ab6a7a656d8e5a47cc24b969910d7214e89779953d0f,814173b618fb38990db7a5b7ee200369c8b25289,b3dafd35f05214bac1058d7e16407e8cb113322a10c590efb748a51eb6e9364e,completed,coin-heaven,coin_navigation_evaluate,114,50,50,0,0,0,0,1,0,0,0,0,114,0.005789106352287426,0.006528949737548828,0.006701231002807617,0,0
task2-winner-evaluation-v1,development,22,parent_task1,10008,runs/task2winner_gate_cv2_r7_s22_t1_814173b,task2winner_gate_cv2_r7_s22_t1_814173b_s10008,runs/task2winner_replica_cv2_r7_s22_t1_v7_814173b/checkpoints/final.pt,cc2490bbbc0445ba3880ab6a7a656d8e5a47cc24b969910d7214e89779953d0f,814173b618fb38990db7a5b7ee200369c8b25289,b3dafd35f05214bac1058d7e16407e8cb113322a10c590efb748a51eb6e9364e,completed,coin-heaven,coin_navigation_evaluate,119,50,50,0,0,0,0,1,0,0,0,0,119,0.005778779502676315,0.006465888023376465,0.006737947463989258,0,0
task2-winner-evaluation-v1,development,22,parent_task1,10009,runs/task2winner_gate_cv2_r7_s22_t1_814173b,task2winner_gate_cv2_r7_s22_t1_814173b_s10009,runs/task2winner_replica_cv2_r7_s22_t1_v7_814173b/checkpoints/final.pt,cc2490bbbc0445ba3880ab6a7a656d8e5a47cc24b969910d7214e89779953d0f,814173b618fb38990db7a5b7ee200369c8b25289,b3dafd35f05214bac1058d7e16407e8cb113322a10c590efb748a51eb6e9364e,completed,coin-heaven,coin_navigation_evaluate,129,50,50,0,0,0,0,1,0,0,0,0,129,0.005803415017534596,0.006493520736694336,0.010575532913208008,0,0
task2-winner-evaluation-v1,development,22,parent_task1,10010,runs/task2winner_gate_cv2_r7_s22_t1_814173b,task2winner_gate_cv2_r7_s22_t1_814173b_s10010,runs/task2winner_replica_cv2_r7_s22_t1_v7_814173b/checkpoints/final.pt,cc2490bbbc0445ba3880ab6a7a656d8e5a47cc24b969910d7214e89779953d0f,814173b618fb38990db7a5b7ee200369c8b25289,b3dafd35f05214bac1058d7e16407e8cb113322a10c590efb748a51eb6e9364e,completed,coin-heaven,coin_navigation_evaluate,140,50,50,0,0,0,0,1,0,0,0,0,140,0.005740799222673689,0.006467342376708984,0.006645679473876953,0,0
task2-winner-evaluation-v1,development,22,parent_task1,10011,runs/task2winner_gate_cv2_r7_s22_t1_814173b,task2winner_gate_cv2_r7_s22_t1_814173b_s10011,runs/task2winner_replica_cv2_r7_s22_t1_v7_814173b/checkpoints/final.pt,cc2490bbbc0445ba3880ab6a7a656d8e5a47cc24b969910d7214e89779953d0f,814173b618fb38990db7a5b7ee200369c8b25289,b3dafd35f05214bac1058d7e16407e8cb113322a10c590efb748a51eb6e9364e,completed,coin-heaven,coin_navigation_evaluate,125,50,50,0,0,0,0,1,0,0,0,0,125,0.005780426025390625,0.006481790542602539,0.0068111419677734375,0,0
task2-winner-evaluation-v1,development,22,parent_task1,10012,runs/task2winner_gate_cv2_r7_s22_t1_814173b,task2winner_gate_cv2_r7_s22_t1_814173b_s10012,runs/task2winner_replica_cv2_r7_s22_t1_v7_814173b/checkpoints/final.pt,cc2490bbbc0445ba3880ab6a7a656d8e5a47cc24b969910d7214e89779953d0f,814173b618fb38990db7a5b7ee200369c8b25289,b3dafd35f05214bac1058d7e16407e8cb113322a10c590efb748a51eb6e9364e,completed,coin-heaven,coin_navigation_evaluate,130,50,50,0,0,0,0,1,0,0,0,0,130,0.005797740129324106,0.00646129846572876,0.006649494171142578,0,0
task2-winner-evaluation-v1,development,22,parent_task1,10013,runs/task2winner_gate_cv2_r7_s22_t1_814173b,task2winner_gate_cv2_r7_s22_t1_814173b_s10013,runs/task2winner_replica_cv2_r7_s22_t1_v7_814173b/checkpoints/final.pt,cc2490bbbc0445ba3880ab6a7a656d8e5a47cc24b969910d7214e89779953d0f,814173b618fb38990db7a5b7ee200369c8b25289,b3dafd35f05214bac1058d7e16407e8cb113322a10c590efb748a51eb6e9364e,completed,coin-heaven,coin_navigation_evaluate,117,50,50,0,0,0,0,1,0,0,0,0,117,0.005871640311347114,0.006547403335571288,0.008704662322998047,0,0
task2-winner-evaluation-v1,development,22,parent_task1,10014,runs/task2winner_gate_cv2_r7_s22_t1_814173b,task2winner_gate_cv2_r7_s22_t1_814173b_s10014,runs/task2winner_replica_cv2_r7_s22_t1_v7_814173b/checkpoints/final.pt,cc2490bbbc0445ba3880ab6a7a656d8e5a47cc24b969910d7214e89779953d0f,814173b618fb38990db7a5b7ee200369c8b25289,b3dafd35f05214bac1058d7e16407e8cb113322a10c590efb748a51eb6e9364e,completed,coin-heaven,coin_navigation_evaluate,135,50,50,0,0,0,0,1,0,0,0,0,135,0.005749787224663628,0.006481957435607909,0.0074579715728759766,0,0
task2-winner-evaluation-v1,development,22,parent_task1,10015,runs/task2winner_gate_cv2_r7_s22_t1_814173b,task2winner_gate_cv2_r7_s22_t1_814173b_s10015,runs/task2winner_replica_cv2_r7_s22_t1_v7_814173b/checkpoints/final.pt,cc2490bbbc0445ba3880ab6a7a656d8e5a47cc24b969910d7214e89779953d0f,814173b618fb38990db7a5b7ee200369c8b25289,b3dafd35f05214bac1058d7e16407e8cb113322a10c590efb748a51eb6e9364e,completed,coin-heaven,coin_navigation_evaluate,120,50,50,0,0,0,0,1,0,0,0,0,120,0.005746968587239583,0.006505918502807617,0.00724482536315918,0,0
task2-winner-evaluation-v1,development,22,parent_task1,10016,runs/task2winner_gate_cv2_r7_s22_t1_814173b,task2winner_gate_cv2_r7_s22_t1_814173b_s10016,runs/task2winner_replica_cv2_r7_s22_t1_v7_814173b/checkpoints/final.pt,cc2490bbbc0445ba3880ab6a7a656d8e5a47cc24b969910d7214e89779953d0f,814173b618fb38990db7a5b7ee200369c8b25289,b3dafd35f05214bac1058d7e16407e8cb113322a10c590efb748a51eb6e9364e,completed,coin-heaven,coin_navigation_evaluate,125,50,50,0,0,0,0,1,0,0,0,0,125,0.005758852005004883,0.006463241577148437,0.00665283203125,0,0
task2-winner-evaluation-v1,development,22,parent_task1,10017,runs/task2winner_gate_cv2_r7_s22_t1_814173b,task2winner_gate_cv2_r7_s22_t1_814173b_s10017,runs/task2winner_replica_cv2_r7_s22_t1_v7_814173b/checkpoints/final.pt,cc2490bbbc0445ba3880ab6a7a656d8e5a47cc24b969910d7214e89779953d0f,814173b618fb38990db7a5b7ee200369c8b25289,b3dafd35f05214bac1058d7e16407e8cb113322a10c590efb748a51eb6e9364e,completed,coin-heaven,coin_navigation_evaluate,118,50,50,0,0,0,0,1,0,0,0,0,118,0.005766807976415602,0.006494176387786865,0.00725102424621582,0,0
task2-winner-evaluation-v1,development,22,parent_task1,10018,runs/task2winner_gate_cv2_r7_s22_t1_814173b,task2winner_gate_cv2_r7_s22_t1_814173b_s10018,runs/task2winner_replica_cv2_r7_s22_t1_v7_814173b/checkpoints/final.pt,cc2490bbbc0445ba3880ab6a7a656d8e5a47cc24b969910d7214e89779953d0f,814173b618fb38990db7a5b7ee200369c8b25289,b3dafd35f05214bac1058d7e16407e8cb113322a10c590efb748a51eb6e9364e,completed,coin-heaven,coin_navigation_evaluate,137,50,50,0,0,0,0,1,0,0,0,0,137,0.005891326570162808,0.006527614593505859,0.006695747375488281,0,0
task2-winner-evaluation-v1,development,22,parent_task1,10019,runs/task2winner_gate_cv2_r7_s22_t1_814173b,task2winner_gate_cv2_r7_s22_t1_814173b_s10019,runs/task2winner_replica_cv2_r7_s22_t1_v7_814173b/checkpoints/final.pt,cc2490bbbc0445ba3880ab6a7a656d8e5a47cc24b969910d7214e89779953d0f,814173b618fb38990db7a5b7ee200369c8b25289,b3dafd35f05214bac1058d7e16407e8cb113322a10c590efb748a51eb6e9364e,completed,coin-heaven,coin_navigation_evaluate,137,50,50,0,0,0,0,1,0,0,0,0,137,0.005731723604411105,0.006571578979492188,0.007012605667114258,0,0
task2-winner-evaluation-v1,development,22,child_task1,10000,runs/task2winner_dev_cv2_r7_s22_backtest_t1_814173b,task2winner_dev_cv2_r7_s22_backtest_t1_814173b_s10000,runs/task2winner_replica_cv2_r7_s22_t2_v7_814173b/checkpoints/final.pt,74cf3fca33acb59f003949006c7401a5a9f58c1785dd8b294b548bd7bd307715,814173b618fb38990db7a5b7ee200369c8b25289,b3dafd35f05214bac1058d7e16407e8cb113322a10c590efb748a51eb6e9364e,completed,coin-heaven,coin_navigation_evaluate,141,50,50,0,0,0,0,1,0,0,0,0,141,0.006079851312840239,0.006823301315307617,0.009383201599121094,0,0
task2-winner-evaluation-v1,development,22,child_task1,10001,runs/task2winner_dev_cv2_r7_s22_backtest_t1_814173b,task2winner_dev_cv2_r7_s22_backtest_t1_814173b_s10001,runs/task2winner_replica_cv2_r7_s22_t2_v7_814173b/checkpoints/final.pt,74cf3fca33acb59f003949006c7401a5a9f58c1785dd8b294b548bd7bd307715,814173b618fb38990db7a5b7ee200369c8b25289,b3dafd35f05214bac1058d7e16407e8cb113322a10c590efb748a51eb6e9364e,completed,coin-heaven,coin_navigation_evaluate,140,50,50,0,0,0,0,1,0,0,0,0,140,0.005942388943263463,0.006767737865447997,0.010457515716552734,0,0
task2-winner-evaluation-v1,development,22,child_task1,10002,runs/task2winner_dev_cv2_r7_s22_backtest_t1_814173b,task2winner_dev_cv2_r7_s22_backtest_t1_814173b_s10002,runs/task2winner_replica_cv2_r7_s22_t2_v7_814173b/checkpoints/final.pt,74cf3fca33acb59f003949006c7401a5a9f58c1785dd8b294b548bd7bd307715,814173b618fb38990db7a5b7ee200369c8b25289,b3dafd35f05214bac1058d7e16407e8cb113322a10c590efb748a51eb6e9364e,completed,coin-heaven,coin_navigation_evaluate,128,50,50,0,0,0,0,1,0,0,0,0,128,0.005987757816910744,0.006778252124786376,0.00746464729309082,0,0
task2-winner-evaluation-v1,development,22,child_task1,10003,runs/task2winner_dev_cv2_r7_s22_backtest_t1_814173b,task2winner_dev_cv2_r7_s22_backtest_t1_814173b_s10003,runs/task2winner_replica_cv2_r7_s22_t2_v7_814173b/checkpoints/final.pt,74cf3fca33acb59f003949006c7401a5a9f58c1785dd8b294b548bd7bd307715,814173b618fb38990db7a5b7ee200369c8b25289,b3dafd35f05214bac1058d7e16407e8cb113322a10c590efb748a51eb6e9364e,completed,coin-heaven,coin_navigation_evaluate,131,50,50,0,0,0,0,1,0,0,0,0,131,0.006012911104973946,0.006682634353637695,0.006798744201660156,0,0
task2-winner-evaluation-v1,development,22,child_task1,10004,runs/task2winner_dev_cv2_r7_s22_backtest_t1_814173b,task2winner_dev_cv2_r7_s22_backtest_t1_814173b_s10004,runs/task2winner_replica_cv2_r7_s22_t2_v7_814173b/checkpoints/final.pt,74cf3fca33acb59f003949006c7401a5a9f58c1785dd8b294b548bd7bd307715,814173b618fb38990db7a5b7ee200369c8b25289,b3dafd35f05214bac1058d7e16407e8cb113322a10c590efb748a51eb6e9364e,completed,coin-heaven,coin_navigation_evaluate,135,50,50,0,0,0,0,1,0,0,0,0,135,0.0060146349447744865,0.006759452819824219,0.00907135009765625,0,0
task2-winner-evaluation-v1,development,22,child_task1,10005,runs/task2winner_dev_cv2_r7_s22_backtest_t1_814173b,task2winner_dev_cv2_r7_s22_backtest_t1_814173b_s10005,runs/task2winner_replica_cv2_r7_s22_t2_v7_814173b/checkpoints/final.pt,74cf3fca33acb59f003949006c7401a5a9f58c1785dd8b294b548bd7bd307715,814173b618fb38990db7a5b7ee200369c8b25289,b3dafd35f05214bac1058d7e16407e8cb113322a10c590efb748a51eb6e9364e,completed,coin-heaven,coin_navigation_evaluate,122,50,50,0,0,0,0,1,0,0,0,0,122,0.0059198571033165105,0.0067893266677856445,0.0071980953216552734,0,0
task2-winner-evaluation-v1,development,22,child_task1,10006,runs/task2winner_dev_cv2_r7_s22_backtest_t1_814173b,task2winner_dev_cv2_r7_s22_backtest_t1_814173b_s10006,runs/task2winner_replica_cv2_r7_s22_t2_v7_814173b/checkpoints/final.pt,74cf3fca33acb59f003949006c7401a5a9f58c1785dd8b294b548bd7bd307715,814173b618fb38990db7a5b7ee200369c8b25289,b3dafd35f05214bac1058d7e16407e8cb113322a10c590efb748a51eb6e9364e,completed,coin-heaven,coin_navigation_evaluate,133,50,50,0,0,0,0,1,0,0,0,0,133,0.005967271059079278,0.006768941879272461,0.0073812007904052734,0,0
task2-winner-evaluation-v1,development,22,child_task1,10007,runs/task2winner_dev_cv2_r7_s22_backtest_t1_814173b,task2winner_dev_cv2_r7_s22_backtest_t1_814173b_s10007,runs/task2winner_replica_cv2_r7_s22_t2_v7_814173b/checkpoints/final.pt,74cf3fca33acb59f003949006c7401a5a9f58c1785dd8b294b548bd7bd307715,814173b618fb38990db7a5b7ee200369c8b25289,b3dafd35f05214bac1058d7e16407e8cb113322a10c590efb748a51eb6e9364e,completed,coin-heaven,coin_navigation_evaluate,103,50,50,0,0,0,0,1,0,0,0,0,103,0.00597894770427815,0.00680544376373291,0.007101297378540039,0,0
task2-winner-evaluation-v1,development,22,child_task1,10008,runs/task2winner_dev_cv2_r7_s22_backtest_t1_814173b,task2winner_dev_cv2_r7_s22_backtest_t1_814173b_s10008,runs/task2winner_replica_cv2_r7_s22_t2_v7_814173b/checkpoints/final.pt,74cf3fca33acb59f003949006c7401a5a9f58c1785dd8b294b548bd7bd307715,814173b618fb38990db7a5b7ee200369c8b25289,b3dafd35f05214bac1058d7e16407e8cb113322a10c590efb748a51eb6e9364e,completed,coin-heaven,coin_navigation_evaluate,119,50,50,0,0,0,0,1,0,0,0,0,119,0.005972830187372801,0.00685577392578125,0.007634401321411133,0,0
task2-winner-evaluation-v1,development,22,child_task1,10009,runs/task2winner_dev_cv2_r7_s22_backtest_t1_814173b,task2winner_dev_cv2_r7_s22_backtest_t1_814173b_s10009,runs/task2winner_replica_cv2_r7_s22_t2_v7_814173b/checkpoints/final.pt,74cf3fca33acb59f003949006c7401a5a9f58c1785dd8b294b548bd7bd307715,814173b618fb38990db7a5b7ee200369c8b25289,b3dafd35f05214bac1058d7e16407e8cb113322a10c590efb748a51eb6e9364e,completed,coin-heaven,coin_navigation_evaluate,131,50,50,0,0,0,0,1,0,0,0,0,131,0.0062020662176700036,0.006718754768371582,0.025533676147460938,0,0
task2-winner-evaluation-v1,development,22,child_task1,10010,runs/task2winner_dev_cv2_r7_s22_backtest_t1_814173b,task2winner_dev_cv2_r7_s22_backtest_t1_814173b_s10010,runs/task2winner_replica_cv2_r7_s22_t2_v7_814173b/checkpoints/final.pt,74cf3fca33acb59f003949006c7401a5a9f58c1785dd8b294b548bd7bd307715,814173b618fb38990db7a5b7ee200369c8b25289,b3dafd35f05214bac1058d7e16407e8cb113322a10c590efb748a51eb6e9364e,completed,coin-heaven,coin_navigation_evaluate,139,50,50,0,0,0,0,1,0,0,0,0,139,0.005930941739528299,0.0065964460372924805,0.007421970367431641,0,0
task2-winner-evaluation-v1,development,22,child_task1,10011,runs/task2winner_dev_cv2_r7_s22_backtest_t1_814173b,task2winner_dev_cv2_r7_s22_backtest_t1_814173b_s10011,runs/task2winner_replica_cv2_r7_s22_t2_v7_814173b/checkpoints/final.pt,74cf3fca33acb59f003949006c7401a5a9f58c1785dd8b294b548bd7bd307715,814173b618fb38990db7a5b7ee200369c8b25289,b3dafd35f05214bac1058d7e16407e8cb113322a10c590efb748a51eb6e9364e,completed,coin-heaven,coin_navigation_evaluate,125,50,50,0,0,0,0,1,0,0,0,0,125,0.005850099563598633,0.006770133972167969,0.008056163787841797,0,0
task2-winner-evaluation-v1,development,22,child_task1,10012,runs/task2winner_dev_cv2_r7_s22_backtest_t1_814173b,task2winner_dev_cv2_r7_s22_backtest_t1_814173b_s10012,runs/task2winner_replica_cv2_r7_s22_t2_v7_814173b/checkpoints/final.pt,74cf3fca33acb59f003949006c7401a5a9f58c1785dd8b294b548bd7bd307715,814173b618fb38990db7a5b7ee200369c8b25289,b3dafd35f05214bac1058d7e16407e8cb113322a10c590efb748a51eb6e9364e,completed,coin-heaven,coin_navigation_evaluate,145,50,50,0,0,0,0,1,0,0,0,0,145,0.005898194477475922,0.0065879344940185545,0.006842613220214844,0,0
task2-winner-evaluation-v1,development,22,child_task1,10013,runs/task2winner_dev_cv2_r7_s22_backtest_t1_814173b,task2winner_dev_cv2_r7_s22_backtest_t1_814173b_s10013,runs/task2winner_replica_cv2_r7_s22_t2_v7_814173b/checkpoints/final.pt,74cf3fca33acb59f003949006c7401a5a9f58c1785dd8b294b548bd7bd307715,814173b618fb38990db7a5b7ee200369c8b25289,b3dafd35f05214bac1058d7e16407e8cb113322a10c590efb748a51eb6e9364e,completed,coin-heaven,coin_navigation_evaluate,119,50,50,0,0,0,0,1,0,0,0,0,119,0.0059776526539265604,0.00675520896911621,0.0075626373291015625,0,0
task2-winner-evaluation-v1,development,22,child_task1,10014,runs/task2winner_dev_cv2_r7_s22_backtest_t1_814173b,task2winner_dev_cv2_r7_s22_backtest_t1_814173b_s10014,runs/task2winner_replica_cv2_r7_s22_t2_v7_814173b/checkpoints/final.pt,74cf3fca33acb59f003949006c7401a5a9f58c1785dd8b294b548bd7bd307715,814173b618fb38990db7a5b7ee200369c8b25289,b3dafd35f05214bac1058d7e16407e8cb113322a10c590efb748a51eb6e9364e,completed,coin-heaven,coin_navigation_evaluate,137,50,50,0,0,0,0,1,0,0,0,0,137,0.005899307501577113,0.006645917892456055,0.0069446563720703125,0,0
task2-winner-evaluation-v1,development,22,child_task1,10015,runs/task2winner_dev_cv2_r7_s22_backtest_t1_814173b,task2winner_dev_cv2_r7_s22_backtest_t1_814173b_s10015,runs/task2winner_replica_cv2_r7_s22_t2_v7_814173b/checkpoints/final.pt,74cf3fca33acb59f003949006c7401a5a9f58c1785dd8b294b548bd7bd307715,814173b618fb38990db7a5b7ee200369c8b25289,b3dafd35f05214bac1058d7e16407e8cb113322a10c590efb748a51eb6e9364e,completed,coin-heaven,coin_navigation_evaluate,118,50,50,0,0,0,0,1,0,0,0,0,118,0.005815823199385304,0.006611037254333495,0.0071942806243896484,0,0
task2-winner-evaluation-v1,development,22,child_task1,10016,runs/task2winner_dev_cv2_r7_s22_backtest_t1_814173b,task2winner_dev_cv2_r7_s22_backtest_t1_814173b_s10016,runs/task2winner_replica_cv2_r7_s22_t2_v7_814173b/checkpoints/final.pt,74cf3fca33acb59f003949006c7401a5a9f58c1785dd8b294b548bd7bd307715,814173b618fb38990db7a5b7ee200369c8b25289,b3dafd35f05214bac1058d7e16407e8cb113322a10c590efb748a51eb6e9364e,completed,coin-heaven,coin_navigation_evaluate,113,50,50,0,0,0,0,1,0,0,0,0,113,0.005851182262454412,0.006732845306396485,0.007605552673339844,0,0
task2-winner-evaluation-v1,development,22,child_task1,10017,runs/task2winner_dev_cv2_r7_s22_backtest_t1_814173b,task2winner_dev_cv2_r7_s22_backtest_t1_814173b_s10017,runs/task2winner_replica_cv2_r7_s22_t2_v7_814173b/checkpoints/final.pt,74cf3fca33acb59f003949006c7401a5a9f58c1785dd8b294b548bd7bd307715,814173b618fb38990db7a5b7ee200369c8b25289,b3dafd35f05214bac1058d7e16407e8cb113322a10c590efb748a51eb6e9364e,completed,coin-heaven,coin_navigation_evaluate,120,50,50,0,0,0,0,1,0,0,0,0,120,0.0058184464772542315,0.006654405593872071,0.006733417510986328,0,0
task2-winner-evaluation-v1,development,22,child_task1,10018,runs/task2winner_dev_cv2_r7_s22_backtest_t1_814173b,task2winner_dev_cv2_r7_s22_backtest_t1_814173b_s10018,runs/task2winner_replica_cv2_r7_s22_t2_v7_814173b/checkpoints/final.pt,74cf3fca33acb59f003949006c7401a5a9f58c1785dd8b294b548bd7bd307715,814173b618fb38990db7a5b7ee200369c8b25289,b3dafd35f05214bac1058d7e16407e8cb113322a10c590efb748a51eb6e9364e,completed,coin-heaven,coin_navigation_evaluate,131,50,50,0,0,0,0,1,0,0,0,0,131,0.005942561244236604,0.006675362586975098,0.0070879459381103516,0,0
task2-winner-evaluation-v1,development,22,child_task1,10019,runs/task2winner_dev_cv2_r7_s22_backtest_t1_814173b,task2winner_dev_cv2_r7_s22_backtest_t1_814173b_s10019,runs/task2winner_replica_cv2_r7_s22_t2_v7_814173b/checkpoints/final.pt,74cf3fca33acb59f003949006c7401a5a9f58c1785dd8b294b548bd7bd307715,814173b618fb38990db7a5b7ee200369c8b25289,b3dafd35f05214bac1058d7e16407e8cb113322a10c590efb748a51eb6e9364e,completed,coin-heaven,coin_navigation_evaluate,141,50,50,0,0,0,0,1,0,0,0,0,141,0.005818558077440195,0.00668787956237793,0.007094860076904297,0,0
task2-winner-evaluation-v1,development,22,parent_task2,10000,runs/task2winner_dev_cv2_r7_s22_parent_t2_814173b,task2winner_dev_cv2_r7_s22_parent_t2_814173b_s10000,runs/task2winner_replica_cv2_r7_s22_t1_v7_814173b/checkpoints/final.pt,cc2490bbbc0445ba3880ab6a7a656d8e5a47cc24b969910d7214e89779953d0f,814173b618fb38990db7a5b7ee200369c8b25289,b3dafd35f05214bac1058d7e16407e8cb113322a10c590efb748a51eb6e9364e,completed,classic,crate_navigation_evaluate,400,0,0,0,0,0,0,1,0,0,0,0,400,0.0029175901412963868,0.003154385089874267,0.0055217742919921875,0,0
task2-winner-evaluation-v1,development,22,parent_task2,10001,runs/task2winner_dev_cv2_r7_s22_parent_t2_814173b,task2winner_dev_cv2_r7_s22_parent_t2_814173b_s10001,runs/task2winner_replica_cv2_r7_s22_t1_v7_814173b/checkpoints/final.pt,cc2490bbbc0445ba3880ab6a7a656d8e5a47cc24b969910d7214e89779953d0f,814173b618fb38990db7a5b7ee200369c8b25289,b3dafd35f05214bac1058d7e16407e8cb113322a10c590efb748a51eb6e9364e,completed,classic,crate_navigation_evaluate,400,0,0,0,0,0,0,1,0,0,0,0,400,0.002769840955734253,0.0030104160308837887,0.0051059722900390625,0,0
task2-winner-evaluation-v1,development,22,parent_task2,10002,runs/task2winner_dev_cv2_r7_s22_parent_t2_814173b,task2winner_dev_cv2_r7_s22_parent_t2_814173b_s10002,runs/task2winner_replica_cv2_r7_s22_t1_v7_814173b/checkpoints/final.pt,cc2490bbbc0445ba3880ab6a7a656d8e5a47cc24b969910d7214e89779953d0f,814173b618fb38990db7a5b7ee200369c8b25289,b3dafd35f05214bac1058d7e16407e8cb113322a10c590efb748a51eb6e9364e,completed,classic,crate_navigation_evaluate,400,0,0,0,0,0,0,1,0,0,0,0,400,0.0028201448917388916,0.0031974554061889645,0.00437164306640625,0,0
task2-winner-evaluation-v1,development,22,parent_task2,10003,runs/task2winner_dev_cv2_r7_s22_parent_t2_814173b,task2winner_dev_cv2_r7_s22_parent_t2_814173b_s10003,runs/task2winner_replica_cv2_r7_s22_t1_v7_814173b/checkpoints/final.pt,cc2490bbbc0445ba3880ab6a7a656d8e5a47cc24b969910d7214e89779953d0f,814173b618fb38990db7a5b7ee200369c8b25289,b3dafd35f05214bac1058d7e16407e8cb113322a10c590efb748a51eb6e9364e,completed,classic,crate_navigation_evaluate,400,0,0,0,0,0,0,1,0,0,0,0,400,0.002932800650596619,0.0032606482505798335,0.00500798225402832,0,0
task2-winner-evaluation-v1,development,22,parent_task2,10004,runs/task2winner_dev_cv2_r7_s22_parent_t2_814173b,task2winner_dev_cv2_r7_s22_parent_t2_814173b_s10004,runs/task2winner_replica_cv2_r7_s22_t1_v7_814173b/checkpoints/final.pt,cc2490bbbc0445ba3880ab6a7a656d8e5a47cc24b969910d7214e89779953d0f,814173b618fb38990db7a5b7ee200369c8b25289,b3dafd35f05214bac1058d7e16407e8cb113322a10c590efb748a51eb6e9364e,completed,classic,crate_navigation_evaluate,400,0,0,0,0,0,0,1,0,0,0,0,400,0.002824580669403076,0.0030331850051879875,0.004496335983276367,0,0
task2-winner-evaluation-v1,development,22,parent_task2,10005,runs/task2winner_dev_cv2_r7_s22_parent_t2_814173b,task2winner_dev_cv2_r7_s22_parent_t2_814173b_s10005,runs/task2winner_replica_cv2_r7_s22_t1_v7_814173b/checkpoints/final.pt,cc2490bbbc0445ba3880ab6a7a656d8e5a47cc24b969910d7214e89779953d0f,814173b618fb38990db7a5b7ee200369c8b25289,b3dafd35f05214bac1058d7e16407e8cb113322a10c590efb748a51eb6e9364e,completed,classic,crate_navigation_evaluate,400,0,0,0,0,0,0,1,0,0,0,0,400,0.0026871919631958007,0.0028223514556884764,0.004378080368041992,0,0
task2-winner-evaluation-v1,development,22,parent_task2,10006,runs/task2winner_dev_cv2_r7_s22_parent_t2_814173b,task2winner_dev_cv2_r7_s22_parent_t2_814173b_s10006,runs/task2winner_replica_cv2_r7_s22_t1_v7_814173b/checkpoints/final.pt,cc2490bbbc0445ba3880ab6a7a656d8e5a47cc24b969910d7214e89779953d0f,814173b618fb38990db7a5b7ee200369c8b25289,b3dafd35f05214bac1058d7e16407e8cb113322a10c590efb748a51eb6e9364e,completed,classic,crate_navigation_evaluate,400,0,0,0,0,0,0,1,0,0,0,0,400,0.0026751554012298586,0.002755892276763916,0.003937721252441406,0,0
task2-winner-evaluation-v1,development,22,parent_task2,10007,runs/task2winner_dev_cv2_r7_s22_parent_t2_814173b,task2winner_dev_cv2_r7_s22_parent_t2_814173b_s10007,runs/task2winner_replica_cv2_r7_s22_t1_v7_814173b/checkpoints/final.pt,cc2490bbbc0445ba3880ab6a7a656d8e5a47cc24b969910d7214e89779953d0f,814173b618fb38990db7a5b7ee200369c8b25289,b3dafd35f05214bac1058d7e16407e8cb113322a10c590efb748a51eb6e9364e,completed,classic,crate_navigation_evaluate,400,0,0,0,0,0,0,1,0,0,0,0,400,0.0026591479778289794,0.0027979373931884765,0.004026651382446289,0,0
task2-winner-evaluation-v1,development,22,parent_task2,10008,runs/task2winner_dev_cv2_r7_s22_parent_t2_814173b,task2winner_dev_cv2_r7_s22_parent_t2_814173b_s10008,runs/task2winner_replica_cv2_r7_s22_t1_v7_814173b/checkpoints/final.pt,cc2490bbbc0445ba3880ab6a7a656d8e5a47cc24b969910d7214e89779953d0f,814173b618fb38990db7a5b7ee200369c8b25289,b3dafd35f05214bac1058d7e16407e8cb113322a10c590efb748a51eb6e9364e,completed,classic,crate_navigation_evaluate,400,0,0,0,0,0,0,1,0,0,0,0,400,0.002714681625366211,0.002879202365875244,0.007857561111450195,0,0
task2-winner-evaluation-v1,development,22,parent_task2,10009,runs/task2winner_dev_cv2_r7_s22_parent_t2_814173b,task2winner_dev_cv2_r7_s22_parent_t2_814173b_s10009,runs/task2winner_replica_cv2_r7_s22_t1_v7_814173b/checkpoints/final.pt,cc2490bbbc0445ba3880ab6a7a656d8e5a47cc24b969910d7214e89779953d0f,814173b618fb38990db7a5b7ee200369c8b25289,b3dafd35f05214bac1058d7e16407e8cb113322a10c590efb748a51eb6e9364e,completed,classic,crate_navigation_evaluate,400,0,0,0,0,0,0,1,0,0,0,0,400,0.002679312825202942,0.002863419055938719,0.005065202713012695,0,0
task2-winner-evaluation-v1,development,22,parent_task2,10010,runs/task2winner_dev_cv2_r7_s22_parent_t2_814173b,task2winner_dev_cv2_r7_s22_parent_t2_814173b_s10010,runs/task2winner_replica_cv2_r7_s22_t1_v7_814173b/checkpoints/final.pt,cc2490bbbc0445ba3880ab6a7a656d8e5a47cc24b969910d7214e89779953d0f,814173b618fb38990db7a5b7ee200369c8b25289,b3dafd35f05214bac1058d7e16407e8cb113322a10c590efb748a51eb6e9364e,completed,classic,crate_navigation_evaluate,400,0,0,0,0,0,0,1,0,0,0,0,400,0.0029738914966583254,0.003192496299743652,0.003961086273193359,0,0
task2-winner-evaluation-v1,development,22,parent_task2,10011,runs/task2winner_dev_cv2_r7_s22_parent_t2_814173b,task2winner_dev_cv2_r7_s22_parent_t2_814173b_s10011,runs/task2winner_replica_cv2_r7_s22_t1_v7_814173b/checkpoints/final.pt,cc2490bbbc0445ba3880ab6a7a656d8e5a47cc24b969910d7214e89779953d0f,814173b618fb38990db7a5b7ee200369c8b25289,b3dafd35f05214bac1058d7e16407e8cb113322a10c590efb748a51eb6e9364e,completed,classic,crate_navigation_evaluate,400,0,0,0,0,0,0,1,0,0,0,0,400,0.0027102309465408324,0.0029243350028991697,0.0048258304595947266,0,0
task2-winner-evaluation-v1,development,22,parent_task2,10012,runs/task2winner_dev_cv2_r7_s22_parent_t2_814173b,task2winner_dev_cv2_r7_s22_parent_t2_814173b_s10012,runs/task2winner_replica_cv2_r7_s22_t1_v7_814173b/checkpoints/final.pt,cc2490bbbc0445ba3880ab6a7a656d8e5a47cc24b969910d7214e89779953d0f,814173b618fb38990db7a5b7ee200369c8b25289,b3dafd35f05214bac1058d7e16407e8cb113322a10c590efb748a51eb6e9364e,completed,classic,crate_navigation_evaluate,400,0,0,0,0,0,0,1,0,0,0,0,400,0.0027552419900894166,0.0029027700424194332,0.004384517669677734,0,0
task2-winner-evaluation-v1,development,22,parent_task2,10013,runs/task2winner_dev_cv2_r7_s22_parent_t2_814173b,task2winner_dev_cv2_r7_s22_parent_t2_814173b_s10013,runs/task2winner_replica_cv2_r7_s22_t1_v7_814173b/checkpoints/final.pt,cc2490bbbc0445ba3880ab6a7a656d8e5a47cc24b969910d7214e89779953d0f,814173b618fb38990db7a5b7ee200369c8b25289,b3dafd35f05214bac1058d7e16407e8cb113322a10c590efb748a51eb6e9364e,completed,classic,crate_navigation_evaluate,400,0,0,0,0,0,0,1,0,0,0,0,400,0.002764163017272949,0.0029503345489501954,0.005900144577026367,0,0
task2-winner-evaluation-v1,development,22,parent_task2,10014,runs/task2winner_dev_cv2_r7_s22_parent_t2_814173b,task2winner_dev_cv2_r7_s22_parent_t2_814173b_s10014,runs/task2winner_replica_cv2_r7_s22_t1_v7_814173b/checkpoints/final.pt,cc2490bbbc0445ba3880ab6a7a656d8e5a47cc24b969910d7214e89779953d0f,814173b618fb38990db7a5b7ee200369c8b25289,b3dafd35f05214bac1058d7e16407e8cb113322a10c590efb748a51eb6e9364e,completed,classic,crate_navigation_evaluate,400,0,0,0,0,0,0,1,0,0,0,0,400,0.0027361619472503662,0.0031598329544067377,0.005612373352050781,0,0
task2-winner-evaluation-v1,development,22,parent_task2,10015,runs/task2winner_dev_cv2_r7_s22_parent_t2_814173b,task2winner_dev_cv2_r7_s22_parent_t2_814173b_s10015,runs/task2winner_replica_cv2_r7_s22_t1_v7_814173b/checkpoints/final.pt,cc2490bbbc0445ba3880ab6a7a656d8e5a47cc24b969910d7214e89779953d0f,814173b618fb38990db7a5b7ee200369c8b25289,b3dafd35f05214bac1058d7e16407e8cb113322a10c590efb748a51eb6e9364e,completed,classic,crate_navigation_evaluate,400,0,0,0,0,0,0,1,0,0,0,0,400,0.0026940500736236574,0.002851283550262449,0.004328250885009766,0,0
task2-winner-evaluation-v1,development,22,parent_task2,10016,runs/task2winner_dev_cv2_r7_s22_parent_t2_814173b,task2winner_dev_cv2_r7_s22_parent_t2_814173b_s10016,runs/task2winner_replica_cv2_r7_s22_t1_v7_814173b/checkpoints/final.pt,cc2490bbbc0445ba3880ab6a7a656d8e5a47cc24b969910d7214e89779953d0f,814173b618fb38990db7a5b7ee200369c8b25289,b3dafd35f05214bac1058d7e16407e8cb113322a10c590efb748a51eb6e9364e,completed,classic,crate_navigation_evaluate,400,0,0,0,0,0,0,1,0,0,0,0,400,0.002713800072669983,0.0029020071029663085,0.004523038864135742,0,0
task2-winner-evaluation-v1,development,22,parent_task2,10017,runs/task2winner_dev_cv2_r7_s22_parent_t2_814173b,task2winner_dev_cv2_r7_s22_parent_t2_814173b_s10017,runs/task2winner_replica_cv2_r7_s22_t1_v7_814173b/checkpoints/final.pt,cc2490bbbc0445ba3880ab6a7a656d8e5a47cc24b969910d7214e89779953d0f,814173b618fb38990db7a5b7ee200369c8b25289,b3dafd35f05214bac1058d7e16407e8cb113322a10c590efb748a51eb6e9364e,completed,classic,crate_navigation_evaluate,400,0,0,0,0,0,0,1,0,0,0,0,400,0.00290310800075531,0.0030925035476684548,0.0043451786041259766,0,0
task2-winner-evaluation-v1,development,22,parent_task2,10018,runs/task2winner_dev_cv2_r7_s22_parent_t2_814173b,task2winner_dev_cv2_r7_s22_parent_t2_814173b_s10018,runs/task2winner_replica_cv2_r7_s22_t1_v7_814173b/checkpoints/final.pt,cc2490bbbc0445ba3880ab6a7a656d8e5a47cc24b969910d7214e89779953d0f,814173b618fb38990db7a5b7ee200369c8b25289,b3dafd35f05214bac1058d7e16407e8cb113322a10c590efb748a51eb6e9364e,completed,classic,crate_navigation_evaluate,400,0,0,0,0,0,0,1,0,0,0,0,400,0.002664046883583069,0.002816820144653319,0.004181861877441406,0,0
task2-winner-evaluation-v1,development,22,parent_task2,10019,runs/task2winner_dev_cv2_r7_s22_parent_t2_814173b,task2winner_dev_cv2_r7_s22_parent_t2_814173b_s10019,runs/task2winner_replica_cv2_r7_s22_t1_v7_814173b/checkpoints/final.pt,cc2490bbbc0445ba3880ab6a7a656d8e5a47cc24b969910d7214e89779953d0f,814173b618fb38990db7a5b7ee200369c8b25289,b3dafd35f05214bac1058d7e16407e8cb113322a10c590efb748a51eb6e9364e,completed,classic,crate_navigation_evaluate,400,0,0,0,0,0,0,1,0,0,0,0,400,0.0028558266162872314,0.0030064821243286125,0.004534244537353516,0,0
task2-winner-evaluation-v1,development,22,child_task2,10000,runs/task2winner_dev_cv2_r7_s22_child_t2_814173b,task2winner_dev_cv2_r7_s22_child_t2_814173b_s10000,runs/task2winner_replica_cv2_r7_s22_t2_v7_814173b/checkpoints/final.pt,74cf3fca33acb59f003949006c7401a5a9f58c1785dd8b294b548bd7bd307715,814173b618fb38990db7a5b7ee200369c8b25289,b3dafd35f05214bac1058d7e16407e8cb113322a10c590efb748a51eb6e9364e,completed,classic,crate_navigation_evaluate,400,6,6,95,0,0,0,1,50,50,50,0,400,0.003421657681465149,0.004842257499694824,0.008905410766601562,0,0
task2-winner-evaluation-v1,development,22,child_task2,10001,runs/task2winner_dev_cv2_r7_s22_child_t2_814173b,task2winner_dev_cv2_r7_s22_child_t2_814173b_s10001,runs/task2winner_replica_cv2_r7_s22_t2_v7_814173b/checkpoints/final.pt,74cf3fca33acb59f003949006c7401a5a9f58c1785dd8b294b548bd7bd307715,814173b618fb38990db7a5b7ee200369c8b25289,b3dafd35f05214bac1058d7e16407e8cb113322a10c590efb748a51eb6e9364e,completed,classic,crate_navigation_evaluate,400,4,4,92,0,0,0,1,37,37,37,0,400,0.0039871811866760256,0.005844807624816895,0.007024526596069336,0,0
task2-winner-evaluation-v1,development,22,child_task2,10002,runs/task2winner_dev_cv2_r7_s22_child_t2_814173b,task2winner_dev_cv2_r7_s22_child_t2_814173b_s10002,runs/task2winner_replica_cv2_r7_s22_t2_v7_814173b/checkpoints/final.pt,74cf3fca33acb59f003949006c7401a5a9f58c1785dd8b294b548bd7bd307715,814173b618fb38990db7a5b7ee200369c8b25289,b3dafd35f05214bac1058d7e16407e8cb113322a10c590efb748a51eb6e9364e,completed,classic,crate_navigation_evaluate,400,9,9,119,0,0,0,1,51,51,51,0,400,0.003406650424003601,0.004929482936859131,0.007714509963989258,0,0
task2-winner-evaluation-v1,development,22,child_task2,10003,runs/task2winner_dev_cv2_r7_s22_child_t2_814173b,task2winner_dev_cv2_r7_s22_child_t2_814173b_s10003,runs/task2winner_replica_cv2_r7_s22_t2_v7_814173b/checkpoints/final.pt,74cf3fca33acb59f003949006c7401a5a9f58c1785dd8b294b548bd7bd307715,814173b618fb38990db7a5b7ee200369c8b25289,b3dafd35f05214bac1058d7e16407e8cb113322a10c590efb748a51eb6e9364e,completed,classic,crate_navigation_evaluate,400,9,9,112,0,0,0,1,50,50,50,0,400,0.0035208332538604736,0.0053641676902771,0.0060956478118896484,0,0
task2-winner-evaluation-v1,development,22,child_task2,10004,runs/task2winner_dev_cv2_r7_s22_child_t2_814173b,task2winner_dev_cv2_r7_s22_child_t2_814173b_s10004,runs/task2winner_replica_cv2_r7_s22_t2_v7_814173b/checkpoints/final.pt,74cf3fca33acb59f003949006c7401a5a9f58c1785dd8b294b548bd7bd307715,814173b618fb38990db7a5b7ee200369c8b25289,b3dafd35f05214bac1058d7e16407e8cb113322a10c590efb748a51eb6e9364e,completed,classic,crate_navigation_evaluate,400,9,9,97,0,0,0,1,35,35,35,0,400,0.003955679535865783,0.005797624588012695,0.0076105594635009766,0,0
task2-winner-evaluation-v1,development,22,child_task2,10005,runs/task2winner_dev_cv2_r7_s22_child_t2_814173b,task2winner_dev_cv2_r7_s22_child_t2_814173b_s10005,runs/task2winner_replica_cv2_r7_s22_t2_v7_814173b/checkpoints/final.pt,74cf3fca33acb59f003949006c7401a5a9f58c1785dd8b294b548bd7bd307715,814173b618fb38990db7a5b7ee200369c8b25289,b3dafd35f05214bac1058d7e16407e8cb113322a10c590efb748a51eb6e9364e,completed,classic,crate_navigation_evaluate,400,3,3,68,0,0,0,1,50,50,50,0,400,0.003159485459327698,0.004423856735229492,0.00569462776184082,0,0
task2-winner-evaluation-v1,development,22,child_task2,10006,runs/task2winner_dev_cv2_r7_s22_child_t2_814173b,task2winner_dev_cv2_r7_s22_child_t2_814173b_s10006,runs/task2winner_replica_cv2_r7_s22_t2_v7_814173b/checkpoints/final.pt,74cf3fca33acb59f003949006c7401a5a9f58c1785dd8b294b548bd7bd307715,814173b618fb38990db7a5b7ee200369c8b25289,b3dafd35f05214bac1058d7e16407e8cb113322a10c590efb748a51eb6e9364e,completed,classic,crate_navigation_evaluate,400,9,9,103,0,0,0,1,49,49,49,0,400,0.0034802800416946413,0.0051185011863708494,0.006386756896972656,0,0
task2-winner-evaluation-v1,development,22,child_task2,10007,runs/task2winner_dev_cv2_r7_s22_child_t2_814173b,task2winner_dev_cv2_r7_s22_child_t2_814173b_s10007,runs/task2winner_replica_cv2_r7_s22_t2_v7_814173b/checkpoints/final.pt,74cf3fca33acb59f003949006c7401a5a9f58c1785dd8b294b548bd7bd307715,814173b618fb38990db7a5b7ee200369c8b25289,b3dafd35f05214bac1058d7e16407e8cb113322a10c590efb748a51eb6e9364e,completed,classic,crate_navigation_evaluate,400,6,6,81,0,0,0,1,45,45,45,0,400,0.0033383452892303466,0.004742777347564697,0.006383657455444336,0,0
task2-winner-evaluation-v1,development,22,child_task2,10008,runs/task2winner_dev_cv2_r7_s22_child_t2_814173b,task2winner_dev_cv2_r7_s22_child_t2_814173b_s10008,runs/task2winner_replica_cv2_r7_s22_t2_v7_814173b/checkpoints/final.pt,74cf3fca33acb59f003949006c7401a5a9f58c1785dd8b294b548bd7bd307715,814173b618fb38990db7a5b7ee200369c8b25289,b3dafd35f05214bac1058d7e16407e8cb113322a10c590efb748a51eb6e9364e,completed,classic,crate_navigation_evaluate,400,8,8,109,0,0,0,1,50,50,50,0,400,0.0032973116636276245,0.00472947359085083,0.005840778350830078,0,0
task2-winner-evaluation-v1,development,22,child_task2,10009,runs/task2winner_dev_cv2_r7_s22_child_t2_814173b,task2winner_dev_cv2_r7_s22_child_t2_814173b_s10009,runs/task2winner_replica_cv2_r7_s22_t2_v7_814173b/checkpoints/final.pt,74cf3fca33acb59f003949006c7401a5a9f58c1785dd8b294b548bd7bd307715,814173b618fb38990db7a5b7ee200369c8b25289,b3dafd35f05214bac1058d7e16407e8cb113322a10c590efb748a51eb6e9364e,completed,classic,crate_navigation_evaluate,400,8,8,96,0,0,0,1,45,45,45,0,400,0.003359687328338623,0.0046282649040222164,0.005789756774902344,0,0
task2-winner-evaluation-v1,development,22,child_task2,10010,runs/task2winner_dev_cv2_r7_s22_child_t2_814173b,task2winner_dev_cv2_r7_s22_child_t2_814173b_s10010,runs/task2winner_replica_cv2_r7_s22_t2_v7_814173b/checkpoints/final.pt,74cf3fca33acb59f003949006c7401a5a9f58c1785dd8b294b548bd7bd307715,814173b618fb38990db7a5b7ee200369c8b25289,b3dafd35f05214bac1058d7e16407e8cb113322a10c590efb748a51eb6e9364e,completed,classic,crate_navigation_evaluate,400,3,3,66,0,0,0,1,53,53,53,0,400,0.003261343240737915,0.004573953151702881,0.0054051876068115234,0,0
task2-winner-evaluation-v1,development,22,child_task2,10011,runs/task2winner_dev_cv2_r7_s22_child_t2_814173b,task2winner_dev_cv2_r7_s22_child_t2_814173b_s10011,runs/task2winner_replica_cv2_r7_s22_t2_v7_814173b/checkpoints/final.pt,74cf3fca33acb59f003949006c7401a5a9f58c1785dd8b294b548bd7bd307715,814173b618fb38990db7a5b7ee200369c8b25289,b3dafd35f05214bac1058d7e16407e8cb113322a10c590efb748a51eb6e9364e,completed,classic,crate_navigation_evaluate,400,7,7,92,0,0,0,1,46,46,46,0,400,0.0034651434421539306,0.005288708209991455,0.007700204849243164,0,0
task2-winner-evaluation-v1,development,22,child_task2,10012,runs/task2winner_dev_cv2_r7_s22_child_t2_814173b,task2winner_dev_cv2_r7_s22_child_t2_814173b_s10012,runs/task2winner_replica_cv2_r7_s22_t2_v7_814173b/checkpoints/final.pt,74cf3fca33acb59f003949006c7401a5a9f58c1785dd8b294b548bd7bd307715,814173b618fb38990db7a5b7ee200369c8b25289,b3dafd35f05214bac1058d7e16407e8cb113322a10c590efb748a51eb6e9364e,completed,classic,crate_navigation_evaluate,400,9,9,101,0,0,0,1,33,33,33,0,400,0.003940774798393249,0.005591940879821777,0.007233381271362305,0,0
task2-winner-evaluation-v1,development,22,child_task2,10013,runs/task2winner_dev_cv2_r7_s22_child_t2_814173b,task2winner_dev_cv2_r7_s22_child_t2_814173b_s10013,runs/task2winner_replica_cv2_r7_s22_t2_v7_814173b/checkpoints/final.pt,74cf3fca33acb59f003949006c7401a5a9f58c1785dd8b294b548bd7bd307715,814173b618fb38990db7a5b7ee200369c8b25289,b3dafd35f05214bac1058d7e16407e8cb113322a10c590efb748a51eb6e9364e,completed,classic,crate_navigation_evaluate,400,9,9,99,0,0,0,1,45,45,45,0,400,0.0035048902034759523,0.005317115783691405,0.007325172424316406,0,0
task2-winner-evaluation-v1,development,22,child_task2,10014,runs/task2winner_dev_cv2_r7_s22_child_t2_814173b,task2winner_dev_cv2_r7_s22_child_t2_814173b_s10014,runs/task2winner_replica_cv2_r7_s22_t2_v7_814173b/checkpoints/final.pt,74cf3fca33acb59f003949006c7401a5a9f58c1785dd8b294b548bd7bd307715,814173b618fb38990db7a5b7ee200369c8b25289,b3dafd35f05214bac1058d7e16407e8cb113322a10c590efb748a51eb6e9364e,completed,classic,crate_navigation_evaluate,400,7,7,80,0,0,0,1,35,35,35,0,400,0.003942086696624756,0.005557596683502197,0.014327764511108398,0,0
task2-winner-evaluation-v1,development,22,child_task2,10015,runs/task2winner_dev_cv2_r7_s22_child_t2_814173b,task2winner_dev_cv2_r7_s22_child_t2_814173b_s10015,runs/task2winner_replica_cv2_r7_s22_t2_v7_814173b/checkpoints/final.pt,74cf3fca33acb59f003949006c7401a5a9f58c1785dd8b294b548bd7bd307715,814173b618fb38990db7a5b7ee200369c8b25289,b3dafd35f05214bac1058d7e16407e8cb113322a10c590efb748a51eb6e9364e,completed,classic,crate_navigation_evaluate,400,8,8,109,0,0,0,1,46,46,46,0,400,0.0035912382602691652,0.005308997631072998,0.0066509246826171875,0,0
task2-winner-evaluation-v1,development,22,child_task2,10016,runs/task2winner_dev_cv2_r7_s22_child_t2_814173b,task2winner_dev_cv2_r7_s22_child_t2_814173b_s10016,runs/task2winner_replica_cv2_r7_s22_t2_v7_814173b/checkpoints/final.pt,74cf3fca33acb59f003949006c7401a5a9f58c1785dd8b294b548bd7bd307715,814173b618fb38990db7a5b7ee200369c8b25289,b3dafd35f05214bac1058d7e16407e8cb113322a10c590efb748a51eb6e9364e,completed,classic,crate_navigation_evaluate,400,6,6,94,0,0,0,1,55,54,54,0,400,0.0033935797214508056,0.004778575897216796,0.005977153778076172,0,0
task2-winner-evaluation-v1,development,22,child_task2,10017,runs/task2winner_dev_cv2_r7_s22_child_t2_814173b,task2winner_dev_cv2_r7_s22_child_t2_814173b_s10017,runs/task2winner_replica_cv2_r7_s22_t2_v7_814173b/checkpoints/final.pt,74cf3fca33acb59f003949006c7401a5a9f58c1785dd8b294b548bd7bd307715,814173b618fb38990db7a5b7ee200369c8b25289,b3dafd35f05214bac1058d7e16407e8cb113322a10c590efb748a51eb6e9364e,completed,classic,crate_navigation_evaluate,400,9,9,116,0,0,0,1,44,44,44,0,400,0.003765990138053894,0.00557711124420166,0.0062503814697265625,0,0
task2-winner-evaluation-v1,development,22,child_task2,10018,runs/task2winner_dev_cv2_r7_s22_child_t2_814173b,task2winner_dev_cv2_r7_s22_child_t2_814173b_s10018,runs/task2winner_replica_cv2_r7_s22_t2_v7_814173b/checkpoints/final.pt,74cf3fca33acb59f003949006c7401a5a9f58c1785dd8b294b548bd7bd307715,814173b618fb38990db7a5b7ee200369c8b25289,b3dafd35f05214bac1058d7e16407e8cb113322a10c590efb748a51eb6e9364e,completed,classic,crate_navigation_evaluate,400,7,7,90,0,0,0,1,36,36,36,0,400,0.0038673895597457885,0.005505657196044921,0.006601095199584961,0,0
task2-winner-evaluation-v1,development,22,child_task2,10019,runs/task2winner_dev_cv2_r7_s22_child_t2_814173b,task2winner_dev_cv2_r7_s22_child_t2_814173b_s10019,runs/task2winner_replica_cv2_r7_s22_t2_v7_814173b/checkpoints/final.pt,74cf3fca33acb59f003949006c7401a5a9f58c1785dd8b294b548bd7bd307715,814173b618fb38990db7a5b7ee200369c8b25289,b3dafd35f05214bac1058d7e16407e8cb113322a10c590efb748a51eb6e9364e,completed,classic,crate_navigation_evaluate,400,7,7,72,0,0,0,1,46,46,46,0,400,0.0034546107053756714,0.005158591270446777,0.0054547786712646484,0,0
task2-winner-evaluation-v1,development,33,parent_task1,10000,runs/task2winner_gate_cv2_r7_s33_t1_814173b,task2winner_gate_cv2_r7_s33_t1_814173b_s10000,runs/task2winner_replica_cv2_r7_s33_t1_v7_814173b/checkpoints/final.pt,7f8848ae90ab87ef38d2e53b40aa84a650170762574a0b9699125d602b8d072d,814173b618fb38990db7a5b7ee200369c8b25289,b3dafd35f05214bac1058d7e16407e8cb113322a10c590efb748a51eb6e9364e,completed,coin-heaven,coin_navigation_evaluate,135,50,50,0,0,0,0,1,0,0,0,0,135,0.005924493295175058,0.006625652313232422,0.00745081901550293,0,0
task2-winner-evaluation-v1,development,33,parent_task1,10001,runs/task2winner_gate_cv2_r7_s33_t1_814173b,task2winner_gate_cv2_r7_s33_t1_814173b_s10001,runs/task2winner_replica_cv2_r7_s33_t1_v7_814173b/checkpoints/final.pt,7f8848ae90ab87ef38d2e53b40aa84a650170762574a0b9699125d602b8d072d,814173b618fb38990db7a5b7ee200369c8b25289,b3dafd35f05214bac1058d7e16407e8cb113322a10c590efb748a51eb6e9364e,completed,coin-heaven,coin_navigation_evaluate,129,50,50,0,0,0,0,1,0,0,0,0,129,0.005820163460664971,0.006625699996948242,0.006671905517578125,0,0
task2-winner-evaluation-v1,development,33,parent_task1,10002,runs/task2winner_gate_cv2_r7_s33_t1_814173b,task2winner_gate_cv2_r7_s33_t1_814173b_s10002,runs/task2winner_replica_cv2_r7_s33_t1_v7_814173b/checkpoints/final.pt,7f8848ae90ab87ef38d2e53b40aa84a650170762574a0b9699125d602b8d072d,814173b618fb38990db7a5b7ee200369c8b25289,b3dafd35f05214bac1058d7e16407e8cb113322a10c590efb748a51eb6e9364e,completed,coin-heaven,coin_navigation_evaluate,119,50,50,0,0,0,0,1,0,0,0,0,119,0.00588247154941078,0.00659480094909668,0.008015155792236328,0,0
task2-winner-evaluation-v1,development,33,parent_task1,10003,runs/task2winner_gate_cv2_r7_s33_t1_814173b,task2winner_gate_cv2_r7_s33_t1_814173b_s10003,runs/task2winner_replica_cv2_r7_s33_t1_v7_814173b/checkpoints/final.pt,7f8848ae90ab87ef38d2e53b40aa84a650170762574a0b9699125d602b8d072d,814173b618fb38990db7a5b7ee200369c8b25289,b3dafd35f05214bac1058d7e16407e8cb113322a10c590efb748a51eb6e9364e,completed,coin-heaven,coin_navigation_evaluate,125,50,50,0,0,0,0,1,0,0,0,0,125,0.005839912414550781,0.006546401977539062,0.006871938705444336,0,0
task2-winner-evaluation-v1,development,33,parent_task1,10004,runs/task2winner_gate_cv2_r7_s33_t1_814173b,task2winner_gate_cv2_r7_s33_t1_814173b_s10004,runs/task2winner_replica_cv2_r7_s33_t1_v7_814173b/checkpoints/final.pt,7f8848ae90ab87ef38d2e53b40aa84a650170762574a0b9699125d602b8d072d,814173b618fb38990db7a5b7ee200369c8b25289,b3dafd35f05214bac1058d7e16407e8cb113322a10c590efb748a51eb6e9364e,completed,coin-heaven,coin_navigation_evaluate,145,50,50,0,0,0,0,1,0,0,0,0,145,0.005825766201676993,0.006524085998535156,0.006682872772216797,0,0
task2-winner-evaluation-v1,development,33,parent_task1,10005,runs/task2winner_gate_cv2_r7_s33_t1_814173b,task2winner_gate_cv2_r7_s33_t1_814173b_s10005,runs/task2winner_replica_cv2_r7_s33_t1_v7_814173b/checkpoints/final.pt,7f8848ae90ab87ef38d2e53b40aa84a650170762574a0b9699125d602b8d072d,814173b618fb38990db7a5b7ee200369c8b25289,b3dafd35f05214bac1058d7e16407e8cb113322a10c590efb748a51eb6e9364e,completed,coin-heaven,coin_navigation_evaluate,111,50,50,0,0,0,0,1,0,0,0,0,111,0.005718501838477883,0.006520271301269531,0.006601572036743164,0,0
task2-winner-evaluation-v1,development,33,parent_task1,10006,runs/task2winner_gate_cv2_r7_s33_t1_814173b,task2winner_gate_cv2_r7_s33_t1_814173b_s10006,runs/task2winner_replica_cv2_r7_s33_t1_v7_814173b/checkpoints/final.pt,7f8848ae90ab87ef38d2e53b40aa84a650170762574a0b9699125d602b8d072d,814173b618fb38990db7a5b7ee200369c8b25289,b3dafd35f05214bac1058d7e16407e8cb113322a10c590efb748a51eb6e9364e,completed,coin-heaven,coin_navigation_evaluate,123,50,50,0,0,0,0,1,0,0,0,0,123,0.0058637808978073,0.006683158874511718,0.0070841312408447266,0,0
task2-winner-evaluation-v1,development,33,parent_task1,10007,runs/task2winner_gate_cv2_r7_s33_t1_814173b,task2winner_gate_cv2_r7_s33_t1_814173b_s10007,runs/task2winner_replica_cv2_r7_s33_t1_v7_814173b/checkpoints/final.pt,7f8848ae90ab87ef38d2e53b40aa84a650170762574a0b9699125d602b8d072d,814173b618fb38990db7a5b7ee200369c8b25289,b3dafd35f05214bac1058d7e16407e8cb113322a10c590efb748a51eb6e9364e,completed,coin-heaven,coin_navigation_evaluate,111,50,50,0,0,0,0,1,0,0,0,0,111,0.005830038775194873,0.006589293479919434,0.006722688674926758,0,0
task2-winner-evaluation-v1,development,33,parent_task1,10008,runs/task2winner_gate_cv2_r7_s33_t1_814173b,task2winner_gate_cv2_r7_s33_t1_814173b_s10008,runs/task2winner_replica_cv2_r7_s33_t1_v7_814173b/checkpoints/final.pt,7f8848ae90ab87ef38d2e53b40aa84a650170762574a0b9699125d602b8d072d,814173b618fb38990db7a5b7ee200369c8b25289,b3dafd35f05214bac1058d7e16407e8cb113322a10c590efb748a51eb6e9364e,completed,coin-heaven,coin_navigation_evaluate,125,50,50,0,0,0,0,1,0,0,0,0,125,0.005778064727783203,0.006495380401611328,0.00662994384765625,0,0
task2-winner-evaluation-v1,development,33,parent_task1,10009,runs/task2winner_gate_cv2_r7_s33_t1_814173b,task2winner_gate_cv2_r7_s33_t1_814173b_s10009,runs/task2winner_replica_cv2_r7_s33_t1_v7_814173b/checkpoints/final.pt,7f8848ae90ab87ef38d2e53b40aa84a650170762574a0b9699125d602b8d072d,814173b618fb38990db7a5b7ee200369c8b25289,b3dafd35f05214bac1058d7e16407e8cb113322a10c590efb748a51eb6e9364e,completed,coin-heaven,coin_navigation_evaluate,123,50,50,0,0,0,0,1,0,0,0,0,123,0.005668178806460001,0.006490373611450195,0.0067255496978759766,0,0
task2-winner-evaluation-v1,development,33,parent_task1,10010,runs/task2winner_gate_cv2_r7_s33_t1_814173b,task2winner_gate_cv2_r7_s33_t1_814173b_s10010,runs/task2winner_replica_cv2_r7_s33_t1_v7_814173b/checkpoints/final.pt,7f8848ae90ab87ef38d2e53b40aa84a650170762574a0b9699125d602b8d072d,814173b618fb38990db7a5b7ee200369c8b25289,b3dafd35f05214bac1058d7e16407e8cb113322a10c590efb748a51eb6e9364e,completed,coin-heaven,coin_navigation_evaluate,131,50,50,0,0,0,0,1,0,0,0,0,131,0.005791594963947325,0.00659942626953125,0.006725788116455078,0,0
task2-winner-evaluation-v1,development,33,parent_task1,10011,runs/task2winner_gate_cv2_r7_s33_t1_814173b,task2winner_gate_cv2_r7_s33_t1_814173b_s10011,runs/task2winner_replica_cv2_r7_s33_t1_v7_814173b/checkpoints/final.pt,7f8848ae90ab87ef38d2e53b40aa84a650170762574a0b9699125d602b8d072d,814173b618fb38990db7a5b7ee200369c8b25289,b3dafd35f05214bac1058d7e16407e8cb113322a10c590efb748a51eb6e9364e,completed,coin-heaven,coin_navigation_evaluate,128,50,50,0,0,0,0,1,0,0,0,0,128,0.005755715072154999,0.006534373760223388,0.0072784423828125,0,0
task2-winner-evaluation-v1,development,33,parent_task1,10012,runs/task2winner_gate_cv2_r7_s33_t1_814173b,task2winner_gate_cv2_r7_s33_t1_814173b_s10012,runs/task2winner_replica_cv2_r7_s33_t1_v7_814173b/checkpoints/final.pt,7f8848ae90ab87ef38d2e53b40aa84a650170762574a0b9699125d602b8d072d,814173b618fb38990db7a5b7ee200369c8b25289,b3dafd35f05214bac1058d7e16407e8cb113322a10c590efb748a51eb6e9364e,completed,coin-heaven,coin_navigation_evaluate,126,50,50,0,0,0,0,1,0,0,0,0,126,0.005853266943068732,0.006705641746520996,0.007166385650634766,0,0
task2-winner-evaluation-v1,development,33,parent_task1,10013,runs/task2winner_gate_cv2_r7_s33_t1_814173b,task2winner_gate_cv2_r7_s33_t1_814173b_s10013,runs/task2winner_replica_cv2_r7_s33_t1_v7_814173b/checkpoints/final.pt,7f8848ae90ab87ef38d2e53b40aa84a650170762574a0b9699125d602b8d072d,814173b618fb38990db7a5b7ee200369c8b25289,b3dafd35f05214bac1058d7e16407e8cb113322a10c590efb748a51eb6e9364e,completed,coin-heaven,coin_navigation_evaluate,119,50,50,0,0,0,0,1,0,0,0,0,119,0.0058081109984582215,0.0065376520156860355,0.006634235382080078,0,0
task2-winner-evaluation-v1,development,33,parent_task1,10014,runs/task2winner_gate_cv2_r7_s33_t1_814173b,task2winner_gate_cv2_r7_s33_t1_814173b_s10014,runs/task2winner_replica_cv2_r7_s33_t1_v7_814173b/checkpoints/final.pt,7f8848ae90ab87ef38d2e53b40aa84a650170762574a0b9699125d602b8d072d,814173b618fb38990db7a5b7ee200369c8b25289,b3dafd35f05214bac1058d7e16407e8cb113322a10c590efb748a51eb6e9364e,completed,coin-heaven,coin_navigation_evaluate,141,50,50,0,0,0,0,1,0,0,0,0,141,0.005771107707463257,0.006600141525268555,0.006786823272705078,0,0
task2-winner-evaluation-v1,development,33,parent_task1,10015,runs/task2winner_gate_cv2_r7_s33_t1_814173b,task2winner_gate_cv2_r7_s33_t1_814173b_s10015,runs/task2winner_replica_cv2_r7_s33_t1_v7_814173b/checkpoints/final.pt,7f8848ae90ab87ef38d2e53b40aa84a650170762574a0b9699125d602b8d072d,814173b618fb38990db7a5b7ee200369c8b25289,b3dafd35f05214bac1058d7e16407e8cb113322a10c590efb748a51eb6e9364e,completed,coin-heaven,coin_navigation_evaluate,131,50,50,0,0,0,0,1,0,0,0,0,131,0.005770048112359666,0.006541013717651367,0.006678104400634766,0,0
task2-winner-evaluation-v1,development,33,parent_task1,10016,runs/task2winner_gate_cv2_r7_s33_t1_814173b,task2winner_gate_cv2_r7_s33_t1_814173b_s10016,runs/task2winner_replica_cv2_r7_s33_t1_v7_814173b/checkpoints/final.pt,7f8848ae90ab87ef38d2e53b40aa84a650170762574a0b9699125d602b8d072d,814173b618fb38990db7a5b7ee200369c8b25289,b3dafd35f05214bac1058d7e16407e8cb113322a10c590efb748a51eb6e9364e,completed,coin-heaven,coin_navigation_evaluate,133,50,50,0,0,0,0,1,0,0,0,0,133,0.005766108520048901,0.0066011905670166,0.006780385971069336,0,0
task2-winner-evaluation-v1,development,33,parent_task1,10017,runs/task2winner_gate_cv2_r7_s33_t1_814173b,task2winner_gate_cv2_r7_s33_t1_814173b_s10017,runs/task2winner_replica_cv2_r7_s33_t1_v7_814173b/checkpoints/final.pt,7f8848ae90ab87ef38d2e53b40aa84a650170762574a0b9699125d602b8d072d,814173b618fb38990db7a5b7ee200369c8b25289,b3dafd35f05214bac1058d7e16407e8cb113322a10c590efb748a51eb6e9364e,completed,coin-heaven,coin_navigation_evaluate,125,50,50,0,0,0,0,1,0,0,0,0,125,0.005799606323242188,0.006534290313720704,0.00663447380065918,0,0
task2-winner-evaluation-v1,development,33,parent_task1,10018,runs/task2winner_gate_cv2_r7_s33_t1_814173b,task2winner_gate_cv2_r7_s33_t1_814173b_s10018,runs/task2winner_replica_cv2_r7_s33_t1_v7_814173b/checkpoints/final.pt,7f8848ae90ab87ef38d2e53b40aa84a650170762574a0b9699125d602b8d072d,814173b618fb38990db7a5b7ee200369c8b25289,b3dafd35f05214bac1058d7e16407e8cb113322a10c590efb748a51eb6e9364e,completed,coin-heaven,coin_navigation_evaluate,125,50,50,0,0,0,0,1,0,0,0,0,125,0.0058408317565917965,0.00666360855102539,0.007657051086425781,0,0
task2-winner-evaluation-v1,development,33,parent_task1,10019,runs/task2winner_gate_cv2_r7_s33_t1_814173b,task2winner_gate_cv2_r7_s33_t1_814173b_s10019,runs/task2winner_replica_cv2_r7_s33_t1_v7_814173b/checkpoints/final.pt,7f8848ae90ab87ef38d2e53b40aa84a650170762574a0b9699125d602b8d072d,814173b618fb38990db7a5b7ee200369c8b25289,b3dafd35f05214bac1058d7e16407e8cb113322a10c590efb748a51eb6e9364e,completed,coin-heaven,coin_navigation_evaluate,144,50,50,0,0,0,0,1,0,0,0,0,144,0.00571715169482761,0.0066246271133422845,0.007818222045898438,0,0
task2-winner-evaluation-v1,development,33,child_task1,10000,runs/task2winner_dev_cv2_r7_s33_backtest_t1_814173b,task2winner_dev_cv2_r7_s33_backtest_t1_814173b_s10000,runs/task2winner_replica_cv2_r7_s33_t2_v7_814173b/checkpoints/final.pt,afa8092e2be3c1402ec634c988d3c739f1563fe62b4eb4b7b59a19ef8e21a94c,814173b618fb38990db7a5b7ee200369c8b25289,b3dafd35f05214bac1058d7e16407e8cb113322a10c590efb748a51eb6e9364e,completed,coin-heaven,coin_navigation_evaluate,125,50,50,0,0,0,0,1,0,0,0,0,125,0.005992050170898437,0.006667041778564453,0.008150577545166016,0,0
task2-winner-evaluation-v1,development,33,child_task1,10001,runs/task2winner_dev_cv2_r7_s33_backtest_t1_814173b,task2winner_dev_cv2_r7_s33_backtest_t1_814173b_s10001,runs/task2winner_replica_cv2_r7_s33_t2_v7_814173b/checkpoints/final.pt,afa8092e2be3c1402ec634c988d3c739f1563fe62b4eb4b7b59a19ef8e21a94c,814173b618fb38990db7a5b7ee200369c8b25289,b3dafd35f05214bac1058d7e16407e8cb113322a10c590efb748a51eb6e9364e,completed,coin-heaven,coin_navigation_evaluate,125,50,50,0,0,0,0,1,0,0,0,0,125,0.005998382568359375,0.0067978382110595705,0.008878469467163086,0,0
task2-winner-evaluation-v1,development,33,child_task1,10002,runs/task2winner_dev_cv2_r7_s33_backtest_t1_814173b,task2winner_dev_cv2_r7_s33_backtest_t1_814173b_s10002,runs/task2winner_replica_cv2_r7_s33_t2_v7_814173b/checkpoints/final.pt,afa8092e2be3c1402ec634c988d3c739f1563fe62b4eb4b7b59a19ef8e21a94c,814173b618fb38990db7a5b7ee200369c8b25289,b3dafd35f05214bac1058d7e16407e8cb113322a10c590efb748a51eb6e9364e,completed,coin-heaven,coin_navigation_evaluate,133,50,50,0,0,0,0,1,0,0,0,0,133,0.006040338286779877,0.006722211837768555,0.0076389312744140625,0,0
task2-winner-evaluation-v1,development,33,child_task1,10003,runs/task2winner_dev_cv2_r7_s33_backtest_t1_814173b,task2winner_dev_cv2_r7_s33_backtest_t1_814173b_s10003,runs/task2winner_replica_cv2_r7_s33_t2_v7_814173b/checkpoints/final.pt,afa8092e2be3c1402ec634c988d3c739f1563fe62b4eb4b7b59a19ef8e21a94c,814173b618fb38990db7a5b7ee200369c8b25289,b3dafd35f05214bac1058d7e16407e8cb113322a10c590efb748a51eb6e9364e,completed,coin-heaven,coin_navigation_evaluate,115,50,50,0,0,0,0,1,0,0,0,0,115,0.0060543495675791864,0.006778526306152343,0.007140398025512695,0,0
task2-winner-evaluation-v1,development,33,child_task1,10004,runs/task2winner_dev_cv2_r7_s33_backtest_t1_814173b,task2winner_dev_cv2_r7_s33_backtest_t1_814173b_s10004,runs/task2winner_replica_cv2_r7_s33_t2_v7_814173b/checkpoints/final.pt,afa8092e2be3c1402ec634c988d3c739f1563fe62b4eb4b7b59a19ef8e21a94c,814173b618fb38990db7a5b7ee200369c8b25289,b3dafd35f05214bac1058d7e16407e8cb113322a10c590efb748a51eb6e9364e,completed,coin-heaven,coin_navigation_evaluate,150,50,50,0,0,0,0,1,0,0,0,0,150,0.00591731866200765,0.006751501560211181,0.00754094123840332,0,0
task2-winner-evaluation-v1,development,33,child_task1,10005,runs/task2winner_dev_cv2_r7_s33_backtest_t1_814173b,task2winner_dev_cv2_r7_s33_backtest_t1_814173b_s10005,runs/task2winner_replica_cv2_r7_s33_t2_v7_814173b/checkpoints/final.pt,afa8092e2be3c1402ec634c988d3c739f1563fe62b4eb4b7b59a19ef8e21a94c,814173b618fb38990db7a5b7ee200369c8b25289,b3dafd35f05214bac1058d7e16407e8cb113322a10c590efb748a51eb6e9364e,completed,coin-heaven,coin_navigation_evaluate,116,50,50,0,0,0,0,1,0,0,0,0,116,0.005835489980105696,0.00674128532409668,0.006948709487915039,0,0
task2-winner-evaluation-v1,development,33,child_task1,10006,runs/task2winner_dev_cv2_r7_s33_backtest_t1_814173b,task2winner_dev_cv2_r7_s33_backtest_t1_814173b_s10006,runs/task2winner_replica_cv2_r7_s33_t2_v7_814173b/checkpoints/final.pt,afa8092e2be3c1402ec634c988d3c739f1563fe62b4eb4b7b59a19ef8e21a94c,814173b618fb38990db7a5b7ee200369c8b25289,b3dafd35f05214bac1058d7e16407e8cb113322a10c590efb748a51eb6e9364e,completed,coin-heaven,coin_navigation_evaluate,121,50,50,0,0,0,0,1,0,0,0,0,121,0.00602645322311023,0.006705760955810547,0.008275985717773438,0,0
task2-winner-evaluation-v1,development,33,child_task1,10007,runs/task2winner_dev_cv2_r7_s33_backtest_t1_814173b,task2winner_dev_cv2_r7_s33_backtest_t1_814173b_s10007,runs/task2winner_replica_cv2_r7_s33_t2_v7_814173b/checkpoints/final.pt,afa8092e2be3c1402ec634c988d3c739f1563fe62b4eb4b7b59a19ef8e21a94c,814173b618fb38990db7a5b7ee200369c8b25289,b3dafd35f05214bac1058d7e16407e8cb113322a10c590efb748a51eb6e9364e,completed,coin-heaven,coin_navigation_evaluate,127,50,50,0,0,0,0,1,0,0,0,0,127,0.006037798453503706,0.00675806999206543,0.007359743118286133,0,0
task2-winner-evaluation-v1,development,33,child_task1,10008,runs/task2winner_dev_cv2_r7_s33_backtest_t1_814173b,task2winner_dev_cv2_r7_s33_backtest_t1_814173b_s10008,runs/task2winner_replica_cv2_r7_s33_t2_v7_814173b/checkpoints/final.pt,afa8092e2be3c1402ec634c988d3c739f1563fe62b4eb4b7b59a19ef8e21a94c,814173b618fb38990db7a5b7ee200369c8b25289,b3dafd35f05214bac1058d7e16407e8cb113322a10c590efb748a51eb6e9364e,completed,coin-heaven,coin_navigation_evaluate,119,50,50,0,0,0,0,1,0,0,0,0,119,0.005968913310716132,0.006648755073547363,0.007239341735839844,0,0
task2-winner-evaluation-v1,development,33,child_task1,10009,runs/task2winner_dev_cv2_r7_s33_backtest_t1_814173b,task2winner_dev_cv2_r7_s33_backtest_t1_814173b_s10009,runs/task2winner_replica_cv2_r7_s33_t2_v7_814173b/checkpoints/final.pt,afa8092e2be3c1402ec634c988d3c739f1563fe62b4eb4b7b59a19ef8e21a94c,814173b618fb38990db7a5b7ee200369c8b25289,b3dafd35f05214bac1058d7e16407e8cb113322a10c590efb748a51eb6e9364e,completed,coin-heaven,coin_navigation_evaluate,123,50,50,0,0,0,0,1,0,0,0,0,123,0.005896954032463756,0.0068336486816406245,0.0075855255126953125,0,0
task2-winner-evaluation-v1,development,33,child_task1,10010,runs/task2winner_dev_cv2_r7_s33_backtest_t1_814173b,task2winner_dev_cv2_r7_s33_backtest_t1_814173b_s10010,runs/task2winner_replica_cv2_r7_s33_t2_v7_814173b/checkpoints/final.pt,afa8092e2be3c1402ec634c988d3c739f1563fe62b4eb4b7b59a19ef8e21a94c,814173b618fb38990db7a5b7ee200369c8b25289,b3dafd35f05214bac1058d7e16407e8cb113322a10c590efb748a51eb6e9364e,completed,coin-heaven,coin_navigation_evaluate,131,50,50,0,0,0,0,1,0,0,0,0,131,0.005966750720075069,0.0069806575775146484,0.007984399795532227,0,0
task2-winner-evaluation-v1,development,33,child_task1,10011,runs/task2winner_dev_cv2_r7_s33_backtest_t1_814173b,task2winner_dev_cv2_r7_s33_backtest_t1_814173b_s10011,runs/task2winner_replica_cv2_r7_s33_t2_v7_814173b/checkpoints/final.pt,afa8092e2be3c1402ec634c988d3c739f1563fe62b4eb4b7b59a19ef8e21a94c,814173b618fb38990db7a5b7ee200369c8b25289,b3dafd35f05214bac1058d7e16407e8cb113322a10c590efb748a51eb6e9364e,completed,coin-heaven,coin_navigation_evaluate,121,50,50,0,0,0,0,1,0,0,0,0,121,0.005942689485786375,0.006666898727416992,0.00738978385925293,0,0
task2-winner-evaluation-v1,development,33,child_task1,10012,runs/task2winner_dev_cv2_r7_s33_backtest_t1_814173b,task2winner_dev_cv2_r7_s33_backtest_t1_814173b_s10012,runs/task2winner_replica_cv2_r7_s33_t2_v7_814173b/checkpoints/final.pt,afa8092e2be3c1402ec634c988d3c739f1563fe62b4eb4b7b59a19ef8e21a94c,814173b618fb38990db7a5b7ee200369c8b25289,b3dafd35f05214bac1058d7e16407e8cb113322a10c590efb748a51eb6e9364e,completed,coin-heaven,coin_navigation_evaluate,129,50,50,0,0,0,0,1,0,0,0,0,129,0.0059746457624805065,0.006714153289794922,0.007275104522705078,0,0
task2-winner-evaluation-v1,development,33,child_task1,10013,runs/task2winner_dev_cv2_r7_s33_backtest_t1_814173b,task2winner_dev_cv2_r7_s33_backtest_t1_814173b_s10013,runs/task2winner_replica_cv2_r7_s33_t2_v7_814173b/checkpoints/final.pt,afa8092e2be3c1402ec634c988d3c739f1563fe62b4eb4b7b59a19ef8e21a94c,814173b618fb38990db7a5b7ee200369c8b25289,b3dafd35f05214bac1058d7e16407e8cb113322a10c590efb748a51eb6e9364e,completed,coin-heaven,coin_navigation_evaluate,119,50,50,0,0,0,0,1,0,0,0,0,119,0.006000787270169298,0.006919503211975098,0.007269382476806641,0,0
task2-winner-evaluation-v1,development,33,child_task1,10014,runs/task2winner_dev_cv2_r7_s33_backtest_t1_814173b,task2winner_dev_cv2_r7_s33_backtest_t1_814173b_s10014,runs/task2winner_replica_cv2_r7_s33_t2_v7_814173b/checkpoints/final.pt,afa8092e2be3c1402ec634c988d3c739f1563fe62b4eb4b7b59a19ef8e21a94c,814173b618fb38990db7a5b7ee200369c8b25289,b3dafd35f05214bac1058d7e16407e8cb113322a10c590efb748a51eb6e9364e,completed,coin-heaven,coin_navigation_evaluate,144,50,50,0,0,0,0,1,0,0,0,0,144,0.005927024616135491,0.006709504127502442,0.0069735050201416016,0,0
task2-winner-evaluation-v1,development,33,child_task1,10015,runs/task2winner_dev_cv2_r7_s33_backtest_t1_814173b,task2winner_dev_cv2_r7_s33_backtest_t1_814173b_s10015,runs/task2winner_replica_cv2_r7_s33_t2_v7_814173b/checkpoints/final.pt,afa8092e2be3c1402ec634c988d3c739f1563fe62b4eb4b7b59a19ef8e21a94c,814173b618fb38990db7a5b7ee200369c8b25289,b3dafd35f05214bac1058d7e16407e8cb113322a10c590efb748a51eb6e9364e,completed,coin-heaven,coin_navigation_evaluate,126,50,50,0,0,0,0,1,0,0,0,0,126,0.005846142768859863,0.006727337837219238,0.006991147994995117,0,0
task2-winner-evaluation-v1,development,33,child_task1,10016,runs/task2winner_dev_cv2_r7_s33_backtest_t1_814173b,task2winner_dev_cv2_r7_s33_backtest_t1_814173b_s10016,runs/task2winner_replica_cv2_r7_s33_t2_v7_814173b/checkpoints/final.pt,afa8092e2be3c1402ec634c988d3c739f1563fe62b4eb4b7b59a19ef8e21a94c,814173b618fb38990db7a5b7ee200369c8b25289,b3dafd35f05214bac1058d7e16407e8cb113322a10c590efb748a51eb6e9364e,completed,coin-heaven,coin_navigation_evaluate,121,50,50,0,0,0,0,1,0,0,0,0,121,0.005975926217954021,0.006972551345825195,0.0073261260986328125,0,0
task2-winner-evaluation-v1,development,33,child_task1,10017,runs/task2winner_dev_cv2_r7_s33_backtest_t1_814173b,task2winner_dev_cv2_r7_s33_backtest_t1_814173b_s10017,runs/task2winner_replica_cv2_r7_s33_t2_v7_814173b/checkpoints/final.pt,afa8092e2be3c1402ec634c988d3c739f1563fe62b4eb4b7b59a19ef8e21a94c,814173b618fb38990db7a5b7ee200369c8b25289,b3dafd35f05214bac1058d7e16407e8cb113322a10c590efb748a51eb6e9364e,completed,coin-heaven,coin_navigation_evaluate,117,50,50,0,0,0,0,1,0,0,0,0,117,0.006030151986668252,0.007050752639770508,0.007927894592285156,0,0
task2-winner-evaluation-v1,development,33,child_task1,10018,runs/task2winner_dev_cv2_r7_s33_backtest_t1_814173b,task2winner_dev_cv2_r7_s33_backtest_t1_814173b_s10018,runs/task2winner_replica_cv2_r7_s33_t2_v7_814173b/checkpoints/final.pt,afa8092e2be3c1402ec634c988d3c739f1563fe62b4eb4b7b59a19ef8e21a94c,814173b618fb38990db7a5b7ee200369c8b25289,b3dafd35f05214bac1058d7e16407e8cb113322a10c590efb748a51eb6e9364e,completed,coin-heaven,coin_navigation_evaluate,125,50,50,0,0,0,0,1,0,0,0,0,125,0.005963563919067383,0.00680222511291504,0.007329702377319336,0,0
task2-winner-evaluation-v1,development,33,child_task1,10019,runs/task2winner_dev_cv2_r7_s33_backtest_t1_814173b,task2winner_dev_cv2_r7_s33_backtest_t1_814173b_s10019,runs/task2winner_replica_cv2_r7_s33_t2_v7_814173b/checkpoints/final.pt,afa8092e2be3c1402ec634c988d3c739f1563fe62b4eb4b7b59a19ef8e21a94c,814173b618fb38990db7a5b7ee200369c8b25289,b3dafd35f05214bac1058d7e16407e8cb113322a10c590efb748a51eb6e9364e,completed,coin-heaven,coin_navigation_evaluate,144,50,50,0,0,0,0,1,0,0,0,0,144,0.00588389237721761,0.0067016005516052244,0.00739741325378418,0,0
task2-winner-evaluation-v1,development,33,parent_task2,10000,runs/task2winner_dev_cv2_r7_s33_parent_t2_814173b,task2winner_dev_cv2_r7_s33_parent_t2_814173b_s10000,runs/task2winner_replica_cv2_r7_s33_t1_v7_814173b/checkpoints/final.pt,7f8848ae90ab87ef38d2e53b40aa84a650170762574a0b9699125d602b8d072d,814173b618fb38990db7a5b7ee200369c8b25289,b3dafd35f05214bac1058d7e16407e8cb113322a10c590efb748a51eb6e9364e,completed,classic,crate_navigation_evaluate,400,0,0,0,0,0,0,1,0,0,0,0,400,0.002945805788040161,0.0033250212669372558,0.0052525997161865234,0,0
task2-winner-evaluation-v1,development,33,parent_task2,10001,runs/task2winner_dev_cv2_r7_s33_parent_t2_814173b,task2winner_dev_cv2_r7_s33_parent_t2_814173b_s10001,runs/task2winner_replica_cv2_r7_s33_t1_v7_814173b/checkpoints/final.pt,7f8848ae90ab87ef38d2e53b40aa84a650170762574a0b9699125d602b8d072d,814173b618fb38990db7a5b7ee200369c8b25289,b3dafd35f05214bac1058d7e16407e8cb113322a10c590efb748a51eb6e9364e,completed,classic,crate_navigation_evaluate,400,0,0,0,0,0,0,1,0,0,0,0,400,0.0027499991655349732,0.002902328968048095,0.00532984733581543,0,0
task2-winner-evaluation-v1,development,33,parent_task2,10002,runs/task2winner_dev_cv2_r7_s33_parent_t2_814173b,task2winner_dev_cv2_r7_s33_parent_t2_814173b_s10002,runs/task2winner_replica_cv2_r7_s33_t1_v7_814173b/checkpoints/final.pt,7f8848ae90ab87ef38d2e53b40aa84a650170762574a0b9699125d602b8d072d,814173b618fb38990db7a5b7ee200369c8b25289,b3dafd35f05214bac1058d7e16407e8cb113322a10c590efb748a51eb6e9364e,completed,classic,crate_navigation_evaluate,400,0,0,0,0,0,0,1,0,0,0,0,400,0.0028177201747894287,0.0030844807624816895,0.0040225982666015625,0,0
task2-winner-evaluation-v1,development,33,parent_task2,10003,runs/task2winner_dev_cv2_r7_s33_parent_t2_814173b,task2winner_dev_cv2_r7_s33_parent_t2_814173b_s10003,runs/task2winner_replica_cv2_r7_s33_t1_v7_814173b/checkpoints/final.pt,7f8848ae90ab87ef38d2e53b40aa84a650170762574a0b9699125d602b8d072d,814173b618fb38990db7a5b7ee200369c8b25289,b3dafd35f05214bac1058d7e16407e8cb113322a10c590efb748a51eb6e9364e,completed,classic,crate_navigation_evaluate,400,0,0,0,0,0,0,1,0,0,0,0,400,0.0030013275146484374,0.003442358970642088,0.004525661468505859,0,0
task2-winner-evaluation-v1,development,33,parent_task2,10004,runs/task2winner_dev_cv2_r7_s33_parent_t2_814173b,task2winner_dev_cv2_r7_s33_parent_t2_814173b_s10004,runs/task2winner_replica_cv2_r7_s33_t1_v7_814173b/checkpoints/final.pt,7f8848ae90ab87ef38d2e53b40aa84a650170762574a0b9699125d602b8d072d,814173b618fb38990db7a5b7ee200369c8b25289,b3dafd35f05214bac1058d7e16407e8cb113322a10c590efb748a51eb6e9364e,completed,classic,crate_navigation_evaluate,400,0,0,0,0,0,0,1,0,0,0,0,400,0.002842552661895752,0.003202605247497557,0.004512786865234375,0,0
task2-winner-evaluation-v1,development,33,parent_task2,10005,runs/task2winner_dev_cv2_r7_s33_parent_t2_814173b,task2winner_dev_cv2_r7_s33_parent_t2_814173b_s10005,runs/task2winner_replica_cv2_r7_s33_t1_v7_814173b/checkpoints/final.pt,7f8848ae90ab87ef38d2e53b40aa84a650170762574a0b9699125d602b8d072d,814173b618fb38990db7a5b7ee200369c8b25289,b3dafd35f05214bac1058d7e16407e8cb113322a10c590efb748a51eb6e9364e,completed,classic,crate_navigation_evaluate,400,0,0,0,0,0,0,1,0,0,0,0,400,0.0026995062828063963,0.0028723120689392078,0.0042531490325927734,0,0
task2-winner-evaluation-v1,development,33,parent_task2,10006,runs/task2winner_dev_cv2_r7_s33_parent_t2_814173b,task2winner_dev_cv2_r7_s33_parent_t2_814173b_s10006,runs/task2winner_replica_cv2_r7_s33_t1_v7_814173b/checkpoints/final.pt,7f8848ae90ab87ef38d2e53b40aa84a650170762574a0b9699125d602b8d072d,814173b618fb38990db7a5b7ee200369c8b25289,b3dafd35f05214bac1058d7e16407e8cb113322a10c590efb748a51eb6e9364e,completed,classic,crate_navigation_evaluate,400,0,0,0,0,0,0,1,0,0,0,0,400,0.002726452946662903,0.002979719638824462,0.006667137145996094,0,0
task2-winner-evaluation-v1,development,33,parent_task2,10007,runs/task2winner_dev_cv2_r7_s33_parent_t2_814173b,task2winner_dev_cv2_r7_s33_parent_t2_814173b_s10007,runs/task2winner_replica_cv2_r7_s33_t1_v7_814173b/checkpoints/final.pt,7f8848ae90ab87ef38d2e53b40aa84a650170762574a0b9699125d602b8d072d,814173b618fb38990db7a5b7ee200369c8b25289,b3dafd35f05214bac1058d7e16407e8cb113322a10c590efb748a51eb6e9364e,completed,classic,crate_navigation_evaluate,400,0,0,0,0,0,0,1,0,0,0,0,400,0.0027243167161941527,0.0029647707939147944,0.004345417022705078,0,0
task2-winner-evaluation-v1,development,33,parent_task2,10008,runs/task2winner_dev_cv2_r7_s33_parent_t2_814173b,task2winner_dev_cv2_r7_s33_parent_t2_814173b_s10008,runs/task2winner_replica_cv2_r7_s33_t1_v7_814173b/checkpoints/final.pt,7f8848ae90ab87ef38d2e53b40aa84a650170762574a0b9699125d602b8d072d,814173b618fb38990db7a5b7ee200369c8b25289,b3dafd35f05214bac1058d7e16407e8cb113322a10c590efb748a51eb6e9364e,completed,classic,crate_navigation_evaluate,400,0,0,0,0,0,0,1,0,0,0,0,400,0.002711307406425476,0.0029000520706176755,0.004342794418334961,0,0
task2-winner-evaluation-v1,development,33,parent_task2,10009,runs/task2winner_dev_cv2_r7_s33_parent_t2_814173b,task2winner_dev_cv2_r7_s33_parent_t2_814173b_s10009,runs/task2winner_replica_cv2_r7_s33_t1_v7_814173b/checkpoints/final.pt,7f8848ae90ab87ef38d2e53b40aa84a650170762574a0b9699125d602b8d072d,814173b618fb38990db7a5b7ee200369c8b25289,b3dafd35f05214bac1058d7e16407e8cb113322a10c590efb748a51eb6e9364e,completed,classic,crate_navigation_evaluate,400,0,0,0,0,0,0,1,0,0,0,0,400,0.002687811851501465,0.0028710842132568352,0.004296779632568359,0,0
task2-winner-evaluation-v1,development,33,parent_task2,10010,runs/task2winner_dev_cv2_r7_s33_parent_t2_814173b,task2winner_dev_cv2_r7_s33_parent_t2_814173b_s10010,runs/task2winner_replica_cv2_r7_s33_t1_v7_814173b/checkpoints/final.pt,7f8848ae90ab87ef38d2e53b40aa84a650170762574a0b9699125d602b8d072d,814173b618fb38990db7a5b7ee200369c8b25289,b3dafd35f05214bac1058d7e16407e8cb113322a10c590efb748a51eb6e9364e,completed,classic,crate_navigation_evaluate,400,0,0,0,0,0,0,1,0,0,0,0,400,0.002961946725845337,0.0032273292541503897,0.004689693450927734,0,0
task2-winner-evaluation-v1,development,33,parent_task2,10011,runs/task2winner_dev_cv2_r7_s33_parent_t2_814173b,task2winner_dev_cv2_r7_s33_parent_t2_814173b_s10011,runs/task2winner_replica_cv2_r7_s33_t1_v7_814173b/checkpoints/final.pt,7f8848ae90ab87ef38d2e53b40aa84a650170762574a0b9699125d602b8d072d,814173b618fb38990db7a5b7ee200369c8b25289,b3dafd35f05214bac1058d7e16407e8cb113322a10c590efb748a51eb6e9364e,completed,classic,crate_navigation_evaluate,400,0,0,0,0,0,0,1,0,0,0,0,400,0.002710813283920288,0.0029361009597778315,0.0055599212646484375,0,0
task2-winner-evaluation-v1,development,33,parent_task2,10012,runs/task2winner_dev_cv2_r7_s33_parent_t2_814173b,task2winner_dev_cv2_r7_s33_parent_t2_814173b_s10012,runs/task2winner_replica_cv2_r7_s33_t1_v7_814173b/checkpoints/final.pt,7f8848ae90ab87ef38d2e53b40aa84a650170762574a0b9699125d602b8d072d,814173b618fb38990db7a5b7ee200369c8b25289,b3dafd35f05214bac1058d7e16407e8cb113322a10c590efb748a51eb6e9364e,completed,classic,crate_navigation_evaluate,400,0,0,0,0,0,0,1,0,0,0,0,400,0.002747713327407837,0.0028808951377868645,0.0046427249908447266,0,0
task2-winner-evaluation-v1,development,33,parent_task2,10013,runs/task2winner_dev_cv2_r7_s33_parent_t2_814173b,task2winner_dev_cv2_r7_s33_parent_t2_814173b_s10013,runs/task2winner_replica_cv2_r7_s33_t1_v7_814173b/checkpoints/final.pt,7f8848ae90ab87ef38d2e53b40aa84a650170762574a0b9699125d602b8d072d,814173b618fb38990db7a5b7ee200369c8b25289,b3dafd35f05214bac1058d7e16407e8cb113322a10c590efb748a51eb6e9364e,completed,classic,crate_navigation_evaluate,400,0,0,0,0,0,0,1,0,0,0,0,400,0.0027701818943023683,0.003018903732299805,0.00484013557434082,0,0
task2-winner-evaluation-v1,development,33,parent_task2,10014,runs/task2winner_dev_cv2_r7_s33_parent_t2_814173b,task2winner_dev_cv2_r7_s33_parent_t2_814173b_s10014,runs/task2winner_replica_cv2_r7_s33_t1_v7_814173b/checkpoints/final.pt,7f8848ae90ab87ef38d2e53b40aa84a650170762574a0b9699125d602b8d072d,814173b618fb38990db7a5b7ee200369c8b25289,b3dafd35f05214bac1058d7e16407e8cb113322a10c590efb748a51eb6e9364e,completed,classic,crate_navigation_evaluate,400,0,0,0,0,0,0,1,0,0,0,0,400,0.00272279679775238,0.0029578924179077142,0.004194974899291992,0,0
task2-winner-evaluation-v1,development,33,parent_task2,10015,runs/task2winner_dev_cv2_r7_s33_parent_t2_814173b,task2winner_dev_cv2_r7_s33_parent_t2_814173b_s10015,runs/task2winner_replica_cv2_r7_s33_t1_v7_814173b/checkpoints/final.pt,7f8848ae90ab87ef38d2e53b40aa84a650170762574a0b9699125d602b8d072d,814173b618fb38990db7a5b7ee200369c8b25289,b3dafd35f05214bac1058d7e16407e8cb113322a10c590efb748a51eb6e9364e,completed,classic,crate_navigation_evaluate,400,0,0,0,0,0,0,1,0,0,0,0,400,0.002780176401138306,0.0030360102653503407,0.012654304504394531,0,0
task2-winner-evaluation-v1,development,33,parent_task2,10016,runs/task2winner_dev_cv2_r7_s33_parent_t2_814173b,task2winner_dev_cv2_r7_s33_parent_t2_814173b_s10016,runs/task2winner_replica_cv2_r7_s33_t1_v7_814173b/checkpoints/final.pt,7f8848ae90ab87ef38d2e53b40aa84a650170762574a0b9699125d602b8d072d,814173b618fb38990db7a5b7ee200369c8b25289,b3dafd35f05214bac1058d7e16407e8cb113322a10c590efb748a51eb6e9364e,completed,classic,crate_navigation_evaluate,400,0,0,0,0,0,0,1,0,0,0,0,400,0.002713492512702942,0.003019297122955321,0.00392603874206543,0,0
task2-winner-evaluation-v1,development,33,parent_task2,10017,runs/task2winner_dev_cv2_r7_s33_parent_t2_814173b,task2winner_dev_cv2_r7_s33_parent_t2_814173b_s10017,runs/task2winner_replica_cv2_r7_s33_t1_v7_814173b/checkpoints/final.pt,7f8848ae90ab87ef38d2e53b40aa84a650170762574a0b9699125d602b8d072d,814173b618fb38990db7a5b7ee200369c8b25289,b3dafd35f05214bac1058d7e16407e8cb113322a10c590efb748a51eb6e9364e,completed,classic,crate_navigation_evaluate,400,0,0,0,0,0,0,1,0,0,0,0,400,0.0028956466913223266,0.003137266635894775,0.004413604736328125,0,0
task2-winner-evaluation-v1,development,33,parent_task2,10018,runs/task2winner_dev_cv2_r7_s33_parent_t2_814173b,task2winner_dev_cv2_r7_s33_parent_t2_814173b_s10018,runs/task2winner_replica_cv2_r7_s33_t1_v7_814173b/checkpoints/final.pt,7f8848ae90ab87ef38d2e53b40aa84a650170762574a0b9699125d602b8d072d,814173b618fb38990db7a5b7ee200369c8b25289,b3dafd35f05214bac1058d7e16407e8cb113322a10c590efb748a51eb6e9364e,completed,classic,crate_navigation_evaluate,400,0,0,0,0,0,0,1,0,0,0,0,400,0.002705835700035095,0.0029457092285156234,0.00433349609375,0,0
task2-winner-evaluation-v1,development,33,parent_task2,10019,runs/task2winner_dev_cv2_r7_s33_parent_t2_814173b,task2winner_dev_cv2_r7_s33_parent_t2_814173b_s10019,runs/task2winner_replica_cv2_r7_s33_t1_v7_814173b/checkpoints/final.pt,7f8848ae90ab87ef38d2e53b40aa84a650170762574a0b9699125d602b8d072d,814173b618fb38990db7a5b7ee200369c8b25289,b3dafd35f05214bac1058d7e16407e8cb113322a10c590efb748a51eb6e9364e,completed,classic,crate_navigation_evaluate,400,0,0,0,0,0,0,1,0,0,0,0,400,0.0029071927070617675,0.0032799959182739187,0.005136013031005859,0,0
task2-winner-evaluation-v1,development,33,child_task2,10000,runs/task2winner_dev_cv2_r7_s33_child_t2_814173b,task2winner_dev_cv2_r7_s33_child_t2_814173b_s10000,runs/task2winner_replica_cv2_r7_s33_t2_v7_814173b/checkpoints/final.pt,afa8092e2be3c1402ec634c988d3c739f1563fe62b4eb4b7b59a19ef8e21a94c,814173b618fb38990db7a5b7ee200369c8b25289,b3dafd35f05214bac1058d7e16407e8cb113322a10c590efb748a51eb6e9364e,completed,classic,crate_navigation_evaluate,400,7,7,94,0,0,0,1,50,49,49,0,400,0.0034885239601135255,0.004930949211120605,0.007127285003662109,0,0
task2-winner-evaluation-v1,development,33,child_task2,10001,runs/task2winner_dev_cv2_r7_s33_child_t2_814173b,task2winner_dev_cv2_r7_s33_child_t2_814173b_s10001,runs/task2winner_replica_cv2_r7_s33_t2_v7_814173b/checkpoints/final.pt,afa8092e2be3c1402ec634c988d3c739f1563fe62b4eb4b7b59a19ef8e21a94c,814173b618fb38990db7a5b7ee200369c8b25289,b3dafd35f05214bac1058d7e16407e8cb113322a10c590efb748a51eb6e9364e,completed,classic,crate_navigation_evaluate,400,8,8,66,0,0,0,1,52,51,51,0,400,0.003355405330657959,0.0049097895622253395,0.0068013668060302734,0,0
task2-winner-evaluation-v1,development,33,child_task2,10002,runs/task2winner_dev_cv2_r7_s33_child_t2_814173b,task2winner_dev_cv2_r7_s33_child_t2_814173b_s10002,runs/task2winner_replica_cv2_r7_s33_t2_v7_814173b/checkpoints/final.pt,afa8092e2be3c1402ec634c988d3c739f1563fe62b4eb4b7b59a19ef8e21a94c,814173b618fb38990db7a5b7ee200369c8b25289,b3dafd35f05214bac1058d7e16407e8cb113322a10c590efb748a51eb6e9364e,completed,classic,crate_navigation_evaluate,400,9,9,108,0,0,0,1,49,48,48,0,400,0.0034226161241531373,0.005136275291442871,0.0063130855560302734,0,0
task2-winner-evaluation-v1,development,33,child_task2,10003,runs/task2winner_dev_cv2_r7_s33_child_t2_814173b,task2winner_dev_cv2_r7_s33_child_t2_814173b_s10003,runs/task2winner_replica_cv2_r7_s33_t2_v7_814173b/checkpoints/final.pt,afa8092e2be3c1402ec634c988d3c739f1563fe62b4eb4b7b59a19ef8e21a94c,814173b618fb38990db7a5b7ee200369c8b25289,b3dafd35f05214bac1058d7e16407e8cb113322a10c590efb748a51eb6e9364e,completed,classic,crate_navigation_evaluate,400,2,2,52,0,0,0,1,54,53,53,0,400,0.0029658019542694093,0.0042646884918212885,0.005087614059448242,0,0
task2-winner-evaluation-v1,development,33,child_task2,10004,runs/task2winner_dev_cv2_r7_s33_child_t2_814173b,task2winner_dev_cv2_r7_s33_child_t2_814173b_s10004,runs/task2winner_replica_cv2_r7_s33_t2_v7_814173b/checkpoints/final.pt,afa8092e2be3c1402ec634c988d3c739f1563fe62b4eb4b7b59a19ef8e21a94c,814173b618fb38990db7a5b7ee200369c8b25289,b3dafd35f05214bac1058d7e16407e8cb113322a10c590efb748a51eb6e9364e,completed,classic,crate_navigation_evaluate,400,6,6,89,0,0,0,1,51,51,51,0,400,0.0033024561405181883,0.004448068141937255,0.006480693817138672,0,0
task2-winner-evaluation-v1,development,33,child_task2,10005,runs/task2winner_dev_cv2_r7_s33_child_t2_814173b,task2winner_dev_cv2_r7_s33_child_t2_814173b_s10005,runs/task2winner_replica_cv2_r7_s33_t2_v7_814173b/checkpoints/final.pt,afa8092e2be3c1402ec634c988d3c739f1563fe62b4eb4b7b59a19ef8e21a94c,814173b618fb38990db7a5b7ee200369c8b25289,b3dafd35f05214bac1058d7e16407e8cb113322a10c590efb748a51eb6e9364e,completed,classic,crate_navigation_evaluate,400,8,8,112,0,0,0,1,50,49,49,0,400,0.003460591435432434,0.005044853687286377,0.006380558013916016,0,0
task2-winner-evaluation-v1,development,33,child_task2,10006,runs/task2winner_dev_cv2_r7_s33_child_t2_814173b,task2winner_dev_cv2_r7_s33_child_t2_814173b_s10006,runs/task2winner_replica_cv2_r7_s33_t2_v7_814173b/checkpoints/final.pt,afa8092e2be3c1402ec634c988d3c739f1563fe62b4eb4b7b59a19ef8e21a94c,814173b618fb38990db7a5b7ee200369c8b25289,b3dafd35f05214bac1058d7e16407e8cb113322a10c590efb748a51eb6e9364e,completed,classic,crate_navigation_evaluate,400,4,4,67,0,0,0,1,49,48,48,0,400,0.0032289934158325193,0.004498517513275145,0.005359172821044922,0,0
task2-winner-evaluation-v1,development,33,child_task2,10007,runs/task2winner_dev_cv2_r7_s33_child_t2_814173b,task2winner_dev_cv2_r7_s33_child_t2_814173b_s10007,runs/task2winner_replica_cv2_r7_s33_t2_v7_814173b/checkpoints/final.pt,afa8092e2be3c1402ec634c988d3c739f1563fe62b4eb4b7b59a19ef8e21a94c,814173b618fb38990db7a5b7ee200369c8b25289,b3dafd35f05214bac1058d7e16407e8cb113322a10c590efb748a51eb6e9364e,completed,classic,crate_navigation_evaluate,400,4,4,68,0,0,0,1,49,48,48,0,400,0.003332022428512573,0.004720413684844968,0.0070149898529052734,0,0
task2-winner-evaluation-v1,development,33,child_task2,10008,runs/task2winner_dev_cv2_r7_s33_child_t2_814173b,task2winner_dev_cv2_r7_s33_child_t2_814173b_s10008,runs/task2winner_replica_cv2_r7_s33_t2_v7_814173b/checkpoints/final.pt,afa8092e2be3c1402ec634c988d3c739f1563fe62b4eb4b7b59a19ef8e21a94c,814173b618fb38990db7a5b7ee200369c8b25289,b3dafd35f05214bac1058d7e16407e8cb113322a10c590efb748a51eb6e9364e,completed,classic,crate_navigation_evaluate,400,7,7,107,0,0,0,1,49,48,48,0,400,0.003443896174430847,0.004852378368377685,0.0071523189544677734,0,0
task2-winner-evaluation-v1,development,33,child_task2,10009,runs/task2winner_dev_cv2_r7_s33_child_t2_814173b,task2winner_dev_cv2_r7_s33_child_t2_814173b_s10009,runs/task2winner_replica_cv2_r7_s33_t2_v7_814173b/checkpoints/final.pt,afa8092e2be3c1402ec634c988d3c739f1563fe62b4eb4b7b59a19ef8e21a94c,814173b618fb38990db7a5b7ee200369c8b25289,b3dafd35f05214bac1058d7e16407e8cb113322a10c590efb748a51eb6e9364e,completed,classic,crate_navigation_evaluate,400,8,8,61,0,0,0,1,46,46,46,0,400,0.003258581757545471,0.00465097427368164,0.00653076171875,0,0
task2-winner-evaluation-v1,development,33,child_task2,10010,runs/task2winner_dev_cv2_r7_s33_child_t2_814173b,task2winner_dev_cv2_r7_s33_child_t2_814173b_s10010,runs/task2winner_replica_cv2_r7_s33_t2_v7_814173b/checkpoints/final.pt,afa8092e2be3c1402ec634c988d3c739f1563fe62b4eb4b7b59a19ef8e21a94c,814173b618fb38990db7a5b7ee200369c8b25289,b3dafd35f05214bac1058d7e16407e8cb113322a10c590efb748a51eb6e9364e,completed,classic,crate_navigation_evaluate,400,8,8,110,0,0,0,1,52,51,51,0,400,0.003573707938194275,0.005384135246276856,0.006802082061767578,0,0
task2-winner-evaluation-v1,development,33,child_task2,10011,runs/task2winner_dev_cv2_r7_s33_child_t2_814173b,task2winner_dev_cv2_r7_s33_child_t2_814173b_s10011,runs/task2winner_replica_cv2_r7_s33_t2_v7_814173b/checkpoints/final.pt,afa8092e2be3c1402ec634c988d3c739f1563fe62b4eb4b7b59a19ef8e21a94c,814173b618fb38990db7a5b7ee200369c8b25289,b3dafd35f05214bac1058d7e16407e8cb113322a10c590efb748a51eb6e9364e,completed,classic,crate_navigation_evaluate,400,7,7,128,0,0,0,1,51,51,51,0,400,0.0034919649362564085,0.005422055721282957,0.006823301315307617,0,0
task2-winner-evaluation-v1,development,33,child_task2,10012,runs/task2winner_dev_cv2_r7_s33_child_t2_814173b,task2winner_dev_cv2_r7_s33_child_t2_814173b_s10012,runs/task2winner_replica_cv2_r7_s33_t2_v7_814173b/checkpoints/final.pt,afa8092e2be3c1402ec634c988d3c739f1563fe62b4eb4b7b59a19ef8e21a94c,814173b618fb38990db7a5b7ee200369c8b25289,b3dafd35f05214bac1058d7e16407e8cb113322a10c590efb748a51eb6e9364e,completed,classic,crate_navigation_evaluate,400,4,4,80,0,0,0,1,44,43,43,0,400,0.003377651572227478,0.004807770252227782,0.005791902542114258,0,0
task2-winner-evaluation-v1,development,33,child_task2,10013,runs/task2winner_dev_cv2_r7_s33_child_t2_814173b,task2winner_dev_cv2_r7_s33_child_t2_814173b_s10013,runs/task2winner_replica_cv2_r7_s33_t2_v7_814173b/checkpoints/final.pt,afa8092e2be3c1402ec634c988d3c739f1563fe62b4eb4b7b59a19ef8e21a94c,814173b618fb38990db7a5b7ee200369c8b25289,b3dafd35f05214bac1058d7e16407e8cb113322a10c590efb748a51eb6e9364e,completed,classic,crate_navigation_evaluate,400,7,7,88,0,0,0,1,52,51,51,0,400,0.0034470546245574953,0.004809880256652825,0.006345272064208984,0,0
task2-winner-evaluation-v1,development,33,child_task2,10014,runs/task2winner_dev_cv2_r7_s33_child_t2_814173b,task2winner_dev_cv2_r7_s33_child_t2_814173b_s10014,runs/task2winner_replica_cv2_r7_s33_t2_v7_814173b/checkpoints/final.pt,afa8092e2be3c1402ec634c988d3c739f1563fe62b4eb4b7b59a19ef8e21a94c,814173b618fb38990db7a5b7ee200369c8b25289,b3dafd35f05214bac1058d7e16407e8cb113322a10c590efb748a51eb6e9364e,completed,classic,crate_navigation_evaluate,400,5,5,67,0,0,0,1,49,48,48,0,400,0.0031754279136657713,0.004393506050109863,0.005222797393798828,0,0
task2-winner-evaluation-v1,development,33,child_task2,10015,runs/task2winner_dev_cv2_r7_s33_child_t2_814173b,task2winner_dev_cv2_r7_s33_child_t2_814173b_s10015,runs/task2winner_replica_cv2_r7_s33_t2_v7_814173b/checkpoints/final.pt,afa8092e2be3c1402ec634c988d3c739f1563fe62b4eb4b7b59a19ef8e21a94c,814173b618fb38990db7a5b7ee200369c8b25289,b3dafd35f05214bac1058d7e16407e8cb113322a10c590efb748a51eb6e9364e,completed,classic,crate_navigation_evaluate,400,5,5,99,0,0,0,1,46,46,46,0,400,0.0034831613302230835,0.004942560195922851,0.0063626766204833984,0,0
task2-winner-evaluation-v1,development,33,child_task2,10016,runs/task2winner_dev_cv2_r7_s33_child_t2_814173b,task2winner_dev_cv2_r7_s33_child_t2_814173b_s10016,runs/task2winner_replica_cv2_r7_s33_t2_v7_814173b/checkpoints/final.pt,afa8092e2be3c1402ec634c988d3c739f1563fe62b4eb4b7b59a19ef8e21a94c,814173b618fb38990db7a5b7ee200369c8b25289,b3dafd35f05214bac1058d7e16407e8cb113322a10c590efb748a51eb6e9364e,completed,classic,crate_navigation_evaluate,400,6,6,63,0,0,0,1,52,51,51,0,400,0.0030576229095458985,0.004386651515960693,0.005479574203491211,0,0
task2-winner-evaluation-v1,development,33,child_task2,10017,runs/task2winner_dev_cv2_r7_s33_child_t2_814173b,task2winner_dev_cv2_r7_s33_child_t2_814173b_s10017,runs/task2winner_replica_cv2_r7_s33_t2_v7_814173b/checkpoints/final.pt,afa8092e2be3c1402ec634c988d3c739f1563fe62b4eb4b7b59a19ef8e21a94c,814173b618fb38990db7a5b7ee200369c8b25289,b3dafd35f05214bac1058d7e16407e8cb113322a10c590efb748a51eb6e9364e,completed,classic,crate_navigation_evaluate,400,9,9,111,0,0,0,1,53,53,53,0,400,0.003426780104637146,0.005064201354980467,0.007077693939208984,0,0
task2-winner-evaluation-v1,development,33,child_task2,10018,runs/task2winner_dev_cv2_r7_s33_child_t2_814173b,task2winner_dev_cv2_r7_s33_child_t2_814173b_s10018,runs/task2winner_replica_cv2_r7_s33_t2_v7_814173b/checkpoints/final.pt,afa8092e2be3c1402ec634c988d3c739f1563fe62b4eb4b7b59a19ef8e21a94c,814173b618fb38990db7a5b7ee200369c8b25289,b3dafd35f05214bac1058d7e16407e8cb113322a10c590efb748a51eb6e9364e,completed,classic,crate_navigation_evaluate,400,3,3,62,0,0,0,1,50,50,50,0,400,0.0030430537462234498,0.004483401775360107,0.0062634944915771484,0,0
task2-winner-evaluation-v1,development,33,child_task2,10019,runs/task2winner_dev_cv2_r7_s33_child_t2_814173b,task2winner_dev_cv2_r7_s33_child_t2_814173b_s10019,runs/task2winner_replica_cv2_r7_s33_t2_v7_814173b/checkpoints/final.pt,afa8092e2be3c1402ec634c988d3c739f1563fe62b4eb4b7b59a19ef8e21a94c,814173b618fb38990db7a5b7ee200369c8b25289,b3dafd35f05214bac1058d7e16407e8cb113322a10c590efb748a51eb6e9364e,completed,classic,crate_navigation_evaluate,400,6,6,43,0,0,0,1,41,41,41,0,400,0.003302547335624695,0.004453611373901366,0.007163286209106445,0,0
task2-winner-evaluation-v1,main_validation,22,parent_task1,11000,runs/task2winner_main_s22_parent_t1_814173b,task2winner_main_s22_parent_t1_814173b_s11000,runs/task2winner_replica_cv2_r7_s22_t1_v7_814173b/checkpoints/final.pt,cc2490bbbc0445ba3880ab6a7a656d8e5a47cc24b969910d7214e89779953d0f,814173b618fb38990db7a5b7ee200369c8b25289,b3dafd35f05214bac1058d7e16407e8cb113322a10c590efb748a51eb6e9364e,completed,coin-heaven,coin_navigation_evaluate,133,50,50,0,0,0,0,1,0,0,0,0,133,0.006066026544212399,0.006844472885131836,0.011436700820922852,0,0
task2-winner-evaluation-v1,main_validation,22,parent_task1,11001,runs/task2winner_main_s22_parent_t1_814173b,task2winner_main_s22_parent_t1_814173b_s11001,runs/task2winner_replica_cv2_r7_s22_t1_v7_814173b/checkpoints/final.pt,cc2490bbbc0445ba3880ab6a7a656d8e5a47cc24b969910d7214e89779953d0f,814173b618fb38990db7a5b7ee200369c8b25289,b3dafd35f05214bac1058d7e16407e8cb113322a10c590efb748a51eb6e9364e,completed,coin-heaven,coin_navigation_evaluate,113,50,50,0,0,0,0,1,0,0,0,0,113,0.005940589229617498,0.0066129684448242194,0.006810188293457031,0,0
task2-winner-evaluation-v1,main_validation,22,parent_task1,11002,runs/task2winner_main_s22_parent_t1_814173b,task2winner_main_s22_parent_t1_814173b_s11002,runs/task2winner_replica_cv2_r7_s22_t1_v7_814173b/checkpoints/final.pt,cc2490bbbc0445ba3880ab6a7a656d8e5a47cc24b969910d7214e89779953d0f,814173b618fb38990db7a5b7ee200369c8b25289,b3dafd35f05214bac1058d7e16407e8cb113322a10c590efb748a51eb6e9364e,completed,coin-heaven,coin_navigation_evaluate,140,50,50,0,0,0,0,1,0,0,0,0,140,0.006082127775464739,0.006798350811004638,0.00866556167602539,0,0
task2-winner-evaluation-v1,main_validation,22,parent_task1,11003,runs/task2winner_main_s22_parent_t1_814173b,task2winner_main_s22_parent_t1_814173b_s11003,runs/task2winner_replica_cv2_r7_s22_t1_v7_814173b/checkpoints/final.pt,cc2490bbbc0445ba3880ab6a7a656d8e5a47cc24b969910d7214e89779953d0f,814173b618fb38990db7a5b7ee200369c8b25289,b3dafd35f05214bac1058d7e16407e8cb113322a10c590efb748a51eb6e9364e,completed,coin-heaven,coin_navigation_evaluate,130,50,50,0,0,0,0,1,0,0,0,0,130,0.0059176334967980014,0.006599533557891845,0.007474422454833984,0,0
task2-winner-evaluation-v1,main_validation,22,parent_task1,11004,runs/task2winner_main_s22_parent_t1_814173b,task2winner_main_s22_parent_t1_814173b_s11004,runs/task2winner_replica_cv2_r7_s22_t1_v7_814173b/checkpoints/final.pt,cc2490bbbc0445ba3880ab6a7a656d8e5a47cc24b969910d7214e89779953d0f,814173b618fb38990db7a5b7ee200369c8b25289,b3dafd35f05214bac1058d7e16407e8cb113322a10c590efb748a51eb6e9364e,completed,coin-heaven,coin_navigation_evaluate,137,50,50,0,0,0,0,1,0,0,0,0,137,0.005917756226811096,0.006640005111694336,0.00774693489074707,0,0
task2-winner-evaluation-v1,main_validation,22,parent_task1,11005,runs/task2winner_main_s22_parent_t1_814173b,task2winner_main_s22_parent_t1_814173b_s11005,runs/task2winner_replica_cv2_r7_s22_t1_v7_814173b/checkpoints/final.pt,cc2490bbbc0445ba3880ab6a7a656d8e5a47cc24b969910d7214e89779953d0f,814173b618fb38990db7a5b7ee200369c8b25289,b3dafd35f05214bac1058d7e16407e8cb113322a10c590efb748a51eb6e9364e,completed,coin-heaven,coin_navigation_evaluate,144,50,50,0,0,0,0,1,0,0,0,0,144,0.005982948674096001,0.006676220893859864,0.007433652877807617,0,0
task2-winner-evaluation-v1,main_validation,22,parent_task1,11006,runs/task2winner_main_s22_parent_t1_814173b,task2winner_main_s22_parent_t1_814173b_s11006,runs/task2winner_replica_cv2_r7_s22_t1_v7_814173b/checkpoints/final.pt,cc2490bbbc0445ba3880ab6a7a656d8e5a47cc24b969910d7214e89779953d0f,814173b618fb38990db7a5b7ee200369c8b25289,b3dafd35f05214bac1058d7e16407e8cb113322a10c590efb748a51eb6e9364e,completed,coin-heaven,coin_navigation_evaluate,125,50,50,0,0,0,0,1,0,0,0,0,125,0.00621867561340332,0.007088327407836914,0.0075836181640625,0,0
task2-winner-evaluation-v1,main_validation,22,parent_task1,11007,runs/task2winner_main_s22_parent_t1_814173b,task2winner_main_s22_parent_t1_814173b_s11007,runs/task2winner_replica_cv2_r7_s22_t1_v7_814173b/checkpoints/final.pt,cc2490bbbc0445ba3880ab6a7a656d8e5a47cc24b969910d7214e89779953d0f,814173b618fb38990db7a5b7ee200369c8b25289,b3dafd35f05214bac1058d7e16407e8cb113322a10c590efb748a51eb6e9364e,completed,coin-heaven,coin_navigation_evaluate,133,50,50,0,0,0,0,1,0,0,0,0,133,0.005920607344548505,0.006595087051391601,0.0067937374114990234,0,0
task2-winner-evaluation-v1,main_validation,22,parent_task1,11008,runs/task2winner_main_s22_parent_t1_814173b,task2winner_main_s22_parent_t1_814173b_s11008,runs/task2winner_replica_cv2_r7_s22_t1_v7_814173b/checkpoints/final.pt,cc2490bbbc0445ba3880ab6a7a656d8e5a47cc24b969910d7214e89779953d0f,814173b618fb38990db7a5b7ee200369c8b25289,b3dafd35f05214bac1058d7e16407e8cb113322a10c590efb748a51eb6e9364e,completed,coin-heaven,coin_navigation_evaluate,125,50,50,0,0,0,0,1,0,0,0,0,125,0.005806922912597656,0.006618022918701172,0.0074808597564697266,0,0
task2-winner-evaluation-v1,main_validation,22,parent_task1,11009,runs/task2winner_main_s22_parent_t1_814173b,task2winner_main_s22_parent_t1_814173b_s11009,runs/task2winner_replica_cv2_r7_s22_t1_v7_814173b/checkpoints/final.pt,cc2490bbbc0445ba3880ab6a7a656d8e5a47cc24b969910d7214e89779953d0f,814173b618fb38990db7a5b7ee200369c8b25289,b3dafd35f05214bac1058d7e16407e8cb113322a10c590efb748a51eb6e9364e,completed,coin-heaven,coin_navigation_evaluate,118,50,50,0,0,0,0,1,0,0,0,0,118,0.0059267989659713485,0.006578338146209717,0.006711721420288086,0,0
task2-winner-evaluation-v1,main_validation,22,parent_task1,11010,runs/task2winner_main_s22_parent_t1_814173b,task2winner_main_s22_parent_t1_814173b_s11010,runs/task2winner_replica_cv2_r7_s22_t1_v7_814173b/checkpoints/final.pt,cc2490bbbc0445ba3880ab6a7a656d8e5a47cc24b969910d7214e89779953d0f,814173b618fb38990db7a5b7ee200369c8b25289,b3dafd35f05214bac1058d7e16407e8cb113322a10c590efb748a51eb6e9364e,completed,coin-heaven,coin_navigation_evaluate,134,50,50,0,0,0,0,1,0,0,0,0,134,0.0058262775193399455,0.00665731430053711,0.007565736770629883,0,0
task2-winner-evaluation-v1,main_validation,22,parent_task1,11011,runs/task2winner_main_s22_parent_t1_814173b,task2winner_main_s22_parent_t1_814173b_s11011,runs/task2winner_replica_cv2_r7_s22_t1_v7_814173b/checkpoints/final.pt,cc2490bbbc0445ba3880ab6a7a656d8e5a47cc24b969910d7214e89779953d0f,814173b618fb38990db7a5b7ee200369c8b25289,b3dafd35f05214bac1058d7e16407e8cb113322a10c590efb748a51eb6e9364e,completed,coin-heaven,coin_navigation_evaluate,129,50,50,0,0,0,0,1,0,0,0,0,129,0.005912987760795179,0.006628704071044922,0.006951570510864258,0,0
task2-winner-evaluation-v1,main_validation,22,parent_task1,11012,runs/task2winner_main_s22_parent_t1_814173b,task2winner_main_s22_parent_t1_814173b_s11012,runs/task2winner_replica_cv2_r7_s22_t1_v7_814173b/checkpoints/final.pt,cc2490bbbc0445ba3880ab6a7a656d8e5a47cc24b969910d7214e89779953d0f,814173b618fb38990db7a5b7ee200369c8b25289,b3dafd35f05214bac1058d7e16407e8cb113322a10c590efb748a51eb6e9364e,completed,coin-heaven,coin_navigation_evaluate,127,50,50,0,0,0,0,1,0,0,0,0,127,0.005868924884345587,0.006680464744567871,0.006955862045288086,0,0
task2-winner-evaluation-v1,main_validation,22,parent_task1,11013,runs/task2winner_main_s22_parent_t1_814173b,task2winner_main_s22_parent_t1_814173b_s11013,runs/task2winner_replica_cv2_r7_s22_t1_v7_814173b/checkpoints/final.pt,cc2490bbbc0445ba3880ab6a7a656d8e5a47cc24b969910d7214e89779953d0f,814173b618fb38990db7a5b7ee200369c8b25289,b3dafd35f05214bac1058d7e16407e8cb113322a10c590efb748a51eb6e9364e,completed,coin-heaven,coin_navigation_evaluate,132,50,50,0,0,0,0,1,0,0,0,0,132,0.005867110960411303,0.0067164659500122065,0.007410287857055664,0,0
task2-winner-evaluation-v1,main_validation,22,parent_task1,11014,runs/task2winner_main_s22_parent_t1_814173b,task2winner_main_s22_parent_t1_814173b_s11014,runs/task2winner_replica_cv2_r7_s22_t1_v7_814173b/checkpoints/final.pt,cc2490bbbc0445ba3880ab6a7a656d8e5a47cc24b969910d7214e89779953d0f,814173b618fb38990db7a5b7ee200369c8b25289,b3dafd35f05214bac1058d7e16407e8cb113322a10c590efb748a51eb6e9364e,completed,coin-heaven,coin_navigation_evaluate,119,50,50,0,0,0,0,1,0,0,0,0,119,0.005935879314647001,0.006736469268798829,0.00734710693359375,0,0
task2-winner-evaluation-v1,main_validation,22,parent_task1,11015,runs/task2winner_main_s22_parent_t1_814173b,task2winner_main_s22_parent_t1_814173b_s11015,runs/task2winner_replica_cv2_r7_s22_t1_v7_814173b/checkpoints/final.pt,cc2490bbbc0445ba3880ab6a7a656d8e5a47cc24b969910d7214e89779953d0f,814173b618fb38990db7a5b7ee200369c8b25289,b3dafd35f05214bac1058d7e16407e8cb113322a10c590efb748a51eb6e9364e,completed,coin-heaven,coin_navigation_evaluate,128,50,50,0,0,0,0,1,0,0,0,0,128,0.006014982238411903,0.006679439544677735,0.007032155990600586,0,0
task2-winner-evaluation-v1,main_validation,22,parent_task1,11016,runs/task2winner_main_s22_parent_t1_814173b,task2winner_main_s22_parent_t1_814173b_s11016,runs/task2winner_replica_cv2_r7_s22_t1_v7_814173b/checkpoints/final.pt,cc2490bbbc0445ba3880ab6a7a656d8e5a47cc24b969910d7214e89779953d0f,814173b618fb38990db7a5b7ee200369c8b25289,b3dafd35f05214bac1058d7e16407e8cb113322a10c590efb748a51eb6e9364e,completed,coin-heaven,coin_navigation_evaluate,129,50,50,0,0,0,0,1,0,0,0,0,129,0.005914392397385235,0.0066965103149414056,0.007125377655029297,0,0
task2-winner-evaluation-v1,main_validation,22,parent_task1,11017,runs/task2winner_main_s22_parent_t1_814173b,task2winner_main_s22_parent_t1_814173b_s11017,runs/task2winner_replica_cv2_r7_s22_t1_v7_814173b/checkpoints/final.pt,cc2490bbbc0445ba3880ab6a7a656d8e5a47cc24b969910d7214e89779953d0f,814173b618fb38990db7a5b7ee200369c8b25289,b3dafd35f05214bac1058d7e16407e8cb113322a10c590efb748a51eb6e9364e,completed,coin-heaven,coin_navigation_evaluate,129,50,50,0,0,0,0,1,0,0,0,0,129,0.006033522214076316,0.006705522537231445,0.0071604251861572266,0,0
task2-winner-evaluation-v1,main_validation,22,parent_task1,11018,runs/task2winner_main_s22_parent_t1_814173b,task2winner_main_s22_parent_t1_814173b_s11018,runs/task2winner_replica_cv2_r7_s22_t1_v7_814173b/checkpoints/final.pt,cc2490bbbc0445ba3880ab6a7a656d8e5a47cc24b969910d7214e89779953d0f,814173b618fb38990db7a5b7ee200369c8b25289,b3dafd35f05214bac1058d7e16407e8cb113322a10c590efb748a51eb6e9364e,completed,coin-heaven,coin_navigation_evaluate,142,50,50,0,0,0,0,1,0,0,0,0,142,0.005798133326248384,0.00656294822692871,0.006722688674926758,0,0
task2-winner-evaluation-v1,main_validation,22,parent_task1,11019,runs/task2winner_main_s22_parent_t1_814173b,task2winner_main_s22_parent_t1_814173b_s11019,runs/task2winner_replica_cv2_r7_s22_t1_v7_814173b/checkpoints/final.pt,cc2490bbbc0445ba3880ab6a7a656d8e5a47cc24b969910d7214e89779953d0f,814173b618fb38990db7a5b7ee200369c8b25289,b3dafd35f05214bac1058d7e16407e8cb113322a10c590efb748a51eb6e9364e,completed,coin-heaven,coin_navigation_evaluate,125,50,50,0,0,0,0,1,0,0,0,0,125,0.00589992904663086,0.0065367698669433595,0.006619691848754883,0,0
task2-winner-evaluation-v1,main_validation,22,parent_task1,11020,runs/task2winner_main_s22_parent_t1_814173b,task2winner_main_s22_parent_t1_814173b_s11020,runs/task2winner_replica_cv2_r7_s22_t1_v7_814173b/checkpoints/final.pt,cc2490bbbc0445ba3880ab6a7a656d8e5a47cc24b969910d7214e89779953d0f,814173b618fb38990db7a5b7ee200369c8b25289,b3dafd35f05214bac1058d7e16407e8cb113322a10c590efb748a51eb6e9364e,completed,coin-heaven,coin_navigation_evaluate,122,50,50,0,0,0,0,1,0,0,0,0,122,0.005883705420572249,0.00669560432434082,0.00683283805847168,0,0
task2-winner-evaluation-v1,main_validation,22,parent_task1,11021,runs/task2winner_main_s22_parent_t1_814173b,task2winner_main_s22_parent_t1_814173b_s11021,runs/task2winner_replica_cv2_r7_s22_t1_v7_814173b/checkpoints/final.pt,cc2490bbbc0445ba3880ab6a7a656d8e5a47cc24b969910d7214e89779953d0f,814173b618fb38990db7a5b7ee200369c8b25289,b3dafd35f05214bac1058d7e16407e8cb113322a10c590efb748a51eb6e9364e,completed,coin-heaven,coin_navigation_evaluate,133,50,50,0,0,0,0,1,0,0,0,0,133,0.00582615235694369,0.006601667404174805,0.0067424774169921875,0,0
task2-winner-evaluation-v1,main_validation,22,parent_task1,11022,runs/task2winner_main_s22_parent_t1_814173b,task2winner_main_s22_parent_t1_814173b_s11022,runs/task2winner_replica_cv2_r7_s22_t1_v7_814173b/checkpoints/final.pt,cc2490bbbc0445ba3880ab6a7a656d8e5a47cc24b969910d7214e89779953d0f,814173b618fb38990db7a5b7ee200369c8b25289,b3dafd35f05214bac1058d7e16407e8cb113322a10c590efb748a51eb6e9364e,completed,coin-heaven,coin_navigation_evaluate,119,50,50,0,0,0,0,1,0,0,0,0,119,0.0058214083439161795,0.006740856170654297,0.006887197494506836,0,0
task2-winner-evaluation-v1,main_validation,22,parent_task1,11023,runs/task2winner_main_s22_parent_t1_814173b,task2winner_main_s22_parent_t1_814173b_s11023,runs/task2winner_replica_cv2_r7_s22_t1_v7_814173b/checkpoints/final.pt,cc2490bbbc0445ba3880ab6a7a656d8e5a47cc24b969910d7214e89779953d0f,814173b618fb38990db7a5b7ee200369c8b25289,b3dafd35f05214bac1058d7e16407e8cb113322a10c590efb748a51eb6e9364e,completed,coin-heaven,coin_navigation_evaluate,108,50,50,0,0,0,0,1,0,0,0,0,108,0.005866165514345522,0.006620419025421142,0.007465362548828125,0,0
task2-winner-evaluation-v1,main_validation,22,parent_task1,11024,runs/task2winner_main_s22_parent_t1_814173b,task2winner_main_s22_parent_t1_814173b_s11024,runs/task2winner_replica_cv2_r7_s22_t1_v7_814173b/checkpoints/final.pt,cc2490bbbc0445ba3880ab6a7a656d8e5a47cc24b969910d7214e89779953d0f,814173b618fb38990db7a5b7ee200369c8b25289,b3dafd35f05214bac1058d7e16407e8cb113322a10c590efb748a51eb6e9364e,completed,coin-heaven,coin_navigation_evaluate,130,50,50,0,0,0,0,1,0,0,0,0,130,0.005904747889592097,0.006617450714111328,0.0076944828033447266,0,0
task2-winner-evaluation-v1,main_validation,22,parent_task1,11025,runs/task2winner_main_s22_parent_t1_814173b,task2winner_main_s22_parent_t1_814173b_s11025,runs/task2winner_replica_cv2_r7_s22_t1_v7_814173b/checkpoints/final.pt,cc2490bbbc0445ba3880ab6a7a656d8e5a47cc24b969910d7214e89779953d0f,814173b618fb38990db7a5b7ee200369c8b25289,b3dafd35f05214bac1058d7e16407e8cb113322a10c590efb748a51eb6e9364e,completed,coin-heaven,coin_navigation_evaluate,147,50,50,0,0,0,0,1,0,0,0,0,147,0.005647365738745449,0.006450462341308594,0.0066776275634765625,0,0
task2-winner-evaluation-v1,main_validation,22,parent_task1,11026,runs/task2winner_main_s22_parent_t1_814173b,task2winner_main_s22_parent_t1_814173b_s11026,runs/task2winner_replica_cv2_r7_s22_t1_v7_814173b/checkpoints/final.pt,cc2490bbbc0445ba3880ab6a7a656d8e5a47cc24b969910d7214e89779953d0f,814173b618fb38990db7a5b7ee200369c8b25289,b3dafd35f05214bac1058d7e16407e8cb113322a10c590efb748a51eb6e9364e,completed,coin-heaven,coin_navigation_evaluate,127,50,50,0,0,0,0,1,0,0,0,0,127,0.005846062983114888,0.0065990924835205075,0.007026195526123047,0,0
task2-winner-evaluation-v1,main_validation,22,parent_task1,11027,runs/task2winner_main_s22_parent_t1_814173b,task2winner_main_s22_parent_t1_814173b_s11027,runs/task2winner_replica_cv2_r7_s22_t1_v7_814173b/checkpoints/final.pt,cc2490bbbc0445ba3880ab6a7a656d8e5a47cc24b969910d7214e89779953d0f,814173b618fb38990db7a5b7ee200369c8b25289,b3dafd35f05214bac1058d7e16407e8cb113322a10c590efb748a51eb6e9364e,completed,coin-heaven,coin_navigation_evaluate,115,50,50,0,0,0,0,1,0,0,0,0,115,0.005915670809538468,0.006656908988952637,0.0070269107818603516,0,0
task2-winner-evaluation-v1,main_validation,22,parent_task1,11028,runs/task2winner_main_s22_parent_t1_814173b,task2winner_main_s22_parent_t1_814173b_s11028,runs/task2winner_replica_cv2_r7_s22_t1_v7_814173b/checkpoints/final.pt,cc2490bbbc0445ba3880ab6a7a656d8e5a47cc24b969910d7214e89779953d0f,814173b618fb38990db7a5b7ee200369c8b25289,b3dafd35f05214bac1058d7e16407e8cb113322a10c590efb748a51eb6e9364e,completed,coin-heaven,coin_navigation_evaluate,115,50,50,0,0,0,0,1,0,0,0,0,115,0.0058813758518384855,0.006606268882751465,0.00679326057434082,0,0
task2-winner-evaluation-v1,main_validation,22,parent_task1,11029,runs/task2winner_main_s22_parent_t1_814173b,task2winner_main_s22_parent_t1_814173b_s11029,runs/task2winner_replica_cv2_r7_s22_t1_v7_814173b/checkpoints/final.pt,cc2490bbbc0445ba3880ab6a7a656d8e5a47cc24b969910d7214e89779953d0f,814173b618fb38990db7a5b7ee200369c8b25289,b3dafd35f05214bac1058d7e16407e8cb113322a10c590efb748a51eb6e9364e,completed,coin-heaven,coin_navigation_evaluate,139,50,50,0,0,0,0,1,0,0,0,0,139,0.005725707939202837,0.006564402580261231,0.006672382354736328,0,0
task2-winner-evaluation-v1,main_validation,22,parent_task1,11030,runs/task2winner_main_s22_parent_t1_814173b,task2winner_main_s22_parent_t1_814173b_s11030,runs/task2winner_replica_cv2_r7_s22_t1_v7_814173b/checkpoints/final.pt,cc2490bbbc0445ba3880ab6a7a656d8e5a47cc24b969910d7214e89779953d0f,814173b618fb38990db7a5b7ee200369c8b25289,b3dafd35f05214bac1058d7e16407e8cb113322a10c590efb748a51eb6e9364e,completed,coin-heaven,coin_navigation_evaluate,131,50,50,0,0,0,0,1,0,0,0,0,131,0.0059559072246988315,0.0066339969635009766,0.006819009780883789,0,0
task2-winner-evaluation-v1,main_validation,22,parent_task1,11031,runs/task2winner_main_s22_parent_t1_814173b,task2winner_main_s22_parent_t1_814173b_s11031,runs/task2winner_replica_cv2_r7_s22_t1_v7_814173b/checkpoints/final.pt,cc2490bbbc0445ba3880ab6a7a656d8e5a47cc24b969910d7214e89779953d0f,814173b618fb38990db7a5b7ee200369c8b25289,b3dafd35f05214bac1058d7e16407e8cb113322a10c590efb748a51eb6e9364e,completed,coin-heaven,coin_navigation_evaluate,121,50,50,0,0,0,0,1,0,0,0,0,121,0.0059909170324152165,0.006623983383178711,0.006887197494506836,0,0
task2-winner-evaluation-v1,main_validation,22,parent_task1,11032,runs/task2winner_main_s22_parent_t1_814173b,task2winner_main_s22_parent_t1_814173b_s11032,runs/task2winner_replica_cv2_r7_s22_t1_v7_814173b/checkpoints/final.pt,cc2490bbbc0445ba3880ab6a7a656d8e5a47cc24b969910d7214e89779953d0f,814173b618fb38990db7a5b7ee200369c8b25289,b3dafd35f05214bac1058d7e16407e8cb113322a10c590efb748a51eb6e9364e,completed,coin-heaven,coin_navigation_evaluate,111,50,50,0,0,0,0,1,0,0,0,0,111,0.0059146580395397835,0.006656527519226074,0.007224082946777344,0,0
task2-winner-evaluation-v1,main_validation,22,parent_task1,11033,runs/task2winner_main_s22_parent_t1_814173b,task2winner_main_s22_parent_t1_814173b_s11033,runs/task2winner_replica_cv2_r7_s22_t1_v7_814173b/checkpoints/final.pt,cc2490bbbc0445ba3880ab6a7a656d8e5a47cc24b969910d7214e89779953d0f,814173b618fb38990db7a5b7ee200369c8b25289,b3dafd35f05214bac1058d7e16407e8cb113322a10c590efb748a51eb6e9364e,completed,coin-heaven,coin_navigation_evaluate,126,50,50,0,0,0,0,1,0,0,0,0,126,0.005802780862838503,0.006629288196563721,0.006810903549194336,0,0
task2-winner-evaluation-v1,main_validation,22,parent_task1,11034,runs/task2winner_main_s22_parent_t1_814173b,task2winner_main_s22_parent_t1_814173b_s11034,runs/task2winner_replica_cv2_r7_s22_t1_v7_814173b/checkpoints/final.pt,cc2490bbbc0445ba3880ab6a7a656d8e5a47cc24b969910d7214e89779953d0f,814173b618fb38990db7a5b7ee200369c8b25289,b3dafd35f05214bac1058d7e16407e8cb113322a10c590efb748a51eb6e9364e,completed,coin-heaven,coin_navigation_evaluate,113,50,50,0,0,0,0,1,0,0,0,0,113,0.005827287657071004,0.006492948532104492,0.006733894348144531,0,0
task2-winner-evaluation-v1,main_validation,22,parent_task1,11035,runs/task2winner_main_s22_parent_t1_814173b,task2winner_main_s22_parent_t1_814173b_s11035,runs/task2winner_replica_cv2_r7_s22_t1_v7_814173b/checkpoints/final.pt,cc2490bbbc0445ba3880ab6a7a656d8e5a47cc24b969910d7214e89779953d0f,814173b618fb38990db7a5b7ee200369c8b25289,b3dafd35f05214bac1058d7e16407e8cb113322a10c590efb748a51eb6e9364e,completed,coin-heaven,coin_navigation_evaluate,145,50,50,0,0,0,0,1,0,0,0,0,145,0.005863702708277209,0.006638956069946289,0.007443904876708984,0,0
task2-winner-evaluation-v1,main_validation,22,parent_task1,11036,runs/task2winner_main_s22_parent_t1_814173b,task2winner_main_s22_parent_t1_814173b_s11036,runs/task2winner_replica_cv2_r7_s22_t1_v7_814173b/checkpoints/final.pt,cc2490bbbc0445ba3880ab6a7a656d8e5a47cc24b969910d7214e89779953d0f,814173b618fb38990db7a5b7ee200369c8b25289,b3dafd35f05214bac1058d7e16407e8cb113322a10c590efb748a51eb6e9364e,completed,coin-heaven,coin_navigation_evaluate,144,50,50,0,0,0,0,1,0,0,0,0,144,0.005953537093268501,0.006637489795684815,0.006784200668334961,0,0
task2-winner-evaluation-v1,main_validation,22,parent_task1,11037,runs/task2winner_main_s22_parent_t1_814173b,task2winner_main_s22_parent_t1_814173b_s11037,runs/task2winner_replica_cv2_r7_s22_t1_v7_814173b/checkpoints/final.pt,cc2490bbbc0445ba3880ab6a7a656d8e5a47cc24b969910d7214e89779953d0f,814173b618fb38990db7a5b7ee200369c8b25289,b3dafd35f05214bac1058d7e16407e8cb113322a10c590efb748a51eb6e9364e,completed,coin-heaven,coin_navigation_evaluate,125,50,50,0,0,0,0,1,0,0,0,0,125,0.005911638259887695,0.006574058532714843,0.006886005401611328,0,0
task2-winner-evaluation-v1,main_validation,22,parent_task1,11038,runs/task2winner_main_s22_parent_t1_814173b,task2winner_main_s22_parent_t1_814173b_s11038,runs/task2winner_replica_cv2_r7_s22_t1_v7_814173b/checkpoints/final.pt,cc2490bbbc0445ba3880ab6a7a656d8e5a47cc24b969910d7214e89779953d0f,814173b618fb38990db7a5b7ee200369c8b25289,b3dafd35f05214bac1058d7e16407e8cb113322a10c590efb748a51eb6e9364e,completed,coin-heaven,coin_navigation_evaluate,118,50,50,0,0,0,0,1,0,0,0,0,118,0.005724124989267123,0.006553959846496582,0.006857156753540039,0,0
task2-winner-evaluation-v1,main_validation,22,parent_task1,11039,runs/task2winner_main_s22_parent_t1_814173b,task2winner_main_s22_parent_t1_814173b_s11039,runs/task2winner_replica_cv2_r7_s22_t1_v7_814173b/checkpoints/final.pt,cc2490bbbc0445ba3880ab6a7a656d8e5a47cc24b969910d7214e89779953d0f,814173b618fb38990db7a5b7ee200369c8b25289,b3dafd35f05214bac1058d7e16407e8cb113322a10c590efb748a51eb6e9364e,completed,coin-heaven,coin_navigation_evaluate,137,50,50,0,0,0,0,1,0,0,0,0,137,0.005928317995837135,0.006735086441040039,0.007735013961791992,0,0
task2-winner-evaluation-v1,main_validation,22,parent_task1,11040,runs/task2winner_main_s22_parent_t1_814173b,task2winner_main_s22_parent_t1_814173b_s11040,runs/task2winner_replica_cv2_r7_s22_t1_v7_814173b/checkpoints/final.pt,cc2490bbbc0445ba3880ab6a7a656d8e5a47cc24b969910d7214e89779953d0f,814173b618fb38990db7a5b7ee200369c8b25289,b3dafd35f05214bac1058d7e16407e8cb113322a10c590efb748a51eb6e9364e,completed,coin-heaven,coin_navigation_evaluate,144,50,50,0,0,0,0,1,0,0,0,0,144,0.005888950493600633,0.00666801929473877,0.006773710250854492,0,0
task2-winner-evaluation-v1,main_validation,22,parent_task1,11041,runs/task2winner_main_s22_parent_t1_814173b,task2winner_main_s22_parent_t1_814173b_s11041,runs/task2winner_replica_cv2_r7_s22_t1_v7_814173b/checkpoints/final.pt,cc2490bbbc0445ba3880ab6a7a656d8e5a47cc24b969910d7214e89779953d0f,814173b618fb38990db7a5b7ee200369c8b25289,b3dafd35f05214bac1058d7e16407e8cb113322a10c590efb748a51eb6e9364e,completed,coin-heaven,coin_navigation_evaluate,120,50,50,0,0,0,0,1,0,0,0,0,120,0.005830868085225423,0.006593358516693115,0.007119178771972656,0,0
task2-winner-evaluation-v1,main_validation,22,parent_task1,11042,runs/task2winner_main_s22_parent_t1_814173b,task2winner_main_s22_parent_t1_814173b_s11042,runs/task2winner_replica_cv2_r7_s22_t1_v7_814173b/checkpoints/final.pt,cc2490bbbc0445ba3880ab6a7a656d8e5a47cc24b969910d7214e89779953d0f,814173b618fb38990db7a5b7ee200369c8b25289,b3dafd35f05214bac1058d7e16407e8cb113322a10c590efb748a51eb6e9364e,completed,coin-heaven,coin_navigation_evaluate,128,50,50,0,0,0,0,1,0,0,0,0,128,0.005979456007480621,0.006862318515777588,0.0074384212493896484,0,0
task2-winner-evaluation-v1,main_validation,22,parent_task1,11043,runs/task2winner_main_s22_parent_t1_814173b,task2winner_main_s22_parent_t1_814173b_s11043,runs/task2winner_replica_cv2_r7_s22_t1_v7_814173b/checkpoints/final.pt,cc2490bbbc0445ba3880ab6a7a656d8e5a47cc24b969910d7214e89779953d0f,814173b618fb38990db7a5b7ee200369c8b25289,b3dafd35f05214bac1058d7e16407e8cb113322a10c590efb748a51eb6e9364e,completed,coin-heaven,coin_navigation_evaluate,132,50,50,0,0,0,0,1,0,0,0,0,132,0.0059679945309956866,0.006733238697052002,0.008532524108886719,0,0
task2-winner-evaluation-v1,main_validation,22,parent_task1,11044,runs/task2winner_main_s22_parent_t1_814173b,task2winner_main_s22_parent_t1_814173b_s11044,runs/task2winner_replica_cv2_r7_s22_t1_v7_814173b/checkpoints/final.pt,cc2490bbbc0445ba3880ab6a7a656d8e5a47cc24b969910d7214e89779953d0f,814173b618fb38990db7a5b7ee200369c8b25289,b3dafd35f05214bac1058d7e16407e8cb113322a10c590efb748a51eb6e9364e,completed,coin-heaven,coin_navigation_evaluate,139,50,50,0,0,0,0,1,0,0,0,0,139,0.00591827639572912,0.0066097497940063475,0.006765127182006836,0,0
task2-winner-evaluation-v1,main_validation,22,parent_task1,11045,runs/task2winner_main_s22_parent_t1_814173b,task2winner_main_s22_parent_t1_814173b_s11045,runs/task2winner_replica_cv2_r7_s22_t1_v7_814173b/checkpoints/final.pt,cc2490bbbc0445ba3880ab6a7a656d8e5a47cc24b969910d7214e89779953d0f,814173b618fb38990db7a5b7ee200369c8b25289,b3dafd35f05214bac1058d7e16407e8cb113322a10c590efb748a51eb6e9364e,completed,coin-heaven,coin_navigation_evaluate,117,50,50,0,0,0,0,1,0,0,0,0,117,0.0058359488462790465,0.006647586822509764,0.0068471431732177734,0,0
task2-winner-evaluation-v1,main_validation,22,parent_task1,11046,runs/task2winner_main_s22_parent_t1_814173b,task2winner_main_s22_parent_t1_814173b_s11046,runs/task2winner_replica_cv2_r7_s22_t1_v7_814173b/checkpoints/final.pt,cc2490bbbc0445ba3880ab6a7a656d8e5a47cc24b969910d7214e89779953d0f,814173b618fb38990db7a5b7ee200369c8b25289,b3dafd35f05214bac1058d7e16407e8cb113322a10c590efb748a51eb6e9364e,completed,coin-heaven,coin_navigation_evaluate,117,50,50,0,0,0,0,1,0,0,0,0,117,0.0059153992905576006,0.006558036804199219,0.006727457046508789,0,0
task2-winner-evaluation-v1,main_validation,22,parent_task1,11047,runs/task2winner_main_s22_parent_t1_814173b,task2winner_main_s22_parent_t1_814173b_s11047,runs/task2winner_replica_cv2_r7_s22_t1_v7_814173b/checkpoints/final.pt,cc2490bbbc0445ba3880ab6a7a656d8e5a47cc24b969910d7214e89779953d0f,814173b618fb38990db7a5b7ee200369c8b25289,b3dafd35f05214bac1058d7e16407e8cb113322a10c590efb748a51eb6e9364e,completed,coin-heaven,coin_navigation_evaluate,133,50,50,0,0,0,0,1,0,0,0,0,133,0.0058587637162746346,0.006638813018798828,0.006842136383056641,0,0
task2-winner-evaluation-v1,main_validation,22,parent_task1,11048,runs/task2winner_main_s22_parent_t1_814173b,task2winner_main_s22_parent_t1_814173b_s11048,runs/task2winner_replica_cv2_r7_s22_t1_v7_814173b/checkpoints/final.pt,cc2490bbbc0445ba3880ab6a7a656d8e5a47cc24b969910d7214e89779953d0f,814173b618fb38990db7a5b7ee200369c8b25289,b3dafd35f05214bac1058d7e16407e8cb113322a10c590efb748a51eb6e9364e,completed,coin-heaven,coin_navigation_evaluate,121,50,50,0,0,0,0,1,0,0,0,0,121,0.005780241706154563,0.006552457809448242,0.006698131561279297,0,0
task2-winner-evaluation-v1,main_validation,22,parent_task1,11049,runs/task2winner_main_s22_parent_t1_814173b,task2winner_main_s22_parent_t1_814173b_s11049,runs/task2winner_replica_cv2_r7_s22_t1_v7_814173b/checkpoints/final.pt,cc2490bbbc0445ba3880ab6a7a656d8e5a47cc24b969910d7214e89779953d0f,814173b618fb38990db7a5b7ee200369c8b25289,b3dafd35f05214bac1058d7e16407e8cb113322a10c590efb748a51eb6e9364e,completed,coin-heaven,coin_navigation_evaluate,124,50,50,0,0,0,0,1,0,0,0,0,124,0.005860278683324014,0.006729233264923095,0.007470607757568359,0,0
task2-winner-evaluation-v1,main_validation,22,parent_task1,11050,runs/task2winner_main_s22_parent_t1_814173b,task2winner_main_s22_parent_t1_814173b_s11050,runs/task2winner_replica_cv2_r7_s22_t1_v7_814173b/checkpoints/final.pt,cc2490bbbc0445ba3880ab6a7a656d8e5a47cc24b969910d7214e89779953d0f,814173b618fb38990db7a5b7ee200369c8b25289,b3dafd35f05214bac1058d7e16407e8cb113322a10c590efb748a51eb6e9364e,completed,coin-heaven,coin_navigation_evaluate,120,50,50,0,0,0,0,1,0,0,0,0,120,0.005863328774770101,0.006694400310516358,0.006824970245361328,0,0
task2-winner-evaluation-v1,main_validation,22,parent_task1,11051,runs/task2winner_main_s22_parent_t1_814173b,task2winner_main_s22_parent_t1_814173b_s11051,runs/task2winner_replica_cv2_r7_s22_t1_v7_814173b/checkpoints/final.pt,cc2490bbbc0445ba3880ab6a7a656d8e5a47cc24b969910d7214e89779953d0f,814173b618fb38990db7a5b7ee200369c8b25289,b3dafd35f05214bac1058d7e16407e8cb113322a10c590efb748a51eb6e9364e,completed,coin-heaven,coin_navigation_evaluate,143,50,50,0,0,0,0,1,0,0,0,0,143,0.005904566157947887,0.006739211082458496,0.007159233093261719,0,0
task2-winner-evaluation-v1,main_validation,22,parent_task1,11052,runs/task2winner_main_s22_parent_t1_814173b,task2winner_main_s22_parent_t1_814173b_s11052,runs/task2winner_replica_cv2_r7_s22_t1_v7_814173b/checkpoints/final.pt,cc2490bbbc0445ba3880ab6a7a656d8e5a47cc24b969910d7214e89779953d0f,814173b618fb38990db7a5b7ee200369c8b25289,b3dafd35f05214bac1058d7e16407e8cb113322a10c590efb748a51eb6e9364e,completed,coin-heaven,coin_navigation_evaluate,135,50,50,0,0,0,0,1,0,0,0,0,135,0.005992532659459997,0.0067414045333862305,0.007137775421142578,0,0
task2-winner-evaluation-v1,main_validation,22,parent_task1,11053,runs/task2winner_main_s22_parent_t1_814173b,task2winner_main_s22_parent_t1_814173b_s11053,runs/task2winner_replica_cv2_r7_s22_t1_v7_814173b/checkpoints/final.pt,cc2490bbbc0445ba3880ab6a7a656d8e5a47cc24b969910d7214e89779953d0f,814173b618fb38990db7a5b7ee200369c8b25289,b3dafd35f05214bac1058d7e16407e8cb113322a10c590efb748a51eb6e9364e,completed,coin-heaven,coin_navigation_evaluate,126,50,50,0,0,0,0,1,0,0,0,0,126,0.00598352485232883,0.0067588090896606445,0.007417201995849609,0,0
task2-winner-evaluation-v1,main_validation,22,parent_task1,11054,runs/task2winner_main_s22_parent_t1_814173b,task2winner_main_s22_parent_t1_814173b_s11054,runs/task2winner_replica_cv2_r7_s22_t1_v7_814173b/checkpoints/final.pt,cc2490bbbc0445ba3880ab6a7a656d8e5a47cc24b969910d7214e89779953d0f,814173b618fb38990db7a5b7ee200369c8b25289,b3dafd35f05214bac1058d7e16407e8cb113322a10c590efb748a51eb6e9364e,completed,coin-heaven,coin_navigation_evaluate,123,50,50,0,0,0,0,1,0,0,0,0,123,0.00581264108177123,0.006637144088745117,0.007010459899902344,0,0
task2-winner-evaluation-v1,main_validation,22,parent_task1,11055,runs/task2winner_main_s22_parent_t1_814173b,task2winner_main_s22_parent_t1_814173b_s11055,runs/task2winner_replica_cv2_r7_s22_t1_v7_814173b/checkpoints/final.pt,cc2490bbbc0445ba3880ab6a7a656d8e5a47cc24b969910d7214e89779953d0f,814173b618fb38990db7a5b7ee200369c8b25289,b3dafd35f05214bac1058d7e16407e8cb113322a10c590efb748a51eb6e9364e,completed,coin-heaven,coin_navigation_evaluate,131,50,50,0,0,0,0,1,0,0,0,0,131,0.005984422814755039,0.006790876388549805,0.007906198501586914,0,0
task2-winner-evaluation-v1,main_validation,22,parent_task1,11056,runs/task2winner_main_s22_parent_t1_814173b,task2winner_main_s22_parent_t1_814173b_s11056,runs/task2winner_replica_cv2_r7_s22_t1_v7_814173b/checkpoints/final.pt,cc2490bbbc0445ba3880ab6a7a656d8e5a47cc24b969910d7214e89779953d0f,814173b618fb38990db7a5b7ee200369c8b25289,b3dafd35f05214bac1058d7e16407e8cb113322a10c590efb748a51eb6e9364e,completed,coin-heaven,coin_navigation_evaluate,117,50,50,0,0,0,0,1,0,0,0,0,117,0.005790545390202449,0.0065839290618896484,0.007449626922607422,0,0
task2-winner-evaluation-v1,main_validation,22,parent_task1,11057,runs/task2winner_main_s22_parent_t1_814173b,task2winner_main_s22_parent_t1_814173b_s11057,runs/task2winner_replica_cv2_r7_s22_t1_v7_814173b/checkpoints/final.pt,cc2490bbbc0445ba3880ab6a7a656d8e5a47cc24b969910d7214e89779953d0f,814173b618fb38990db7a5b7ee200369c8b25289,b3dafd35f05214bac1058d7e16407e8cb113322a10c590efb748a51eb6e9364e,completed,coin-heaven,coin_navigation_evaluate,133,50,50,0,0,0,0,1,0,0,0,0,133,0.005943430993790017,0.0066337108612060545,0.006859302520751953,0,0
task2-winner-evaluation-v1,main_validation,22,parent_task1,11058,runs/task2winner_main_s22_parent_t1_814173b,task2winner_main_s22_parent_t1_814173b_s11058,runs/task2winner_replica_cv2_r7_s22_t1_v7_814173b/checkpoints/final.pt,cc2490bbbc0445ba3880ab6a7a656d8e5a47cc24b969910d7214e89779953d0f,814173b618fb38990db7a5b7ee200369c8b25289,b3dafd35f05214bac1058d7e16407e8cb113322a10c590efb748a51eb6e9364e,completed,coin-heaven,coin_navigation_evaluate,117,50,50,0,0,0,0,1,0,0,0,0,117,0.005975800701695629,0.006686592102050781,0.009935379028320312,0,0
task2-winner-evaluation-v1,main_validation,22,parent_task1,11059,runs/task2winner_main_s22_parent_t1_814173b,task2winner_main_s22_parent_t1_814173b_s11059,runs/task2winner_replica_cv2_r7_s22_t1_v7_814173b/checkpoints/final.pt,cc2490bbbc0445ba3880ab6a7a656d8e5a47cc24b969910d7214e89779953d0f,814173b618fb38990db7a5b7ee200369c8b25289,b3dafd35f05214bac1058d7e16407e8cb113322a10c590efb748a51eb6e9364e,completed,coin-heaven,coin_navigation_evaluate,137,50,50,0,0,0,0,1,0,0,0,0,137,0.005880260119472977,0.006615495681762696,0.006792545318603516,0,0
task2-winner-evaluation-v1,main_validation,22,parent_task1,11060,runs/task2winner_main_s22_parent_t1_814173b,task2winner_main_s22_parent_t1_814173b_s11060,runs/task2winner_replica_cv2_r7_s22_t1_v7_814173b/checkpoints/final.pt,cc2490bbbc0445ba3880ab6a7a656d8e5a47cc24b969910d7214e89779953d0f,814173b618fb38990db7a5b7ee200369c8b25289,b3dafd35f05214bac1058d7e16407e8cb113322a10c590efb748a51eb6e9364e,completed,coin-heaven,coin_navigation_evaluate,132,50,50,0,0,0,0,1,0,0,0,0,132,0.005930878899314187,0.006701266765594483,0.0071942806243896484,0,0
task2-winner-evaluation-v1,main_validation,22,parent_task1,11061,runs/task2winner_main_s22_parent_t1_814173b,task2winner_main_s22_parent_t1_814173b_s11061,runs/task2winner_replica_cv2_r7_s22_t1_v7_814173b/checkpoints/final.pt,cc2490bbbc0445ba3880ab6a7a656d8e5a47cc24b969910d7214e89779953d0f,814173b618fb38990db7a5b7ee200369c8b25289,b3dafd35f05214bac1058d7e16407e8cb113322a10c590efb748a51eb6e9364e,completed,coin-heaven,coin_navigation_evaluate,118,50,50,0,0,0,0,1,0,0,0,0,118,0.005900140536033501,0.0065906763076782225,0.007071971893310547,0,0
task2-winner-evaluation-v1,main_validation,22,parent_task1,11062,runs/task2winner_main_s22_parent_t1_814173b,task2winner_main_s22_parent_t1_814173b_s11062,runs/task2winner_replica_cv2_r7_s22_t1_v7_814173b/checkpoints/final.pt,cc2490bbbc0445ba3880ab6a7a656d8e5a47cc24b969910d7214e89779953d0f,814173b618fb38990db7a5b7ee200369c8b25289,b3dafd35f05214bac1058d7e16407e8cb113322a10c590efb748a51eb6e9364e,completed,coin-heaven,coin_navigation_evaluate,138,50,50,0,0,0,0,1,0,0,0,0,138,0.005912483602330304,0.006705427169799804,0.0069522857666015625,0,0
task2-winner-evaluation-v1,main_validation,22,parent_task1,11063,runs/task2winner_main_s22_parent_t1_814173b,task2winner_main_s22_parent_t1_814173b_s11063,runs/task2winner_replica_cv2_r7_s22_t1_v7_814173b/checkpoints/final.pt,cc2490bbbc0445ba3880ab6a7a656d8e5a47cc24b969910d7214e89779953d0f,814173b618fb38990db7a5b7ee200369c8b25289,b3dafd35f05214bac1058d7e16407e8cb113322a10c590efb748a51eb6e9364e,completed,coin-heaven,coin_navigation_evaluate,139,50,50,0,0,0,0,1,0,0,0,0,139,0.005994057483810315,0.00667877197265625,0.00943899154663086,0,0
task2-winner-evaluation-v1,main_validation,22,parent_task1,11064,runs/task2winner_main_s22_parent_t1_814173b,task2winner_main_s22_parent_t1_814173b_s11064,runs/task2winner_replica_cv2_r7_s22_t1_v7_814173b/checkpoints/final.pt,cc2490bbbc0445ba3880ab6a7a656d8e5a47cc24b969910d7214e89779953d0f,814173b618fb38990db7a5b7ee200369c8b25289,b3dafd35f05214bac1058d7e16407e8cb113322a10c590efb748a51eb6e9364e,completed,coin-heaven,coin_navigation_evaluate,133,50,50,0,0,0,0,1,0,0,0,0,133,0.006005466432499706,0.006795215606689452,0.0070841312408447266,0,0
task2-winner-evaluation-v1,main_validation,22,parent_task1,11065,runs/task2winner_main_s22_parent_t1_814173b,task2winner_main_s22_parent_t1_814173b_s11065,runs/task2winner_replica_cv2_r7_s22_t1_v7_814173b/checkpoints/final.pt,cc2490bbbc0445ba3880ab6a7a656d8e5a47cc24b969910d7214e89779953d0f,814173b618fb38990db7a5b7ee200369c8b25289,b3dafd35f05214bac1058d7e16407e8cb113322a10c590efb748a51eb6e9364e,completed,coin-heaven,coin_navigation_evaluate,140,50,50,0,0,0,0,1,0,0,0,0,140,0.005984023639133998,0.006684064865112304,0.007106304168701172,0,0
task2-winner-evaluation-v1,main_validation,22,parent_task1,11066,runs/task2winner_main_s22_parent_t1_814173b,task2winner_main_s22_parent_t1_814173b_s11066,runs/task2winner_replica_cv2_r7_s22_t1_v7_814173b/checkpoints/final.pt,cc2490bbbc0445ba3880ab6a7a656d8e5a47cc24b969910d7214e89779953d0f,814173b618fb38990db7a5b7ee200369c8b25289,b3dafd35f05214bac1058d7e16407e8cb113322a10c590efb748a51eb6e9364e,completed,coin-heaven,coin_navigation_evaluate,131,50,50,0,0,0,0,1,0,0,0,0,131,0.005957042897930582,0.006641507148742676,0.006876230239868164,0,0
task2-winner-evaluation-v1,main_validation,22,parent_task1,11067,runs/task2winner_main_s22_parent_t1_814173b,task2winner_main_s22_parent_t1_814173b_s11067,runs/task2winner_replica_cv2_r7_s22_t1_v7_814173b/checkpoints/final.pt,cc2490bbbc0445ba3880ab6a7a656d8e5a47cc24b969910d7214e89779953d0f,814173b618fb38990db7a5b7ee200369c8b25289,b3dafd35f05214bac1058d7e16407e8cb113322a10c590efb748a51eb6e9364e,completed,coin-heaven,coin_navigation_evaluate,125,50,50,0,0,0,0,1,0,0,0,0,125,0.005951745986938477,0.00673518180847168,0.0070781707763671875,0,0
task2-winner-evaluation-v1,main_validation,22,parent_task1,11068,runs/task2winner_main_s22_parent_t1_814173b,task2winner_main_s22_parent_t1_814173b_s11068,runs/task2winner_replica_cv2_r7_s22_t1_v7_814173b/checkpoints/final.pt,cc2490bbbc0445ba3880ab6a7a656d8e5a47cc24b969910d7214e89779953d0f,814173b618fb38990db7a5b7ee200369c8b25289,b3dafd35f05214bac1058d7e16407e8cb113322a10c590efb748a51eb6e9364e,completed,coin-heaven,coin_navigation_evaluate,118,50,50,0,0,0,0,1,0,0,0,0,118,0.00593911793272374,0.006672179698944092,0.0070648193359375,0,0
task2-winner-evaluation-v1,main_validation,22,parent_task1,11069,runs/task2winner_main_s22_parent_t1_814173b,task2winner_main_s22_parent_t1_814173b_s11069,runs/task2winner_replica_cv2_r7_s22_t1_v7_814173b/checkpoints/final.pt,cc2490bbbc0445ba3880ab6a7a656d8e5a47cc24b969910d7214e89779953d0f,814173b618fb38990db7a5b7ee200369c8b25289,b3dafd35f05214bac1058d7e16407e8cb113322a10c590efb748a51eb6e9364e,completed,coin-heaven,coin_navigation_evaluate,119,50,50,0,0,0,0,1,0,0,0,0,119,0.005905467922947988,0.006828618049621581,0.007278919219970703,0,0
task2-winner-evaluation-v1,main_validation,22,parent_task1,11070,runs/task2winner_main_s22_parent_t1_814173b,task2winner_main_s22_parent_t1_814173b_s11070,runs/task2winner_replica_cv2_r7_s22_t1_v7_814173b/checkpoints/final.pt,cc2490bbbc0445ba3880ab6a7a656d8e5a47cc24b969910d7214e89779953d0f,814173b618fb38990db7a5b7ee200369c8b25289,b3dafd35f05214bac1058d7e16407e8cb113322a10c590efb748a51eb6e9364e,completed,coin-heaven,coin_navigation_evaluate,124,50,50,0,0,0,0,1,0,0,0,0,124,0.006063338248960434,0.006760215759277344,0.007912874221801758,0,0
task2-winner-evaluation-v1,main_validation,22,parent_task1,11071,runs/task2winner_main_s22_parent_t1_814173b,task2winner_main_s22_parent_t1_814173b_s11071,runs/task2winner_replica_cv2_r7_s22_t1_v7_814173b/checkpoints/final.pt,cc2490bbbc0445ba3880ab6a7a656d8e5a47cc24b969910d7214e89779953d0f,814173b618fb38990db7a5b7ee200369c8b25289,b3dafd35f05214bac1058d7e16407e8cb113322a10c590efb748a51eb6e9364e,completed,coin-heaven,coin_navigation_evaluate,131,50,50,0,0,0,0,1,0,0,0,0,131,0.005899807879032979,0.00677645206451416,0.0072956085205078125,0,0
task2-winner-evaluation-v1,main_validation,22,parent_task1,11072,runs/task2winner_main_s22_parent_t1_814173b,task2winner_main_s22_parent_t1_814173b_s11072,runs/task2winner_replica_cv2_r7_s22_t1_v7_814173b/checkpoints/final.pt,cc2490bbbc0445ba3880ab6a7a656d8e5a47cc24b969910d7214e89779953d0f,814173b618fb38990db7a5b7ee200369c8b25289,b3dafd35f05214bac1058d7e16407e8cb113322a10c590efb748a51eb6e9364e,completed,coin-heaven,coin_navigation_evaluate,113,50,50,0,0,0,0,1,0,0,0,0,113,0.006042906668333881,0.006781625747680663,0.007044553756713867,0,0
task2-winner-evaluation-v1,main_validation,22,parent_task1,11073,runs/task2winner_main_s22_parent_t1_814173b,task2winner_main_s22_parent_t1_814173b_s11073,runs/task2winner_replica_cv2_r7_s22_t1_v7_814173b/checkpoints/final.pt,cc2490bbbc0445ba3880ab6a7a656d8e5a47cc24b969910d7214e89779953d0f,814173b618fb38990db7a5b7ee200369c8b25289,b3dafd35f05214bac1058d7e16407e8cb113322a10c590efb748a51eb6e9364e,completed,coin-heaven,coin_navigation_evaluate,123,50,50,0,0,0,0,1,0,0,0,0,123,0.00592687847168465,0.00661163330078125,0.006897926330566406,0,0
task2-winner-evaluation-v1,main_validation,22,parent_task1,11074,runs/task2winner_main_s22_parent_t1_814173b,task2winner_main_s22_parent_t1_814173b_s11074,runs/task2winner_replica_cv2_r7_s22_t1_v7_814173b/checkpoints/final.pt,cc2490bbbc0445ba3880ab6a7a656d8e5a47cc24b969910d7214e89779953d0f,814173b618fb38990db7a5b7ee200369c8b25289,b3dafd35f05214bac1058d7e16407e8cb113322a10c590efb748a51eb6e9364e,completed,coin-heaven,coin_navigation_evaluate,127,50,50,0,0,0,0,1,0,0,0,0,127,0.005996099607212337,0.00694453716278076,0.0075876712799072266,0,0
task2-winner-evaluation-v1,main_validation,22,parent_task1,11075,runs/task2winner_main_s22_parent_t1_814173b,task2winner_main_s22_parent_t1_814173b_s11075,runs/task2winner_replica_cv2_r7_s22_t1_v7_814173b/checkpoints/final.pt,cc2490bbbc0445ba3880ab6a7a656d8e5a47cc24b969910d7214e89779953d0f,814173b618fb38990db7a5b7ee200369c8b25289,b3dafd35f05214bac1058d7e16407e8cb113322a10c590efb748a51eb6e9364e,completed,coin-heaven,coin_navigation_evaluate,129,50,50,0,0,0,0,1,0,0,0,0,129,0.006018590557482816,0.006864070892333984,0.007289409637451172,0,0
task2-winner-evaluation-v1,main_validation,22,parent_task1,11076,runs/task2winner_main_s22_parent_t1_814173b,task2winner_main_s22_parent_t1_814173b_s11076,runs/task2winner_replica_cv2_r7_s22_t1_v7_814173b/checkpoints/final.pt,cc2490bbbc0445ba3880ab6a7a656d8e5a47cc24b969910d7214e89779953d0f,814173b618fb38990db7a5b7ee200369c8b25289,b3dafd35f05214bac1058d7e16407e8cb113322a10c590efb748a51eb6e9364e,completed,coin-heaven,coin_navigation_evaluate,128,50,50,0,0,0,0,1,0,0,0,0,128,0.00602632574737072,0.0066818475723266595,0.007546901702880859,0,0
task2-winner-evaluation-v1,main_validation,22,parent_task1,11077,runs/task2winner_main_s22_parent_t1_814173b,task2winner_main_s22_parent_t1_814173b_s11077,runs/task2winner_replica_cv2_r7_s22_t1_v7_814173b/checkpoints/final.pt,cc2490bbbc0445ba3880ab6a7a656d8e5a47cc24b969910d7214e89779953d0f,814173b618fb38990db7a5b7ee200369c8b25289,b3dafd35f05214bac1058d7e16407e8cb113322a10c590efb748a51eb6e9364e,completed,coin-heaven,coin_navigation_evaluate,117,50,50,0,0,0,0,1,0,0,0,0,117,0.005911729274651943,0.006714725494384764,0.007825374603271484,0,0
task2-winner-evaluation-v1,main_validation,22,parent_task1,11078,runs/task2winner_main_s22_parent_t1_814173b,task2winner_main_s22_parent_t1_814173b_s11078,runs/task2winner_replica_cv2_r7_s22_t1_v7_814173b/checkpoints/final.pt,cc2490bbbc0445ba3880ab6a7a656d8e5a47cc24b969910d7214e89779953d0f,814173b618fb38990db7a5b7ee200369c8b25289,b3dafd35f05214bac1058d7e16407e8cb113322a10c590efb748a51eb6e9364e,completed,coin-heaven,coin_navigation_evaluate,122,50,50,0,0,0,0,1,0,0,0,0,122,0.005952852671263648,0.006611406803131103,0.007206439971923828,0,0
task2-winner-evaluation-v1,main_validation,22,parent_task1,11079,runs/task2winner_main_s22_parent_t1_814173b,task2winner_main_s22_parent_t1_814173b_s11079,runs/task2winner_replica_cv2_r7_s22_t1_v7_814173b/checkpoints/final.pt,cc2490bbbc0445ba3880ab6a7a656d8e5a47cc24b969910d7214e89779953d0f,814173b618fb38990db7a5b7ee200369c8b25289,b3dafd35f05214bac1058d7e16407e8cb113322a10c590efb748a51eb6e9364e,completed,coin-heaven,coin_navigation_evaluate,120,50,50,0,0,0,0,1,0,0,0,0,120,0.00595854918162028,0.006620264053344726,0.0070955753326416016,0,0
task2-winner-evaluation-v1,main_validation,22,parent_task1,11080,runs/task2winner_main_s22_parent_t1_814173b,task2winner_main_s22_parent_t1_814173b_s11080,runs/task2winner_replica_cv2_r7_s22_t1_v7_814173b/checkpoints/final.pt,cc2490bbbc0445ba3880ab6a7a656d8e5a47cc24b969910d7214e89779953d0f,814173b618fb38990db7a5b7ee200369c8b25289,b3dafd35f05214bac1058d7e16407e8cb113322a10c590efb748a51eb6e9364e,completed,coin-heaven,coin_navigation_evaluate,122,50,50,0,0,0,0,1,0,0,0,0,122,0.0060204521554415346,0.0067944288253784174,0.007357597351074219,0,0
task2-winner-evaluation-v1,main_validation,22,parent_task1,11081,runs/task2winner_main_s22_parent_t1_814173b,task2winner_main_s22_parent_t1_814173b_s11081,runs/task2winner_replica_cv2_r7_s22_t1_v7_814173b/checkpoints/final.pt,cc2490bbbc0445ba3880ab6a7a656d8e5a47cc24b969910d7214e89779953d0f,814173b618fb38990db7a5b7ee200369c8b25289,b3dafd35f05214bac1058d7e16407e8cb113322a10c590efb748a51eb6e9364e,completed,coin-heaven,coin_navigation_evaluate,142,50,50,0,0,0,0,1,0,0,0,0,142,0.00586036225439797,0.006690835952758789,0.0070590972900390625,0,0
task2-winner-evaluation-v1,main_validation,22,parent_task1,11082,runs/task2winner_main_s22_parent_t1_814173b,task2winner_main_s22_parent_t1_814173b_s11082,runs/task2winner_replica_cv2_r7_s22_t1_v7_814173b/checkpoints/final.pt,cc2490bbbc0445ba3880ab6a7a656d8e5a47cc24b969910d7214e89779953d0f,814173b618fb38990db7a5b7ee200369c8b25289,b3dafd35f05214bac1058d7e16407e8cb113322a10c590efb748a51eb6e9364e,completed,coin-heaven,coin_navigation_evaluate,129,50,50,0,0,0,0,1,0,0,0,0,129,0.005907056867614273,0.006609821319580078,0.006838083267211914,0,0
task2-winner-evaluation-v1,main_validation,22,parent_task1,11083,runs/task2winner_main_s22_parent_t1_814173b,task2winner_main_s22_parent_t1_814173b_s11083,runs/task2winner_replica_cv2_r7_s22_t1_v7_814173b/checkpoints/final.pt,cc2490bbbc0445ba3880ab6a7a656d8e5a47cc24b969910d7214e89779953d0f,814173b618fb38990db7a5b7ee200369c8b25289,b3dafd35f05214bac1058d7e16407e8cb113322a10c590efb748a51eb6e9364e,completed,coin-heaven,coin_navigation_evaluate,126,50,50,0,0,0,0,1,0,0,0,0,126,0.0059373075999910865,0.00683361291885376,0.007984161376953125,0,0
task2-winner-evaluation-v1,main_validation,22,parent_task1,11084,runs/task2winner_main_s22_parent_t1_814173b,task2winner_main_s22_parent_t1_814173b_s11084,runs/task2winner_replica_cv2_r7_s22_t1_v7_814173b/checkpoints/final.pt,cc2490bbbc0445ba3880ab6a7a656d8e5a47cc24b969910d7214e89779953d0f,814173b618fb38990db7a5b7ee200369c8b25289,b3dafd35f05214bac1058d7e16407e8cb113322a10c590efb748a51eb6e9364e,completed,coin-heaven,coin_navigation_evaluate,127,50,50,0,0,0,0,1,0,0,0,0,127,0.005918836969090259,0.006751012802124024,0.007056713104248047,0,0
task2-winner-evaluation-v1,main_validation,22,parent_task1,11085,runs/task2winner_main_s22_parent_t1_814173b,task2winner_main_s22_parent_t1_814173b_s11085,runs/task2winner_replica_cv2_r7_s22_t1_v7_814173b/checkpoints/final.pt,cc2490bbbc0445ba3880ab6a7a656d8e5a47cc24b969910d7214e89779953d0f,814173b618fb38990db7a5b7ee200369c8b25289,b3dafd35f05214bac1058d7e16407e8cb113322a10c590efb748a51eb6e9364e,completed,coin-heaven,coin_navigation_evaluate,140,50,50,0,0,0,0,1,0,0,0,0,140,0.005982502869197301,0.006906771659851074,0.007169485092163086,0,0
task2-winner-evaluation-v1,main_validation,22,parent_task1,11086,runs/task2winner_main_s22_parent_t1_814173b,task2winner_main_s22_parent_t1_814173b_s11086,runs/task2winner_replica_cv2_r7_s22_t1_v7_814173b/checkpoints/final.pt,cc2490bbbc0445ba3880ab6a7a656d8e5a47cc24b969910d7214e89779953d0f,814173b618fb38990db7a5b7ee200369c8b25289,b3dafd35f05214bac1058d7e16407e8cb113322a10c590efb748a51eb6e9364e,completed,coin-heaven,coin_navigation_evaluate,108,50,50,0,0,0,0,1,0,0,0,0,108,0.005773299270206028,0.006606066226959228,0.006752967834472656,0,0
task2-winner-evaluation-v1,main_validation,22,parent_task1,11087,runs/task2winner_main_s22_parent_t1_814173b,task2winner_main_s22_parent_t1_814173b_s11087,runs/task2winner_replica_cv2_r7_s22_t1_v7_814173b/checkpoints/final.pt,cc2490bbbc0445ba3880ab6a7a656d8e5a47cc24b969910d7214e89779953d0f,814173b618fb38990db7a5b7ee200369c8b25289,b3dafd35f05214bac1058d7e16407e8cb113322a10c590efb748a51eb6e9364e,completed,coin-heaven,coin_navigation_evaluate,127,50,50,0,0,0,0,1,0,0,0,0,127,0.006029354305717889,0.006689691543579101,0.006987094879150391,0,0
task2-winner-evaluation-v1,main_validation,22,parent_task1,11088,runs/task2winner_main_s22_parent_t1_814173b,task2winner_main_s22_parent_t1_814173b_s11088,runs/task2winner_replica_cv2_r7_s22_t1_v7_814173b/checkpoints/final.pt,cc2490bbbc0445ba3880ab6a7a656d8e5a47cc24b969910d7214e89779953d0f,814173b618fb38990db7a5b7ee200369c8b25289,b3dafd35f05214bac1058d7e16407e8cb113322a10c590efb748a51eb6e9364e,completed,coin-heaven,coin_navigation_evaluate,132,50,50,0,0,0,0,1,0,0,0,0,132,0.005982326738762133,0.006790482997894287,0.007501840591430664,0,0
task2-winner-evaluation-v1,main_validation,22,parent_task1,11089,runs/task2winner_main_s22_parent_t1_814173b,task2winner_main_s22_parent_t1_814173b_s11089,runs/task2winner_replica_cv2_r7_s22_t1_v7_814173b/checkpoints/final.pt,cc2490bbbc0445ba3880ab6a7a656d8e5a47cc24b969910d7214e89779953d0f,814173b618fb38990db7a5b7ee200369c8b25289,b3dafd35f05214bac1058d7e16407e8cb113322a10c590efb748a51eb6e9364e,completed,coin-heaven,coin_navigation_evaluate,139,50,50,0,0,0,0,1,0,0,0,0,139,0.005892919979507117,0.006664633750915527,0.007088184356689453,0,0
task2-winner-evaluation-v1,main_validation,22,parent_task1,11090,runs/task2winner_main_s22_parent_t1_814173b,task2winner_main_s22_parent_t1_814173b_s11090,runs/task2winner_replica_cv2_r7_s22_t1_v7_814173b/checkpoints/final.pt,cc2490bbbc0445ba3880ab6a7a656d8e5a47cc24b969910d7214e89779953d0f,814173b618fb38990db7a5b7ee200369c8b25289,b3dafd35f05214bac1058d7e16407e8cb113322a10c590efb748a51eb6e9364e,completed,coin-heaven,coin_navigation_evaluate,125,50,50,0,0,0,0,1,0,0,0,0,125,0.005926191329956055,0.006736183166503907,0.007916688919067383,0,0
task2-winner-evaluation-v1,main_validation,22,parent_task1,11091,runs/task2winner_main_s22_parent_t1_814173b,task2winner_main_s22_parent_t1_814173b_s11091,runs/task2winner_replica_cv2_r7_s22_t1_v7_814173b/checkpoints/final.pt,cc2490bbbc0445ba3880ab6a7a656d8e5a47cc24b969910d7214e89779953d0f,814173b618fb38990db7a5b7ee200369c8b25289,b3dafd35f05214bac1058d7e16407e8cb113322a10c590efb748a51eb6e9364e,completed,coin-heaven,coin_navigation_evaluate,130,50,50,0,0,0,0,1,0,0,0,0,130,0.005858698258033166,0.006634104251861572,0.007559537887573242,0,0
task2-winner-evaluation-v1,main_validation,22,parent_task1,11092,runs/task2winner_main_s22_parent_t1_814173b,task2winner_main_s22_parent_t1_814173b_s11092,runs/task2winner_replica_cv2_r7_s22_t1_v7_814173b/checkpoints/final.pt,cc2490bbbc0445ba3880ab6a7a656d8e5a47cc24b969910d7214e89779953d0f,814173b618fb38990db7a5b7ee200369c8b25289,b3dafd35f05214bac1058d7e16407e8cb113322a10c590efb748a51eb6e9364e,completed,coin-heaven,coin_navigation_evaluate,131,50,50,0,0,0,0,1,0,0,0,0,131,0.005955952724427668,0.006761908531188965,0.007155895233154297,0,0
task2-winner-evaluation-v1,main_validation,22,parent_task1,11093,runs/task2winner_main_s22_parent_t1_814173b,task2winner_main_s22_parent_t1_814173b_s11093,runs/task2winner_replica_cv2_r7_s22_t1_v7_814173b/checkpoints/final.pt,cc2490bbbc0445ba3880ab6a7a656d8e5a47cc24b969910d7214e89779953d0f,814173b618fb38990db7a5b7ee200369c8b25289,b3dafd35f05214bac1058d7e16407e8cb113322a10c590efb748a51eb6e9364e,completed,coin-heaven,coin_navigation_evaluate,147,50,50,0,0,0,0,1,0,0,0,0,147,0.005868572767089014,0.006589460372924804,0.00682520866394043,0,0
task2-winner-evaluation-v1,main_validation,22,parent_task1,11094,runs/task2winner_main_s22_parent_t1_814173b,task2winner_main_s22_parent_t1_814173b_s11094,runs/task2winner_replica_cv2_r7_s22_t1_v7_814173b/checkpoints/final.pt,cc2490bbbc0445ba3880ab6a7a656d8e5a47cc24b969910d7214e89779953d0f,814173b618fb38990db7a5b7ee200369c8b25289,b3dafd35f05214bac1058d7e16407e8cb113322a10c590efb748a51eb6e9364e,completed,coin-heaven,coin_navigation_evaluate,141,50,50,0,0,0,0,1,0,0,0,0,141,0.005867841395925969,0.006701469421386719,0.008519887924194336,0,0
task2-winner-evaluation-v1,main_validation,22,parent_task1,11095,runs/task2winner_main_s22_parent_t1_814173b,task2winner_main_s22_parent_t1_814173b_s11095,runs/task2winner_replica_cv2_r7_s22_t1_v7_814173b/checkpoints/final.pt,cc2490bbbc0445ba3880ab6a7a656d8e5a47cc24b969910d7214e89779953d0f,814173b618fb38990db7a5b7ee200369c8b25289,b3dafd35f05214bac1058d7e16407e8cb113322a10c590efb748a51eb6e9364e,completed,coin-heaven,coin_navigation_evaluate,111,50,50,0,0,0,0,1,0,0,0,0,111,0.005926349141576269,0.006597757339477539,0.0069658756256103516,0,0
task2-winner-evaluation-v1,main_validation,22,parent_task1,11096,runs/task2winner_main_s22_parent_t1_814173b,task2winner_main_s22_parent_t1_814173b_s11096,runs/task2winner_replica_cv2_r7_s22_t1_v7_814173b/checkpoints/final.pt,cc2490bbbc0445ba3880ab6a7a656d8e5a47cc24b969910d7214e89779953d0f,814173b618fb38990db7a5b7ee200369c8b25289,b3dafd35f05214bac1058d7e16407e8cb113322a10c590efb748a51eb6e9364e,completed,coin-heaven,coin_navigation_evaluate,119,50,50,0,0,0,0,1,0,0,0,0,119,0.005959344511272527,0.006738400459289551,0.0069506168365478516,0,0
task2-winner-evaluation-v1,main_validation,22,parent_task1,11097,runs/task2winner_main_s22_parent_t1_814173b,task2winner_main_s22_parent_t1_814173b_s11097,runs/task2winner_replica_cv2_r7_s22_t1_v7_814173b/checkpoints/final.pt,cc2490bbbc0445ba3880ab6a7a656d8e5a47cc24b969910d7214e89779953d0f,814173b618fb38990db7a5b7ee200369c8b25289,b3dafd35f05214bac1058d7e16407e8cb113322a10c590efb748a51eb6e9364e,completed,coin-heaven,coin_navigation_evaluate,136,50,50,0,0,0,0,1,0,0,0,0,136,0.005909195717643289,0.0067102909088134766,0.0071811676025390625,0,0
task2-winner-evaluation-v1,main_validation,22,parent_task1,11098,runs/task2winner_main_s22_parent_t1_814173b,task2winner_main_s22_parent_t1_814173b_s11098,runs/task2winner_replica_cv2_r7_s22_t1_v7_814173b/checkpoints/final.pt,cc2490bbbc0445ba3880ab6a7a656d8e5a47cc24b969910d7214e89779953d0f,814173b618fb38990db7a5b7ee200369c8b25289,b3dafd35f05214bac1058d7e16407e8cb113322a10c590efb748a51eb6e9364e,completed,coin-heaven,coin_navigation_evaluate,130,50,50,0,0,0,0,1,0,0,0,0,130,0.006055307388305664,0.006947827339172363,0.007780313491821289,0,0
task2-winner-evaluation-v1,main_validation,22,parent_task1,11099,runs/task2winner_main_s22_parent_t1_814173b,task2winner_main_s22_parent_t1_814173b_s11099,runs/task2winner_replica_cv2_r7_s22_t1_v7_814173b/checkpoints/final.pt,cc2490bbbc0445ba3880ab6a7a656d8e5a47cc24b969910d7214e89779953d0f,814173b618fb38990db7a5b7ee200369c8b25289,b3dafd35f05214bac1058d7e16407e8cb113322a10c590efb748a51eb6e9364e,completed,coin-heaven,coin_navigation_evaluate,119,50,50,0,0,0,0,1,0,0,0,0,119,0.0060085629214759635,0.007131242752075195,0.007714271545410156,0,0
task2-winner-evaluation-v1,main_validation,22,child_task1,11000,runs/task2winner_main_s22_child_t1_814173b,task2winner_main_s22_child_t1_814173b_s11000,runs/task2winner_replica_cv2_r7_s22_t2_v7_814173b/checkpoints/final.pt,74cf3fca33acb59f003949006c7401a5a9f58c1785dd8b294b548bd7bd307715,814173b618fb38990db7a5b7ee200369c8b25289,b3dafd35f05214bac1058d7e16407e8cb113322a10c590efb748a51eb6e9364e,completed,coin-heaven,coin_navigation_evaluate,123,50,50,0,0,0,0,1,0,0,0,0,123,0.005956723438045843,0.006743359565734863,0.008276939392089844,0,0
task2-winner-evaluation-v1,main_validation,22,child_task1,11001,runs/task2winner_main_s22_child_t1_814173b,task2winner_main_s22_child_t1_814173b_s11001,runs/task2winner_replica_cv2_r7_s22_t2_v7_814173b/checkpoints/final.pt,74cf3fca33acb59f003949006c7401a5a9f58c1785dd8b294b548bd7bd307715,814173b618fb38990db7a5b7ee200369c8b25289,b3dafd35f05214bac1058d7e16407e8cb113322a10c590efb748a51eb6e9364e,completed,coin-heaven,coin_navigation_evaluate,121,50,50,0,0,0,0,1,0,0,0,0,121,0.005978533059112297,0.006737947463989258,0.008819818496704102,0,0
task2-winner-evaluation-v1,main_validation,22,child_task1,11002,runs/task2winner_main_s22_child_t1_814173b,task2winner_main_s22_child_t1_814173b_s11002,runs/task2winner_replica_cv2_r7_s22_t2_v7_814173b/checkpoints/final.pt,74cf3fca33acb59f003949006c7401a5a9f58c1785dd8b294b548bd7bd307715,814173b618fb38990db7a5b7ee200369c8b25289,b3dafd35f05214bac1058d7e16407e8cb113322a10c590efb748a51eb6e9364e,completed,coin-heaven,coin_navigation_evaluate,149,50,50,0,0,0,0,1,0,0,0,0,149,0.005951907010686478,0.006730031967163086,0.007035493850708008,0,0
task2-winner-evaluation-v1,main_validation,22,child_task1,11003,runs/task2winner_main_s22_child_t1_814173b,task2winner_main_s22_child_t1_814173b_s11003,runs/task2winner_replica_cv2_r7_s22_t2_v7_814173b/checkpoints/final.pt,74cf3fca33acb59f003949006c7401a5a9f58c1785dd8b294b548bd7bd307715,814173b618fb38990db7a5b7ee200369c8b25289,b3dafd35f05214bac1058d7e16407e8cb113322a10c590efb748a51eb6e9364e,completed,coin-heaven,coin_navigation_evaluate,133,50,50,0,0,0,0,1,0,0,0,0,133,0.00593882037284679,0.0066088676452636715,0.008352279663085938,0,0
task2-winner-evaluation-v1,main_validation,22,child_task1,11004,runs/task2winner_main_s22_child_t1_814173b,task2winner_main_s22_child_t1_814173b_s11004,runs/task2winner_replica_cv2_r7_s22_t2_v7_814173b/checkpoints/final.pt,74cf3fca33acb59f003949006c7401a5a9f58c1785dd8b294b548bd7bd307715,814173b618fb38990db7a5b7ee200369c8b25289,b3dafd35f05214bac1058d7e16407e8cb113322a10c590efb748a51eb6e9364e,completed,coin-heaven,coin_navigation_evaluate,137,50,50,0,0,0,0,1,0,0,0,0,137,0.005903386721645828,0.006675577163696289,0.007150888442993164,0,0
task2-winner-evaluation-v1,main_validation,22,child_task1,11005,runs/task2winner_main_s22_child_t1_814173b,task2winner_main_s22_child_t1_814173b_s11005,runs/task2winner_replica_cv2_r7_s22_t2_v7_814173b/checkpoints/final.pt,74cf3fca33acb59f003949006c7401a5a9f58c1785dd8b294b548bd7bd307715,814173b618fb38990db7a5b7ee200369c8b25289,b3dafd35f05214bac1058d7e16407e8cb113322a10c590efb748a51eb6e9364e,completed,coin-heaven,coin_navigation_evaluate,135,50,50,0,0,0,0,1,0,0,0,0,135,0.00598717972084328,0.006638097763061524,0.006849527359008789,0,0
task2-winner-evaluation-v1,main_validation,22,child_task1,11006,runs/task2winner_main_s22_child_t1_814173b,task2winner_main_s22_child_t1_814173b_s11006,runs/task2winner_replica_cv2_r7_s22_t2_v7_814173b/checkpoints/final.pt,74cf3fca33acb59f003949006c7401a5a9f58c1785dd8b294b548bd7bd307715,814173b618fb38990db7a5b7ee200369c8b25289,b3dafd35f05214bac1058d7e16407e8cb113322a10c590efb748a51eb6e9364e,completed,coin-heaven,coin_navigation_evaluate,128,50,50,0,0,0,0,1,0,0,0,0,128,0.005919177085161209,0.006614172458648681,0.007981300354003906,0,0
task2-winner-evaluation-v1,main_validation,22,child_task1,11007,runs/task2winner_main_s22_child_t1_814173b,task2winner_main_s22_child_t1_814173b_s11007,runs/task2winner_replica_cv2_r7_s22_t2_v7_814173b/checkpoints/final.pt,74cf3fca33acb59f003949006c7401a5a9f58c1785dd8b294b548bd7bd307715,814173b618fb38990db7a5b7ee200369c8b25289,b3dafd35f05214bac1058d7e16407e8cb113322a10c590efb748a51eb6e9364e,completed,coin-heaven,coin_navigation_evaluate,133,50,50,0,0,0,0,1,0,0,0,0,133,0.006053058724654348,0.006809568405151367,0.008132219314575195,0,0
task2-winner-evaluation-v1,main_validation,22,child_task1,11008,runs/task2winner_main_s22_child_t1_814173b,task2winner_main_s22_child_t1_814173b_s11008,runs/task2winner_replica_cv2_r7_s22_t2_v7_814173b/checkpoints/final.pt,74cf3fca33acb59f003949006c7401a5a9f58c1785dd8b294b548bd7bd307715,814173b618fb38990db7a5b7ee200369c8b25289,b3dafd35f05214bac1058d7e16407e8cb113322a10c590efb748a51eb6e9364e,completed,coin-heaven,coin_navigation_evaluate,137,50,50,0,0,0,0,1,0,0,0,0,137,0.005735989034610943,0.006726121902465821,0.00751948356628418,0,0
task2-winner-evaluation-v1,main_validation,22,child_task1,11009,runs/task2winner_main_s22_child_t1_814173b,task2winner_main_s22_child_t1_814173b_s11009,runs/task2winner_replica_cv2_r7_s22_t2_v7_814173b/checkpoints/final.pt,74cf3fca33acb59f003949006c7401a5a9f58c1785dd8b294b548bd7bd307715,814173b618fb38990db7a5b7ee200369c8b25289,b3dafd35f05214bac1058d7e16407e8cb113322a10c590efb748a51eb6e9364e,completed,coin-heaven,coin_navigation_evaluate,120,50,50,0,0,0,0,1,0,0,0,0,120,0.005944780508677165,0.006586885452270508,0.007641315460205078,0,0
task2-winner-evaluation-v1,main_validation,22,child_task1,11010,runs/task2winner_main_s22_child_t1_814173b,task2winner_main_s22_child_t1_814173b_s11010,runs/task2winner_replica_cv2_r7_s22_t2_v7_814173b/checkpoints/final.pt,74cf3fca33acb59f003949006c7401a5a9f58c1785dd8b294b548bd7bd307715,814173b618fb38990db7a5b7ee200369c8b25289,b3dafd35f05214bac1058d7e16407e8cb113322a10c590efb748a51eb6e9364e,completed,coin-heaven,coin_navigation_evaluate,134,50,50,0,0,0,0,1,0,0,0,0,134,0.005879715307434993,0.00663696527481079,0.007088422775268555,0,0
task2-winner-evaluation-v1,main_validation,22,child_task1,11011,runs/task2winner_main_s22_child_t1_814173b,task2winner_main_s22_child_t1_814173b_s11011,runs/task2winner_replica_cv2_r7_s22_t2_v7_814173b/checkpoints/final.pt,74cf3fca33acb59f003949006c7401a5a9f58c1785dd8b294b548bd7bd307715,814173b618fb38990db7a5b7ee200369c8b25289,b3dafd35f05214bac1058d7e16407e8cb113322a10c590efb748a51eb6e9364e,completed,coin-heaven,coin_navigation_evaluate,129,50,50,0,0,0,0,1,0,0,0,0,129,0.005923773891241975,0.006725502014160155,0.00744318962097168,0,0
task2-winner-evaluation-v1,main_validation,22,child_task1,11012,runs/task2winner_main_s22_child_t1_814173b,task2winner_main_s22_child_t1_814173b_s11012,runs/task2winner_replica_cv2_r7_s22_t2_v7_814173b/checkpoints/final.pt,74cf3fca33acb59f003949006c7401a5a9f58c1785dd8b294b548bd7bd307715,814173b618fb38990db7a5b7ee200369c8b25289,b3dafd35f05214bac1058d7e16407e8cb113322a10c590efb748a51eb6e9364e,completed,coin-heaven,coin_navigation_evaluate,131,50,50,0,0,0,0,1,0,0,0,0,131,0.005884066792844816,0.006675124168395996,0.007208108901977539,0,0
task2-winner-evaluation-v1,main_validation,22,child_task1,11013,runs/task2winner_main_s22_child_t1_814173b,task2winner_main_s22_child_t1_814173b_s11013,runs/task2winner_replica_cv2_r7_s22_t2_v7_814173b/checkpoints/final.pt,74cf3fca33acb59f003949006c7401a5a9f58c1785dd8b294b548bd7bd307715,814173b618fb38990db7a5b7ee200369c8b25289,b3dafd35f05214bac1058d7e16407e8cb113322a10c590efb748a51eb6e9364e,completed,coin-heaven,coin_navigation_evaluate,143,50,50,0,0,0,0,1,0,0,0,0,143,0.0058898742382343,0.006708693504333496,0.0071108341217041016,0,0
task2-winner-evaluation-v1,main_validation,22,child_task1,11014,runs/task2winner_main_s22_child_t1_814173b,task2winner_main_s22_child_t1_814173b_s11014,runs/task2winner_replica_cv2_r7_s22_t2_v7_814173b/checkpoints/final.pt,74cf3fca33acb59f003949006c7401a5a9f58c1785dd8b294b548bd7bd307715,814173b618fb38990db7a5b7ee200369c8b25289,b3dafd35f05214bac1058d7e16407e8cb113322a10c590efb748a51eb6e9364e,completed,coin-heaven,coin_navigation_evaluate,115,50,50,0,0,0,0,1,0,0,0,0,115,0.005955662934676461,0.0066838979721069326,0.007081747055053711,0,0
task2-winner-evaluation-v1,main_validation,22,child_task1,11015,runs/task2winner_main_s22_child_t1_814173b,task2winner_main_s22_child_t1_814173b_s11015,runs/task2winner_replica_cv2_r7_s22_t2_v7_814173b/checkpoints/final.pt,74cf3fca33acb59f003949006c7401a5a9f58c1785dd8b294b548bd7bd307715,814173b618fb38990db7a5b7ee200369c8b25289,b3dafd35f05214bac1058d7e16407e8cb113322a10c590efb748a51eb6e9364e,completed,coin-heaven,coin_navigation_evaluate,134,50,50,0,0,0,0,1,0,0,0,0,134,0.006058691152885778,0.006727099418640137,0.0069713592529296875,0,0
task2-winner-evaluation-v1,main_validation,22,child_task1,11016,runs/task2winner_main_s22_child_t1_814173b,task2winner_main_s22_child_t1_814173b_s11016,runs/task2winner_replica_cv2_r7_s22_t2_v7_814173b/checkpoints/final.pt,74cf3fca33acb59f003949006c7401a5a9f58c1785dd8b294b548bd7bd307715,814173b618fb38990db7a5b7ee200369c8b25289,b3dafd35f05214bac1058d7e16407e8cb113322a10c590efb748a51eb6e9364e,completed,coin-heaven,coin_navigation_evaluate,131,50,50,0,0,0,0,1,0,0,0,0,131,0.0059753993085322485,0.006727099418640137,0.00917816162109375,0,0
task2-winner-evaluation-v1,main_validation,22,child_task1,11017,runs/task2winner_main_s22_child_t1_814173b,task2winner_main_s22_child_t1_814173b_s11017,runs/task2winner_replica_cv2_r7_s22_t2_v7_814173b/checkpoints/final.pt,74cf3fca33acb59f003949006c7401a5a9f58c1785dd8b294b548bd7bd307715,814173b618fb38990db7a5b7ee200369c8b25289,b3dafd35f05214bac1058d7e16407e8cb113322a10c590efb748a51eb6e9364e,completed,coin-heaven,coin_navigation_evaluate,123,50,50,0,0,0,0,1,0,0,0,0,123,0.006056929022316041,0.006793332099914551,0.007958173751831055,0,0
task2-winner-evaluation-v1,main_validation,22,child_task1,11018,runs/task2winner_main_s22_child_t1_814173b,task2winner_main_s22_child_t1_814173b_s11018,runs/task2winner_replica_cv2_r7_s22_t2_v7_814173b/checkpoints/final.pt,74cf3fca33acb59f003949006c7401a5a9f58c1785dd8b294b548bd7bd307715,814173b618fb38990db7a5b7ee200369c8b25289,b3dafd35f05214bac1058d7e16407e8cb113322a10c590efb748a51eb6e9364e,completed,coin-heaven,coin_navigation_evaluate,155,50,50,0,0,0,0,1,0,0,0,0,155,0.005924403282903856,0.006708836555480956,0.007225751876831055,0,0
task2-winner-evaluation-v1,main_validation,22,child_task1,11019,runs/task2winner_main_s22_child_t1_814173b,task2winner_main_s22_child_t1_814173b_s11019,runs/task2winner_replica_cv2_r7_s22_t2_v7_814173b/checkpoints/final.pt,74cf3fca33acb59f003949006c7401a5a9f58c1785dd8b294b548bd7bd307715,814173b618fb38990db7a5b7ee200369c8b25289,b3dafd35f05214bac1058d7e16407e8cb113322a10c590efb748a51eb6e9364e,completed,coin-heaven,coin_navigation_evaluate,129,50,50,0,0,0,0,1,0,0,0,0,129,0.005955627722333568,0.006596946716308594,0.007212400436401367,0,0
task2-winner-evaluation-v1,main_validation,22,child_task1,11020,runs/task2winner_main_s22_child_t1_814173b,task2winner_main_s22_child_t1_814173b_s11020,runs/task2winner_replica_cv2_r7_s22_t2_v7_814173b/checkpoints/final.pt,74cf3fca33acb59f003949006c7401a5a9f58c1785dd8b294b548bd7bd307715,814173b618fb38990db7a5b7ee200369c8b25289,b3dafd35f05214bac1058d7e16407e8cb113322a10c590efb748a51eb6e9364e,completed,coin-heaven,coin_navigation_evaluate,131,50,50,0,0,0,0,1,0,0,0,0,131,0.005962036948167641,0.006714582443237305,0.007214069366455078,0,0
task2-winner-evaluation-v1,main_validation,22,child_task1,11021,runs/task2winner_main_s22_child_t1_814173b,task2winner_main_s22_child_t1_814173b_s11021,runs/task2winner_replica_cv2_r7_s22_t2_v7_814173b/checkpoints/final.pt,74cf3fca33acb59f003949006c7401a5a9f58c1785dd8b294b548bd7bd307715,814173b618fb38990db7a5b7ee200369c8b25289,b3dafd35f05214bac1058d7e16407e8cb113322a10c590efb748a51eb6e9364e,completed,coin-heaven,coin_navigation_evaluate,131,50,50,0,0,0,0,1,0,0,0,0,131,0.005802150901037318,0.006643891334533691,0.0071868896484375,0,0
task2-winner-evaluation-v1,main_validation,22,child_task1,11022,runs/task2winner_main_s22_child_t1_814173b,task2winner_main_s22_child_t1_814173b_s11022,runs/task2winner_replica_cv2_r7_s22_t2_v7_814173b/checkpoints/final.pt,74cf3fca33acb59f003949006c7401a5a9f58c1785dd8b294b548bd7bd307715,814173b618fb38990db7a5b7ee200369c8b25289,b3dafd35f05214bac1058d7e16407e8cb113322a10c590efb748a51eb6e9364e,completed,coin-heaven,coin_navigation_evaluate,113,50,50,0,0,0,0,1,0,0,0,0,113,0.005848764318280515,0.0066804885864257795,0.007195711135864258,0,0
task2-winner-evaluation-v1,main_validation,22,child_task1,11023,runs/task2winner_main_s22_child_t1_814173b,task2winner_main_s22_child_t1_814173b_s11023,runs/task2winner_replica_cv2_r7_s22_t2_v7_814173b/checkpoints/final.pt,74cf3fca33acb59f003949006c7401a5a9f58c1785dd8b294b548bd7bd307715,814173b618fb38990db7a5b7ee200369c8b25289,b3dafd35f05214bac1058d7e16407e8cb113322a10c590efb748a51eb6e9364e,completed,coin-heaven,coin_navigation_evaluate,108,50,50,0,0,0,0,1,0,0,0,0,108,0.005854891406165229,0.0066037893295288076,0.006730794906616211,0,0
task2-winner-evaluation-v1,main_validation,22,child_task1,11024,runs/task2winner_main_s22_child_t1_814173b,task2winner_main_s22_child_t1_814173b_s11024,runs/task2winner_replica_cv2_r7_s22_t2_v7_814173b/checkpoints/final.pt,74cf3fca33acb59f003949006c7401a5a9f58c1785dd8b294b548bd7bd307715,814173b618fb38990db7a5b7ee200369c8b25289,b3dafd35f05214bac1058d7e16407e8cb113322a10c590efb748a51eb6e9364e,completed,coin-heaven,coin_navigation_evaluate,125,50,50,0,0,0,0,1,0,0,0,0,125,0.005971702575683593,0.006727933883666992,0.008139371871948242,0,0
task2-winner-evaluation-v1,main_validation,22,child_task1,11025,runs/task2winner_main_s22_child_t1_814173b,task2winner_main_s22_child_t1_814173b_s11025,runs/task2winner_replica_cv2_r7_s22_t2_v7_814173b/checkpoints/final.pt,74cf3fca33acb59f003949006c7401a5a9f58c1785dd8b294b548bd7bd307715,814173b618fb38990db7a5b7ee200369c8b25289,b3dafd35f05214bac1058d7e16407e8cb113322a10c590efb748a51eb6e9364e,completed,coin-heaven,coin_navigation_evaluate,136,50,50,0,0,0,0,1,0,0,0,0,136,0.005756691974752089,0.006637215614318848,0.006950855255126953,0,0
task2-winner-evaluation-v1,main_validation,22,child_task1,11026,runs/task2winner_main_s22_child_t1_814173b,task2winner_main_s22_child_t1_814173b_s11026,runs/task2winner_replica_cv2_r7_s22_t2_v7_814173b/checkpoints/final.pt,74cf3fca33acb59f003949006c7401a5a9f58c1785dd8b294b548bd7bd307715,814173b618fb38990db7a5b7ee200369c8b25289,b3dafd35f05214bac1058d7e16407e8cb113322a10c590efb748a51eb6e9364e,completed,coin-heaven,coin_navigation_evaluate,125,50,50,0,0,0,0,1,0,0,0,0,125,0.005905607223510742,0.00687260627746582,0.007374286651611328,0,0
task2-winner-evaluation-v1,main_validation,22,child_task1,11027,runs/task2winner_main_s22_child_t1_814173b,task2winner_main_s22_child_t1_814173b_s11027,runs/task2winner_replica_cv2_r7_s22_t2_v7_814173b/checkpoints/final.pt,74cf3fca33acb59f003949006c7401a5a9f58c1785dd8b294b548bd7bd307715,814173b618fb38990db7a5b7ee200369c8b25289,b3dafd35f05214bac1058d7e16407e8cb113322a10c590efb748a51eb6e9364e,completed,coin-heaven,coin_navigation_evaluate,123,50,50,0,0,0,0,1,0,0,0,0,123,0.005942352418977071,0.006666207313537597,0.006967306137084961,0,0
task2-winner-evaluation-v1,main_validation,22,child_task1,11028,runs/task2winner_main_s22_child_t1_814173b,task2winner_main_s22_child_t1_814173b_s11028,runs/task2winner_replica_cv2_r7_s22_t2_v7_814173b/checkpoints/final.pt,74cf3fca33acb59f003949006c7401a5a9f58c1785dd8b294b548bd7bd307715,814173b618fb38990db7a5b7ee200369c8b25289,b3dafd35f05214bac1058d7e16407e8cb113322a10c590efb748a51eb6e9364e,completed,coin-heaven,coin_navigation_evaluate,115,50,50,0,0,0,0,1,0,0,0,0,115,0.005928783831389054,0.006648612022399903,0.007717609405517578,0,0
task2-winner-evaluation-v1,main_validation,22,child_task1,11029,runs/task2winner_main_s22_child_t1_814173b,task2winner_main_s22_child_t1_814173b_s11029,runs/task2winner_replica_cv2_r7_s22_t2_v7_814173b/checkpoints/final.pt,74cf3fca33acb59f003949006c7401a5a9f58c1785dd8b294b548bd7bd307715,814173b618fb38990db7a5b7ee200369c8b25289,b3dafd35f05214bac1058d7e16407e8cb113322a10c590efb748a51eb6e9364e,completed,coin-heaven,coin_navigation_evaluate,133,50,50,0,0,0,0,1,0,0,0,0,133,0.005799133974806706,0.006684637069702149,0.00692296028137207,0,0
task2-winner-evaluation-v1,main_validation,22,child_task1,11030,runs/task2winner_main_s22_child_t1_814173b,task2winner_main_s22_child_t1_814173b_s11030,runs/task2winner_replica_cv2_r7_s22_t2_v7_814173b/checkpoints/final.pt,74cf3fca33acb59f003949006c7401a5a9f58c1785dd8b294b548bd7bd307715,814173b618fb38990db7a5b7ee200369c8b25289,b3dafd35f05214bac1058d7e16407e8cb113322a10c590efb748a51eb6e9364e,completed,coin-heaven,coin_navigation_evaluate,135,50,50,0,0,0,0,1,0,0,0,0,135,0.006049262152777778,0.006710529327392578,0.00911259651184082,0,0
task2-winner-evaluation-v1,main_validation,22,child_task1,11031,runs/task2winner_main_s22_child_t1_814173b,task2winner_main_s22_child_t1_814173b_s11031,runs/task2winner_replica_cv2_r7_s22_t2_v7_814173b/checkpoints/final.pt,74cf3fca33acb59f003949006c7401a5a9f58c1785dd8b294b548bd7bd307715,814173b618fb38990db7a5b7ee200369c8b25289,b3dafd35f05214bac1058d7e16407e8cb113322a10c590efb748a51eb6e9364e,completed,coin-heaven,coin_navigation_evaluate,124,50,50,0,0,0,0,1,0,0,0,0,124,0.006105207627819431,0.006897354125976562,0.008000612258911133,0,0
task2-winner-evaluation-v1,main_validation,22,child_task1,11032,runs/task2winner_main_s22_child_t1_814173b,task2winner_main_s22_child_t1_814173b_s11032,runs/task2winner_replica_cv2_r7_s22_t2_v7_814173b/checkpoints/final.pt,74cf3fca33acb59f003949006c7401a5a9f58c1785dd8b294b548bd7bd307715,814173b618fb38990db7a5b7ee200369c8b25289,b3dafd35f05214bac1058d7e16407e8cb113322a10c590efb748a51eb6e9364e,completed,coin-heaven,coin_navigation_evaluate,127,50,50,0,0,0,0,1,0,0,0,0,127,0.006008020536167415,0.007032012939453124,0.007844209671020508,0,0
task2-winner-evaluation-v1,main_validation,22,child_task1,11033,runs/task2winner_main_s22_child_t1_814173b,task2winner_main_s22_child_t1_814173b_s11033,runs/task2winner_replica_cv2_r7_s22_t2_v7_814173b/checkpoints/final.pt,74cf3fca33acb59f003949006c7401a5a9f58c1785dd8b294b548bd7bd307715,814173b618fb38990db7a5b7ee200369c8b25289,b3dafd35f05214bac1058d7e16407e8cb113322a10c590efb748a51eb6e9364e,completed,coin-heaven,coin_navigation_evaluate,132,50,50,0,0,0,0,1,0,0,0,0,132,0.00583158659212517,0.006814348697662353,0.007972955703735352,0,0
task2-winner-evaluation-v1,main_validation,22,child_task1,11034,runs/task2winner_main_s22_child_t1_814173b,task2winner_main_s22_child_t1_814173b_s11034,runs/task2winner_replica_cv2_r7_s22_t2_v7_814173b/checkpoints/final.pt,74cf3fca33acb59f003949006c7401a5a9f58c1785dd8b294b548bd7bd307715,814173b618fb38990db7a5b7ee200369c8b25289,b3dafd35f05214bac1058d7e16407e8cb113322a10c590efb748a51eb6e9364e,completed,coin-heaven,coin_navigation_evaluate,123,50,50,0,0,0,0,1,0,0,0,0,123,0.005879396345557236,0.0071054697036743155,0.008439064025878906,0,0
task2-winner-evaluation-v1,main_validation,22,child_task1,11035,runs/task2winner_main_s22_child_t1_814173b,task2winner_main_s22_child_t1_814173b_s11035,runs/task2winner_replica_cv2_r7_s22_t2_v7_814173b/checkpoints/final.pt,74cf3fca33acb59f003949006c7401a5a9f58c1785dd8b294b548bd7bd307715,814173b618fb38990db7a5b7ee200369c8b25289,b3dafd35f05214bac1058d7e16407e8cb113322a10c590efb748a51eb6e9364e,completed,coin-heaven,coin_navigation_evaluate,146,50,50,0,0,0,0,1,0,0,0,0,146,0.005944011962577088,0.006893157958984375,0.007685422897338867,0,0
task2-winner-evaluation-v1,main_validation,22,child_task1,11036,runs/task2winner_main_s22_child_t1_814173b,task2winner_main_s22_child_t1_814173b_s11036,runs/task2winner_replica_cv2_r7_s22_t2_v7_814173b/checkpoints/final.pt,74cf3fca33acb59f003949006c7401a5a9f58c1785dd8b294b548bd7bd307715,814173b618fb38990db7a5b7ee200369c8b25289,b3dafd35f05214bac1058d7e16407e8cb113322a10c590efb748a51eb6e9364e,completed,coin-heaven,coin_navigation_evaluate,132,50,50,0,0,0,0,1,0,0,0,0,132,0.005917050621726296,0.006586134433746338,0.0067751407623291016,0,0
task2-winner-evaluation-v1,main_validation,22,child_task1,11037,runs/task2winner_main_s22_child_t1_814173b,task2winner_main_s22_child_t1_814173b_s11037,runs/task2winner_replica_cv2_r7_s22_t2_v7_814173b/checkpoints/final.pt,74cf3fca33acb59f003949006c7401a5a9f58c1785dd8b294b548bd7bd307715,814173b618fb38990db7a5b7ee200369c8b25289,b3dafd35f05214bac1058d7e16407e8cb113322a10c590efb748a51eb6e9364e,completed,coin-heaven,coin_navigation_evaluate,131,50,50,0,0,0,0,1,0,0,0,0,131,0.00589550542467423,0.006579756736755371,0.006678581237792969,0,0
task2-winner-evaluation-v1,main_validation,22,child_task1,11038,runs/task2winner_main_s22_child_t1_814173b,task2winner_main_s22_child_t1_814173b_s11038,runs/task2winner_replica_cv2_r7_s22_t2_v7_814173b/checkpoints/final.pt,74cf3fca33acb59f003949006c7401a5a9f58c1785dd8b294b548bd7bd307715,814173b618fb38990db7a5b7ee200369c8b25289,b3dafd35f05214bac1058d7e16407e8cb113322a10c590efb748a51eb6e9364e,completed,coin-heaven,coin_navigation_evaluate,119,50,50,0,0,0,0,1,0,0,0,0,119,0.005771400547828995,0.006697702407836913,0.008341550827026367,0,0
task2-winner-evaluation-v1,main_validation,22,child_task1,11039,runs/task2winner_main_s22_child_t1_814173b,task2winner_main_s22_child_t1_814173b_s11039,runs/task2winner_replica_cv2_r7_s22_t2_v7_814173b/checkpoints/final.pt,74cf3fca33acb59f003949006c7401a5a9f58c1785dd8b294b548bd7bd307715,814173b618fb38990db7a5b7ee200369c8b25289,b3dafd35f05214bac1058d7e16407e8cb113322a10c590efb748a51eb6e9364e,completed,coin-heaven,coin_navigation_evaluate,141,50,50,0,0,0,0,1,0,0,0,0,141,0.00596185102530405,0.0067255496978759766,0.007542133331298828,0,0
task2-winner-evaluation-v1,main_validation,22,child_task1,11040,runs/task2winner_main_s22_child_t1_814173b,task2winner_main_s22_child_t1_814173b_s11040,runs/task2winner_replica_cv2_r7_s22_t2_v7_814173b/checkpoints/final.pt,74cf3fca33acb59f003949006c7401a5a9f58c1785dd8b294b548bd7bd307715,814173b618fb38990db7a5b7ee200369c8b25289,b3dafd35f05214bac1058d7e16407e8cb113322a10c590efb748a51eb6e9364e,completed,coin-heaven,coin_navigation_evaluate,139,50,50,0,0,0,0,1,0,0,0,0,139,0.005834816171110963,0.006643772125244141,0.007138252258300781,0,0
task2-winner-evaluation-v1,main_validation,22,child_task1,11041,runs/task2winner_main_s22_child_t1_814173b,task2winner_main_s22_child_t1_814173b_s11041,runs/task2winner_replica_cv2_r7_s22_t2_v7_814173b/checkpoints/final.pt,74cf3fca33acb59f003949006c7401a5a9f58c1785dd8b294b548bd7bd307715,814173b618fb38990db7a5b7ee200369c8b25289,b3dafd35f05214bac1058d7e16407e8cb113322a10c590efb748a51eb6e9364e,completed,coin-heaven,coin_navigation_evaluate,124,50,50,0,0,0,0,1,0,0,0,0,124,0.005959043579716836,0.007019555568695067,0.008584022521972656,0,0
task2-winner-evaluation-v1,main_validation,22,child_task1,11042,runs/task2winner_main_s22_child_t1_814173b,task2winner_main_s22_child_t1_814173b_s11042,runs/task2winner_replica_cv2_r7_s22_t2_v7_814173b/checkpoints/final.pt,74cf3fca33acb59f003949006c7401a5a9f58c1785dd8b294b548bd7bd307715,814173b618fb38990db7a5b7ee200369c8b25289,b3dafd35f05214bac1058d7e16407e8cb113322a10c590efb748a51eb6e9364e,completed,coin-heaven,coin_navigation_evaluate,130,50,50,0,0,0,0,1,0,0,0,0,130,0.005927777290344239,0.006626713275909423,0.006867408752441406,0,0
task2-winner-evaluation-v1,main_validation,22,child_task1,11043,runs/task2winner_main_s22_child_t1_814173b,task2winner_main_s22_child_t1_814173b_s11043,runs/task2winner_replica_cv2_r7_s22_t2_v7_814173b/checkpoints/final.pt,74cf3fca33acb59f003949006c7401a5a9f58c1785dd8b294b548bd7bd307715,814173b618fb38990db7a5b7ee200369c8b25289,b3dafd35f05214bac1058d7e16407e8cb113322a10c590efb748a51eb6e9364e,completed,coin-heaven,coin_navigation_evaluate,137,50,50,0,0,0,0,1,0,0,0,0,137,0.005962580659963789,0.0067498207092285155,0.007338762283325195,0,0
task2-winner-evaluation-v1,main_validation,22,child_task1,11044,runs/task2winner_main_s22_child_t1_814173b,task2winner_main_s22_child_t1_814173b_s11044,runs/task2winner_replica_cv2_r7_s22_t2_v7_814173b/checkpoints/final.pt,74cf3fca33acb59f003949006c7401a5a9f58c1785dd8b294b548bd7bd307715,814173b618fb38990db7a5b7ee200369c8b25289,b3dafd35f05214bac1058d7e16407e8cb113322a10c590efb748a51eb6e9364e,completed,coin-heaven,coin_navigation_evaluate,143,50,50,0,0,0,0,1,0,0,0,0,143,0.0059525032977124194,0.006633186340332031,0.007444858551025391,0,0
task2-winner-evaluation-v1,main_validation,22,child_task1,11045,runs/task2winner_main_s22_child_t1_814173b,task2winner_main_s22_child_t1_814173b_s11045,runs/task2winner_replica_cv2_r7_s22_t2_v7_814173b/checkpoints/final.pt,74cf3fca33acb59f003949006c7401a5a9f58c1785dd8b294b548bd7bd307715,814173b618fb38990db7a5b7ee200369c8b25289,b3dafd35f05214bac1058d7e16407e8cb113322a10c590efb748a51eb6e9364e,completed,coin-heaven,coin_navigation_evaluate,119,50,50,0,0,0,0,1,0,0,0,0,119,0.005889401716344497,0.006760120391845703,0.007052183151245117,0,0
task2-winner-evaluation-v1,main_validation,22,child_task1,11046,runs/task2winner_main_s22_child_t1_814173b,task2winner_main_s22_child_t1_814173b_s11046,runs/task2winner_replica_cv2_r7_s22_t2_v7_814173b/checkpoints/final.pt,74cf3fca33acb59f003949006c7401a5a9f58c1785dd8b294b548bd7bd307715,814173b618fb38990db7a5b7ee200369c8b25289,b3dafd35f05214bac1058d7e16407e8cb113322a10c590efb748a51eb6e9364e,completed,coin-heaven,coin_navigation_evaluate,117,50,50,0,0,0,0,1,0,0,0,0,117,0.005997368413158971,0.0066449642181396484,0.00755000114440918,0,0
task2-winner-evaluation-v1,main_validation,22,child_task1,11047,runs/task2winner_main_s22_child_t1_814173b,task2winner_main_s22_child_t1_814173b_s11047,runs/task2winner_replica_cv2_r7_s22_t2_v7_814173b/checkpoints/final.pt,74cf3fca33acb59f003949006c7401a5a9f58c1785dd8b294b548bd7bd307715,814173b618fb38990db7a5b7ee200369c8b25289,b3dafd35f05214bac1058d7e16407e8cb113322a10c590efb748a51eb6e9364e,completed,coin-heaven,coin_navigation_evaluate,134,50,50,0,0,0,0,1,0,0,0,0,134,0.0057941034658631286,0.006655561923980712,0.006823062896728516,0,0
task2-winner-evaluation-v1,main_validation,22,child_task1,11048,runs/task2winner_main_s22_child_t1_814173b,task2winner_main_s22_child_t1_814173b_s11048,runs/task2winner_replica_cv2_r7_s22_t2_v7_814173b/checkpoints/final.pt,74cf3fca33acb59f003949006c7401a5a9f58c1785dd8b294b548bd7bd307715,814173b618fb38990db7a5b7ee200369c8b25289,b3dafd35f05214bac1058d7e16407e8cb113322a10c590efb748a51eb6e9364e,completed,coin-heaven,coin_navigation_evaluate,117,50,50,0,0,0,0,1,0,0,0,0,117,0.005757011918940096,0.006549692153930664,0.006798982620239258,0,0
task2-winner-evaluation-v1,main_validation,22,child_task1,11049,runs/task2winner_main_s22_child_t1_814173b,task2winner_main_s22_child_t1_814173b_s11049,runs/task2winner_replica_cv2_r7_s22_t2_v7_814173b/checkpoints/final.pt,74cf3fca33acb59f003949006c7401a5a9f58c1785dd8b294b548bd7bd307715,814173b618fb38990db7a5b7ee200369c8b25289,b3dafd35f05214bac1058d7e16407e8cb113322a10c590efb748a51eb6e9364e,completed,coin-heaven,coin_navigation_evaluate,126,50,50,0,0,0,0,1,0,0,0,0,126,0.005911248070853097,0.006660282611846924,0.006935596466064453,0,0
task2-winner-evaluation-v1,main_validation,22,child_task1,11050,runs/task2winner_main_s22_child_t1_814173b,task2winner_main_s22_child_t1_814173b_s11050,runs/task2winner_replica_cv2_r7_s22_t2_v7_814173b/checkpoints/final.pt,74cf3fca33acb59f003949006c7401a5a9f58c1785dd8b294b548bd7bd307715,814173b618fb38990db7a5b7ee200369c8b25289,b3dafd35f05214bac1058d7e16407e8cb113322a10c590efb748a51eb6e9364e,completed,coin-heaven,coin_navigation_evaluate,122,50,50,0,0,0,0,1,0,0,0,0,122,0.005933634570387543,0.006833493709564207,0.007749795913696289,0,0
task2-winner-evaluation-v1,main_validation,22,child_task1,11051,runs/task2winner_main_s22_child_t1_814173b,task2winner_main_s22_child_t1_814173b_s11051,runs/task2winner_replica_cv2_r7_s22_t2_v7_814173b/checkpoints/final.pt,74cf3fca33acb59f003949006c7401a5a9f58c1785dd8b294b548bd7bd307715,814173b618fb38990db7a5b7ee200369c8b25289,b3dafd35f05214bac1058d7e16407e8cb113322a10c590efb748a51eb6e9364e,completed,coin-heaven,coin_navigation_evaluate,137,50,50,0,0,0,0,1,0,0,0,0,137,0.005967235913241867,0.006709909439086914,0.007127523422241211,0,0
task2-winner-evaluation-v1,main_validation,22,child_task1,11052,runs/task2winner_main_s22_child_t1_814173b,task2winner_main_s22_child_t1_814173b_s11052,runs/task2winner_replica_cv2_r7_s22_t2_v7_814173b/checkpoints/final.pt,74cf3fca33acb59f003949006c7401a5a9f58c1785dd8b294b548bd7bd307715,814173b618fb38990db7a5b7ee200369c8b25289,b3dafd35f05214bac1058d7e16407e8cb113322a10c590efb748a51eb6e9364e,completed,coin-heaven,coin_navigation_evaluate,141,50,50,0,0,0,0,1,0,0,0,0,141,0.005944953742602193,0.006643056869506836,0.006916999816894531,0,0
task2-winner-evaluation-v1,main_validation,22,child_task1,11053,runs/task2winner_main_s22_child_t1_814173b,task2winner_main_s22_child_t1_814173b_s11053,runs/task2winner_replica_cv2_r7_s22_t2_v7_814173b/checkpoints/final.pt,74cf3fca33acb59f003949006c7401a5a9f58c1785dd8b294b548bd7bd307715,814173b618fb38990db7a5b7ee200369c8b25289,b3dafd35f05214bac1058d7e16407e8cb113322a10c590efb748a51eb6e9364e,completed,coin-heaven,coin_navigation_evaluate,127,50,50,0,0,0,0,1,0,0,0,0,127,0.005885781265619233,0.006725025177001952,0.007577419281005859,0,0
task2-winner-evaluation-v1,main_validation,22,child_task1,11054,runs/task2winner_main_s22_child_t1_814173b,task2winner_main_s22_child_t1_814173b_s11054,runs/task2winner_replica_cv2_r7_s22_t2_v7_814173b/checkpoints/final.pt,74cf3fca33acb59f003949006c7401a5a9f58c1785dd8b294b548bd7bd307715,814173b618fb38990db7a5b7ee200369c8b25289,b3dafd35f05214bac1058d7e16407e8cb113322a10c590efb748a51eb6e9364e,completed,coin-heaven,coin_navigation_evaluate,118,50,50,0,0,0,0,1,0,0,0,0,118,0.005845003208871615,0.006653487682342529,0.007047891616821289,0,0
task2-winner-evaluation-v1,main_validation,22,child_task1,11055,runs/task2winner_main_s22_child_t1_814173b,task2winner_main_s22_child_t1_814173b_s11055,runs/task2winner_replica_cv2_r7_s22_t2_v7_814173b/checkpoints/final.pt,74cf3fca33acb59f003949006c7401a5a9f58c1785dd8b294b548bd7bd307715,814173b618fb38990db7a5b7ee200369c8b25289,b3dafd35f05214bac1058d7e16407e8cb113322a10c590efb748a51eb6e9364e,completed,coin-heaven,coin_navigation_evaluate,129,50,50,0,0,0,0,1,0,0,0,0,129,0.0058948771898136585,0.006585407257080077,0.006783962249755859,0,0
task2-winner-evaluation-v1,main_validation,22,child_task1,11056,runs/task2winner_main_s22_child_t1_814173b,task2winner_main_s22_child_t1_814173b_s11056,runs/task2winner_replica_cv2_r7_s22_t2_v7_814173b/checkpoints/final.pt,74cf3fca33acb59f003949006c7401a5a9f58c1785dd8b294b548bd7bd307715,814173b618fb38990db7a5b7ee200369c8b25289,b3dafd35f05214bac1058d7e16407e8cb113322a10c590efb748a51eb6e9364e,completed,coin-heaven,coin_navigation_evaluate,118,50,50,0,0,0,0,1,0,0,0,0,118,0.0058073755037986625,0.006538558006286621,0.0066454410552978516,0,0
task2-winner-evaluation-v1,main_validation,22,child_task1,11057,runs/task2winner_main_s22_child_t1_814173b,task2winner_main_s22_child_t1_814173b_s11057,runs/task2winner_replica_cv2_r7_s22_t2_v7_814173b/checkpoints/final.pt,74cf3fca33acb59f003949006c7401a5a9f58c1785dd8b294b548bd7bd307715,814173b618fb38990db7a5b7ee200369c8b25289,b3dafd35f05214bac1058d7e16407e8cb113322a10c590efb748a51eb6e9364e,completed,coin-heaven,coin_navigation_evaluate,144,50,50,0,0,0,0,1,0,0,0,0,144,0.005930970112482707,0.006640481948852539,0.00761723518371582,0,0
task2-winner-evaluation-v1,main_validation,22,child_task1,11058,runs/task2winner_main_s22_child_t1_814173b,task2winner_main_s22_child_t1_814173b_s11058,runs/task2winner_replica_cv2_r7_s22_t2_v7_814173b/checkpoints/final.pt,74cf3fca33acb59f003949006c7401a5a9f58c1785dd8b294b548bd7bd307715,814173b618fb38990db7a5b7ee200369c8b25289,b3dafd35f05214bac1058d7e16407e8cb113322a10c590efb748a51eb6e9364e,completed,coin-heaven,coin_navigation_evaluate,121,50,50,0,0,0,0,1,0,0,0,0,121,0.006083449056325865,0.006831645965576172,0.007678508758544922,0,0
task2-winner-evaluation-v1,main_validation,22,child_task1,11059,runs/task2winner_main_s22_child_t1_814173b,task2winner_main_s22_child_t1_814173b_s11059,runs/task2winner_replica_cv2_r7_s22_t2_v7_814173b/checkpoints/final.pt,74cf3fca33acb59f003949006c7401a5a9f58c1785dd8b294b548bd7bd307715,814173b618fb38990db7a5b7ee200369c8b25289,b3dafd35f05214bac1058d7e16407e8cb113322a10c590efb748a51eb6e9364e,completed,coin-heaven,coin_navigation_evaluate,127,50,50,0,0,0,0,1,0,0,0,0,127,0.005945560500377745,0.006571936607360839,0.007113218307495117,0,0
task2-winner-evaluation-v1,main_validation,22,child_task1,11060,runs/task2winner_main_s22_child_t1_814173b,task2winner_main_s22_child_t1_814173b_s11060,runs/task2winner_replica_cv2_r7_s22_t2_v7_814173b/checkpoints/final.pt,74cf3fca33acb59f003949006c7401a5a9f58c1785dd8b294b548bd7bd307715,814173b618fb38990db7a5b7ee200369c8b25289,b3dafd35f05214bac1058d7e16407e8cb113322a10c590efb748a51eb6e9364e,completed,coin-heaven,coin_navigation_evaluate,125,50,50,0,0,0,0,1,0,0,0,0,125,0.005855480194091797,0.006816959381103516,0.00793313980102539,0,0
task2-winner-evaluation-v1,main_validation,22,child_task1,11061,runs/task2winner_main_s22_child_t1_814173b,task2winner_main_s22_child_t1_814173b_s11061,runs/task2winner_replica_cv2_r7_s22_t2_v7_814173b/checkpoints/final.pt,74cf3fca33acb59f003949006c7401a5a9f58c1785dd8b294b548bd7bd307715,814173b618fb38990db7a5b7ee200369c8b25289,b3dafd35f05214bac1058d7e16407e8cb113322a10c590efb748a51eb6e9364e,completed,coin-heaven,coin_navigation_evaluate,122,50,50,0,0,0,0,1,0,0,0,0,122,0.005921363830566406,0.006758224964141845,0.007010221481323242,0,0
task2-winner-evaluation-v1,main_validation,22,child_task1,11062,runs/task2winner_main_s22_child_t1_814173b,task2winner_main_s22_child_t1_814173b_s11062,runs/task2winner_replica_cv2_r7_s22_t2_v7_814173b/checkpoints/final.pt,74cf3fca33acb59f003949006c7401a5a9f58c1785dd8b294b548bd7bd307715,814173b618fb38990db7a5b7ee200369c8b25289,b3dafd35f05214bac1058d7e16407e8cb113322a10c590efb748a51eb6e9364e,completed,coin-heaven,coin_navigation_evaluate,146,50,50,0,0,0,0,1,0,0,0,0,146,0.005940184201279732,0.0067656636238098145,0.007997989654541016,0,0
task2-winner-evaluation-v1,main_validation,22,child_task1,11063,runs/task2winner_main_s22_child_t1_814173b,task2winner_main_s22_child_t1_814173b_s11063,runs/task2winner_replica_cv2_r7_s22_t2_v7_814173b/checkpoints/final.pt,74cf3fca33acb59f003949006c7401a5a9f58c1785dd8b294b548bd7bd307715,814173b618fb38990db7a5b7ee200369c8b25289,b3dafd35f05214bac1058d7e16407e8cb113322a10c590efb748a51eb6e9364e,completed,coin-heaven,coin_navigation_evaluate,131,50,50,0,0,0,0,1,0,0,0,0,131,0.005949577302423142,0.00683283805847168,0.00794839859008789,0,0
task2-winner-evaluation-v1,main_validation,22,child_task1,11064,runs/task2winner_main_s22_child_t1_814173b,task2winner_main_s22_child_t1_814173b_s11064,runs/task2winner_replica_cv2_r7_s22_t2_v7_814173b/checkpoints/final.pt,74cf3fca33acb59f003949006c7401a5a9f58c1785dd8b294b548bd7bd307715,814173b618fb38990db7a5b7ee200369c8b25289,b3dafd35f05214bac1058d7e16407e8cb113322a10c590efb748a51eb6e9364e,completed,coin-heaven,coin_navigation_evaluate,131,50,50,0,0,0,0,1,0,0,0,0,131,0.005885957761575247,0.006668210029602051,0.0074863433837890625,0,0
task2-winner-evaluation-v1,main_validation,22,child_task1,11065,runs/task2winner_main_s22_child_t1_814173b,task2winner_main_s22_child_t1_814173b_s11065,runs/task2winner_replica_cv2_r7_s22_t2_v7_814173b/checkpoints/final.pt,74cf3fca33acb59f003949006c7401a5a9f58c1785dd8b294b548bd7bd307715,814173b618fb38990db7a5b7ee200369c8b25289,b3dafd35f05214bac1058d7e16407e8cb113322a10c590efb748a51eb6e9364e,completed,coin-heaven,coin_navigation_evaluate,139,50,50,0,0,0,0,1,0,0,0,0,139,0.006003589081249649,0.006682419776916504,0.007973909378051758,0,0
task2-winner-evaluation-v1,main_validation,22,child_task1,11066,runs/task2winner_main_s22_child_t1_814173b,task2winner_main_s22_child_t1_814173b_s11066,runs/task2winner_replica_cv2_r7_s22_t2_v7_814173b/checkpoints/final.pt,74cf3fca33acb59f003949006c7401a5a9f58c1785dd8b294b548bd7bd307715,814173b618fb38990db7a5b7ee200369c8b25289,b3dafd35f05214bac1058d7e16407e8cb113322a10c590efb748a51eb6e9364e,completed,coin-heaven,coin_navigation_evaluate,125,50,50,0,0,0,0,1,0,0,0,0,125,0.006010400772094727,0.007042551040649414,0.007887840270996094,0,0
task2-winner-evaluation-v1,main_validation,22,child_task1,11067,runs/task2winner_main_s22_child_t1_814173b,task2winner_main_s22_child_t1_814173b_s11067,runs/task2winner_replica_cv2_r7_s22_t2_v7_814173b/checkpoints/final.pt,74cf3fca33acb59f003949006c7401a5a9f58c1785dd8b294b548bd7bd307715,814173b618fb38990db7a5b7ee200369c8b25289,b3dafd35f05214bac1058d7e16407e8cb113322a10c590efb748a51eb6e9364e,completed,coin-heaven,coin_navigation_evaluate,126,50,50,0,0,0,0,1,0,0,0,0,126,0.005898873011271159,0.006647586822509766,0.006941795349121094,0,0
task2-winner-evaluation-v1,main_validation,22,child_task1,11068,runs/task2winner_main_s22_child_t1_814173b,task2winner_main_s22_child_t1_814173b_s11068,runs/task2winner_replica_cv2_r7_s22_t2_v7_814173b/checkpoints/final.pt,74cf3fca33acb59f003949006c7401a5a9f58c1785dd8b294b548bd7bd307715,814173b618fb38990db7a5b7ee200369c8b25289,b3dafd35f05214bac1058d7e16407e8cb113322a10c590efb748a51eb6e9364e,completed,coin-heaven,coin_navigation_evaluate,139,50,50,0,0,0,0,1,0,0,0,0,139,0.00591491452223963,0.006604719161987305,0.007821083068847656,0,0
task2-winner-evaluation-v1,main_validation,22,child_task1,11069,runs/task2winner_main_s22_child_t1_814173b,task2winner_main_s22_child_t1_814173b_s11069,runs/task2winner_replica_cv2_r7_s22_t2_v7_814173b/checkpoints/final.pt,74cf3fca33acb59f003949006c7401a5a9f58c1785dd8b294b548bd7bd307715,814173b618fb38990db7a5b7ee200369c8b25289,b3dafd35f05214bac1058d7e16407e8cb113322a10c590efb748a51eb6e9364e,completed,coin-heaven,coin_navigation_evaluate,143,50,50,0,0,0,0,1,0,0,0,0,143,0.00572833314642206,0.006566190719604492,0.007386922836303711,0,0
task2-winner-evaluation-v1,main_validation,22,child_task1,11070,runs/task2winner_main_s22_child_t1_814173b,task2winner_main_s22_child_t1_814173b_s11070,runs/task2winner_replica_cv2_r7_s22_t2_v7_814173b/checkpoints/final.pt,74cf3fca33acb59f003949006c7401a5a9f58c1785dd8b294b548bd7bd307715,814173b618fb38990db7a5b7ee200369c8b25289,b3dafd35f05214bac1058d7e16407e8cb113322a10c590efb748a51eb6e9364e,completed,coin-heaven,coin_navigation_evaluate,128,50,50,0,0,0,0,1,0,0,0,0,128,0.005960388109087944,0.0066190361976623535,0.0073587894439697266,0,0
task2-winner-evaluation-v1,main_validation,22,child_task1,11071,runs/task2winner_main_s22_child_t1_814173b,task2winner_main_s22_child_t1_814173b_s11071,runs/task2winner_replica_cv2_r7_s22_t2_v7_814173b/checkpoints/final.pt,74cf3fca33acb59f003949006c7401a5a9f58c1785dd8b294b548bd7bd307715,814173b618fb38990db7a5b7ee200369c8b25289,b3dafd35f05214bac1058d7e16407e8cb113322a10c590efb748a51eb6e9364e,completed,coin-heaven,coin_navigation_evaluate,123,50,50,0,0,0,0,1,0,0,0,0,123,0.005790359605618608,0.006645393371582031,0.0068323612213134766,0,0
task2-winner-evaluation-v1,main_validation,22,child_task1,11072,runs/task2winner_main_s22_child_t1_814173b,task2winner_main_s22_child_t1_814173b_s11072,runs/task2winner_replica_cv2_r7_s22_t2_v7_814173b/checkpoints/final.pt,74cf3fca33acb59f003949006c7401a5a9f58c1785dd8b294b548bd7bd307715,814173b618fb38990db7a5b7ee200369c8b25289,b3dafd35f05214bac1058d7e16407e8cb113322a10c590efb748a51eb6e9364e,completed,coin-heaven,coin_navigation_evaluate,113,50,50,0,0,0,0,1,0,0,0,0,113,0.005936542443469563,0.006623554229736327,0.006997585296630859,0,0
task2-winner-evaluation-v1,main_validation,22,child_task1,11073,runs/task2winner_main_s22_child_t1_814173b,task2winner_main_s22_child_t1_814173b_s11073,runs/task2winner_replica_cv2_r7_s22_t2_v7_814173b/checkpoints/final.pt,74cf3fca33acb59f003949006c7401a5a9f58c1785dd8b294b548bd7bd307715,814173b618fb38990db7a5b7ee200369c8b25289,b3dafd35f05214bac1058d7e16407e8cb113322a10c590efb748a51eb6e9364e,completed,coin-heaven,coin_navigation_evaluate,122,50,50,0,0,0,0,1,0,0,0,0,122,0.006077975523276407,0.006892955303192137,0.0071125030517578125,0,0
task2-winner-evaluation-v1,main_validation,22,child_task1,11074,runs/task2winner_main_s22_child_t1_814173b,task2winner_main_s22_child_t1_814173b_s11074,runs/task2winner_replica_cv2_r7_s22_t2_v7_814173b/checkpoints/final.pt,74cf3fca33acb59f003949006c7401a5a9f58c1785dd8b294b548bd7bd307715,814173b618fb38990db7a5b7ee200369c8b25289,b3dafd35f05214bac1058d7e16407e8cb113322a10c590efb748a51eb6e9364e,completed,coin-heaven,coin_navigation_evaluate,115,50,50,0,0,0,0,1,0,0,0,0,115,0.005964492714923361,0.006722450256347656,0.007609367370605469,0,0
task2-winner-evaluation-v1,main_validation,22,child_task1,11075,runs/task2winner_main_s22_child_t1_814173b,task2winner_main_s22_child_t1_814173b_s11075,runs/task2winner_replica_cv2_r7_s22_t2_v7_814173b/checkpoints/final.pt,74cf3fca33acb59f003949006c7401a5a9f58c1785dd8b294b548bd7bd307715,814173b618fb38990db7a5b7ee200369c8b25289,b3dafd35f05214bac1058d7e16407e8cb113322a10c590efb748a51eb6e9364e,completed,coin-heaven,coin_navigation_evaluate,124,50,50,0,0,0,0,1,0,0,0,0,124,0.005928408715032762,0.0066711664199829105,0.006875276565551758,0,0
task2-winner-evaluation-v1,main_validation,22,child_task1,11076,runs/task2winner_main_s22_child_t1_814173b,task2winner_main_s22_child_t1_814173b_s11076,runs/task2winner_replica_cv2_r7_s22_t2_v7_814173b/checkpoints/final.pt,74cf3fca33acb59f003949006c7401a5a9f58c1785dd8b294b548bd7bd307715,814173b618fb38990db7a5b7ee200369c8b25289,b3dafd35f05214bac1058d7e16407e8cb113322a10c590efb748a51eb6e9364e,completed,coin-heaven,coin_navigation_evaluate,138,50,50,0,0,0,0,1,0,0,0,0,138,0.005933725315591563,0.00665508508682251,0.0068187713623046875,0,0
task2-winner-evaluation-v1,main_validation,22,child_task1,11077,runs/task2winner_main_s22_child_t1_814173b,task2winner_main_s22_child_t1_814173b_s11077,runs/task2winner_replica_cv2_r7_s22_t2_v7_814173b/checkpoints/final.pt,74cf3fca33acb59f003949006c7401a5a9f58c1785dd8b294b548bd7bd307715,814173b618fb38990db7a5b7ee200369c8b25289,b3dafd35f05214bac1058d7e16407e8cb113322a10c590efb748a51eb6e9364e,completed,coin-heaven,coin_navigation_evaluate,125,50,50,0,0,0,0,1,0,0,0,0,125,0.005854351043701172,0.006599283218383789,0.007508277893066406,0,0
task2-winner-evaluation-v1,main_validation,22,child_task1,11078,runs/task2winner_main_s22_child_t1_814173b,task2winner_main_s22_child_t1_814173b_s11078,runs/task2winner_replica_cv2_r7_s22_t2_v7_814173b/checkpoints/final.pt,74cf3fca33acb59f003949006c7401a5a9f58c1785dd8b294b548bd7bd307715,814173b618fb38990db7a5b7ee200369c8b25289,b3dafd35f05214bac1058d7e16407e8cb113322a10c590efb748a51eb6e9364e,completed,coin-heaven,coin_navigation_evaluate,145,50,50,0,0,0,0,1,0,0,0,0,145,0.005936752516647865,0.006638622283935547,0.0067975521087646484,0,0
task2-winner-evaluation-v1,main_validation,22,child_task1,11079,runs/task2winner_main_s22_child_t1_814173b,task2winner_main_s22_child_t1_814173b_s11079,runs/task2winner_replica_cv2_r7_s22_t2_v7_814173b/checkpoints/final.pt,74cf3fca33acb59f003949006c7401a5a9f58c1785dd8b294b548bd7bd307715,814173b618fb38990db7a5b7ee200369c8b25289,b3dafd35f05214bac1058d7e16407e8cb113322a10c590efb748a51eb6e9364e,completed,coin-heaven,coin_navigation_evaluate,120,50,50,0,0,0,0,1,0,0,0,0,120,0.00593717892964681,0.006618905067443847,0.006771564483642578,0,0
task2-winner-evaluation-v1,main_validation,22,child_task1,11080,runs/task2winner_main_s22_child_t1_814173b,task2winner_main_s22_child_t1_814173b_s11080,runs/task2winner_replica_cv2_r7_s22_t2_v7_814173b/checkpoints/final.pt,74cf3fca33acb59f003949006c7401a5a9f58c1785dd8b294b548bd7bd307715,814173b618fb38990db7a5b7ee200369c8b25289,b3dafd35f05214bac1058d7e16407e8cb113322a10c590efb748a51eb6e9364e,completed,coin-heaven,coin_navigation_evaluate,132,50,50,0,0,0,0,1,0,0,0,0,132,0.006007747216658158,0.006897926330566406,0.00793766975402832,0,0
task2-winner-evaluation-v1,main_validation,22,child_task1,11081,runs/task2winner_main_s22_child_t1_814173b,task2winner_main_s22_child_t1_814173b_s11081,runs/task2winner_replica_cv2_r7_s22_t2_v7_814173b/checkpoints/final.pt,74cf3fca33acb59f003949006c7401a5a9f58c1785dd8b294b548bd7bd307715,814173b618fb38990db7a5b7ee200369c8b25289,b3dafd35f05214bac1058d7e16407e8cb113322a10c590efb748a51eb6e9364e,completed,coin-heaven,coin_navigation_evaluate,142,50,50,0,0,0,0,1,0,0,0,0,142,0.005919550506161972,0.007050693035125732,0.007231473922729492,0,0
task2-winner-evaluation-v1,main_validation,22,child_task1,11082,runs/task2winner_main_s22_child_t1_814173b,task2winner_main_s22_child_t1_814173b_s11082,runs/task2winner_replica_cv2_r7_s22_t2_v7_814173b/checkpoints/final.pt,74cf3fca33acb59f003949006c7401a5a9f58c1785dd8b294b548bd7bd307715,814173b618fb38990db7a5b7ee200369c8b25289,b3dafd35f05214bac1058d7e16407e8cb113322a10c590efb748a51eb6e9364e,completed,coin-heaven,coin_navigation_evaluate,131,50,50,0,0,0,0,1,0,0,0,0,131,0.005959134065467893,0.006662249565124512,0.006755352020263672,0,0
task2-winner-evaluation-v1,main_validation,22,child_task1,11083,runs/task2winner_main_s22_child_t1_814173b,task2winner_main_s22_child_t1_814173b_s11083,runs/task2winner_replica_cv2_r7_s22_t2_v7_814173b/checkpoints/final.pt,74cf3fca33acb59f003949006c7401a5a9f58c1785dd8b294b548bd7bd307715,814173b618fb38990db7a5b7ee200369c8b25289,b3dafd35f05214bac1058d7e16407e8cb113322a10c590efb748a51eb6e9364e,completed,coin-heaven,coin_navigation_evaluate,127,50,50,0,0,0,0,1,0,0,0,0,127,0.005942374702513687,0.006701326370239257,0.007070779800415039,0,0
task2-winner-evaluation-v1,main_validation,22,child_task1,11084,runs/task2winner_main_s22_child_t1_814173b,task2winner_main_s22_child_t1_814173b_s11084,runs/task2winner_replica_cv2_r7_s22_t2_v7_814173b/checkpoints/final.pt,74cf3fca33acb59f003949006c7401a5a9f58c1785dd8b294b548bd7bd307715,814173b618fb38990db7a5b7ee200369c8b25289,b3dafd35f05214bac1058d7e16407e8cb113322a10c590efb748a51eb6e9364e,completed,coin-heaven,coin_navigation_evaluate,130,50,50,0,0,0,0,1,0,0,0,0,130,0.005953271572406475,0.006702685356140136,0.007083892822265625,0,0
task2-winner-evaluation-v1,main_validation,22,child_task1,11085,runs/task2winner_main_s22_child_t1_814173b,task2winner_main_s22_child_t1_814173b_s11085,runs/task2winner_replica_cv2_r7_s22_t2_v7_814173b/checkpoints/final.pt,74cf3fca33acb59f003949006c7401a5a9f58c1785dd8b294b548bd7bd307715,814173b618fb38990db7a5b7ee200369c8b25289,b3dafd35f05214bac1058d7e16407e8cb113322a10c590efb748a51eb6e9364e,completed,coin-heaven,coin_navigation_evaluate,138,50,50,0,0,0,0,1,0,0,0,0,138,0.005850615708724312,0.006671714782714844,0.0069980621337890625,0,0
task2-winner-evaluation-v1,main_validation,22,child_task1,11086,runs/task2winner_main_s22_child_t1_814173b,task2winner_main_s22_child_t1_814173b_s11086,runs/task2winner_replica_cv2_r7_s22_t2_v7_814173b/checkpoints/final.pt,74cf3fca33acb59f003949006c7401a5a9f58c1785dd8b294b548bd7bd307715,814173b618fb38990db7a5b7ee200369c8b25289,b3dafd35f05214bac1058d7e16407e8cb113322a10c590efb748a51eb6e9364e,completed,coin-heaven,coin_navigation_evaluate,112,50,50,0,0,0,0,1,0,0,0,0,112,0.005741758005959647,0.006507217884063721,0.006703376770019531,0,0
task2-winner-evaluation-v1,main_validation,22,child_task1,11087,runs/task2winner_main_s22_child_t1_814173b,task2winner_main_s22_child_t1_814173b_s11087,runs/task2winner_replica_cv2_r7_s22_t2_v7_814173b/checkpoints/final.pt,74cf3fca33acb59f003949006c7401a5a9f58c1785dd8b294b548bd7bd307715,814173b618fb38990db7a5b7ee200369c8b25289,b3dafd35f05214bac1058d7e16407e8cb113322a10c590efb748a51eb6e9364e,completed,coin-heaven,coin_navigation_evaluate,133,50,50,0,0,0,0,1,0,0,0,0,133,0.005980540038947772,0.006651163101196289,0.0069713592529296875,0,0
task2-winner-evaluation-v1,main_validation,22,child_task1,11088,runs/task2winner_main_s22_child_t1_814173b,task2winner_main_s22_child_t1_814173b_s11088,runs/task2winner_replica_cv2_r7_s22_t2_v7_814173b/checkpoints/final.pt,74cf3fca33acb59f003949006c7401a5a9f58c1785dd8b294b548bd7bd307715,814173b618fb38990db7a5b7ee200369c8b25289,b3dafd35f05214bac1058d7e16407e8cb113322a10c590efb748a51eb6e9364e,completed,coin-heaven,coin_navigation_evaluate,129,50,50,0,0,0,0,1,0,0,0,0,129,0.005916467932767646,0.006780004501342774,0.007067680358886719,0,0
task2-winner-evaluation-v1,main_validation,22,child_task1,11089,runs/task2winner_main_s22_child_t1_814173b,task2winner_main_s22_child_t1_814173b_s11089,runs/task2winner_replica_cv2_r7_s22_t2_v7_814173b/checkpoints/final.pt,74cf3fca33acb59f003949006c7401a5a9f58c1785dd8b294b548bd7bd307715,814173b618fb38990db7a5b7ee200369c8b25289,b3dafd35f05214bac1058d7e16407e8cb113322a10c590efb748a51eb6e9364e,completed,coin-heaven,coin_navigation_evaluate,141,50,50,0,0,0,0,1,0,0,0,0,141,0.005879566179099658,0.006743669509887695,0.00732111930847168,0,0
task2-winner-evaluation-v1,main_validation,22,child_task1,11090,runs/task2winner_main_s22_child_t1_814173b,task2winner_main_s22_child_t1_814173b_s11090,runs/task2winner_replica_cv2_r7_s22_t2_v7_814173b/checkpoints/final.pt,74cf3fca33acb59f003949006c7401a5a9f58c1785dd8b294b548bd7bd307715,814173b618fb38990db7a5b7ee200369c8b25289,b3dafd35f05214bac1058d7e16407e8cb113322a10c590efb748a51eb6e9364e,completed,coin-heaven,coin_navigation_evaluate,125,50,50,0,0,0,0,1,0,0,0,0,125,0.0058082942962646485,0.006587076187133789,0.0071375370025634766,0,0
task2-winner-evaluation-v1,main_validation,22,child_task1,11091,runs/task2winner_main_s22_child_t1_814173b,task2winner_main_s22_child_t1_814173b_s11091,runs/task2winner_replica_cv2_r7_s22_t2_v7_814173b/checkpoints/final.pt,74cf3fca33acb59f003949006c7401a5a9f58c1785dd8b294b548bd7bd307715,814173b618fb38990db7a5b7ee200369c8b25289,b3dafd35f05214bac1058d7e16407e8cb113322a10c590efb748a51eb6e9364e,completed,coin-heaven,coin_navigation_evaluate,123,50,50,0,0,0,0,1,0,0,0,0,123,0.005790479784089375,0.006615900993347168,0.007631063461303711,0,0
task2-winner-evaluation-v1,main_validation,22,child_task1,11092,runs/task2winner_main_s22_child_t1_814173b,task2winner_main_s22_child_t1_814173b_s11092,runs/task2winner_replica_cv2_r7_s22_t2_v7_814173b/checkpoints/final.pt,74cf3fca33acb59f003949006c7401a5a9f58c1785dd8b294b548bd7bd307715,814173b618fb38990db7a5b7ee200369c8b25289,b3dafd35f05214bac1058d7e16407e8cb113322a10c590efb748a51eb6e9364e,completed,coin-heaven,coin_navigation_evaluate,132,50,50,0,0,0,0,1,0,0,0,0,132,0.005891008810563521,0.006655001640319824,0.0068128108978271484,0,0
task2-winner-evaluation-v1,main_validation,22,child_task1,11093,runs/task2winner_main_s22_child_t1_814173b,task2winner_main_s22_child_t1_814173b_s11093,runs/task2winner_replica_cv2_r7_s22_t2_v7_814173b/checkpoints/final.pt,74cf3fca33acb59f003949006c7401a5a9f58c1785dd8b294b548bd7bd307715,814173b618fb38990db7a5b7ee200369c8b25289,b3dafd35f05214bac1058d7e16407e8cb113322a10c590efb748a51eb6e9364e,completed,coin-heaven,coin_navigation_evaluate,139,50,50,0,0,0,0,1,0,0,0,0,139,0.0058324731511177775,0.006695866584777832,0.006940364837646484,0,0
task2-winner-evaluation-v1,main_validation,22,child_task1,11094,runs/task2winner_main_s22_child_t1_814173b,task2winner_main_s22_child_t1_814173b_s11094,runs/task2winner_replica_cv2_r7_s22_t2_v7_814173b/checkpoints/final.pt,74cf3fca33acb59f003949006c7401a5a9f58c1785dd8b294b548bd7bd307715,814173b618fb38990db7a5b7ee200369c8b25289,b3dafd35f05214bac1058d7e16407e8cb113322a10c590efb748a51eb6e9364e,completed,coin-heaven,coin_navigation_evaluate,137,50,50,0,0,0,0,1,0,0,0,0,137,0.005945592030991603,0.006835031509399413,0.007592439651489258,0,0
task2-winner-evaluation-v1,main_validation,22,child_task1,11095,runs/task2winner_main_s22_child_t1_814173b,task2winner_main_s22_child_t1_814173b_s11095,runs/task2winner_replica_cv2_r7_s22_t2_v7_814173b/checkpoints/final.pt,74cf3fca33acb59f003949006c7401a5a9f58c1785dd8b294b548bd7bd307715,814173b618fb38990db7a5b7ee200369c8b25289,b3dafd35f05214bac1058d7e16407e8cb113322a10c590efb748a51eb6e9364e,completed,coin-heaven,coin_navigation_evaluate,111,50,50,0,0,0,0,1,0,0,0,0,111,0.005866963584143836,0.0065506696701049805,0.006648540496826172,0,0
task2-winner-evaluation-v1,main_validation,22,child_task1,11096,runs/task2winner_main_s22_child_t1_814173b,task2winner_main_s22_child_t1_814173b_s11096,runs/task2winner_replica_cv2_r7_s22_t2_v7_814173b/checkpoints/final.pt,74cf3fca33acb59f003949006c7401a5a9f58c1785dd8b294b548bd7bd307715,814173b618fb38990db7a5b7ee200369c8b25289,b3dafd35f05214bac1058d7e16407e8cb113322a10c590efb748a51eb6e9364e,completed,coin-heaven,coin_navigation_evaluate,131,50,50,0,0,0,0,1,0,0,0,0,131,0.005943249200136607,0.006700992584228516,0.006915092468261719,0,0
task2-winner-evaluation-v1,main_validation,22,child_task1,11097,runs/task2winner_main_s22_child_t1_814173b,task2winner_main_s22_child_t1_814173b_s11097,runs/task2winner_replica_cv2_r7_s22_t2_v7_814173b/checkpoints/final.pt,74cf3fca33acb59f003949006c7401a5a9f58c1785dd8b294b548bd7bd307715,814173b618fb38990db7a5b7ee200369c8b25289,b3dafd35f05214bac1058d7e16407e8cb113322a10c590efb748a51eb6e9364e,completed,coin-heaven,coin_navigation_evaluate,141,50,50,0,0,0,0,1,0,0,0,0,141,0.0058584027256526,0.00664067268371582,0.006752490997314453,0,0
task2-winner-evaluation-v1,main_validation,22,child_task1,11098,runs/task2winner_main_s22_child_t1_814173b,task2winner_main_s22_child_t1_814173b_s11098,runs/task2winner_replica_cv2_r7_s22_t2_v7_814173b/checkpoints/final.pt,74cf3fca33acb59f003949006c7401a5a9f58c1785dd8b294b548bd7bd307715,814173b618fb38990db7a5b7ee200369c8b25289,b3dafd35f05214bac1058d7e16407e8cb113322a10c590efb748a51eb6e9364e,completed,coin-heaven,coin_navigation_evaluate,125,50,50,0,0,0,0,1,0,0,0,0,125,0.005935634613037109,0.0066128730773925785,0.007006645202636719,0,0
task2-winner-evaluation-v1,main_validation,22,child_task1,11099,runs/task2winner_main_s22_child_t1_814173b,task2winner_main_s22_child_t1_814173b_s11099,runs/task2winner_replica_cv2_r7_s22_t2_v7_814173b/checkpoints/final.pt,74cf3fca33acb59f003949006c7401a5a9f58c1785dd8b294b548bd7bd307715,814173b618fb38990db7a5b7ee200369c8b25289,b3dafd35f05214bac1058d7e16407e8cb113322a10c590efb748a51eb6e9364e,completed,coin-heaven,coin_navigation_evaluate,131,50,50,0,0,0,0,1,0,0,0,0,131,0.005985121690589963,0.006612658500671387,0.0067844390869140625,0,0
task2-winner-evaluation-v1,main_validation,22,parent_task2,11000,runs/task2winner_main_s22_parent_t2_814173b,task2winner_main_s22_parent_t2_814173b_s11000,runs/task2winner_replica_cv2_r7_s22_t1_v7_814173b/checkpoints/final.pt,cc2490bbbc0445ba3880ab6a7a656d8e5a47cc24b969910d7214e89779953d0f,814173b618fb38990db7a5b7ee200369c8b25289,b3dafd35f05214bac1058d7e16407e8cb113322a10c590efb748a51eb6e9364e,completed,classic,crate_navigation_evaluate,400,0,0,0,0,0,0,1,0,0,0,0,400,0.002914497256278992,0.0033758044242858855,0.007779121398925781,0,0
task2-winner-evaluation-v1,main_validation,22,parent_task2,11001,runs/task2winner_main_s22_parent_t2_814173b,task2winner_main_s22_parent_t2_814173b_s11001,runs/task2winner_replica_cv2_r7_s22_t1_v7_814173b/checkpoints/final.pt,cc2490bbbc0445ba3880ab6a7a656d8e5a47cc24b969910d7214e89779953d0f,814173b618fb38990db7a5b7ee200369c8b25289,b3dafd35f05214bac1058d7e16407e8cb113322a10c590efb748a51eb6e9364e,completed,classic,crate_navigation_evaluate,400,0,0,0,0,0,0,1,0,0,0,0,400,0.0031109094619750977,0.003409302234649658,0.005307912826538086,0,0
task2-winner-evaluation-v1,main_validation,22,parent_task2,11002,runs/task2winner_main_s22_parent_t2_814173b,task2winner_main_s22_parent_t2_814173b_s11002,runs/task2winner_replica_cv2_r7_s22_t1_v7_814173b/checkpoints/final.pt,cc2490bbbc0445ba3880ab6a7a656d8e5a47cc24b969910d7214e89779953d0f,814173b618fb38990db7a5b7ee200369c8b25289,b3dafd35f05214bac1058d7e16407e8cb113322a10c590efb748a51eb6e9364e,completed,classic,crate_navigation_evaluate,400,0,0,0,0,0,0,1,0,0,0,0,400,0.002745600938796997,0.0030476570129394525,0.004360198974609375,0,0
task2-winner-evaluation-v1,main_validation,22,parent_task2,11003,runs/task2winner_main_s22_parent_t2_814173b,task2winner_main_s22_parent_t2_814173b_s11003,runs/task2winner_replica_cv2_r7_s22_t1_v7_814173b/checkpoints/final.pt,cc2490bbbc0445ba3880ab6a7a656d8e5a47cc24b969910d7214e89779953d0f,814173b618fb38990db7a5b7ee200369c8b25289,b3dafd35f05214bac1058d7e16407e8cb113322a10c590efb748a51eb6e9364e,completed,classic,crate_navigation_evaluate,400,0,0,0,0,0,0,1,0,0,0,0,400,0.002837204933166504,0.0031340837478637685,0.00426483154296875,0,0
task2-winner-evaluation-v1,main_validation,22,parent_task2,11004,runs/task2winner_main_s22_parent_t2_814173b,task2winner_main_s22_parent_t2_814173b_s11004,runs/task2winner_replica_cv2_r7_s22_t1_v7_814173b/checkpoints/final.pt,cc2490bbbc0445ba3880ab6a7a656d8e5a47cc24b969910d7214e89779953d0f,814173b618fb38990db7a5b7ee200369c8b25289,b3dafd35f05214bac1058d7e16407e8cb113322a10c590efb748a51eb6e9364e,completed,classic,crate_navigation_evaluate,400,0,0,0,0,0,0,1,0,0,0,0,400,0.0029431140422821046,0.003163075447082519,0.0044403076171875,0,0
task2-winner-evaluation-v1,main_validation,22,parent_task2,11005,runs/task2winner_main_s22_parent_t2_814173b,task2winner_main_s22_parent_t2_814173b_s11005,runs/task2winner_replica_cv2_r7_s22_t1_v7_814173b/checkpoints/final.pt,cc2490bbbc0445ba3880ab6a7a656d8e5a47cc24b969910d7214e89779953d0f,814173b618fb38990db7a5b7ee200369c8b25289,b3dafd35f05214bac1058d7e16407e8cb113322a10c590efb748a51eb6e9364e,completed,classic,crate_navigation_evaluate,400,0,0,0,0,0,0,1,0,0,0,0,400,0.002664753198623657,0.0027818202972412108,0.00390934944152832,0,0
task2-winner-evaluation-v1,main_validation,22,parent_task2,11006,runs/task2winner_main_s22_parent_t2_814173b,task2winner_main_s22_parent_t2_814173b_s11006,runs/task2winner_replica_cv2_r7_s22_t1_v7_814173b/checkpoints/final.pt,cc2490bbbc0445ba3880ab6a7a656d8e5a47cc24b969910d7214e89779953d0f,814173b618fb38990db7a5b7ee200369c8b25289,b3dafd35f05214bac1058d7e16407e8cb113322a10c590efb748a51eb6e9364e,completed,classic,crate_navigation_evaluate,400,0,0,0,0,0,0,1,0,0,0,0,400,0.0027729439735412597,0.0029476284980773917,0.004172563552856445,0,0
task2-winner-evaluation-v1,main_validation,22,parent_task2,11007,runs/task2winner_main_s22_parent_t2_814173b,task2winner_main_s22_parent_t2_814173b_s11007,runs/task2winner_replica_cv2_r7_s22_t1_v7_814173b/checkpoints/final.pt,cc2490bbbc0445ba3880ab6a7a656d8e5a47cc24b969910d7214e89779953d0f,814173b618fb38990db7a5b7ee200369c8b25289,b3dafd35f05214bac1058d7e16407e8cb113322a10c590efb748a51eb6e9364e,completed,classic,crate_navigation_evaluate,400,0,0,0,0,0,0,1,0,0,0,0,400,0.002769474983215332,0.002923035621643066,0.004098176956176758,0,0
task2-winner-evaluation-v1,main_validation,22,parent_task2,11008,runs/task2winner_main_s22_parent_t2_814173b,task2winner_main_s22_parent_t2_814173b_s11008,runs/task2winner_replica_cv2_r7_s22_t1_v7_814173b/checkpoints/final.pt,cc2490bbbc0445ba3880ab6a7a656d8e5a47cc24b969910d7214e89779953d0f,814173b618fb38990db7a5b7ee200369c8b25289,b3dafd35f05214bac1058d7e16407e8cb113322a10c590efb748a51eb6e9364e,completed,classic,crate_navigation_evaluate,400,0,0,0,0,0,0,1,0,0,0,0,400,0.0026959460973739625,0.002789568901062011,0.0056574344635009766,0,0
task2-winner-evaluation-v1,main_validation,22,parent_task2,11009,runs/task2winner_main_s22_parent_t2_814173b,task2winner_main_s22_parent_t2_814173b_s11009,runs/task2winner_replica_cv2_r7_s22_t1_v7_814173b/checkpoints/final.pt,cc2490bbbc0445ba3880ab6a7a656d8e5a47cc24b969910d7214e89779953d0f,814173b618fb38990db7a5b7ee200369c8b25289,b3dafd35f05214bac1058d7e16407e8cb113322a10c590efb748a51eb6e9364e,completed,classic,crate_navigation_evaluate,400,0,0,0,0,0,0,1,0,0,0,0,400,0.0029295694828033445,0.003089034557342529,0.00495600700378418,0,0
task2-winner-evaluation-v1,main_validation,22,parent_task2,11010,runs/task2winner_main_s22_parent_t2_814173b,task2winner_main_s22_parent_t2_814173b_s11010,runs/task2winner_replica_cv2_r7_s22_t1_v7_814173b/checkpoints/final.pt,cc2490bbbc0445ba3880ab6a7a656d8e5a47cc24b969910d7214e89779953d0f,814173b618fb38990db7a5b7ee200369c8b25289,b3dafd35f05214bac1058d7e16407e8cb113322a10c590efb748a51eb6e9364e,completed,classic,crate_navigation_evaluate,400,0,0,0,0,0,0,1,0,0,0,0,400,0.002797827124595642,0.0030346035957336407,0.006315946578979492,0,0
task2-winner-evaluation-v1,main_validation,22,parent_task2,11011,runs/task2winner_main_s22_parent_t2_814173b,task2winner_main_s22_parent_t2_814173b_s11011,runs/task2winner_replica_cv2_r7_s22_t1_v7_814173b/checkpoints/final.pt,cc2490bbbc0445ba3880ab6a7a656d8e5a47cc24b969910d7214e89779953d0f,814173b618fb38990db7a5b7ee200369c8b25289,b3dafd35f05214bac1058d7e16407e8cb113322a10c590efb748a51eb6e9364e,completed,classic,crate_navigation_evaluate,400,0,0,0,0,0,0,1,0,0,0,0,400,0.0027192187309265136,0.0028343915939331053,0.005396127700805664,0,0
task2-winner-evaluation-v1,main_validation,22,parent_task2,11012,runs/task2winner_main_s22_parent_t2_814173b,task2winner_main_s22_parent_t2_814173b_s11012,runs/task2winner_replica_cv2_r7_s22_t1_v7_814173b/checkpoints/final.pt,cc2490bbbc0445ba3880ab6a7a656d8e5a47cc24b969910d7214e89779953d0f,814173b618fb38990db7a5b7ee200369c8b25289,b3dafd35f05214bac1058d7e16407e8cb113322a10c590efb748a51eb6e9364e,completed,classic,crate_navigation_evaluate,400,0,0,0,0,0,0,1,0,0,0,0,400,0.0028958594799041748,0.003003370761871332,0.015726804733276367,0,0
task2-winner-evaluation-v1,main_validation,22,parent_task2,11013,runs/task2winner_main_s22_parent_t2_814173b,task2winner_main_s22_parent_t2_814173b_s11013,runs/task2winner_replica_cv2_r7_s22_t1_v7_814173b/checkpoints/final.pt,cc2490bbbc0445ba3880ab6a7a656d8e5a47cc24b969910d7214e89779953d0f,814173b618fb38990db7a5b7ee200369c8b25289,b3dafd35f05214bac1058d7e16407e8cb113322a10c590efb748a51eb6e9364e,completed,classic,crate_navigation_evaluate,400,0,0,0,0,0,0,1,0,0,0,0,400,0.0027942389249801637,0.0029956936836242672,0.004315614700317383,0,0
task2-winner-evaluation-v1,main_validation,22,parent_task2,11014,runs/task2winner_main_s22_parent_t2_814173b,task2winner_main_s22_parent_t2_814173b_s11014,runs/task2winner_replica_cv2_r7_s22_t1_v7_814173b/checkpoints/final.pt,cc2490bbbc0445ba3880ab6a7a656d8e5a47cc24b969910d7214e89779953d0f,814173b618fb38990db7a5b7ee200369c8b25289,b3dafd35f05214bac1058d7e16407e8cb113322a10c590efb748a51eb6e9364e,completed,classic,crate_navigation_evaluate,400,0,0,0,0,0,0,1,0,0,0,0,400,0.0029504042863845825,0.0031407117843627918,0.0050868988037109375,0,0
task2-winner-evaluation-v1,main_validation,22,parent_task2,11015,runs/task2winner_main_s22_parent_t2_814173b,task2winner_main_s22_parent_t2_814173b_s11015,runs/task2winner_replica_cv2_r7_s22_t1_v7_814173b/checkpoints/final.pt,cc2490bbbc0445ba3880ab6a7a656d8e5a47cc24b969910d7214e89779953d0f,814173b618fb38990db7a5b7ee200369c8b25289,b3dafd35f05214bac1058d7e16407e8cb113322a10c590efb748a51eb6e9364e,completed,classic,crate_navigation_evaluate,400,0,0,0,0,0,0,1,0,0,0,0,400,0.0027108651399612425,0.002814173698425293,0.004195213317871094,0,0
task2-winner-evaluation-v1,main_validation,22,parent_task2,11016,runs/task2winner_main_s22_parent_t2_814173b,task2winner_main_s22_parent_t2_814173b_s11016,runs/task2winner_replica_cv2_r7_s22_t1_v7_814173b/checkpoints/final.pt,cc2490bbbc0445ba3880ab6a7a656d8e5a47cc24b969910d7214e89779953d0f,814173b618fb38990db7a5b7ee200369c8b25289,b3dafd35f05214bac1058d7e16407e8cb113322a10c590efb748a51eb6e9364e,completed,classic,crate_navigation_evaluate,400,0,0,0,0,0,0,1,0,0,0,0,400,0.002726733088493347,0.002898001670837401,0.005179882049560547,0,0
task2-winner-evaluation-v1,main_validation,22,parent_task2,11017,runs/task2winner_main_s22_parent_t2_814173b,task2winner_main_s22_parent_t2_814173b_s11017,runs/task2winner_replica_cv2_r7_s22_t1_v7_814173b/checkpoints/final.pt,cc2490bbbc0445ba3880ab6a7a656d8e5a47cc24b969910d7214e89779953d0f,814173b618fb38990db7a5b7ee200369c8b25289,b3dafd35f05214bac1058d7e16407e8cb113322a10c590efb748a51eb6e9364e,completed,classic,crate_navigation_evaluate,400,0,0,0,0,0,0,1,0,0,0,0,400,0.002690163254737854,0.0028023481369018545,0.005446434020996094,0,0
task2-winner-evaluation-v1,main_validation,22,parent_task2,11018,runs/task2winner_main_s22_parent_t2_814173b,task2winner_main_s22_parent_t2_814173b_s11018,runs/task2winner_replica_cv2_r7_s22_t1_v7_814173b/checkpoints/final.pt,cc2490bbbc0445ba3880ab6a7a656d8e5a47cc24b969910d7214e89779953d0f,814173b618fb38990db7a5b7ee200369c8b25289,b3dafd35f05214bac1058d7e16407e8cb113322a10c590efb748a51eb6e9364e,completed,classic,crate_navigation_evaluate,400,0,0,0,0,0,0,1,0,0,0,0,400,0.0028026676177978515,0.0030247569084167467,0.004394054412841797,0,0
task2-winner-evaluation-v1,main_validation,22,parent_task2,11019,runs/task2winner_main_s22_parent_t2_814173b,task2winner_main_s22_parent_t2_814173b_s11019,runs/task2winner_replica_cv2_r7_s22_t1_v7_814173b/checkpoints/final.pt,cc2490bbbc0445ba3880ab6a7a656d8e5a47cc24b969910d7214e89779953d0f,814173b618fb38990db7a5b7ee200369c8b25289,b3dafd35f05214bac1058d7e16407e8cb113322a10c590efb748a51eb6e9364e,completed,classic,crate_navigation_evaluate,400,0,0,0,0,0,0,1,0,0,0,0,400,0.0027209997177124025,0.002984654903411865,0.004198312759399414,0,0
task2-winner-evaluation-v1,main_validation,22,parent_task2,11020,runs/task2winner_main_s22_parent_t2_814173b,task2winner_main_s22_parent_t2_814173b_s11020,runs/task2winner_replica_cv2_r7_s22_t1_v7_814173b/checkpoints/final.pt,cc2490bbbc0445ba3880ab6a7a656d8e5a47cc24b969910d7214e89779953d0f,814173b618fb38990db7a5b7ee200369c8b25289,b3dafd35f05214bac1058d7e16407e8cb113322a10c590efb748a51eb6e9364e,completed,classic,crate_navigation_evaluate,400,0,0,0,0,0,0,1,0,0,0,0,400,0.0027894705533981325,0.002868509292602539,0.008838653564453125,0,0
task2-winner-evaluation-v1,main_validation,22,parent_task2,11021,runs/task2winner_main_s22_parent_t2_814173b,task2winner_main_s22_parent_t2_814173b_s11021,runs/task2winner_replica_cv2_r7_s22_t1_v7_814173b/checkpoints/final.pt,cc2490bbbc0445ba3880ab6a7a656d8e5a47cc24b969910d7214e89779953d0f,814173b618fb38990db7a5b7ee200369c8b25289,b3dafd35f05214bac1058d7e16407e8cb113322a10c590efb748a51eb6e9364e,completed,classic,crate_navigation_evaluate,400,0,0,0,0,0,0,1,0,0,0,0,400,0.002733638286590576,0.0029921531677246068,0.005018949508666992,0,0
task2-winner-evaluation-v1,main_validation,22,parent_task2,11022,runs/task2winner_main_s22_parent_t2_814173b,task2winner_main_s22_parent_t2_814173b_s11022,runs/task2winner_replica_cv2_r7_s22_t1_v7_814173b/checkpoints/final.pt,cc2490bbbc0445ba3880ab6a7a656d8e5a47cc24b969910d7214e89779953d0f,814173b618fb38990db7a5b7ee200369c8b25289,b3dafd35f05214bac1058d7e16407e8cb113322a10c590efb748a51eb6e9364e,completed,classic,crate_navigation_evaluate,400,0,0,0,0,0,0,1,0,0,0,0,400,0.002707821726799011,0.0027901411056518556,0.0045375823974609375,0,0
task2-winner-evaluation-v1,main_validation,22,parent_task2,11023,runs/task2winner_main_s22_parent_t2_814173b,task2winner_main_s22_parent_t2_814173b_s11023,runs/task2winner_replica_cv2_r7_s22_t1_v7_814173b/checkpoints/final.pt,cc2490bbbc0445ba3880ab6a7a656d8e5a47cc24b969910d7214e89779953d0f,814173b618fb38990db7a5b7ee200369c8b25289,b3dafd35f05214bac1058d7e16407e8cb113322a10c590efb748a51eb6e9364e,completed,classic,crate_navigation_evaluate,400,0,0,0,0,0,0,1,0,0,0,0,400,0.0027119415998458863,0.0027681708335876463,0.01091623306274414,0,0
task2-winner-evaluation-v1,main_validation,22,parent_task2,11024,runs/task2winner_main_s22_parent_t2_814173b,task2winner_main_s22_parent_t2_814173b_s11024,runs/task2winner_replica_cv2_r7_s22_t1_v7_814173b/checkpoints/final.pt,cc2490bbbc0445ba3880ab6a7a656d8e5a47cc24b969910d7214e89779953d0f,814173b618fb38990db7a5b7ee200369c8b25289,b3dafd35f05214bac1058d7e16407e8cb113322a10c590efb748a51eb6e9364e,completed,classic,crate_navigation_evaluate,400,0,0,0,0,0,0,1,0,0,0,0,400,0.0028717172145843505,0.002967560291290283,0.005317211151123047,0,0
task2-winner-evaluation-v1,main_validation,22,parent_task2,11025,runs/task2winner_main_s22_parent_t2_814173b,task2winner_main_s22_parent_t2_814173b_s11025,runs/task2winner_replica_cv2_r7_s22_t1_v7_814173b/checkpoints/final.pt,cc2490bbbc0445ba3880ab6a7a656d8e5a47cc24b969910d7214e89779953d0f,814173b618fb38990db7a5b7ee200369c8b25289,b3dafd35f05214bac1058d7e16407e8cb113322a10c590efb748a51eb6e9364e,completed,classic,crate_navigation_evaluate,400,0,0,0,0,0,0,1,0,0,0,0,400,0.0028824424743652344,0.0031128287315368647,0.0054204463958740234,0,0
task2-winner-evaluation-v1,main_validation,22,parent_task2,11026,runs/task2winner_main_s22_parent_t2_814173b,task2winner_main_s22_parent_t2_814173b_s11026,runs/task2winner_replica_cv2_r7_s22_t1_v7_814173b/checkpoints/final.pt,cc2490bbbc0445ba3880ab6a7a656d8e5a47cc24b969910d7214e89779953d0f,814173b618fb38990db7a5b7ee200369c8b25289,b3dafd35f05214bac1058d7e16407e8cb113322a10c590efb748a51eb6e9364e,completed,classic,crate_navigation_evaluate,400,0,0,0,0,0,0,1,0,0,0,0,400,0.002702283263206482,0.0028262376785278317,0.004603862762451172,0,0
task2-winner-evaluation-v1,main_validation,22,parent_task2,11027,runs/task2winner_main_s22_parent_t2_814173b,task2winner_main_s22_parent_t2_814173b_s11027,runs/task2winner_replica_cv2_r7_s22_t1_v7_814173b/checkpoints/final.pt,cc2490bbbc0445ba3880ab6a7a656d8e5a47cc24b969910d7214e89779953d0f,814173b618fb38990db7a5b7ee200369c8b25289,b3dafd35f05214bac1058d7e16407e8cb113322a10c590efb748a51eb6e9364e,completed,classic,crate_navigation_evaluate,400,0,0,0,0,0,0,1,0,0,0,0,400,0.002773178219795227,0.00291898250579834,0.004342794418334961,0,0
task2-winner-evaluation-v1,main_validation,22,parent_task2,11028,runs/task2winner_main_s22_parent_t2_814173b,task2winner_main_s22_parent_t2_814173b_s11028,runs/task2winner_replica_cv2_r7_s22_t1_v7_814173b/checkpoints/final.pt,cc2490bbbc0445ba3880ab6a7a656d8e5a47cc24b969910d7214e89779953d0f,814173b618fb38990db7a5b7ee200369c8b25289,b3dafd35f05214bac1058d7e16407e8cb113322a10c590efb748a51eb6e9364e,completed,classic,crate_navigation_evaluate,400,0,0,0,0,0,0,1,0,0,0,0,400,0.0030006968975067137,0.0031697750091552734,0.006001710891723633,0,0
task2-winner-evaluation-v1,main_validation,22,parent_task2,11029,runs/task2winner_main_s22_parent_t2_814173b,task2winner_main_s22_parent_t2_814173b_s11029,runs/task2winner_replica_cv2_r7_s22_t1_v7_814173b/checkpoints/final.pt,cc2490bbbc0445ba3880ab6a7a656d8e5a47cc24b969910d7214e89779953d0f,814173b618fb38990db7a5b7ee200369c8b25289,b3dafd35f05214bac1058d7e16407e8cb113322a10c590efb748a51eb6e9364e,completed,classic,crate_navigation_evaluate,400,0,0,0,0,0,0,1,0,0,0,0,400,0.002744153141975403,0.0028239369392395017,0.004656553268432617,0,0
task2-winner-evaluation-v1,main_validation,22,parent_task2,11030,runs/task2winner_main_s22_parent_t2_814173b,task2winner_main_s22_parent_t2_814173b_s11030,runs/task2winner_replica_cv2_r7_s22_t1_v7_814173b/checkpoints/final.pt,cc2490bbbc0445ba3880ab6a7a656d8e5a47cc24b969910d7214e89779953d0f,814173b618fb38990db7a5b7ee200369c8b25289,b3dafd35f05214bac1058d7e16407e8cb113322a10c590efb748a51eb6e9364e,completed,classic,crate_navigation_evaluate,400,0,0,0,0,0,0,1,0,0,0,0,400,0.0026986700296401976,0.002925419807434081,0.008379936218261719,0,0
task2-winner-evaluation-v1,main_validation,22,parent_task2,11031,runs/task2winner_main_s22_parent_t2_814173b,task2winner_main_s22_parent_t2_814173b_s11031,runs/task2winner_replica_cv2_r7_s22_t1_v7_814173b/checkpoints/final.pt,cc2490bbbc0445ba3880ab6a7a656d8e5a47cc24b969910d7214e89779953d0f,814173b618fb38990db7a5b7ee200369c8b25289,b3dafd35f05214bac1058d7e16407e8cb113322a10c590efb748a51eb6e9364e,completed,classic,crate_navigation_evaluate,400,0,0,0,0,0,0,1,0,0,0,0,400,0.002800162434577942,0.003049802780151367,0.0057353973388671875,0,0
task2-winner-evaluation-v1,main_validation,22,parent_task2,11032,runs/task2winner_main_s22_parent_t2_814173b,task2winner_main_s22_parent_t2_814173b_s11032,runs/task2winner_replica_cv2_r7_s22_t1_v7_814173b/checkpoints/final.pt,cc2490bbbc0445ba3880ab6a7a656d8e5a47cc24b969910d7214e89779953d0f,814173b618fb38990db7a5b7ee200369c8b25289,b3dafd35f05214bac1058d7e16407e8cb113322a10c590efb748a51eb6e9364e,completed,classic,crate_navigation_evaluate,400,0,0,0,0,0,0,1,0,0,0,0,400,0.002707837224006653,0.0029756307601928704,0.007948875427246094,0,0
task2-winner-evaluation-v1,main_validation,22,parent_task2,11033,runs/task2winner_main_s22_parent_t2_814173b,task2winner_main_s22_parent_t2_814173b_s11033,runs/task2winner_replica_cv2_r7_s22_t1_v7_814173b/checkpoints/final.pt,cc2490bbbc0445ba3880ab6a7a656d8e5a47cc24b969910d7214e89779953d0f,814173b618fb38990db7a5b7ee200369c8b25289,b3dafd35f05214bac1058d7e16407e8cb113322a10c590efb748a51eb6e9364e,completed,classic,crate_navigation_evaluate,400,0,0,0,0,0,0,1,0,0,0,0,400,0.0028748977184295654,0.003137660026550292,0.004858732223510742,0,0
task2-winner-evaluation-v1,main_validation,22,parent_task2,11034,runs/task2winner_main_s22_parent_t2_814173b,task2winner_main_s22_parent_t2_814173b_s11034,runs/task2winner_replica_cv2_r7_s22_t1_v7_814173b/checkpoints/final.pt,cc2490bbbc0445ba3880ab6a7a656d8e5a47cc24b969910d7214e89779953d0f,814173b618fb38990db7a5b7ee200369c8b25289,b3dafd35f05214bac1058d7e16407e8cb113322a10c590efb748a51eb6e9364e,completed,classic,crate_navigation_evaluate,400,0,0,0,0,0,0,1,0,0,0,0,400,0.002878691554069519,0.0031656265258789046,0.004336833953857422,0,0
task2-winner-evaluation-v1,main_validation,22,parent_task2,11035,runs/task2winner_main_s22_parent_t2_814173b,task2winner_main_s22_parent_t2_814173b_s11035,runs/task2winner_replica_cv2_r7_s22_t1_v7_814173b/checkpoints/final.pt,cc2490bbbc0445ba3880ab6a7a656d8e5a47cc24b969910d7214e89779953d0f,814173b618fb38990db7a5b7ee200369c8b25289,b3dafd35f05214bac1058d7e16407e8cb113322a10c590efb748a51eb6e9364e,completed,classic,crate_navigation_evaluate,400,0,0,0,0,0,0,1,0,0,0,0,400,0.002733243703842163,0.0032441377639770472,0.007841110229492188,0,0
task2-winner-evaluation-v1,main_validation,22,parent_task2,11036,runs/task2winner_main_s22_parent_t2_814173b,task2winner_main_s22_parent_t2_814173b_s11036,runs/task2winner_replica_cv2_r7_s22_t1_v7_814173b/checkpoints/final.pt,cc2490bbbc0445ba3880ab6a7a656d8e5a47cc24b969910d7214e89779953d0f,814173b618fb38990db7a5b7ee200369c8b25289,b3dafd35f05214bac1058d7e16407e8cb113322a10c590efb748a51eb6e9364e,completed,classic,crate_navigation_evaluate,400,0,0,0,0,0,0,1,0,0,0,0,400,0.002737385034561157,0.003017699718475342,0.004174470901489258,0,0
task2-winner-evaluation-v1,main_validation,22,parent_task2,11037,runs/task2winner_main_s22_parent_t2_814173b,task2winner_main_s22_parent_t2_814173b_s11037,runs/task2winner_replica_cv2_r7_s22_t1_v7_814173b/checkpoints/final.pt,cc2490bbbc0445ba3880ab6a7a656d8e5a47cc24b969910d7214e89779953d0f,814173b618fb38990db7a5b7ee200369c8b25289,b3dafd35f05214bac1058d7e16407e8cb113322a10c590efb748a51eb6e9364e,completed,classic,crate_navigation_evaluate,400,0,0,0,0,0,0,1,0,0,0,0,400,0.0027450966835021974,0.0029716253280639643,0.003715991973876953,0,0
task2-winner-evaluation-v1,main_validation,22,parent_task2,11038,runs/task2winner_main_s22_parent_t2_814173b,task2winner_main_s22_parent_t2_814173b_s11038,runs/task2winner_replica_cv2_r7_s22_t1_v7_814173b/checkpoints/final.pt,cc2490bbbc0445ba3880ab6a7a656d8e5a47cc24b969910d7214e89779953d0f,814173b618fb38990db7a5b7ee200369c8b25289,b3dafd35f05214bac1058d7e16407e8cb113322a10c590efb748a51eb6e9364e,completed,classic,crate_navigation_evaluate,400,0,0,0,0,0,0,1,0,0,0,0,400,0.002946048378944397,0.003388965129852295,0.004598379135131836,0,0
task2-winner-evaluation-v1,main_validation,22,parent_task2,11039,runs/task2winner_main_s22_parent_t2_814173b,task2winner_main_s22_parent_t2_814173b_s11039,runs/task2winner_replica_cv2_r7_s22_t1_v7_814173b/checkpoints/final.pt,cc2490bbbc0445ba3880ab6a7a656d8e5a47cc24b969910d7214e89779953d0f,814173b618fb38990db7a5b7ee200369c8b25289,b3dafd35f05214bac1058d7e16407e8cb113322a10c590efb748a51eb6e9364e,completed,classic,crate_navigation_evaluate,400,0,0,0,0,0,0,1,0,0,0,0,400,0.0028689253330230714,0.003564870357513427,0.005686759948730469,0,0
task2-winner-evaluation-v1,main_validation,22,parent_task2,11040,runs/task2winner_main_s22_parent_t2_814173b,task2winner_main_s22_parent_t2_814173b_s11040,runs/task2winner_replica_cv2_r7_s22_t1_v7_814173b/checkpoints/final.pt,cc2490bbbc0445ba3880ab6a7a656d8e5a47cc24b969910d7214e89779953d0f,814173b618fb38990db7a5b7ee200369c8b25289,b3dafd35f05214bac1058d7e16407e8cb113322a10c590efb748a51eb6e9364e,completed,classic,crate_navigation_evaluate,400,0,0,0,0,0,0,1,0,0,0,0,400,0.002739158272743225,0.002987349033355713,0.004380226135253906,0,0
task2-winner-evaluation-v1,main_validation,22,parent_task2,11041,runs/task2winner_main_s22_parent_t2_814173b,task2winner_main_s22_parent_t2_814173b_s11041,runs/task2winner_replica_cv2_r7_s22_t1_v7_814173b/checkpoints/final.pt,cc2490bbbc0445ba3880ab6a7a656d8e5a47cc24b969910d7214e89779953d0f,814173b618fb38990db7a5b7ee200369c8b25289,b3dafd35f05214bac1058d7e16407e8cb113322a10c590efb748a51eb6e9364e,completed,classic,crate_navigation_evaluate,400,0,0,0,0,0,0,1,0,0,0,0,400,0.0027732217311859132,0.0029318451881408694,0.004191398620605469,0,0
task2-winner-evaluation-v1,main_validation,22,parent_task2,11042,runs/task2winner_main_s22_parent_t2_814173b,task2winner_main_s22_parent_t2_814173b_s11042,runs/task2winner_replica_cv2_r7_s22_t1_v7_814173b/checkpoints/final.pt,cc2490bbbc0445ba3880ab6a7a656d8e5a47cc24b969910d7214e89779953d0f,814173b618fb38990db7a5b7ee200369c8b25289,b3dafd35f05214bac1058d7e16407e8cb113322a10c590efb748a51eb6e9364e,completed,classic,crate_navigation_evaluate,400,0,0,0,0,0,0,1,0,0,0,0,400,0.0027219492197036745,0.002989065647125243,0.004264354705810547,0,0
task2-winner-evaluation-v1,main_validation,22,parent_task2,11043,runs/task2winner_main_s22_parent_t2_814173b,task2winner_main_s22_parent_t2_814173b_s11043,runs/task2winner_replica_cv2_r7_s22_t1_v7_814173b/checkpoints/final.pt,cc2490bbbc0445ba3880ab6a7a656d8e5a47cc24b969910d7214e89779953d0f,814173b618fb38990db7a5b7ee200369c8b25289,b3dafd35f05214bac1058d7e16407e8cb113322a10c590efb748a51eb6e9364e,completed,classic,crate_navigation_evaluate,400,0,0,0,0,0,0,1,0,0,0,0,400,0.002736823558807373,0.0030276775360107418,0.004299640655517578,0,0
task2-winner-evaluation-v1,main_validation,22,parent_task2,11044,runs/task2winner_main_s22_parent_t2_814173b,task2winner_main_s22_parent_t2_814173b_s11044,runs/task2winner_replica_cv2_r7_s22_t1_v7_814173b/checkpoints/final.pt,cc2490bbbc0445ba3880ab6a7a656d8e5a47cc24b969910d7214e89779953d0f,814173b618fb38990db7a5b7ee200369c8b25289,b3dafd35f05214bac1058d7e16407e8cb113322a10c590efb748a51eb6e9364e,completed,classic,crate_navigation_evaluate,400,0,0,0,0,0,0,1,0,0,0,0,400,0.003083341121673584,0.003393447399139404,0.004941463470458984,0,0
task2-winner-evaluation-v1,main_validation,22,parent_task2,11045,runs/task2winner_main_s22_parent_t2_814173b,task2winner_main_s22_parent_t2_814173b_s11045,runs/task2winner_replica_cv2_r7_s22_t1_v7_814173b/checkpoints/final.pt,cc2490bbbc0445ba3880ab6a7a656d8e5a47cc24b969910d7214e89779953d0f,814173b618fb38990db7a5b7ee200369c8b25289,b3dafd35f05214bac1058d7e16407e8cb113322a10c590efb748a51eb6e9364e,completed,classic,crate_navigation_evaluate,400,0,0,0,0,0,0,1,0,0,0,0,400,0.002696618437767029,0.0029473543167114254,0.004184246063232422,0,0
task2-winner-evaluation-v1,main_validation,22,parent_task2,11046,runs/task2winner_main_s22_parent_t2_814173b,task2winner_main_s22_parent_t2_814173b_s11046,runs/task2winner_replica_cv2_r7_s22_t1_v7_814173b/checkpoints/final.pt,cc2490bbbc0445ba3880ab6a7a656d8e5a47cc24b969910d7214e89779953d0f,814173b618fb38990db7a5b7ee200369c8b25289,b3dafd35f05214bac1058d7e16407e8cb113322a10c590efb748a51eb6e9364e,completed,classic,crate_navigation_evaluate,400,0,0,0,0,0,0,1,0,0,0,0,400,0.002936462163925171,0.003237080574035644,0.005655050277709961,0,0
task2-winner-evaluation-v1,main_validation,22,parent_task2,11047,runs/task2winner_main_s22_parent_t2_814173b,task2winner_main_s22_parent_t2_814173b_s11047,runs/task2winner_replica_cv2_r7_s22_t1_v7_814173b/checkpoints/final.pt,cc2490bbbc0445ba3880ab6a7a656d8e5a47cc24b969910d7214e89779953d0f,814173b618fb38990db7a5b7ee200369c8b25289,b3dafd35f05214bac1058d7e16407e8cb113322a10c590efb748a51eb6e9364e,completed,classic,crate_navigation_evaluate,400,0,0,0,0,0,0,1,0,0,0,0,400,0.002699817419052124,0.002790403366088867,0.007892370223999023,0,0
task2-winner-evaluation-v1,main_validation,22,parent_task2,11048,runs/task2winner_main_s22_parent_t2_814173b,task2winner_main_s22_parent_t2_814173b_s11048,runs/task2winner_replica_cv2_r7_s22_t1_v7_814173b/checkpoints/final.pt,cc2490bbbc0445ba3880ab6a7a656d8e5a47cc24b969910d7214e89779953d0f,814173b618fb38990db7a5b7ee200369c8b25289,b3dafd35f05214bac1058d7e16407e8cb113322a10c590efb748a51eb6e9364e,completed,classic,crate_navigation_evaluate,400,0,0,0,0,0,0,1,0,0,0,0,400,0.002795627117156982,0.0029895305633544918,0.0042724609375,0,0
task2-winner-evaluation-v1,main_validation,22,parent_task2,11049,runs/task2winner_main_s22_parent_t2_814173b,task2winner_main_s22_parent_t2_814173b_s11049,runs/task2winner_replica_cv2_r7_s22_t1_v7_814173b/checkpoints/final.pt,cc2490bbbc0445ba3880ab6a7a656d8e5a47cc24b969910d7214e89779953d0f,814173b618fb38990db7a5b7ee200369c8b25289,b3dafd35f05214bac1058d7e16407e8cb113322a10c590efb748a51eb6e9364e,completed,classic,crate_navigation_evaluate,400,0,0,0,0,0,0,1,0,0,0,0,400,0.0027151626348495485,0.0028550267219543454,0.004858493804931641,0,0
task2-winner-evaluation-v1,main_validation,22,parent_task2,11050,runs/task2winner_main_s22_parent_t2_814173b,task2winner_main_s22_parent_t2_814173b_s11050,runs/task2winner_replica_cv2_r7_s22_t1_v7_814173b/checkpoints/final.pt,cc2490bbbc0445ba3880ab6a7a656d8e5a47cc24b969910d7214e89779953d0f,814173b618fb38990db7a5b7ee200369c8b25289,b3dafd35f05214bac1058d7e16407e8cb113322a10c590efb748a51eb6e9364e,completed,classic,crate_navigation_evaluate,400,0,0,0,0,0,0,1,0,0,0,0,400,0.002789931893348694,0.002981936931610107,0.004373311996459961,0,0
task2-winner-evaluation-v1,main_validation,22,parent_task2,11051,runs/task2winner_main_s22_parent_t2_814173b,task2winner_main_s22_parent_t2_814173b_s11051,runs/task2winner_replica_cv2_r7_s22_t1_v7_814173b/checkpoints/final.pt,cc2490bbbc0445ba3880ab6a7a656d8e5a47cc24b969910d7214e89779953d0f,814173b618fb38990db7a5b7ee200369c8b25289,b3dafd35f05214bac1058d7e16407e8cb113322a10c590efb748a51eb6e9364e,completed,classic,crate_navigation_evaluate,400,0,0,0,0,0,0,1,0,0,0,0,400,0.0027420383691787718,0.0029571533203124997,0.00549769401550293,0,0
task2-winner-evaluation-v1,main_validation,22,parent_task2,11052,runs/task2winner_main_s22_parent_t2_814173b,task2winner_main_s22_parent_t2_814173b_s11052,runs/task2winner_replica_cv2_r7_s22_t1_v7_814173b/checkpoints/final.pt,cc2490bbbc0445ba3880ab6a7a656d8e5a47cc24b969910d7214e89779953d0f,814173b618fb38990db7a5b7ee200369c8b25289,b3dafd35f05214bac1058d7e16407e8cb113322a10c590efb748a51eb6e9364e,completed,classic,crate_navigation_evaluate,400,0,0,0,0,0,0,1,0,0,0,0,400,0.0027710551023483274,0.0028815984725952147,0.005290985107421875,0,0
task2-winner-evaluation-v1,main_validation,22,parent_task2,11053,runs/task2winner_main_s22_parent_t2_814173b,task2winner_main_s22_parent_t2_814173b_s11053,runs/task2winner_replica_cv2_r7_s22_t1_v7_814173b/checkpoints/final.pt,cc2490bbbc0445ba3880ab6a7a656d8e5a47cc24b969910d7214e89779953d0f,814173b618fb38990db7a5b7ee200369c8b25289,b3dafd35f05214bac1058d7e16407e8cb113322a10c590efb748a51eb6e9364e,completed,classic,crate_navigation_evaluate,400,0,0,0,0,0,0,1,0,0,0,0,400,0.0027165526151657106,0.0028884887695312497,0.005667924880981445,0,0
task2-winner-evaluation-v1,main_validation,22,parent_task2,11054,runs/task2winner_main_s22_parent_t2_814173b,task2winner_main_s22_parent_t2_814173b_s11054,runs/task2winner_replica_cv2_r7_s22_t1_v7_814173b/checkpoints/final.pt,cc2490bbbc0445ba3880ab6a7a656d8e5a47cc24b969910d7214e89779953d0f,814173b618fb38990db7a5b7ee200369c8b25289,b3dafd35f05214bac1058d7e16407e8cb113322a10c590efb748a51eb6e9364e,completed,classic,crate_navigation_evaluate,400,0,0,0,0,0,0,1,0,0,0,0,400,0.0027959245443344117,0.0029079079627990717,0.004559516906738281,0,0
task2-winner-evaluation-v1,main_validation,22,parent_task2,11055,runs/task2winner_main_s22_parent_t2_814173b,task2winner_main_s22_parent_t2_814173b_s11055,runs/task2winner_replica_cv2_r7_s22_t1_v7_814173b/checkpoints/final.pt,cc2490bbbc0445ba3880ab6a7a656d8e5a47cc24b969910d7214e89779953d0f,814173b618fb38990db7a5b7ee200369c8b25289,b3dafd35f05214bac1058d7e16407e8cb113322a10c590efb748a51eb6e9364e,completed,classic,crate_navigation_evaluate,400,0,0,0,0,0,0,1,0,0,0,0,400,0.0026899272203445433,0.002808701992034912,0.004208803176879883,0,0
task2-winner-evaluation-v1,main_validation,22,parent_task2,11056,runs/task2winner_main_s22_parent_t2_814173b,task2winner_main_s22_parent_t2_814173b_s11056,runs/task2winner_replica_cv2_r7_s22_t1_v7_814173b/checkpoints/final.pt,cc2490bbbc0445ba3880ab6a7a656d8e5a47cc24b969910d7214e89779953d0f,814173b618fb38990db7a5b7ee200369c8b25289,b3dafd35f05214bac1058d7e16407e8cb113322a10c590efb748a51eb6e9364e,completed,classic,crate_navigation_evaluate,400,0,0,0,0,0,0,1,0,0,0,0,400,0.002744072675704956,0.0028567194938659652,0.010760784149169922,0,0
task2-winner-evaluation-v1,main_validation,22,parent_task2,11057,runs/task2winner_main_s22_parent_t2_814173b,task2winner_main_s22_parent_t2_814173b_s11057,runs/task2winner_replica_cv2_r7_s22_t1_v7_814173b/checkpoints/final.pt,cc2490bbbc0445ba3880ab6a7a656d8e5a47cc24b969910d7214e89779953d0f,814173b618fb38990db7a5b7ee200369c8b25289,b3dafd35f05214bac1058d7e16407e8cb113322a10c590efb748a51eb6e9364e,completed,classic,crate_navigation_evaluate,400,0,0,0,0,0,0,1,0,0,0,0,400,0.0027326488494873046,0.0029880285263061516,0.00457763671875,0,0
task2-winner-evaluation-v1,main_validation,22,parent_task2,11058,runs/task2winner_main_s22_parent_t2_814173b,task2winner_main_s22_parent_t2_814173b_s11058,runs/task2winner_replica_cv2_r7_s22_t1_v7_814173b/checkpoints/final.pt,cc2490bbbc0445ba3880ab6a7a656d8e5a47cc24b969910d7214e89779953d0f,814173b618fb38990db7a5b7ee200369c8b25289,b3dafd35f05214bac1058d7e16407e8cb113322a10c590efb748a51eb6e9364e,completed,classic,crate_navigation_evaluate,400,0,0,0,0,0,0,1,0,0,0,0,400,0.002731415033340454,0.00291459560394287,0.009745359420776367,0,0
task2-winner-evaluation-v1,main_validation,22,parent_task2,11059,runs/task2winner_main_s22_parent_t2_814173b,task2winner_main_s22_parent_t2_814173b_s11059,runs/task2winner_replica_cv2_r7_s22_t1_v7_814173b/checkpoints/final.pt,cc2490bbbc0445ba3880ab6a7a656d8e5a47cc24b969910d7214e89779953d0f,814173b618fb38990db7a5b7ee200369c8b25289,b3dafd35f05214bac1058d7e16407e8cb113322a10c590efb748a51eb6e9364e,completed,classic,crate_navigation_evaluate,400,0,0,0,0,0,0,1,0,0,0,0,400,0.0026978588104248045,0.0028173565864562985,0.0038347244262695312,0,0
task2-winner-evaluation-v1,main_validation,22,parent_task2,11060,runs/task2winner_main_s22_parent_t2_814173b,task2winner_main_s22_parent_t2_814173b_s11060,runs/task2winner_replica_cv2_r7_s22_t1_v7_814173b/checkpoints/final.pt,cc2490bbbc0445ba3880ab6a7a656d8e5a47cc24b969910d7214e89779953d0f,814173b618fb38990db7a5b7ee200369c8b25289,b3dafd35f05214bac1058d7e16407e8cb113322a10c590efb748a51eb6e9364e,completed,classic,crate_navigation_evaluate,400,0,0,0,0,0,0,1,0,0,0,0,400,0.002702934741973877,0.002821159362792968,0.004580497741699219,0,0
task2-winner-evaluation-v1,main_validation,22,parent_task2,11061,runs/task2winner_main_s22_parent_t2_814173b,task2winner_main_s22_parent_t2_814173b_s11061,runs/task2winner_replica_cv2_r7_s22_t1_v7_814173b/checkpoints/final.pt,cc2490bbbc0445ba3880ab6a7a656d8e5a47cc24b969910d7214e89779953d0f,814173b618fb38990db7a5b7ee200369c8b25289,b3dafd35f05214bac1058d7e16407e8cb113322a10c590efb748a51eb6e9364e,completed,classic,crate_navigation_evaluate,400,0,0,0,0,0,0,1,0,0,0,0,400,0.0030845725536346436,0.003341937065124512,0.008889198303222656,0,0
task2-winner-evaluation-v1,main_validation,22,parent_task2,11062,runs/task2winner_main_s22_parent_t2_814173b,task2winner_main_s22_parent_t2_814173b_s11062,runs/task2winner_replica_cv2_r7_s22_t1_v7_814173b/checkpoints/final.pt,cc2490bbbc0445ba3880ab6a7a656d8e5a47cc24b969910d7214e89779953d0f,814173b618fb38990db7a5b7ee200369c8b25289,b3dafd35f05214bac1058d7e16407e8cb113322a10c590efb748a51eb6e9364e,completed,classic,crate_navigation_evaluate,400,0,0,0,0,0,0,1,0,0,0,0,400,0.0027183407545089723,0.002981519699096679,0.004602909088134766,0,0
task2-winner-evaluation-v1,main_validation,22,parent_task2,11063,runs/task2winner_main_s22_parent_t2_814173b,task2winner_main_s22_parent_t2_814173b_s11063,runs/task2winner_replica_cv2_r7_s22_t1_v7_814173b/checkpoints/final.pt,cc2490bbbc0445ba3880ab6a7a656d8e5a47cc24b969910d7214e89779953d0f,814173b618fb38990db7a5b7ee200369c8b25289,b3dafd35f05214bac1058d7e16407e8cb113322a10c590efb748a51eb6e9364e,completed,classic,crate_navigation_evaluate,400,0,0,0,0,0,0,1,0,0,0,0,400,0.002767477035522461,0.0028506040573120115,0.0039825439453125,0,0
task2-winner-evaluation-v1,main_validation,22,parent_task2,11064,runs/task2winner_main_s22_parent_t2_814173b,task2winner_main_s22_parent_t2_814173b_s11064,runs/task2winner_replica_cv2_r7_s22_t1_v7_814173b/checkpoints/final.pt,cc2490bbbc0445ba3880ab6a7a656d8e5a47cc24b969910d7214e89779953d0f,814173b618fb38990db7a5b7ee200369c8b25289,b3dafd35f05214bac1058d7e16407e8cb113322a10c590efb748a51eb6e9364e,completed,classic,crate_navigation_evaluate,400,0,0,0,0,0,0,1,0,0,0,0,400,0.002740745544433594,0.0030051589012145994,0.0048885345458984375,0,0
task2-winner-evaluation-v1,main_validation,22,parent_task2,11065,runs/task2winner_main_s22_parent_t2_814173b,task2winner_main_s22_parent_t2_814173b_s11065,runs/task2winner_replica_cv2_r7_s22_t1_v7_814173b/checkpoints/final.pt,cc2490bbbc0445ba3880ab6a7a656d8e5a47cc24b969910d7214e89779953d0f,814173b618fb38990db7a5b7ee200369c8b25289,b3dafd35f05214bac1058d7e16407e8cb113322a10c590efb748a51eb6e9364e,completed,classic,crate_navigation_evaluate,400,0,0,0,0,0,0,1,0,0,0,0,400,0.0027372825145721437,0.0031296730041503905,0.004725933074951172,0,0
task2-winner-evaluation-v1,main_validation,22,parent_task2,11066,runs/task2winner_main_s22_parent_t2_814173b,task2winner_main_s22_parent_t2_814173b_s11066,runs/task2winner_replica_cv2_r7_s22_t1_v7_814173b/checkpoints/final.pt,cc2490bbbc0445ba3880ab6a7a656d8e5a47cc24b969910d7214e89779953d0f,814173b618fb38990db7a5b7ee200369c8b25289,b3dafd35f05214bac1058d7e16407e8cb113322a10c590efb748a51eb6e9364e,completed,classic,crate_navigation_evaluate,400,0,0,0,0,0,0,1,0,0,0,0,400,0.0027925223112106323,0.002993702888488769,0.004361629486083984,0,0
task2-winner-evaluation-v1,main_validation,22,parent_task2,11067,runs/task2winner_main_s22_parent_t2_814173b,task2winner_main_s22_parent_t2_814173b_s11067,runs/task2winner_replica_cv2_r7_s22_t1_v7_814173b/checkpoints/final.pt,cc2490bbbc0445ba3880ab6a7a656d8e5a47cc24b969910d7214e89779953d0f,814173b618fb38990db7a5b7ee200369c8b25289,b3dafd35f05214bac1058d7e16407e8cb113322a10c590efb748a51eb6e9364e,completed,classic,crate_navigation_evaluate,400,0,0,0,0,0,0,1,0,0,0,0,400,0.0026756787300109865,0.0027869105339050296,0.004218101501464844,0,0
task2-winner-evaluation-v1,main_validation,22,parent_task2,11068,runs/task2winner_main_s22_parent_t2_814173b,task2winner_main_s22_parent_t2_814173b_s11068,runs/task2winner_replica_cv2_r7_s22_t1_v7_814173b/checkpoints/final.pt,cc2490bbbc0445ba3880ab6a7a656d8e5a47cc24b969910d7214e89779953d0f,814173b618fb38990db7a5b7ee200369c8b25289,b3dafd35f05214bac1058d7e16407e8cb113322a10c590efb748a51eb6e9364e,completed,classic,crate_navigation_evaluate,400,0,0,0,0,0,0,1,0,0,0,0,400,0.0027176499366760253,0.002814745903015136,0.004193782806396484,0,0
task2-winner-evaluation-v1,main_validation,22,parent_task2,11069,runs/task2winner_main_s22_parent_t2_814173b,task2winner_main_s22_parent_t2_814173b_s11069,runs/task2winner_replica_cv2_r7_s22_t1_v7_814173b/checkpoints/final.pt,cc2490bbbc0445ba3880ab6a7a656d8e5a47cc24b969910d7214e89779953d0f,814173b618fb38990db7a5b7ee200369c8b25289,b3dafd35f05214bac1058d7e16407e8cb113322a10c590efb748a51eb6e9364e,completed,classic,crate_navigation_evaluate,400,0,0,0,0,0,0,1,0,0,0,0,400,0.0028447312116622924,0.002901113033294677,0.01299142837524414,0,0
task2-winner-evaluation-v1,main_validation,22,parent_task2,11070,runs/task2winner_main_s22_parent_t2_814173b,task2winner_main_s22_parent_t2_814173b_s11070,runs/task2winner_replica_cv2_r7_s22_t1_v7_814173b/checkpoints/final.pt,cc2490bbbc0445ba3880ab6a7a656d8e5a47cc24b969910d7214e89779953d0f,814173b618fb38990db7a5b7ee200369c8b25289,b3dafd35f05214bac1058d7e16407e8cb113322a10c590efb748a51eb6e9364e,completed,classic,crate_navigation_evaluate,400,0,0,0,0,0,0,1,0,0,0,0,400,0.002695969343185425,0.002816522121429443,0.00441288948059082,0,0
task2-winner-evaluation-v1,main_validation,22,parent_task2,11071,runs/task2winner_main_s22_parent_t2_814173b,task2winner_main_s22_parent_t2_814173b_s11071,runs/task2winner_replica_cv2_r7_s22_t1_v7_814173b/checkpoints/final.pt,cc2490bbbc0445ba3880ab6a7a656d8e5a47cc24b969910d7214e89779953d0f,814173b618fb38990db7a5b7ee200369c8b25289,b3dafd35f05214bac1058d7e16407e8cb113322a10c590efb748a51eb6e9364e,completed,classic,crate_navigation_evaluate,400,0,0,0,0,0,0,1,0,0,0,0,400,0.0026885926723480224,0.0027950406074523926,0.003973245620727539,0,0
task2-winner-evaluation-v1,main_validation,22,parent_task2,11072,runs/task2winner_main_s22_parent_t2_814173b,task2winner_main_s22_parent_t2_814173b_s11072,runs/task2winner_replica_cv2_r7_s22_t1_v7_814173b/checkpoints/final.pt,cc2490bbbc0445ba3880ab6a7a656d8e5a47cc24b969910d7214e89779953d0f,814173b618fb38990db7a5b7ee200369c8b25289,b3dafd35f05214bac1058d7e16407e8cb113322a10c590efb748a51eb6e9364e,completed,classic,crate_navigation_evaluate,400,0,0,0,0,0,0,1,0,0,0,0,400,0.002787908911705017,0.002897024154663085,0.004256248474121094,0,0
task2-winner-evaluation-v1,main_validation,22,parent_task2,11073,runs/task2winner_main_s22_parent_t2_814173b,task2winner_main_s22_parent_t2_814173b_s11073,runs/task2winner_replica_cv2_r7_s22_t1_v7_814173b/checkpoints/final.pt,cc2490bbbc0445ba3880ab6a7a656d8e5a47cc24b969910d7214e89779953d0f,814173b618fb38990db7a5b7ee200369c8b25289,b3dafd35f05214bac1058d7e16407e8cb113322a10c590efb748a51eb6e9364e,completed,classic,crate_navigation_evaluate,400,0,0,0,0,0,0,1,0,0,0,0,400,0.0030013519525527955,0.003189587593078613,0.005375862121582031,0,0
task2-winner-evaluation-v1,main_validation,22,parent_task2,11074,runs/task2winner_main_s22_parent_t2_814173b,task2winner_main_s22_parent_t2_814173b_s11074,runs/task2winner_replica_cv2_r7_s22_t1_v7_814173b/checkpoints/final.pt,cc2490bbbc0445ba3880ab6a7a656d8e5a47cc24b969910d7214e89779953d0f,814173b618fb38990db7a5b7ee200369c8b25289,b3dafd35f05214bac1058d7e16407e8cb113322a10c590efb748a51eb6e9364e,completed,classic,crate_navigation_evaluate,400,0,0,0,0,0,0,1,0,0,0,0,400,0.002697990536689758,0.002785015106201172,0.004255056381225586,0,0
task2-winner-evaluation-v1,main_validation,22,parent_task2,11075,runs/task2winner_main_s22_parent_t2_814173b,task2winner_main_s22_parent_t2_814173b_s11075,runs/task2winner_replica_cv2_r7_s22_t1_v7_814173b/checkpoints/final.pt,cc2490bbbc0445ba3880ab6a7a656d8e5a47cc24b969910d7214e89779953d0f,814173b618fb38990db7a5b7ee200369c8b25289,b3dafd35f05214bac1058d7e16407e8cb113322a10c590efb748a51eb6e9364e,completed,classic,crate_navigation_evaluate,400,0,0,0,0,0,0,1,0,0,0,0,400,0.0028557181358337402,0.002956831455230713,0.0044362545013427734,0,0
task2-winner-evaluation-v1,main_validation,22,parent_task2,11076,runs/task2winner_main_s22_parent_t2_814173b,task2winner_main_s22_parent_t2_814173b_s11076,runs/task2winner_replica_cv2_r7_s22_t1_v7_814173b/checkpoints/final.pt,cc2490bbbc0445ba3880ab6a7a656d8e5a47cc24b969910d7214e89779953d0f,814173b618fb38990db7a5b7ee200369c8b25289,b3dafd35f05214bac1058d7e16407e8cb113322a10c590efb748a51eb6e9364e,completed,classic,crate_navigation_evaluate,400,0,0,0,0,0,0,1,0,0,0,0,400,0.0028143078088760376,0.003033638000488279,0.010785341262817383,0,0
task2-winner-evaluation-v1,main_validation,22,parent_task2,11077,runs/task2winner_main_s22_parent_t2_814173b,task2winner_main_s22_parent_t2_814173b_s11077,runs/task2winner_replica_cv2_r7_s22_t1_v7_814173b/checkpoints/final.pt,cc2490bbbc0445ba3880ab6a7a656d8e5a47cc24b969910d7214e89779953d0f,814173b618fb38990db7a5b7ee200369c8b25289,b3dafd35f05214bac1058d7e16407e8cb113322a10c590efb748a51eb6e9364e,completed,classic,crate_navigation_evaluate,400,0,0,0,0,0,0,1,0,0,0,0,400,0.0027123671770095826,0.002820324897766113,0.0042667388916015625,0,0
task2-winner-evaluation-v1,main_validation,22,parent_task2,11078,runs/task2winner_main_s22_parent_t2_814173b,task2winner_main_s22_parent_t2_814173b_s11078,runs/task2winner_replica_cv2_r7_s22_t1_v7_814173b/checkpoints/final.pt,cc2490bbbc0445ba3880ab6a7a656d8e5a47cc24b969910d7214e89779953d0f,814173b618fb38990db7a5b7ee200369c8b25289,b3dafd35f05214bac1058d7e16407e8cb113322a10c590efb748a51eb6e9364e,completed,classic,crate_navigation_evaluate,400,0,0,0,0,0,0,1,0,0,0,0,400,0.0027158105373382567,0.0029394865036010743,0.004317522048950195,0,0
task2-winner-evaluation-v1,main_validation,22,parent_task2,11079,runs/task2winner_main_s22_parent_t2_814173b,task2winner_main_s22_parent_t2_814173b_s11079,runs/task2winner_replica_cv2_r7_s22_t1_v7_814173b/checkpoints/final.pt,cc2490bbbc0445ba3880ab6a7a656d8e5a47cc24b969910d7214e89779953d0f,814173b618fb38990db7a5b7ee200369c8b25289,b3dafd35f05214bac1058d7e16407e8cb113322a10c590efb748a51eb6e9364e,completed,classic,crate_navigation_evaluate,400,0,0,0,0,0,0,1,0,0,0,0,400,0.0028225892782211305,0.0030616760253906225,0.004489421844482422,0,0
task2-winner-evaluation-v1,main_validation,22,parent_task2,11080,runs/task2winner_main_s22_parent_t2_814173b,task2winner_main_s22_parent_t2_814173b_s11080,runs/task2winner_replica_cv2_r7_s22_t1_v7_814173b/checkpoints/final.pt,cc2490bbbc0445ba3880ab6a7a656d8e5a47cc24b969910d7214e89779953d0f,814173b618fb38990db7a5b7ee200369c8b25289,b3dafd35f05214bac1058d7e16407e8cb113322a10c590efb748a51eb6e9364e,completed,classic,crate_navigation_evaluate,400,0,0,0,0,0,0,1,0,0,0,0,400,0.0027926838397979736,0.002952945232391357,0.004233360290527344,0,0
task2-winner-evaluation-v1,main_validation,22,parent_task2,11081,runs/task2winner_main_s22_parent_t2_814173b,task2winner_main_s22_parent_t2_814173b_s11081,runs/task2winner_replica_cv2_r7_s22_t1_v7_814173b/checkpoints/final.pt,cc2490bbbc0445ba3880ab6a7a656d8e5a47cc24b969910d7214e89779953d0f,814173b618fb38990db7a5b7ee200369c8b25289,b3dafd35f05214bac1058d7e16407e8cb113322a10c590efb748a51eb6e9364e,completed,classic,crate_navigation_evaluate,400,0,0,0,0,0,0,1,0,0,0,0,400,0.002734575271606445,0.003070461750030517,0.0053348541259765625,0,0
task2-winner-evaluation-v1,main_validation,22,parent_task2,11082,runs/task2winner_main_s22_parent_t2_814173b,task2winner_main_s22_parent_t2_814173b_s11082,runs/task2winner_replica_cv2_r7_s22_t1_v7_814173b/checkpoints/final.pt,cc2490bbbc0445ba3880ab6a7a656d8e5a47cc24b969910d7214e89779953d0f,814173b618fb38990db7a5b7ee200369c8b25289,b3dafd35f05214bac1058d7e16407e8cb113322a10c590efb748a51eb6e9364e,completed,classic,crate_navigation_evaluate,400,0,0,0,0,0,0,1,0,0,0,0,400,0.002841843366622925,0.0031481266021728513,0.004319429397583008,0,0
task2-winner-evaluation-v1,main_validation,22,parent_task2,11083,runs/task2winner_main_s22_parent_t2_814173b,task2winner_main_s22_parent_t2_814173b_s11083,runs/task2winner_replica_cv2_r7_s22_t1_v7_814173b/checkpoints/final.pt,cc2490bbbc0445ba3880ab6a7a656d8e5a47cc24b969910d7214e89779953d0f,814173b618fb38990db7a5b7ee200369c8b25289,b3dafd35f05214bac1058d7e16407e8cb113322a10c590efb748a51eb6e9364e,completed,classic,crate_navigation_evaluate,400,0,0,0,0,0,0,1,0,0,0,0,400,0.0027905935049057006,0.0029401302337646483,0.003495931625366211,0,0
task2-winner-evaluation-v1,main_validation,22,parent_task2,11084,runs/task2winner_main_s22_parent_t2_814173b,task2winner_main_s22_parent_t2_814173b_s11084,runs/task2winner_replica_cv2_r7_s22_t1_v7_814173b/checkpoints/final.pt,cc2490bbbc0445ba3880ab6a7a656d8e5a47cc24b969910d7214e89779953d0f,814173b618fb38990db7a5b7ee200369c8b25289,b3dafd35f05214bac1058d7e16407e8cb113322a10c590efb748a51eb6e9364e,completed,classic,crate_navigation_evaluate,400,0,0,0,0,0,0,1,0,0,0,0,400,0.0027943962812423707,0.0029121875762939454,0.01000833511352539,0,0
task2-winner-evaluation-v1,main_validation,22,parent_task2,11085,runs/task2winner_main_s22_parent_t2_814173b,task2winner_main_s22_parent_t2_814173b_s11085,runs/task2winner_replica_cv2_r7_s22_t1_v7_814173b/checkpoints/final.pt,cc2490bbbc0445ba3880ab6a7a656d8e5a47cc24b969910d7214e89779953d0f,814173b618fb38990db7a5b7ee200369c8b25289,b3dafd35f05214bac1058d7e16407e8cb113322a10c590efb748a51eb6e9364e,completed,classic,crate_navigation_evaluate,400,0,0,0,0,0,0,1,0,0,0,0,400,0.002702057957649231,0.0028939485549926754,0.004650115966796875,0,0
task2-winner-evaluation-v1,main_validation,22,parent_task2,11086,runs/task2winner_main_s22_parent_t2_814173b,task2winner_main_s22_parent_t2_814173b_s11086,runs/task2winner_replica_cv2_r7_s22_t1_v7_814173b/checkpoints/final.pt,cc2490bbbc0445ba3880ab6a7a656d8e5a47cc24b969910d7214e89779953d0f,814173b618fb38990db7a5b7ee200369c8b25289,b3dafd35f05214bac1058d7e16407e8cb113322a10c590efb748a51eb6e9364e,completed,classic,crate_navigation_evaluate,400,0,0,0,0,0,0,1,0,0,0,0,400,0.0029500627517700193,0.003129625320434569,0.006098270416259766,0,0
task2-winner-evaluation-v1,main_validation,22,parent_task2,11087,runs/task2winner_main_s22_parent_t2_814173b,task2winner_main_s22_parent_t2_814173b_s11087,runs/task2winner_replica_cv2_r7_s22_t1_v7_814173b/checkpoints/final.pt,cc2490bbbc0445ba3880ab6a7a656d8e5a47cc24b969910d7214e89779953d0f,814173b618fb38990db7a5b7ee200369c8b25289,b3dafd35f05214bac1058d7e16407e8cb113322a10c590efb748a51eb6e9364e,completed,classic,crate_navigation_evaluate,400,0,0,0,0,0,0,1,0,0,0,0,400,0.0027128231525421144,0.0028544425964355464,0.004895448684692383,0,0
task2-winner-evaluation-v1,main_validation,22,parent_task2,11088,runs/task2winner_main_s22_parent_t2_814173b,task2winner_main_s22_parent_t2_814173b_s11088,runs/task2winner_replica_cv2_r7_s22_t1_v7_814173b/checkpoints/final.pt,cc2490bbbc0445ba3880ab6a7a656d8e5a47cc24b969910d7214e89779953d0f,814173b618fb38990db7a5b7ee200369c8b25289,b3dafd35f05214bac1058d7e16407e8cb113322a10c590efb748a51eb6e9364e,completed,classic,crate_navigation_evaluate,400,0,0,0,0,0,0,1,0,0,0,0,400,0.002687833309173584,0.0028184175491333006,0.005021095275878906,0,0
task2-winner-evaluation-v1,main_validation,22,parent_task2,11089,runs/task2winner_main_s22_parent_t2_814173b,task2winner_main_s22_parent_t2_814173b_s11089,runs/task2winner_replica_cv2_r7_s22_t1_v7_814173b/checkpoints/final.pt,cc2490bbbc0445ba3880ab6a7a656d8e5a47cc24b969910d7214e89779953d0f,814173b618fb38990db7a5b7ee200369c8b25289,b3dafd35f05214bac1058d7e16407e8cb113322a10c590efb748a51eb6e9364e,completed,classic,crate_navigation_evaluate,400,0,0,0,0,0,0,1,0,0,0,0,400,0.0028317809104919434,0.0029589295387268066,0.004264354705810547,0,0
task2-winner-evaluation-v1,main_validation,22,parent_task2,11090,runs/task2winner_main_s22_parent_t2_814173b,task2winner_main_s22_parent_t2_814173b_s11090,runs/task2winner_replica_cv2_r7_s22_t1_v7_814173b/checkpoints/final.pt,cc2490bbbc0445ba3880ab6a7a656d8e5a47cc24b969910d7214e89779953d0f,814173b618fb38990db7a5b7ee200369c8b25289,b3dafd35f05214bac1058d7e16407e8cb113322a10c590efb748a51eb6e9364e,completed,classic,crate_navigation_evaluate,400,0,0,0,0,0,0,1,0,0,0,0,400,0.0026721805334091187,0.002805268764495849,0.0047550201416015625,0,0
task2-winner-evaluation-v1,main_validation,22,parent_task2,11091,runs/task2winner_main_s22_parent_t2_814173b,task2winner_main_s22_parent_t2_814173b_s11091,runs/task2winner_replica_cv2_r7_s22_t1_v7_814173b/checkpoints/final.pt,cc2490bbbc0445ba3880ab6a7a656d8e5a47cc24b969910d7214e89779953d0f,814173b618fb38990db7a5b7ee200369c8b25289,b3dafd35f05214bac1058d7e16407e8cb113322a10c590efb748a51eb6e9364e,completed,classic,crate_navigation_evaluate,400,0,0,0,0,0,0,1,0,0,0,0,400,0.0026897960901260376,0.002934086322784423,0.004484891891479492,0,0
task2-winner-evaluation-v1,main_validation,22,parent_task2,11092,runs/task2winner_main_s22_parent_t2_814173b,task2winner_main_s22_parent_t2_814173b_s11092,runs/task2winner_replica_cv2_r7_s22_t1_v7_814173b/checkpoints/final.pt,cc2490bbbc0445ba3880ab6a7a656d8e5a47cc24b969910d7214e89779953d0f,814173b618fb38990db7a5b7ee200369c8b25289,b3dafd35f05214bac1058d7e16407e8cb113322a10c590efb748a51eb6e9364e,completed,classic,crate_navigation_evaluate,400,0,0,0,0,0,0,1,0,0,0,0,400,0.0027338314056396485,0.002835452556610107,0.003754138946533203,0,0
task2-winner-evaluation-v1,main_validation,22,parent_task2,11093,runs/task2winner_main_s22_parent_t2_814173b,task2winner_main_s22_parent_t2_814173b_s11093,runs/task2winner_replica_cv2_r7_s22_t1_v7_814173b/checkpoints/final.pt,cc2490bbbc0445ba3880ab6a7a656d8e5a47cc24b969910d7214e89779953d0f,814173b618fb38990db7a5b7ee200369c8b25289,b3dafd35f05214bac1058d7e16407e8cb113322a10c590efb748a51eb6e9364e,completed,classic,crate_navigation_evaluate,400,0,0,0,0,0,0,1,0,0,0,0,400,0.002796735763549805,0.0030087471008300773,0.0051767826080322266,0,0
task2-winner-evaluation-v1,main_validation,22,parent_task2,11094,runs/task2winner_main_s22_parent_t2_814173b,task2winner_main_s22_parent_t2_814173b_s11094,runs/task2winner_replica_cv2_r7_s22_t1_v7_814173b/checkpoints/final.pt,cc2490bbbc0445ba3880ab6a7a656d8e5a47cc24b969910d7214e89779953d0f,814173b618fb38990db7a5b7ee200369c8b25289,b3dafd35f05214bac1058d7e16407e8cb113322a10c590efb748a51eb6e9364e,completed,classic,crate_navigation_evaluate,400,0,0,0,0,0,0,1,0,0,0,0,400,0.0027093887329101562,0.002901613712310791,0.00442051887512207,0,0
task2-winner-evaluation-v1,main_validation,22,parent_task2,11095,runs/task2winner_main_s22_parent_t2_814173b,task2winner_main_s22_parent_t2_814173b_s11095,runs/task2winner_replica_cv2_r7_s22_t1_v7_814173b/checkpoints/final.pt,cc2490bbbc0445ba3880ab6a7a656d8e5a47cc24b969910d7214e89779953d0f,814173b618fb38990db7a5b7ee200369c8b25289,b3dafd35f05214bac1058d7e16407e8cb113322a10c590efb748a51eb6e9364e,completed,classic,crate_navigation_evaluate,400,0,0,0,0,0,0,1,0,0,0,0,400,0.0029673707485198975,0.0033378481864929184,0.009016036987304688,0,0
task2-winner-evaluation-v1,main_validation,22,parent_task2,11096,runs/task2winner_main_s22_parent_t2_814173b,task2winner_main_s22_parent_t2_814173b_s11096,runs/task2winner_replica_cv2_r7_s22_t1_v7_814173b/checkpoints/final.pt,cc2490bbbc0445ba3880ab6a7a656d8e5a47cc24b969910d7214e89779953d0f,814173b618fb38990db7a5b7ee200369c8b25289,b3dafd35f05214bac1058d7e16407e8cb113322a10c590efb748a51eb6e9364e,completed,classic,crate_navigation_evaluate,400,0,0,0,0,0,0,1,0,0,0,0,400,0.0027994948625564577,0.0030459761619567867,0.00460362434387207,0,0
task2-winner-evaluation-v1,main_validation,22,parent_task2,11097,runs/task2winner_main_s22_parent_t2_814173b,task2winner_main_s22_parent_t2_814173b_s11097,runs/task2winner_replica_cv2_r7_s22_t1_v7_814173b/checkpoints/final.pt,cc2490bbbc0445ba3880ab6a7a656d8e5a47cc24b969910d7214e89779953d0f,814173b618fb38990db7a5b7ee200369c8b25289,b3dafd35f05214bac1058d7e16407e8cb113322a10c590efb748a51eb6e9364e,completed,classic,crate_navigation_evaluate,400,0,0,0,0,0,0,1,0,0,0,0,400,0.0027064168453216552,0.003069806098937988,0.0048885345458984375,0,0
task2-winner-evaluation-v1,main_validation,22,parent_task2,11098,runs/task2winner_main_s22_parent_t2_814173b,task2winner_main_s22_parent_t2_814173b_s11098,runs/task2winner_replica_cv2_r7_s22_t1_v7_814173b/checkpoints/final.pt,cc2490bbbc0445ba3880ab6a7a656d8e5a47cc24b969910d7214e89779953d0f,814173b618fb38990db7a5b7ee200369c8b25289,b3dafd35f05214bac1058d7e16407e8cb113322a10c590efb748a51eb6e9364e,completed,classic,crate_navigation_evaluate,400,0,0,0,0,0,0,1,0,0,0,0,400,0.002796788215637207,0.0029913067817687986,0.004510164260864258,0,0
task2-winner-evaluation-v1,main_validation,22,parent_task2,11099,runs/task2winner_main_s22_parent_t2_814173b,task2winner_main_s22_parent_t2_814173b_s11099,runs/task2winner_replica_cv2_r7_s22_t1_v7_814173b/checkpoints/final.pt,cc2490bbbc0445ba3880ab6a7a656d8e5a47cc24b969910d7214e89779953d0f,814173b618fb38990db7a5b7ee200369c8b25289,b3dafd35f05214bac1058d7e16407e8cb113322a10c590efb748a51eb6e9364e,completed,classic,crate_navigation_evaluate,400,0,0,0,0,0,0,1,0,0,0,0,400,0.0027007293701171876,0.0029475927352905274,0.005189418792724609,0,0
task2-winner-evaluation-v1,main_validation,22,child_task2,11000,runs/task2winner_main_s22_child_t2_814173b,task2winner_main_s22_child_t2_814173b_s11000,runs/task2winner_replica_cv2_r7_s22_t2_v7_814173b/checkpoints/final.pt,74cf3fca33acb59f003949006c7401a5a9f58c1785dd8b294b548bd7bd307715,814173b618fb38990db7a5b7ee200369c8b25289,b3dafd35f05214bac1058d7e16407e8cb113322a10c590efb748a51eb6e9364e,completed,classic,crate_navigation_evaluate,400,9,9,104,0,0,0,1,43,43,43,0,400,0.003789135217666626,0.00572233200073242,0.00926518440246582,0,0
task2-winner-evaluation-v1,main_validation,22,child_task2,11001,runs/task2winner_main_s22_child_t2_814173b,task2winner_main_s22_child_t2_814173b_s11001,runs/task2winner_replica_cv2_r7_s22_t2_v7_814173b/checkpoints/final.pt,74cf3fca33acb59f003949006c7401a5a9f58c1785dd8b294b548bd7bd307715,814173b618fb38990db7a5b7ee200369c8b25289,b3dafd35f05214bac1058d7e16407e8cb113322a10c590efb748a51eb6e9364e,completed,classic,crate_navigation_evaluate,400,4,4,95,0,0,0,1,52,52,52,0,400,0.0034495663642883302,0.004966402053833004,0.01237034797668457,0,0
task2-winner-evaluation-v1,main_validation,22,child_task2,11002,runs/task2winner_main_s22_child_t2_814173b,task2winner_main_s22_child_t2_814173b_s11002,runs/task2winner_replica_cv2_r7_s22_t2_v7_814173b/checkpoints/final.pt,74cf3fca33acb59f003949006c7401a5a9f58c1785dd8b294b548bd7bd307715,814173b618fb38990db7a5b7ee200369c8b25289,b3dafd35f05214bac1058d7e16407e8cb113322a10c590efb748a51eb6e9364e,completed,classic,crate_navigation_evaluate,400,8,8,98,0,0,0,1,31,31,31,0,400,0.00426241934299469,0.005882585048675537,0.007772922515869141,0,0
task2-winner-evaluation-v1,main_validation,22,child_task2,11003,runs/task2winner_main_s22_child_t2_814173b,task2winner_main_s22_child_t2_814173b_s11003,runs/task2winner_replica_cv2_r7_s22_t2_v7_814173b/checkpoints/final.pt,74cf3fca33acb59f003949006c7401a5a9f58c1785dd8b294b548bd7bd307715,814173b618fb38990db7a5b7ee200369c8b25289,b3dafd35f05214bac1058d7e16407e8cb113322a10c590efb748a51eb6e9364e,completed,classic,crate_navigation_evaluate,400,9,9,118,0,0,0,1,48,48,48,0,400,0.003524245023727417,0.005075013637542724,0.006215572357177734,0,0
task2-winner-evaluation-v1,main_validation,22,child_task2,11004,runs/task2winner_main_s22_child_t2_814173b,task2winner_main_s22_child_t2_814173b_s11004,runs/task2winner_replica_cv2_r7_s22_t2_v7_814173b/checkpoints/final.pt,74cf3fca33acb59f003949006c7401a5a9f58c1785dd8b294b548bd7bd307715,814173b618fb38990db7a5b7ee200369c8b25289,b3dafd35f05214bac1058d7e16407e8cb113322a10c590efb748a51eb6e9364e,completed,classic,crate_navigation_evaluate,400,7,7,81,0,0,0,1,40,40,40,0,400,0.0037854498624801634,0.005585312843322754,0.007411956787109375,0,0
task2-winner-evaluation-v1,main_validation,22,child_task2,11005,runs/task2winner_main_s22_child_t2_814173b,task2winner_main_s22_child_t2_814173b_s11005,runs/task2winner_replica_cv2_r7_s22_t2_v7_814173b/checkpoints/final.pt,74cf3fca33acb59f003949006c7401a5a9f58c1785dd8b294b548bd7bd307715,814173b618fb38990db7a5b7ee200369c8b25289,b3dafd35f05214bac1058d7e16407e8cb113322a10c590efb748a51eb6e9364e,completed,classic,crate_navigation_evaluate,400,7,7,86,0,0,0,1,48,47,47,0,400,0.003346706032752991,0.004742193222045898,0.00998830795288086,0,0
task2-winner-evaluation-v1,main_validation,22,child_task2,11006,runs/task2winner_main_s22_child_t2_814173b,task2winner_main_s22_child_t2_814173b_s11006,runs/task2winner_replica_cv2_r7_s22_t2_v7_814173b/checkpoints/final.pt,74cf3fca33acb59f003949006c7401a5a9f58c1785dd8b294b548bd7bd307715,814173b618fb38990db7a5b7ee200369c8b25289,b3dafd35f05214bac1058d7e16407e8cb113322a10c590efb748a51eb6e9364e,completed,classic,crate_navigation_evaluate,400,8,8,93,0,0,0,1,50,49,49,0,400,0.003427956700325012,0.004800009727478027,0.006715059280395508,0,0
task2-winner-evaluation-v1,main_validation,22,child_task2,11007,runs/task2winner_main_s22_child_t2_814173b,task2winner_main_s22_child_t2_814173b_s11007,runs/task2winner_replica_cv2_r7_s22_t2_v7_814173b/checkpoints/final.pt,74cf3fca33acb59f003949006c7401a5a9f58c1785dd8b294b548bd7bd307715,814173b618fb38990db7a5b7ee200369c8b25289,b3dafd35f05214bac1058d7e16407e8cb113322a10c590efb748a51eb6e9364e,completed,classic,crate_navigation_evaluate,400,3,3,65,0,0,0,1,52,52,52,0,400,0.003260577917098999,0.004558467864990234,0.005468606948852539,0,0
task2-winner-evaluation-v1,main_validation,22,child_task2,11008,runs/task2winner_main_s22_child_t2_814173b,task2winner_main_s22_child_t2_814173b_s11008,runs/task2winner_replica_cv2_r7_s22_t2_v7_814173b/checkpoints/final.pt,74cf3fca33acb59f003949006c7401a5a9f58c1785dd8b294b548bd7bd307715,814173b618fb38990db7a5b7ee200369c8b25289,b3dafd35f05214bac1058d7e16407e8cb113322a10c590efb748a51eb6e9364e,completed,classic,crate_navigation_evaluate,400,7,7,100,0,0,0,1,41,41,41,0,400,0.0037385207414627076,0.0056904911994934086,0.006814241409301758,0,0
task2-winner-evaluation-v1,main_validation,22,child_task2,11009,runs/task2winner_main_s22_child_t2_814173b,task2winner_main_s22_child_t2_814173b_s11009,runs/task2winner_replica_cv2_r7_s22_t2_v7_814173b/checkpoints/final.pt,74cf3fca33acb59f003949006c7401a5a9f58c1785dd8b294b548bd7bd307715,814173b618fb38990db7a5b7ee200369c8b25289,b3dafd35f05214bac1058d7e16407e8cb113322a10c590efb748a51eb6e9364e,completed,classic,crate_navigation_evaluate,400,9,9,104,0,0,0,1,42,42,42,0,400,0.003896910548210144,0.006014418601989744,0.008221864700317383,0,0
task2-winner-evaluation-v1,main_validation,22,child_task2,11010,runs/task2winner_main_s22_child_t2_814173b,task2winner_main_s22_child_t2_814173b_s11010,runs/task2winner_replica_cv2_r7_s22_t2_v7_814173b/checkpoints/final.pt,74cf3fca33acb59f003949006c7401a5a9f58c1785dd8b294b548bd7bd307715,814173b618fb38990db7a5b7ee200369c8b25289,b3dafd35f05214bac1058d7e16407e8cb113322a10c590efb748a51eb6e9364e,completed,classic,crate_navigation_evaluate,400,8,8,115,0,0,0,1,49,48,48,0,400,0.0035507655143737792,0.0052048563957214355,0.005846261978149414,0,0
task2-winner-evaluation-v1,main_validation,22,child_task2,11011,runs/task2winner_main_s22_child_t2_814173b,task2winner_main_s22_child_t2_814173b_s11011,runs/task2winner_replica_cv2_r7_s22_t2_v7_814173b/checkpoints/final.pt,74cf3fca33acb59f003949006c7401a5a9f58c1785dd8b294b548bd7bd307715,814173b618fb38990db7a5b7ee200369c8b25289,b3dafd35f05214bac1058d7e16407e8cb113322a10c590efb748a51eb6e9364e,completed,classic,crate_navigation_evaluate,400,8,8,123,0,0,0,1,48,48,48,0,400,0.0035638779401779173,0.0051422953605651835,0.006531953811645508,0,0
task2-winner-evaluation-v1,main_validation,22,child_task2,11012,runs/task2winner_main_s22_child_t2_814173b,task2winner_main_s22_child_t2_814173b_s11012,runs/task2winner_replica_cv2_r7_s22_t2_v7_814173b/checkpoints/final.pt,74cf3fca33acb59f003949006c7401a5a9f58c1785dd8b294b548bd7bd307715,814173b618fb38990db7a5b7ee200369c8b25289,b3dafd35f05214bac1058d7e16407e8cb113322a10c590efb748a51eb6e9364e,completed,classic,crate_navigation_evaluate,400,8,8,109,0,0,0,1,49,49,49,0,400,0.003522370457649231,0.0053396701812744125,0.006200551986694336,0,0
task2-winner-evaluation-v1,main_validation,22,child_task2,11013,runs/task2winner_main_s22_child_t2_814173b,task2winner_main_s22_child_t2_814173b_s11013,runs/task2winner_replica_cv2_r7_s22_t2_v7_814173b/checkpoints/final.pt,74cf3fca33acb59f003949006c7401a5a9f58c1785dd8b294b548bd7bd307715,814173b618fb38990db7a5b7ee200369c8b25289,b3dafd35f05214bac1058d7e16407e8cb113322a10c590efb748a51eb6e9364e,completed,classic,crate_navigation_evaluate,400,6,6,114,0,0,0,1,41,41,41,0,400,0.003697834014892578,0.005308520793914795,0.006147623062133789,0,0
task2-winner-evaluation-v1,main_validation,22,child_task2,11014,runs/task2winner_main_s22_child_t2_814173b,task2winner_main_s22_child_t2_814173b_s11014,runs/task2winner_replica_cv2_r7_s22_t2_v7_814173b/checkpoints/final.pt,74cf3fca33acb59f003949006c7401a5a9f58c1785dd8b294b548bd7bd307715,814173b618fb38990db7a5b7ee200369c8b25289,b3dafd35f05214bac1058d7e16407e8cb113322a10c590efb748a51eb6e9364e,completed,classic,crate_navigation_evaluate,400,5,5,67,0,0,0,1,47,46,46,0,400,0.0033940255641937258,0.004992401599884033,0.005459785461425781,0,0
task2-winner-evaluation-v1,main_validation,22,child_task2,11015,runs/task2winner_main_s22_child_t2_814173b,task2winner_main_s22_child_t2_814173b_s11015,runs/task2winner_replica_cv2_r7_s22_t2_v7_814173b/checkpoints/final.pt,74cf3fca33acb59f003949006c7401a5a9f58c1785dd8b294b548bd7bd307715,814173b618fb38990db7a5b7ee200369c8b25289,b3dafd35f05214bac1058d7e16407e8cb113322a10c590efb748a51eb6e9364e,completed,classic,crate_navigation_evaluate,400,8,8,105,0,0,0,1,48,47,47,0,400,0.00363622784614563,0.005110120773315429,0.007868051528930664,0,0
task2-winner-evaluation-v1,main_validation,22,child_task2,11016,runs/task2winner_main_s22_child_t2_814173b,task2winner_main_s22_child_t2_814173b_s11016,runs/task2winner_replica_cv2_r7_s22_t2_v7_814173b/checkpoints/final.pt,74cf3fca33acb59f003949006c7401a5a9f58c1785dd8b294b548bd7bd307715,814173b618fb38990db7a5b7ee200369c8b25289,b3dafd35f05214bac1058d7e16407e8cb113322a10c590efb748a51eb6e9364e,completed,classic,crate_navigation_evaluate,400,9,9,120,0,0,0,1,49,49,49,0,400,0.003505491614341736,0.005136847496032715,0.006459474563598633,0,0
task2-winner-evaluation-v1,main_validation,22,child_task2,11017,runs/task2winner_main_s22_child_t2_814173b,task2winner_main_s22_child_t2_814173b_s11017,runs/task2winner_replica_cv2_r7_s22_t2_v7_814173b/checkpoints/final.pt,74cf3fca33acb59f003949006c7401a5a9f58c1785dd8b294b548bd7bd307715,814173b618fb38990db7a5b7ee200369c8b25289,b3dafd35f05214bac1058d7e16407e8cb113322a10c590efb748a51eb6e9364e,completed,classic,crate_navigation_evaluate,400,4,4,78,0,0,0,1,45,45,45,0,400,0.0033565223217010497,0.00467841625213623,0.006253719329833984,0,0
task2-winner-evaluation-v1,main_validation,22,child_task2,11018,runs/task2winner_main_s22_child_t2_814173b,task2winner_main_s22_child_t2_814173b_s11018,runs/task2winner_replica_cv2_r7_s22_t2_v7_814173b/checkpoints/final.pt,74cf3fca33acb59f003949006c7401a5a9f58c1785dd8b294b548bd7bd307715,814173b618fb38990db7a5b7ee200369c8b25289,b3dafd35f05214bac1058d7e16407e8cb113322a10c590efb748a51eb6e9364e,completed,classic,crate_navigation_evaluate,400,9,9,104,0,0,0,1,51,51,51,0,400,0.0033954775333404543,0.004848515987396241,0.005768775939941406,0,0
task2-winner-evaluation-v1,main_validation,22,child_task2,11019,runs/task2winner_main_s22_child_t2_814173b,task2winner_main_s22_child_t2_814173b_s11019,runs/task2winner_replica_cv2_r7_s22_t2_v7_814173b/checkpoints/final.pt,74cf3fca33acb59f003949006c7401a5a9f58c1785dd8b294b548bd7bd307715,814173b618fb38990db7a5b7ee200369c8b25289,b3dafd35f05214bac1058d7e16407e8cb113322a10c590efb748a51eb6e9364e,completed,classic,crate_navigation_evaluate,400,7,7,89,0,0,0,1,36,36,36,0,400,0.00403227150440216,0.0058492779731750474,0.011691808700561523,0,0
task2-winner-evaluation-v1,main_validation,22,child_task2,11020,runs/task2winner_main_s22_child_t2_814173b,task2winner_main_s22_child_t2_814173b_s11020,runs/task2winner_replica_cv2_r7_s22_t2_v7_814173b/checkpoints/final.pt,74cf3fca33acb59f003949006c7401a5a9f58c1785dd8b294b548bd7bd307715,814173b618fb38990db7a5b7ee200369c8b25289,b3dafd35f05214bac1058d7e16407e8cb113322a10c590efb748a51eb6e9364e,completed,classic,crate_navigation_evaluate,400,5,5,65,0,0,0,1,29,29,29,0,400,0.0041662585735321046,0.005748856067657471,0.011323928833007812,0,0
task2-winner-evaluation-v1,main_validation,22,child_task2,11021,runs/task2winner_main_s22_child_t2_814173b,task2winner_main_s22_child_t2_814173b_s11021,runs/task2winner_replica_cv2_r7_s22_t2_v7_814173b/checkpoints/final.pt,74cf3fca33acb59f003949006c7401a5a9f58c1785dd8b294b548bd7bd307715,814173b618fb38990db7a5b7ee200369c8b25289,b3dafd35f05214bac1058d7e16407e8cb113322a10c590efb748a51eb6e9364e,completed,classic,crate_navigation_evaluate,400,8,8,105,0,0,0,1,50,49,49,0,400,0.0034212589263916014,0.005031704902648925,0.005873441696166992,0,0
task2-winner-evaluation-v1,main_validation,22,child_task2,11022,runs/task2winner_main_s22_child_t2_814173b,task2winner_main_s22_child_t2_814173b_s11022,runs/task2winner_replica_cv2_r7_s22_t2_v7_814173b/checkpoints/final.pt,74cf3fca33acb59f003949006c7401a5a9f58c1785dd8b294b548bd7bd307715,814173b618fb38990db7a5b7ee200369c8b25289,b3dafd35f05214bac1058d7e16407e8cb113322a10c590efb748a51eb6e9364e,completed,classic,crate_navigation_evaluate,400,8,8,102,0,0,0,1,47,46,46,0,400,0.0033694380521774293,0.004675042629241943,0.0053789615631103516,0,0
task2-winner-evaluation-v1,main_validation,22,child_task2,11023,runs/task2winner_main_s22_child_t2_814173b,task2winner_main_s22_child_t2_814173b_s11023,runs/task2winner_replica_cv2_r7_s22_t2_v7_814173b/checkpoints/final.pt,74cf3fca33acb59f003949006c7401a5a9f58c1785dd8b294b548bd7bd307715,814173b618fb38990db7a5b7ee200369c8b25289,b3dafd35f05214bac1058d7e16407e8cb113322a10c590efb748a51eb6e9364e,completed,classic,crate_navigation_evaluate,400,6,6,100,0,0,0,1,34,34,34,0,400,0.0038394975662231446,0.0054457426071167,0.0059702396392822266,0,0
task2-winner-evaluation-v1,main_validation,22,child_task2,11024,runs/task2winner_main_s22_child_t2_814173b,task2winner_main_s22_child_t2_814173b_s11024,runs/task2winner_replica_cv2_r7_s22_t2_v7_814173b/checkpoints/final.pt,74cf3fca33acb59f003949006c7401a5a9f58c1785dd8b294b548bd7bd307715,814173b618fb38990db7a5b7ee200369c8b25289,b3dafd35f05214bac1058d7e16407e8cb113322a10c590efb748a51eb6e9364e,completed,classic,crate_navigation_evaluate,400,8,8,117,0,0,0,1,50,50,50,0,400,0.003405822515487671,0.005296921730041503,0.007375478744506836,0,0
task2-winner-evaluation-v1,main_validation,22,child_task2,11025,runs/task2winner_main_s22_child_t2_814173b,task2winner_main_s22_child_t2_814173b_s11025,runs/task2winner_replica_cv2_r7_s22_t2_v7_814173b/checkpoints/final.pt,74cf3fca33acb59f003949006c7401a5a9f58c1785dd8b294b548bd7bd307715,814173b618fb38990db7a5b7ee200369c8b25289,b3dafd35f05214bac1058d7e16407e8cb113322a10c590efb748a51eb6e9364e,completed,classic,crate_navigation_evaluate,400,8,8,104,0,0,0,1,45,44,44,0,400,0.0034799379110336303,0.004969918727874756,0.0060596466064453125,0,0
task2-winner-evaluation-v1,main_validation,22,child_task2,11026,runs/task2winner_main_s22_child_t2_814173b,task2winner_main_s22_child_t2_814173b_s11026,runs/task2winner_replica_cv2_r7_s22_t2_v7_814173b/checkpoints/final.pt,74cf3fca33acb59f003949006c7401a5a9f58c1785dd8b294b548bd7bd307715,814173b618fb38990db7a5b7ee200369c8b25289,b3dafd35f05214bac1058d7e16407e8cb113322a10c590efb748a51eb6e9364e,completed,classic,crate_navigation_evaluate,400,9,9,122,0,0,0,1,46,46,46,0,400,0.0036454230546951296,0.005523037910461426,0.006206989288330078,0,0
task2-winner-evaluation-v1,main_validation,22,child_task2,11027,runs/task2winner_main_s22_child_t2_814173b,task2winner_main_s22_child_t2_814173b_s11027,runs/task2winner_replica_cv2_r7_s22_t2_v7_814173b/checkpoints/final.pt,74cf3fca33acb59f003949006c7401a5a9f58c1785dd8b294b548bd7bd307715,814173b618fb38990db7a5b7ee200369c8b25289,b3dafd35f05214bac1058d7e16407e8cb113322a10c590efb748a51eb6e9364e,completed,classic,crate_navigation_evaluate,400,9,9,94,0,0,0,1,50,50,50,0,400,0.0034427320957183837,0.004948985576629638,0.006314754486083984,0,0
task2-winner-evaluation-v1,main_validation,22,child_task2,11028,runs/task2winner_main_s22_child_t2_814173b,task2winner_main_s22_child_t2_814173b_s11028,runs/task2winner_replica_cv2_r7_s22_t2_v7_814173b/checkpoints/final.pt,74cf3fca33acb59f003949006c7401a5a9f58c1785dd8b294b548bd7bd307715,814173b618fb38990db7a5b7ee200369c8b25289,b3dafd35f05214bac1058d7e16407e8cb113322a10c590efb748a51eb6e9364e,completed,classic,crate_navigation_evaluate,400,9,9,111,0,0,0,1,46,46,46,0,400,0.0035367625951766967,0.004896306991577147,0.0065305233001708984,0,0
task2-winner-evaluation-v1,main_validation,22,child_task2,11029,runs/task2winner_main_s22_child_t2_814173b,task2winner_main_s22_child_t2_814173b_s11029,runs/task2winner_replica_cv2_r7_s22_t2_v7_814173b/checkpoints/final.pt,74cf3fca33acb59f003949006c7401a5a9f58c1785dd8b294b548bd7bd307715,814173b618fb38990db7a5b7ee200369c8b25289,b3dafd35f05214bac1058d7e16407e8cb113322a10c590efb748a51eb6e9364e,completed,classic,crate_navigation_evaluate,400,8,8,101,0,0,0,1,41,41,41,0,400,0.0035886204242706297,0.004917359352111816,0.0058629512786865234,0,0
task2-winner-evaluation-v1,main_validation,22,child_task2,11030,runs/task2winner_main_s22_child_t2_814173b,task2winner_main_s22_child_t2_814173b_s11030,runs/task2winner_replica_cv2_r7_s22_t2_v7_814173b/checkpoints/final.pt,74cf3fca33acb59f003949006c7401a5a9f58c1785dd8b294b548bd7bd307715,814173b618fb38990db7a5b7ee200369c8b25289,b3dafd35f05214bac1058d7e16407e8cb113322a10c590efb748a51eb6e9364e,completed,classic,crate_navigation_evaluate,400,6,6,110,0,0,0,1,49,49,49,0,400,0.0034372645616531374,0.005076801776885987,0.006907939910888672,0,0
task2-winner-evaluation-v1,main_validation,22,child_task2,11031,runs/task2winner_main_s22_child_t2_814173b,task2winner_main_s22_child_t2_814173b_s11031,runs/task2winner_replica_cv2_r7_s22_t2_v7_814173b/checkpoints/final.pt,74cf3fca33acb59f003949006c7401a5a9f58c1785dd8b294b548bd7bd307715,814173b618fb38990db7a5b7ee200369c8b25289,b3dafd35f05214bac1058d7e16407e8cb113322a10c590efb748a51eb6e9364e,completed,classic,crate_navigation_evaluate,400,4,4,70,0,0,0,1,49,49,49,0,400,0.003152908086776733,0.004405522346496582,0.005051374435424805,0,0
task2-winner-evaluation-v1,main_validation,22,child_task2,11032,runs/task2winner_main_s22_child_t2_814173b,task2winner_main_s22_child_t2_814173b_s11032,runs/task2winner_replica_cv2_r7_s22_t2_v7_814173b/checkpoints/final.pt,74cf3fca33acb59f003949006c7401a5a9f58c1785dd8b294b548bd7bd307715,814173b618fb38990db7a5b7ee200369c8b25289,b3dafd35f05214bac1058d7e16407e8cb113322a10c590efb748a51eb6e9364e,completed,classic,crate_navigation_evaluate,400,8,8,115,0,0,0,1,49,48,48,0,400,0.003657713532447815,0.005510437488555907,0.020582199096679688,0,0
task2-winner-evaluation-v1,main_validation,22,child_task2,11033,runs/task2winner_main_s22_child_t2_814173b,task2winner_main_s22_child_t2_814173b_s11033,runs/task2winner_replica_cv2_r7_s22_t2_v7_814173b/checkpoints/final.pt,74cf3fca33acb59f003949006c7401a5a9f58c1785dd8b294b548bd7bd307715,814173b618fb38990db7a5b7ee200369c8b25289,b3dafd35f05214bac1058d7e16407e8cb113322a10c590efb748a51eb6e9364e,completed,classic,crate_navigation_evaluate,400,6,6,85,0,0,0,1,39,39,39,0,400,0.003823361396789551,0.005711126327514649,0.006167888641357422,0,0
task2-winner-evaluation-v1,main_validation,22,child_task2,11034,runs/task2winner_main_s22_child_t2_814173b,task2winner_main_s22_child_t2_814173b_s11034,runs/task2winner_replica_cv2_r7_s22_t2_v7_814173b/checkpoints/final.pt,74cf3fca33acb59f003949006c7401a5a9f58c1785dd8b294b548bd7bd307715,814173b618fb38990db7a5b7ee200369c8b25289,b3dafd35f05214bac1058d7e16407e8cb113322a10c590efb748a51eb6e9364e,completed,classic,crate_navigation_evaluate,400,9,9,111,0,0,0,1,51,50,50,0,400,0.0034923702478408813,0.004869604110717773,0.0058269500732421875,0,0
task2-winner-evaluation-v1,main_validation,22,child_task2,11035,runs/task2winner_main_s22_child_t2_814173b,task2winner_main_s22_child_t2_814173b_s11035,runs/task2winner_replica_cv2_r7_s22_t2_v7_814173b/checkpoints/final.pt,74cf3fca33acb59f003949006c7401a5a9f58c1785dd8b294b548bd7bd307715,814173b618fb38990db7a5b7ee200369c8b25289,b3dafd35f05214bac1058d7e16407e8cb113322a10c590efb748a51eb6e9364e,completed,classic,crate_navigation_evaluate,400,6,6,85,0,0,0,1,38,38,38,0,400,0.003556704521179199,0.005482006072998046,0.00620579719543457,0,0
task2-winner-evaluation-v1,main_validation,22,child_task2,11036,runs/task2winner_main_s22_child_t2_814173b,task2winner_main_s22_child_t2_814173b_s11036,runs/task2winner_replica_cv2_r7_s22_t2_v7_814173b/checkpoints/final.pt,74cf3fca33acb59f003949006c7401a5a9f58c1785dd8b294b548bd7bd307715,814173b618fb38990db7a5b7ee200369c8b25289,b3dafd35f05214bac1058d7e16407e8cb113322a10c590efb748a51eb6e9364e,completed,classic,crate_navigation_evaluate,400,7,7,117,0,0,0,1,51,51,51,0,400,0.0034681510925292968,0.005158281326293945,0.00665593147277832,0,0
task2-winner-evaluation-v1,main_validation,22,child_task2,11037,runs/task2winner_main_s22_child_t2_814173b,task2winner_main_s22_child_t2_814173b_s11037,runs/task2winner_replica_cv2_r7_s22_t2_v7_814173b/checkpoints/final.pt,74cf3fca33acb59f003949006c7401a5a9f58c1785dd8b294b548bd7bd307715,814173b618fb38990db7a5b7ee200369c8b25289,b3dafd35f05214bac1058d7e16407e8cb113322a10c590efb748a51eb6e9364e,completed,classic,crate_navigation_evaluate,400,7,7,103,0,0,0,1,43,43,43,0,400,0.003632851243019104,0.005280971527099609,0.005728483200073242,0,0
task2-winner-evaluation-v1,main_validation,22,child_task2,11038,runs/task2winner_main_s22_child_t2_814173b,task2winner_main_s22_child_t2_814173b_s11038,runs/task2winner_replica_cv2_r7_s22_t2_v7_814173b/checkpoints/final.pt,74cf3fca33acb59f003949006c7401a5a9f58c1785dd8b294b548bd7bd307715,814173b618fb38990db7a5b7ee200369c8b25289,b3dafd35f05214bac1058d7e16407e8cb113322a10c590efb748a51eb6e9364e,completed,classic,crate_navigation_evaluate,400,9,9,121,0,0,0,1,55,54,54,0,400,0.003452828526496887,0.005016946792602538,0.00780177116394043,0,0
task2-winner-evaluation-v1,main_validation,22,child_task2,11039,runs/task2winner_main_s22_child_t2_814173b,task2winner_main_s22_child_t2_814173b_s11039,runs/task2winner_replica_cv2_r7_s22_t2_v7_814173b/checkpoints/final.pt,74cf3fca33acb59f003949006c7401a5a9f58c1785dd8b294b548bd7bd307715,814173b618fb38990db7a5b7ee200369c8b25289,b3dafd35f05214bac1058d7e16407e8cb113322a10c590efb748a51eb6e9364e,completed,classic,crate_navigation_evaluate,400,7,7,124,0,0,0,1,47,47,47,0,400,0.0035135221481323244,0.004959201812744138,0.005980730056762695,0,0
task2-winner-evaluation-v1,main_validation,22,child_task2,11040,runs/task2winner_main_s22_child_t2_814173b,task2winner_main_s22_child_t2_814173b_s11040,runs/task2winner_replica_cv2_r7_s22_t2_v7_814173b/checkpoints/final.pt,74cf3fca33acb59f003949006c7401a5a9f58c1785dd8b294b548bd7bd307715,814173b618fb38990db7a5b7ee200369c8b25289,b3dafd35f05214bac1058d7e16407e8cb113322a10c590efb748a51eb6e9364e,completed,classic,crate_navigation_evaluate,400,9,9,112,0,0,0,1,47,47,47,0,400,0.0037566620111465455,0.005662858486175536,0.008937358856201172,0,0
task2-winner-evaluation-v1,main_validation,22,child_task2,11041,runs/task2winner_main_s22_child_t2_814173b,task2winner_main_s22_child_t2_814173b_s11041,runs/task2winner_replica_cv2_r7_s22_t2_v7_814173b/checkpoints/final.pt,74cf3fca33acb59f003949006c7401a5a9f58c1785dd8b294b548bd7bd307715,814173b618fb38990db7a5b7ee200369c8b25289,b3dafd35f05214bac1058d7e16407e8cb113322a10c590efb748a51eb6e9364e,completed,classic,crate_navigation_evaluate,400,6,6,83,0,0,0,1,31,31,31,0,400,0.003827863931655884,0.005005419254302978,0.008441925048828125,0,0
task2-winner-evaluation-v1,main_validation,22,child_task2,11042,runs/task2winner_main_s22_child_t2_814173b,task2winner_main_s22_child_t2_814173b_s11042,runs/task2winner_replica_cv2_r7_s22_t2_v7_814173b/checkpoints/final.pt,74cf3fca33acb59f003949006c7401a5a9f58c1785dd8b294b548bd7bd307715,814173b618fb38990db7a5b7ee200369c8b25289,b3dafd35f05214bac1058d7e16407e8cb113322a10c590efb748a51eb6e9364e,completed,classic,crate_navigation_evaluate,400,7,7,83,0,0,0,1,46,45,45,0,400,0.0031314712762832643,0.004393088817596434,0.00587773323059082,0,0
task2-winner-evaluation-v1,main_validation,22,child_task2,11043,runs/task2winner_main_s22_child_t2_814173b,task2winner_main_s22_child_t2_814173b_s11043,runs/task2winner_replica_cv2_r7_s22_t2_v7_814173b/checkpoints/final.pt,74cf3fca33acb59f003949006c7401a5a9f58c1785dd8b294b548bd7bd307715,814173b618fb38990db7a5b7ee200369c8b25289,b3dafd35f05214bac1058d7e16407e8cb113322a10c590efb748a51eb6e9364e,completed,classic,crate_navigation_evaluate,400,5,5,78,0,0,0,1,50,49,49,0,400,0.003221801519393921,0.004539072513580322,0.007546663284301758,0,0
task2-winner-evaluation-v1,main_validation,22,child_task2,11044,runs/task2winner_main_s22_child_t2_814173b,task2winner_main_s22_child_t2_814173b_s11044,runs/task2winner_replica_cv2_r7_s22_t2_v7_814173b/checkpoints/final.pt,74cf3fca33acb59f003949006c7401a5a9f58c1785dd8b294b548bd7bd307715,814173b618fb38990db7a5b7ee200369c8b25289,b3dafd35f05214bac1058d7e16407e8cb113322a10c590efb748a51eb6e9364e,completed,classic,crate_navigation_evaluate,400,8,8,91,0,0,0,1,44,44,44,0,400,0.0035705125331878663,0.0050860285758972164,0.0056421756744384766,0,0
task2-winner-evaluation-v1,main_validation,22,child_task2,11045,runs/task2winner_main_s22_child_t2_814173b,task2winner_main_s22_child_t2_814173b_s11045,runs/task2winner_replica_cv2_r7_s22_t2_v7_814173b/checkpoints/final.pt,74cf3fca33acb59f003949006c7401a5a9f58c1785dd8b294b548bd7bd307715,814173b618fb38990db7a5b7ee200369c8b25289,b3dafd35f05214bac1058d7e16407e8cb113322a10c590efb748a51eb6e9364e,completed,classic,crate_navigation_evaluate,400,7,7,104,0,0,0,1,49,49,49,0,400,0.0034909129142761232,0.005085933208465575,0.007220268249511719,0,0
task2-winner-evaluation-v1,main_validation,22,child_task2,11046,runs/task2winner_main_s22_child_t2_814173b,task2winner_main_s22_child_t2_814173b_s11046,runs/task2winner_replica_cv2_r7_s22_t2_v7_814173b/checkpoints/final.pt,74cf3fca33acb59f003949006c7401a5a9f58c1785dd8b294b548bd7bd307715,814173b618fb38990db7a5b7ee200369c8b25289,b3dafd35f05214bac1058d7e16407e8cb113322a10c590efb748a51eb6e9364e,completed,classic,crate_navigation_evaluate,400,9,9,104,0,0,0,1,51,51,51,0,400,0.003330279588699341,0.004736089706420897,0.006279706954956055,0,0
task2-winner-evaluation-v1,main_validation,22,child_task2,11047,runs/task2winner_main_s22_child_t2_814173b,task2winner_main_s22_child_t2_814173b_s11047,runs/task2winner_replica_cv2_r7_s22_t2_v7_814173b/checkpoints/final.pt,74cf3fca33acb59f003949006c7401a5a9f58c1785dd8b294b548bd7bd307715,814173b618fb38990db7a5b7ee200369c8b25289,b3dafd35f05214bac1058d7e16407e8cb113322a10c590efb748a51eb6e9364e,completed,classic,crate_navigation_evaluate,400,5,5,97,0,0,0,1,50,49,49,0,400,0.0032753342390060424,0.004723381996154784,0.005408525466918945,0,0
task2-winner-evaluation-v1,main_validation,22,child_task2,11048,runs/task2winner_main_s22_child_t2_814173b,task2winner_main_s22_child_t2_814173b_s11048,runs/task2winner_replica_cv2_r7_s22_t2_v7_814173b/checkpoints/final.pt,74cf3fca33acb59f003949006c7401a5a9f58c1785dd8b294b548bd7bd307715,814173b618fb38990db7a5b7ee200369c8b25289,b3dafd35f05214bac1058d7e16407e8cb113322a10c590efb748a51eb6e9364e,completed,classic,crate_navigation_evaluate,400,8,8,108,0,0,0,1,53,52,52,0,400,0.0034138613939285276,0.004936861991882323,0.00824880599975586,0,0
task2-winner-evaluation-v1,main_validation,22,child_task2,11049,runs/task2winner_main_s22_child_t2_814173b,task2winner_main_s22_child_t2_814173b_s11049,runs/task2winner_replica_cv2_r7_s22_t2_v7_814173b/checkpoints/final.pt,74cf3fca33acb59f003949006c7401a5a9f58c1785dd8b294b548bd7bd307715,814173b618fb38990db7a5b7ee200369c8b25289,b3dafd35f05214bac1058d7e16407e8cb113322a10c590efb748a51eb6e9364e,completed,classic,crate_navigation_evaluate,400,7,7,122,0,0,0,1,45,45,45,0,400,0.0036191904544830324,0.005795323848724365,0.007131099700927734,0,0
task2-winner-evaluation-v1,main_validation,22,child_task2,11050,runs/task2winner_main_s22_child_t2_814173b,task2winner_main_s22_child_t2_814173b_s11050,runs/task2winner_replica_cv2_r7_s22_t2_v7_814173b/checkpoints/final.pt,74cf3fca33acb59f003949006c7401a5a9f58c1785dd8b294b548bd7bd307715,814173b618fb38990db7a5b7ee200369c8b25289,b3dafd35f05214bac1058d7e16407e8cb113322a10c590efb748a51eb6e9364e,completed,classic,crate_navigation_evaluate,400,7,7,99,0,0,0,1,45,45,45,0,400,0.0034858500957489014,0.004897129535675047,0.006869792938232422,0,0
task2-winner-evaluation-v1,main_validation,22,child_task2,11051,runs/task2winner_main_s22_child_t2_814173b,task2winner_main_s22_child_t2_814173b_s11051,runs/task2winner_replica_cv2_r7_s22_t2_v7_814173b/checkpoints/final.pt,74cf3fca33acb59f003949006c7401a5a9f58c1785dd8b294b548bd7bd307715,814173b618fb38990db7a5b7ee200369c8b25289,b3dafd35f05214bac1058d7e16407e8cb113322a10c590efb748a51eb6e9364e,completed,classic,crate_navigation_evaluate,400,6,6,99,0,0,0,1,38,38,38,0,400,0.003834666609764099,0.0058054327964782715,0.007563114166259766,0,0
task2-winner-evaluation-v1,main_validation,22,child_task2,11052,runs/task2winner_main_s22_child_t2_814173b,task2winner_main_s22_child_t2_814173b_s11052,runs/task2winner_replica_cv2_r7_s22_t2_v7_814173b/checkpoints/final.pt,74cf3fca33acb59f003949006c7401a5a9f58c1785dd8b294b548bd7bd307715,814173b618fb38990db7a5b7ee200369c8b25289,b3dafd35f05214bac1058d7e16407e8cb113322a10c590efb748a51eb6e9364e,completed,classic,crate_navigation_evaluate,400,9,9,118,0,0,0,1,46,45,45,0,400,0.003693296313285828,0.005424261093139646,0.009694337844848633,0,0
task2-winner-evaluation-v1,main_validation,22,child_task2,11053,runs/task2winner_main_s22_child_t2_814173b,task2winner_main_s22_child_t2_814173b_s11053,runs/task2winner_replica_cv2_r7_s22_t2_v7_814173b/checkpoints/final.pt,74cf3fca33acb59f003949006c7401a5a9f58c1785dd8b294b548bd7bd307715,814173b618fb38990db7a5b7ee200369c8b25289,b3dafd35f05214bac1058d7e16407e8cb113322a10c590efb748a51eb6e9364e,completed,classic,crate_navigation_evaluate,400,7,7,96,0,0,0,1,51,51,51,0,400,0.0033620810508728028,0.004853761196136475,0.006659507751464844,0,0
task2-winner-evaluation-v1,main_validation,22,child_task2,11054,runs/task2winner_main_s22_child_t2_814173b,task2winner_main_s22_child_t2_814173b_s11054,runs/task2winner_replica_cv2_r7_s22_t2_v7_814173b/checkpoints/final.pt,74cf3fca33acb59f003949006c7401a5a9f58c1785dd8b294b548bd7bd307715,814173b618fb38990db7a5b7ee200369c8b25289,b3dafd35f05214bac1058d7e16407e8cb113322a10c590efb748a51eb6e9364e,completed,classic,crate_navigation_evaluate,400,9,9,96,0,0,0,1,39,39,39,0,400,0.0037746405601501464,0.005165624618530273,0.005713224411010742,0,0
task2-winner-evaluation-v1,main_validation,22,child_task2,11055,runs/task2winner_main_s22_child_t2_814173b,task2winner_main_s22_child_t2_814173b_s11055,runs/task2winner_replica_cv2_r7_s22_t2_v7_814173b/checkpoints/final.pt,74cf3fca33acb59f003949006c7401a5a9f58c1785dd8b294b548bd7bd307715,814173b618fb38990db7a5b7ee200369c8b25289,b3dafd35f05214bac1058d7e16407e8cb113322a10c590efb748a51eb6e9364e,completed,classic,crate_navigation_evaluate,400,8,8,102,0,0,0,1,43,43,43,0,400,0.0036441373825073244,0.005666780471801758,0.006730794906616211,0,0
task2-winner-evaluation-v1,main_validation,22,child_task2,11056,runs/task2winner_main_s22_child_t2_814173b,task2winner_main_s22_child_t2_814173b_s11056,runs/task2winner_replica_cv2_r7_s22_t2_v7_814173b/checkpoints/final.pt,74cf3fca33acb59f003949006c7401a5a9f58c1785dd8b294b548bd7bd307715,814173b618fb38990db7a5b7ee200369c8b25289,b3dafd35f05214bac1058d7e16407e8cb113322a10c590efb748a51eb6e9364e,completed,classic,crate_navigation_evaluate,400,6,6,70,0,0,0,1,27,27,27,0,400,0.004195383787155151,0.005617642402648925,0.0073010921478271484,0,0
task2-winner-evaluation-v1,main_validation,22,child_task2,11057,runs/task2winner_main_s22_child_t2_814173b,task2winner_main_s22_child_t2_814173b_s11057,runs/task2winner_replica_cv2_r7_s22_t2_v7_814173b/checkpoints/final.pt,74cf3fca33acb59f003949006c7401a5a9f58c1785dd8b294b548bd7bd307715,814173b618fb38990db7a5b7ee200369c8b25289,b3dafd35f05214bac1058d7e16407e8cb113322a10c590efb748a51eb6e9364e,completed,classic,crate_navigation_evaluate,400,5,5,83,0,0,0,1,48,48,48,0,400,0.003292381167411804,0.004558479785919189,0.0059566497802734375,0,0
task2-winner-evaluation-v1,main_validation,22,child_task2,11058,runs/task2winner_main_s22_child_t2_814173b,task2winner_main_s22_child_t2_814173b_s11058,runs/task2winner_replica_cv2_r7_s22_t2_v7_814173b/checkpoints/final.pt,74cf3fca33acb59f003949006c7401a5a9f58c1785dd8b294b548bd7bd307715,814173b618fb38990db7a5b7ee200369c8b25289,b3dafd35f05214bac1058d7e16407e8cb113322a10c590efb748a51eb6e9364e,completed,classic,crate_navigation_evaluate,400,7,7,110,0,0,0,1,50,49,49,0,400,0.003438301682472229,0.005329322814941405,0.006655454635620117,0,0
task2-winner-evaluation-v1,main_validation,22,child_task2,11059,runs/task2winner_main_s22_child_t2_814173b,task2winner_main_s22_child_t2_814173b_s11059,runs/task2winner_replica_cv2_r7_s22_t2_v7_814173b/checkpoints/final.pt,74cf3fca33acb59f003949006c7401a5a9f58c1785dd8b294b548bd7bd307715,814173b618fb38990db7a5b7ee200369c8b25289,b3dafd35f05214bac1058d7e16407e8cb113322a10c590efb748a51eb6e9364e,completed,classic,crate_navigation_evaluate,400,7,7,97,0,0,0,1,50,49,49,0,400,0.0035214191675186158,0.0052254199981689444,0.005853414535522461,0,0
task2-winner-evaluation-v1,main_validation,22,child_task2,11060,runs/task2winner_main_s22_child_t2_814173b,task2winner_main_s22_child_t2_814173b_s11060,runs/task2winner_replica_cv2_r7_s22_t2_v7_814173b/checkpoints/final.pt,74cf3fca33acb59f003949006c7401a5a9f58c1785dd8b294b548bd7bd307715,814173b618fb38990db7a5b7ee200369c8b25289,b3dafd35f05214bac1058d7e16407e8cb113322a10c590efb748a51eb6e9364e,completed,classic,crate_navigation_evaluate,400,8,8,117,0,0,0,1,47,47,47,0,400,0.0035782772302627563,0.005747067928314208,0.006227016448974609,0,0
task2-winner-evaluation-v1,main_validation,22,child_task2,11061,runs/task2winner_main_s22_child_t2_814173b,task2winner_main_s22_child_t2_814173b_s11061,runs/task2winner_replica_cv2_r7_s22_t2_v7_814173b/checkpoints/final.pt,74cf3fca33acb59f003949006c7401a5a9f58c1785dd8b294b548bd7bd307715,814173b618fb38990db7a5b7ee200369c8b25289,b3dafd35f05214bac1058d7e16407e8cb113322a10c590efb748a51eb6e9364e,completed,classic,crate_navigation_evaluate,400,8,8,107,0,0,0,1,49,48,48,0,400,0.0034440863132476807,0.005092024803161621,0.006908893585205078,0,0
task2-winner-evaluation-v1,main_validation,22,child_task2,11062,runs/task2winner_main_s22_child_t2_814173b,task2winner_main_s22_child_t2_814173b_s11062,runs/task2winner_replica_cv2_r7_s22_t2_v7_814173b/checkpoints/final.pt,74cf3fca33acb59f003949006c7401a5a9f58c1785dd8b294b548bd7bd307715,814173b618fb38990db7a5b7ee200369c8b25289,b3dafd35f05214bac1058d7e16407e8cb113322a10c590efb748a51eb6e9364e,completed,classic,crate_navigation_evaluate,400,9,9,107,0,0,0,1,50,50,50,0,400,0.0034486424922943117,0.005650234222412109,0.005915641784667969,0,0
task2-winner-evaluation-v1,main_validation,22,child_task2,11063,runs/task2winner_main_s22_child_t2_814173b,task2winner_main_s22_child_t2_814173b_s11063,runs/task2winner_replica_cv2_r7_s22_t2_v7_814173b/checkpoints/final.pt,74cf3fca33acb59f003949006c7401a5a9f58c1785dd8b294b548bd7bd307715,814173b618fb38990db7a5b7ee200369c8b25289,b3dafd35f05214bac1058d7e16407e8cb113322a10c590efb748a51eb6e9364e,completed,classic,crate_navigation_evaluate,400,8,8,106,0,0,0,1,50,50,50,0,400,0.003414384126663208,0.004783380031585693,0.006137371063232422,0,0
task2-winner-evaluation-v1,main_validation,22,child_task2,11064,runs/task2winner_main_s22_child_t2_814173b,task2winner_main_s22_child_t2_814173b_s11064,runs/task2winner_replica_cv2_r7_s22_t2_v7_814173b/checkpoints/final.pt,74cf3fca33acb59f003949006c7401a5a9f58c1785dd8b294b548bd7bd307715,814173b618fb38990db7a5b7ee200369c8b25289,b3dafd35f05214bac1058d7e16407e8cb113322a10c590efb748a51eb6e9364e,completed,classic,crate_navigation_evaluate,400,7,7,95,0,0,0,1,39,39,39,0,400,0.0038201397657394408,0.0054197669029235835,0.007718563079833984,0,0
task2-winner-evaluation-v1,main_validation,22,child_task2,11065,runs/task2winner_main_s22_child_t2_814173b,task2winner_main_s22_child_t2_814173b_s11065,runs/task2winner_replica_cv2_r7_s22_t2_v7_814173b/checkpoints/final.pt,74cf3fca33acb59f003949006c7401a5a9f58c1785dd8b294b548bd7bd307715,814173b618fb38990db7a5b7ee200369c8b25289,b3dafd35f05214bac1058d7e16407e8cb113322a10c590efb748a51eb6e9364e,completed,classic,crate_navigation_evaluate,400,7,7,92,0,0,0,1,52,52,52,0,400,0.0034300351142883302,0.004913914203643799,0.005830287933349609,0,0
task2-winner-evaluation-v1,main_validation,22,child_task2,11066,runs/task2winner_main_s22_child_t2_814173b,task2winner_main_s22_child_t2_814173b_s11066,runs/task2winner_replica_cv2_r7_s22_t2_v7_814173b/checkpoints/final.pt,74cf3fca33acb59f003949006c7401a5a9f58c1785dd8b294b548bd7bd307715,814173b618fb38990db7a5b7ee200369c8b25289,b3dafd35f05214bac1058d7e16407e8cb113322a10c590efb748a51eb6e9364e,completed,classic,crate_navigation_evaluate,400,7,7,81,0,0,0,1,31,31,31,0,400,0.004124321937561035,0.005869174003601073,0.006116628646850586,0,0
task2-winner-evaluation-v1,main_validation,22,child_task2,11067,runs/task2winner_main_s22_child_t2_814173b,task2winner_main_s22_child_t2_814173b_s11067,runs/task2winner_replica_cv2_r7_s22_t2_v7_814173b/checkpoints/final.pt,74cf3fca33acb59f003949006c7401a5a9f58c1785dd8b294b548bd7bd307715,814173b618fb38990db7a5b7ee200369c8b25289,b3dafd35f05214bac1058d7e16407e8cb113322a10c590efb748a51eb6e9364e,completed,classic,crate_navigation_evaluate,400,6,6,108,0,0,0,1,39,39,39,0,400,0.0036237818002700806,0.004945433139801026,0.006305217742919922,0,0
task2-winner-evaluation-v1,main_validation,22,child_task2,11068,runs/task2winner_main_s22_child_t2_814173b,task2winner_main_s22_child_t2_814173b_s11068,runs/task2winner_replica_cv2_r7_s22_t2_v7_814173b/checkpoints/final.pt,74cf3fca33acb59f003949006c7401a5a9f58c1785dd8b294b548bd7bd307715,814173b618fb38990db7a5b7ee200369c8b25289,b3dafd35f05214bac1058d7e16407e8cb113322a10c590efb748a51eb6e9364e,completed,classic,crate_navigation_evaluate,400,4,4,95,0,0,0,1,44,44,44,0,400,0.003572932481765747,0.005067026615142822,0.006511211395263672,0,0
task2-winner-evaluation-v1,main_validation,22,child_task2,11069,runs/task2winner_main_s22_child_t2_814173b,task2winner_main_s22_child_t2_814173b_s11069,runs/task2winner_replica_cv2_r7_s22_t2_v7_814173b/checkpoints/final.pt,74cf3fca33acb59f003949006c7401a5a9f58c1785dd8b294b548bd7bd307715,814173b618fb38990db7a5b7ee200369c8b25289,b3dafd35f05214bac1058d7e16407e8cb113322a10c590efb748a51eb6e9364e,completed,classic,crate_navigation_evaluate,400,9,9,101,0,0,0,1,45,45,45,0,400,0.003513935208320618,0.005432271957397461,0.011428356170654297,0,0
task2-winner-evaluation-v1,main_validation,22,child_task2,11070,runs/task2winner_main_s22_child_t2_814173b,task2winner_main_s22_child_t2_814173b_s11070,runs/task2winner_replica_cv2_r7_s22_t2_v7_814173b/checkpoints/final.pt,74cf3fca33acb59f003949006c7401a5a9f58c1785dd8b294b548bd7bd307715,814173b618fb38990db7a5b7ee200369c8b25289,b3dafd35f05214bac1058d7e16407e8cb113322a10c590efb748a51eb6e9364e,completed,classic,crate_navigation_evaluate,400,6,6,77,0,0,0,1,51,51,51,0,400,0.003179025650024414,0.004409098625183101,0.005866289138793945,0,0
task2-winner-evaluation-v1,main_validation,22,child_task2,11071,runs/task2winner_main_s22_child_t2_814173b,task2winner_main_s22_child_t2_814173b_s11071,runs/task2winner_replica_cv2_r7_s22_t2_v7_814173b/checkpoints/final.pt,74cf3fca33acb59f003949006c7401a5a9f58c1785dd8b294b548bd7bd307715,814173b618fb38990db7a5b7ee200369c8b25289,b3dafd35f05214bac1058d7e16407e8cb113322a10c590efb748a51eb6e9364e,completed,classic,crate_navigation_evaluate,400,7,7,116,0,0,0,1,47,47,47,0,400,0.003372265696525574,0.004927527904510498,0.005853414535522461,0,0
task2-winner-evaluation-v1,main_validation,22,child_task2,11072,runs/task2winner_main_s22_child_t2_814173b,task2winner_main_s22_child_t2_814173b_s11072,runs/task2winner_replica_cv2_r7_s22_t2_v7_814173b/checkpoints/final.pt,74cf3fca33acb59f003949006c7401a5a9f58c1785dd8b294b548bd7bd307715,814173b618fb38990db7a5b7ee200369c8b25289,b3dafd35f05214bac1058d7e16407e8cb113322a10c590efb748a51eb6e9364e,completed,classic,crate_navigation_evaluate,400,8,8,111,0,0,0,1,48,47,47,0,400,0.0032854807376861573,0.004604053497314452,0.005548954010009766,0,0
task2-winner-evaluation-v1,main_validation,22,child_task2,11073,runs/task2winner_main_s22_child_t2_814173b,task2winner_main_s22_child_t2_814173b_s11073,runs/task2winner_replica_cv2_r7_s22_t2_v7_814173b/checkpoints/final.pt,74cf3fca33acb59f003949006c7401a5a9f58c1785dd8b294b548bd7bd307715,814173b618fb38990db7a5b7ee200369c8b25289,b3dafd35f05214bac1058d7e16407e8cb113322a10c590efb748a51eb6e9364e,completed,classic,crate_navigation_evaluate,400,7,7,105,0,0,0,1,45,45,45,0,400,0.003644675612449646,0.0054200410842895515,0.006045103073120117,0,0
task2-winner-evaluation-v1,main_validation,22,child_task2,11074,runs/task2winner_main_s22_child_t2_814173b,task2winner_main_s22_child_t2_814173b_s11074,runs/task2winner_replica_cv2_r7_s22_t2_v7_814173b/checkpoints/final.pt,74cf3fca33acb59f003949006c7401a5a9f58c1785dd8b294b548bd7bd307715,814173b618fb38990db7a5b7ee200369c8b25289,b3dafd35f05214bac1058d7e16407e8cb113322a10c590efb748a51eb6e9364e,completed,classic,crate_navigation_evaluate,400,6,6,95,0,0,0,1,38,38,38,0,400,0.0037075185775756834,0.005312395095825195,0.006411075592041016,0,0
task2-winner-evaluation-v1,main_validation,22,child_task2,11075,runs/task2winner_main_s22_child_t2_814173b,task2winner_main_s22_child_t2_814173b_s11075,runs/task2winner_replica_cv2_r7_s22_t2_v7_814173b/checkpoints/final.pt,74cf3fca33acb59f003949006c7401a5a9f58c1785dd8b294b548bd7bd307715,814173b618fb38990db7a5b7ee200369c8b25289,b3dafd35f05214bac1058d7e16407e8cb113322a10c590efb748a51eb6e9364e,completed,classic,crate_navigation_evaluate,400,8,8,95,0,0,0,1,47,47,47,0,400,0.0033933854103088378,0.004908537864685058,0.005511045455932617,0,0
task2-winner-evaluation-v1,main_validation,22,child_task2,11076,runs/task2winner_main_s22_child_t2_814173b,task2winner_main_s22_child_t2_814173b_s11076,runs/task2winner_replica_cv2_r7_s22_t2_v7_814173b/checkpoints/final.pt,74cf3fca33acb59f003949006c7401a5a9f58c1785dd8b294b548bd7bd307715,814173b618fb38990db7a5b7ee200369c8b25289,b3dafd35f05214bac1058d7e16407e8cb113322a10c590efb748a51eb6e9364e,completed,classic,crate_navigation_evaluate,400,8,8,108,0,0,0,1,36,36,36,0,400,0.004008048176765442,0.0059088468551635725,0.006177425384521484,0,0
task2-winner-evaluation-v1,main_validation,22,child_task2,11077,runs/task2winner_main_s22_child_t2_814173b,task2winner_main_s22_child_t2_814173b_s11077,runs/task2winner_replica_cv2_r7_s22_t2_v7_814173b/checkpoints/final.pt,74cf3fca33acb59f003949006c7401a5a9f58c1785dd8b294b548bd7bd307715,814173b618fb38990db7a5b7ee200369c8b25289,b3dafd35f05214bac1058d7e16407e8cb113322a10c590efb748a51eb6e9364e,completed,classic,crate_navigation_evaluate,400,3,3,105,0,0,0,1,46,46,46,0,400,0.0033954250812530517,0.005122661590576171,0.005699634552001953,0,0
task2-winner-evaluation-v1,main_validation,22,child_task2,11078,runs/task2winner_main_s22_child_t2_814173b,task2winner_main_s22_child_t2_814173b_s11078,runs/task2winner_replica_cv2_r7_s22_t2_v7_814173b/checkpoints/final.pt,74cf3fca33acb59f003949006c7401a5a9f58c1785dd8b294b548bd7bd307715,814173b618fb38990db7a5b7ee200369c8b25289,b3dafd35f05214bac1058d7e16407e8cb113322a10c590efb748a51eb6e9364e,completed,classic,crate_navigation_evaluate,400,8,8,107,0,0,0,1,50,49,49,0,400,0.003399568200111389,0.004749977588653565,0.0058441162109375,0,0
task2-winner-evaluation-v1,main_validation,22,child_task2,11079,runs/task2winner_main_s22_child_t2_814173b,task2winner_main_s22_child_t2_814173b_s11079,runs/task2winner_replica_cv2_r7_s22_t2_v7_814173b/checkpoints/final.pt,74cf3fca33acb59f003949006c7401a5a9f58c1785dd8b294b548bd7bd307715,814173b618fb38990db7a5b7ee200369c8b25289,b3dafd35f05214bac1058d7e16407e8cb113322a10c590efb748a51eb6e9364e,completed,classic,crate_navigation_evaluate,400,8,8,103,0,0,0,1,33,33,33,0,400,0.0040223789215087895,0.005795538425445557,0.006255388259887695,0,0
task2-winner-evaluation-v1,main_validation,22,child_task2,11080,runs/task2winner_main_s22_child_t2_814173b,task2winner_main_s22_child_t2_814173b_s11080,runs/task2winner_replica_cv2_r7_s22_t2_v7_814173b/checkpoints/final.pt,74cf3fca33acb59f003949006c7401a5a9f58c1785dd8b294b548bd7bd307715,814173b618fb38990db7a5b7ee200369c8b25289,b3dafd35f05214bac1058d7e16407e8cb113322a10c590efb748a51eb6e9364e,completed,classic,crate_navigation_evaluate,400,7,7,99,0,0,0,1,45,45,45,0,400,0.003547528386116028,0.005462229251861572,0.006152153015136719,0,0
task2-winner-evaluation-v1,main_validation,22,child_task2,11081,runs/task2winner_main_s22_child_t2_814173b,task2winner_main_s22_child_t2_814173b_s11081,runs/task2winner_replica_cv2_r7_s22_t2_v7_814173b/checkpoints/final.pt,74cf3fca33acb59f003949006c7401a5a9f58c1785dd8b294b548bd7bd307715,814173b618fb38990db7a5b7ee200369c8b25289,b3dafd35f05214bac1058d7e16407e8cb113322a10c590efb748a51eb6e9364e,completed,classic,crate_navigation_evaluate,400,9,9,113,0,0,0,1,45,45,45,0,400,0.003461564779281616,0.005356168746948241,0.006140232086181641,0,0
task2-winner-evaluation-v1,main_validation,22,child_task2,11082,runs/task2winner_main_s22_child_t2_814173b,task2winner_main_s22_child_t2_814173b_s11082,runs/task2winner_replica_cv2_r7_s22_t2_v7_814173b/checkpoints/final.pt,74cf3fca33acb59f003949006c7401a5a9f58c1785dd8b294b548bd7bd307715,814173b618fb38990db7a5b7ee200369c8b25289,b3dafd35f05214bac1058d7e16407e8cb113322a10c590efb748a51eb6e9364e,completed,classic,crate_navigation_evaluate,400,6,6,79,0,0,0,1,47,47,47,0,400,0.0035187220573425293,0.004983353614807128,0.005408287048339844,0,0
task2-winner-evaluation-v1,main_validation,22,child_task2,11083,runs/task2winner_main_s22_child_t2_814173b,task2winner_main_s22_child_t2_814173b_s11083,runs/task2winner_replica_cv2_r7_s22_t2_v7_814173b/checkpoints/final.pt,74cf3fca33acb59f003949006c7401a5a9f58c1785dd8b294b548bd7bd307715,814173b618fb38990db7a5b7ee200369c8b25289,b3dafd35f05214bac1058d7e16407e8cb113322a10c590efb748a51eb6e9364e,completed,classic,crate_navigation_evaluate,400,8,8,88,0,0,0,1,30,30,30,0,400,0.004083716869354248,0.005594098567962647,0.00832819938659668,0,0
task2-winner-evaluation-v1,main_validation,22,child_task2,11084,runs/task2winner_main_s22_child_t2_814173b,task2winner_main_s22_child_t2_814173b_s11084,runs/task2winner_replica_cv2_r7_s22_t2_v7_814173b/checkpoints/final.pt,74cf3fca33acb59f003949006c7401a5a9f58c1785dd8b294b548bd7bd307715,814173b618fb38990db7a5b7ee200369c8b25289,b3dafd35f05214bac1058d7e16407e8cb113322a10c590efb748a51eb6e9364e,completed,classic,crate_navigation_evaluate,400,8,8,106,0,0,0,1,47,47,47,0,400,0.0034411108493804933,0.005111670494079589,0.0057942867279052734,0,0
task2-winner-evaluation-v1,main_validation,22,child_task2,11085,runs/task2winner_main_s22_child_t2_814173b,task2winner_main_s22_child_t2_814173b_s11085,runs/task2winner_replica_cv2_r7_s22_t2_v7_814173b/checkpoints/final.pt,74cf3fca33acb59f003949006c7401a5a9f58c1785dd8b294b548bd7bd307715,814173b618fb38990db7a5b7ee200369c8b25289,b3dafd35f05214bac1058d7e16407e8cb113322a10c590efb748a51eb6e9364e,completed,classic,crate_navigation_evaluate,400,8,8,97,0,0,0,1,49,49,49,0,400,0.0034866249561309815,0.004904925823211667,0.005797624588012695,0,0
task2-winner-evaluation-v1,main_validation,22,child_task2,11086,runs/task2winner_main_s22_child_t2_814173b,task2winner_main_s22_child_t2_814173b_s11086,runs/task2winner_replica_cv2_r7_s22_t2_v7_814173b/checkpoints/final.pt,74cf3fca33acb59f003949006c7401a5a9f58c1785dd8b294b548bd7bd307715,814173b618fb38990db7a5b7ee200369c8b25289,b3dafd35f05214bac1058d7e16407e8cb113322a10c590efb748a51eb6e9364e,completed,classic,crate_navigation_evaluate,400,7,7,109,0,0,0,1,44,44,44,0,400,0.0036417466402053835,0.00532538890838623,0.006212949752807617,0,0
task2-winner-evaluation-v1,main_validation,22,child_task2,11087,runs/task2winner_main_s22_child_t2_814173b,task2winner_main_s22_child_t2_814173b_s11087,runs/task2winner_replica_cv2_r7_s22_t2_v7_814173b/checkpoints/final.pt,74cf3fca33acb59f003949006c7401a5a9f58c1785dd8b294b548bd7bd307715,814173b618fb38990db7a5b7ee200369c8b25289,b3dafd35f05214bac1058d7e16407e8cb113322a10c590efb748a51eb6e9364e,completed,classic,crate_navigation_evaluate,400,7,7,113,0,0,0,1,46,46,46,0,400,0.0035684561729431154,0.0053142070770263675,0.006006479263305664,0,0
task2-winner-evaluation-v1,main_validation,22,child_task2,11088,runs/task2winner_main_s22_child_t2_814173b,task2winner_main_s22_child_t2_814173b_s11088,runs/task2winner_replica_cv2_r7_s22_t2_v7_814173b/checkpoints/final.pt,74cf3fca33acb59f003949006c7401a5a9f58c1785dd8b294b548bd7bd307715,814173b618fb38990db7a5b7ee200369c8b25289,b3dafd35f05214bac1058d7e16407e8cb113322a10c590efb748a51eb6e9364e,completed,classic,crate_navigation_evaluate,400,9,9,112,0,0,0,1,49,49,49,0,400,0.00355329155921936,0.004882264137268066,0.0064160823822021484,0,0
task2-winner-evaluation-v1,main_validation,22,child_task2,11089,runs/task2winner_main_s22_child_t2_814173b,task2winner_main_s22_child_t2_814173b_s11089,runs/task2winner_replica_cv2_r7_s22_t2_v7_814173b/checkpoints/final.pt,74cf3fca33acb59f003949006c7401a5a9f58c1785dd8b294b548bd7bd307715,814173b618fb38990db7a5b7ee200369c8b25289,b3dafd35f05214bac1058d7e16407e8cb113322a10c590efb748a51eb6e9364e,completed,classic,crate_navigation_evaluate,400,9,9,119,0,0,0,1,46,46,46,0,400,0.0036917442083358766,0.005693578720092773,0.006326198577880859,0,0
task2-winner-evaluation-v1,main_validation,22,child_task2,11090,runs/task2winner_main_s22_child_t2_814173b,task2winner_main_s22_child_t2_814173b_s11090,runs/task2winner_replica_cv2_r7_s22_t2_v7_814173b/checkpoints/final.pt,74cf3fca33acb59f003949006c7401a5a9f58c1785dd8b294b548bd7bd307715,814173b618fb38990db7a5b7ee200369c8b25289,b3dafd35f05214bac1058d7e16407e8cb113322a10c590efb748a51eb6e9364e,completed,classic,crate_navigation_evaluate,400,8,8,104,0,0,0,1,53,53,53,0,400,0.0033930677175521852,0.004849267005920409,0.005490779876708984,0,0
task2-winner-evaluation-v1,main_validation,22,child_task2,11091,runs/task2winner_main_s22_child_t2_814173b,task2winner_main_s22_child_t2_814173b_s11091,runs/task2winner_replica_cv2_r7_s22_t2_v7_814173b/checkpoints/final.pt,74cf3fca33acb59f003949006c7401a5a9f58c1785dd8b294b548bd7bd307715,814173b618fb38990db7a5b7ee200369c8b25289,b3dafd35f05214bac1058d7e16407e8cb113322a10c590efb748a51eb6e9364e,completed,classic,crate_navigation_evaluate,400,8,8,119,0,0,0,1,51,50,50,0,400,0.0032775008678436277,0.004831016063690184,0.0064122676849365234,0,0
task2-winner-evaluation-v1,main_validation,22,child_task2,11092,runs/task2winner_main_s22_child_t2_814173b,task2winner_main_s22_child_t2_814173b_s11092,runs/task2winner_replica_cv2_r7_s22_t2_v7_814173b/checkpoints/final.pt,74cf3fca33acb59f003949006c7401a5a9f58c1785dd8b294b548bd7bd307715,814173b618fb38990db7a5b7ee200369c8b25289,b3dafd35f05214bac1058d7e16407e8cb113322a10c590efb748a51eb6e9364e,completed,classic,crate_navigation_evaluate,400,7,7,83,0,0,0,1,33,33,33,0,400,0.0038963961601257324,0.005300772190093994,0.0055980682373046875,0,0
task2-winner-evaluation-v1,main_validation,22,child_task2,11093,runs/task2winner_main_s22_child_t2_814173b,task2winner_main_s22_child_t2_814173b_s11093,runs/task2winner_replica_cv2_r7_s22_t2_v7_814173b/checkpoints/final.pt,74cf3fca33acb59f003949006c7401a5a9f58c1785dd8b294b548bd7bd307715,814173b618fb38990db7a5b7ee200369c8b25289,b3dafd35f05214bac1058d7e16407e8cb113322a10c590efb748a51eb6e9364e,completed,classic,crate_navigation_evaluate,400,7,7,111,0,0,0,1,51,50,50,0,400,0.003344191312789917,0.004806649684906006,0.005677461624145508,0,0
task2-winner-evaluation-v1,main_validation,22,child_task2,11094,runs/task2winner_main_s22_child_t2_814173b,task2winner_main_s22_child_t2_814173b_s11094,runs/task2winner_replica_cv2_r7_s22_t2_v7_814173b/checkpoints/final.pt,74cf3fca33acb59f003949006c7401a5a9f58c1785dd8b294b548bd7bd307715,814173b618fb38990db7a5b7ee200369c8b25289,b3dafd35f05214bac1058d7e16407e8cb113322a10c590efb748a51eb6e9364e,completed,classic,crate_navigation_evaluate,400,6,6,91,0,0,0,1,47,47,47,0,400,0.0033369553089141846,0.004955899715423584,0.006303310394287109,0,0
task2-winner-evaluation-v1,main_validation,22,child_task2,11095,runs/task2winner_main_s22_child_t2_814173b,task2winner_main_s22_child_t2_814173b_s11095,runs/task2winner_replica_cv2_r7_s22_t2_v7_814173b/checkpoints/final.pt,74cf3fca33acb59f003949006c7401a5a9f58c1785dd8b294b548bd7bd307715,814173b618fb38990db7a5b7ee200369c8b25289,b3dafd35f05214bac1058d7e16407e8cb113322a10c590efb748a51eb6e9364e,completed,classic,crate_navigation_evaluate,400,6,6,104,0,0,0,1,48,48,48,0,400,0.0034639495611190796,0.0050548434257507305,0.005742788314819336,0,0
task2-winner-evaluation-v1,main_validation,22,child_task2,11096,runs/task2winner_main_s22_child_t2_814173b,task2winner_main_s22_child_t2_814173b_s11096,runs/task2winner_replica_cv2_r7_s22_t2_v7_814173b/checkpoints/final.pt,74cf3fca33acb59f003949006c7401a5a9f58c1785dd8b294b548bd7bd307715,814173b618fb38990db7a5b7ee200369c8b25289,b3dafd35f05214bac1058d7e16407e8cb113322a10c590efb748a51eb6e9364e,completed,classic,crate_navigation_evaluate,400,7,7,80,0,0,0,1,36,36,36,0,400,0.0037899059057235718,0.005415654182434081,0.005887031555175781,0,0
task2-winner-evaluation-v1,main_validation,22,child_task2,11097,runs/task2winner_main_s22_child_t2_814173b,task2winner_main_s22_child_t2_814173b_s11097,runs/task2winner_replica_cv2_r7_s22_t2_v7_814173b/checkpoints/final.pt,74cf3fca33acb59f003949006c7401a5a9f58c1785dd8b294b548bd7bd307715,814173b618fb38990db7a5b7ee200369c8b25289,b3dafd35f05214bac1058d7e16407e8cb113322a10c590efb748a51eb6e9364e,completed,classic,crate_navigation_evaluate,400,8,8,93,0,0,0,1,37,37,37,0,400,0.0037658864259719847,0.005462813377380371,0.005884885787963867,0,0
task2-winner-evaluation-v1,main_validation,22,child_task2,11098,runs/task2winner_main_s22_child_t2_814173b,task2winner_main_s22_child_t2_814173b_s11098,runs/task2winner_replica_cv2_r7_s22_t2_v7_814173b/checkpoints/final.pt,74cf3fca33acb59f003949006c7401a5a9f58c1785dd8b294b548bd7bd307715,814173b618fb38990db7a5b7ee200369c8b25289,b3dafd35f05214bac1058d7e16407e8cb113322a10c590efb748a51eb6e9364e,completed,classic,crate_navigation_evaluate,400,9,9,108,0,0,0,1,44,44,44,0,400,0.0035447263717651367,0.005479586124420167,0.005968332290649414,0,0
task2-winner-evaluation-v1,main_validation,22,child_task2,11099,runs/task2winner_main_s22_child_t2_814173b,task2winner_main_s22_child_t2_814173b_s11099,runs/task2winner_replica_cv2_r7_s22_t2_v7_814173b/checkpoints/final.pt,74cf3fca33acb59f003949006c7401a5a9f58c1785dd8b294b548bd7bd307715,814173b618fb38990db7a5b7ee200369c8b25289,b3dafd35f05214bac1058d7e16407e8cb113322a10c590efb748a51eb6e9364e,completed,classic,crate_navigation_evaluate,400,7,7,85,0,0,0,1,33,33,33,0,400,0.004050716757774353,0.005645358562469482,0.005980014801025391,0,0
