iteration_round,arm,training_seed,cumulative_task3_rounds,role,task,environment_seed,run_id,checkpoint,source_commit,source_hash,status,score,coins,crates,kills,suicides,bombs,bombs_resolved,bombs_survived,invalid_actions,survived,exclusive_first,tied_first,act_count,act_p95_seconds,act_max_seconds,timeouts,skipped_actions,early_weighted_coins_per_100_steps,early_weighted_crates_per_100_steps,late_mobility_crisis_rate,geometric_edge_rate
1,task2_parent,11,0,parent_task1,coin_navigation,13000,task3_phase_r1_parent_s11_task1_125124f_s13000,/export/data/sfan/MLE_final_project/runs/scoreconv_ddqn_cv2_r7_s11_t2_v7_814173b/checkpoints/final.pt,125124f7c09f88714c4704b4d2ac06824cbf265f,ad9d33d9cf17a3363082e4c33e08023f6234ada81110733bec00c33d1c07669e,completed,50.0,50.0,0.0,0.0,0.0,0.0,0.0,0.0,0.0,1.0,1.0,0.0,132,0.007077217102050781,0.00813603401184082,0,0,,,,
1,task2_parent,11,0,parent_task1,coin_navigation,13001,task3_phase_r1_parent_s11_task1_125124f_s13001,/export/data/sfan/MLE_final_project/runs/scoreconv_ddqn_cv2_r7_s11_t2_v7_814173b/checkpoints/final.pt,125124f7c09f88714c4704b4d2ac06824cbf265f,ad9d33d9cf17a3363082e4c33e08023f6234ada81110733bec00c33d1c07669e,completed,50.0,50.0,0.0,0.0,0.0,0.0,0.0,0.0,0.0,1.0,1.0,0.0,122,0.007505178451538086,0.01046895980834961,0,0,,,,
1,task2_parent,11,0,parent_task1,coin_navigation,13002,task3_phase_r1_parent_s11_task1_125124f_s13002,/export/data/sfan/MLE_final_project/runs/scoreconv_ddqn_cv2_r7_s11_t2_v7_814173b/checkpoints/final.pt,125124f7c09f88714c4704b4d2ac06824cbf265f,ad9d33d9cf17a3363082e4c33e08023f6234ada81110733bec00c33d1c07669e,completed,50.0,50.0,0.0,0.0,0.0,0.0,0.0,0.0,0.0,1.0,1.0,0.0,111,0.00702214241027832,0.00868368148803711,0,0,,,,
1,task2_parent,11,0,parent_task1,coin_navigation,13003,task3_phase_r1_parent_s11_task1_125124f_s13003,/export/data/sfan/MLE_final_project/runs/scoreconv_ddqn_cv2_r7_s11_t2_v7_814173b/checkpoints/final.pt,125124f7c09f88714c4704b4d2ac06824cbf265f,ad9d33d9cf17a3363082e4c33e08023f6234ada81110733bec00c33d1c07669e,completed,50.0,50.0,0.0,0.0,0.0,0.0,0.0,0.0,0.0,1.0,1.0,0.0,117,0.007280826568603516,0.007836580276489258,0,0,,,,
1,task2_parent,11,0,parent_task1,coin_navigation,13004,task3_phase_r1_parent_s11_task1_125124f_s13004,/export/data/sfan/MLE_final_project/runs/scoreconv_ddqn_cv2_r7_s11_t2_v7_814173b/checkpoints/final.pt,125124f7c09f88714c4704b4d2ac06824cbf265f,ad9d33d9cf17a3363082e4c33e08023f6234ada81110733bec00c33d1c07669e,completed,50.0,50.0,0.0,0.0,0.0,0.0,0.0,0.0,0.0,1.0,1.0,0.0,121,0.007066965103149414,0.007527589797973633,0,0,,,,
1,task2_parent,11,0,parent_task1,coin_navigation,13005,task3_phase_r1_parent_s11_task1_125124f_s13005,/export/data/sfan/MLE_final_project/runs/scoreconv_ddqn_cv2_r7_s11_t2_v7_814173b/checkpoints/final.pt,125124f7c09f88714c4704b4d2ac06824cbf265f,ad9d33d9cf17a3363082e4c33e08023f6234ada81110733bec00c33d1c07669e,completed,50.0,50.0,0.0,0.0,0.0,0.0,0.0,0.0,0.0,1.0,1.0,0.0,135,0.0070362091064453125,0.007323503494262695,0,0,,,,
1,task2_parent,11,0,parent_task1,coin_navigation,13006,task3_phase_r1_parent_s11_task1_125124f_s13006,/export/data/sfan/MLE_final_project/runs/scoreconv_ddqn_cv2_r7_s11_t2_v7_814173b/checkpoints/final.pt,125124f7c09f88714c4704b4d2ac06824cbf265f,ad9d33d9cf17a3363082e4c33e08023f6234ada81110733bec00c33d1c07669e,completed,50.0,50.0,0.0,0.0,0.0,0.0,0.0,0.0,0.0,1.0,1.0,0.0,114,0.007470130920410156,0.007881641387939453,0,0,,,,
1,task2_parent,11,0,parent_task1,coin_navigation,13007,task3_phase_r1_parent_s11_task1_125124f_s13007,/export/data/sfan/MLE_final_project/runs/scoreconv_ddqn_cv2_r7_s11_t2_v7_814173b/checkpoints/final.pt,125124f7c09f88714c4704b4d2ac06824cbf265f,ad9d33d9cf17a3363082e4c33e08023f6234ada81110733bec00c33d1c07669e,completed,50.0,50.0,0.0,0.0,0.0,0.0,0.0,0.0,0.0,1.0,1.0,0.0,124,0.0068590641021728516,0.007227897644042969,0,0,,,,
1,task2_parent,11,0,parent_task1,coin_navigation,13008,task3_phase_r1_parent_s11_task1_125124f_s13008,/export/data/sfan/MLE_final_project/runs/scoreconv_ddqn_cv2_r7_s11_t2_v7_814173b/checkpoints/final.pt,125124f7c09f88714c4704b4d2ac06824cbf265f,ad9d33d9cf17a3363082e4c33e08023f6234ada81110733bec00c33d1c07669e,completed,50.0,50.0,0.0,0.0,0.0,0.0,0.0,0.0,0.0,1.0,1.0,0.0,164,0.0072917938232421875,0.008009672164916992,0,0,,,,
1,task2_parent,11,0,parent_task1,coin_navigation,13009,task3_phase_r1_parent_s11_task1_125124f_s13009,/export/data/sfan/MLE_final_project/runs/scoreconv_ddqn_cv2_r7_s11_t2_v7_814173b/checkpoints/final.pt,125124f7c09f88714c4704b4d2ac06824cbf265f,ad9d33d9cf17a3363082e4c33e08023f6234ada81110733bec00c33d1c07669e,completed,50.0,50.0,0.0,0.0,0.0,0.0,0.0,0.0,0.0,1.0,1.0,0.0,138,0.007889270782470703,0.008916139602661133,0,0,,,,
1,task2_parent,11,0,parent_task1,coin_navigation,13010,task3_phase_r1_parent_s11_task1_125124f_s13010,/export/data/sfan/MLE_final_project/runs/scoreconv_ddqn_cv2_r7_s11_t2_v7_814173b/checkpoints/final.pt,125124f7c09f88714c4704b4d2ac06824cbf265f,ad9d33d9cf17a3363082e4c33e08023f6234ada81110733bec00c33d1c07669e,completed,50.0,50.0,0.0,0.0,0.0,0.0,0.0,0.0,0.0,1.0,1.0,0.0,122,0.0069501399993896484,0.0075109004974365234,0,0,,,,
1,task2_parent,11,0,parent_task1,coin_navigation,13011,task3_phase_r1_parent_s11_task1_125124f_s13011,/export/data/sfan/MLE_final_project/runs/scoreconv_ddqn_cv2_r7_s11_t2_v7_814173b/checkpoints/final.pt,125124f7c09f88714c4704b4d2ac06824cbf265f,ad9d33d9cf17a3363082e4c33e08023f6234ada81110733bec00c33d1c07669e,completed,50.0,50.0,0.0,0.0,0.0,0.0,0.0,0.0,0.0,1.0,1.0,0.0,138,0.0069122314453125,0.0072002410888671875,0,0,,,,
1,task2_parent,11,0,parent_task1,coin_navigation,13012,task3_phase_r1_parent_s11_task1_125124f_s13012,/export/data/sfan/MLE_final_project/runs/scoreconv_ddqn_cv2_r7_s11_t2_v7_814173b/checkpoints/final.pt,125124f7c09f88714c4704b4d2ac06824cbf265f,ad9d33d9cf17a3363082e4c33e08023f6234ada81110733bec00c33d1c07669e,completed,50.0,50.0,0.0,0.0,0.0,0.0,0.0,0.0,0.0,1.0,1.0,0.0,121,0.008449077606201172,0.01023244857788086,0,0,,,,
1,task2_parent,11,0,parent_task1,coin_navigation,13013,task3_phase_r1_parent_s11_task1_125124f_s13013,/export/data/sfan/MLE_final_project/runs/scoreconv_ddqn_cv2_r7_s11_t2_v7_814173b/checkpoints/final.pt,125124f7c09f88714c4704b4d2ac06824cbf265f,ad9d33d9cf17a3363082e4c33e08023f6234ada81110733bec00c33d1c07669e,completed,50.0,50.0,0.0,0.0,0.0,0.0,0.0,0.0,0.0,1.0,1.0,0.0,124,0.007215023040771484,0.008413076400756836,0,0,,,,
1,task2_parent,11,0,parent_task1,coin_navigation,13014,task3_phase_r1_parent_s11_task1_125124f_s13014,/export/data/sfan/MLE_final_project/runs/scoreconv_ddqn_cv2_r7_s11_t2_v7_814173b/checkpoints/final.pt,125124f7c09f88714c4704b4d2ac06824cbf265f,ad9d33d9cf17a3363082e4c33e08023f6234ada81110733bec00c33d1c07669e,completed,50.0,50.0,0.0,0.0,0.0,0.0,0.0,0.0,0.0,1.0,1.0,0.0,138,0.007691144943237305,0.009758710861206055,0,0,,,,
1,task2_parent,11,0,parent_task1,coin_navigation,13015,task3_phase_r1_parent_s11_task1_125124f_s13015,/export/data/sfan/MLE_final_project/runs/scoreconv_ddqn_cv2_r7_s11_t2_v7_814173b/checkpoints/final.pt,125124f7c09f88714c4704b4d2ac06824cbf265f,ad9d33d9cf17a3363082e4c33e08023f6234ada81110733bec00c33d1c07669e,completed,50.0,50.0,0.0,0.0,0.0,0.0,0.0,0.0,0.0,1.0,1.0,0.0,126,0.007158517837524414,0.008162498474121094,0,0,,,,
1,task2_parent,11,0,parent_task1,coin_navigation,13016,task3_phase_r1_parent_s11_task1_125124f_s13016,/export/data/sfan/MLE_final_project/runs/scoreconv_ddqn_cv2_r7_s11_t2_v7_814173b/checkpoints/final.pt,125124f7c09f88714c4704b4d2ac06824cbf265f,ad9d33d9cf17a3363082e4c33e08023f6234ada81110733bec00c33d1c07669e,completed,50.0,50.0,0.0,0.0,0.0,0.0,0.0,0.0,0.0,1.0,1.0,0.0,116,0.0073909759521484375,0.008231639862060547,0,0,,,,
1,task2_parent,11,0,parent_task1,coin_navigation,13017,task3_phase_r1_parent_s11_task1_125124f_s13017,/export/data/sfan/MLE_final_project/runs/scoreconv_ddqn_cv2_r7_s11_t2_v7_814173b/checkpoints/final.pt,125124f7c09f88714c4704b4d2ac06824cbf265f,ad9d33d9cf17a3363082e4c33e08023f6234ada81110733bec00c33d1c07669e,completed,50.0,50.0,0.0,0.0,0.0,0.0,0.0,0.0,0.0,1.0,1.0,0.0,162,0.007061004638671875,0.007497549057006836,0,0,,,,
1,task2_parent,11,0,parent_task1,coin_navigation,13018,task3_phase_r1_parent_s11_task1_125124f_s13018,/export/data/sfan/MLE_final_project/runs/scoreconv_ddqn_cv2_r7_s11_t2_v7_814173b/checkpoints/final.pt,125124f7c09f88714c4704b4d2ac06824cbf265f,ad9d33d9cf17a3363082e4c33e08023f6234ada81110733bec00c33d1c07669e,completed,50.0,50.0,0.0,0.0,0.0,0.0,0.0,0.0,0.0,1.0,1.0,0.0,138,0.007523775100708008,0.00855255126953125,0,0,,,,
1,task2_parent,11,0,parent_task1,coin_navigation,13019,task3_phase_r1_parent_s11_task1_125124f_s13019,/export/data/sfan/MLE_final_project/runs/scoreconv_ddqn_cv2_r7_s11_t2_v7_814173b/checkpoints/final.pt,125124f7c09f88714c4704b4d2ac06824cbf265f,ad9d33d9cf17a3363082e4c33e08023f6234ada81110733bec00c33d1c07669e,completed,50.0,50.0,0.0,0.0,0.0,0.0,0.0,0.0,0.0,1.0,1.0,0.0,127,0.008205175399780273,0.008924007415771484,0,0,,,,
1,phase_r7,11,500,child_task1,coin_navigation,13000,task3_phase_r1_phase_r7_s11_c0500_task1_125124f_s13000,/export/data/sfan/MLE_final_project/runs/task3_phase_r1_phase_r7_s11_c0500_125124f/checkpoints/final.pt,125124f7c09f88714c4704b4d2ac06824cbf265f,ad9d33d9cf17a3363082e4c33e08023f6234ada81110733bec00c33d1c07669e,completed,50.0,50.0,0.0,0.0,0.0,0.0,0.0,0.0,0.0,1.0,1.0,0.0,125,0.02078557014465332,0.021083593368530273,0,0,,,,
1,phase_r7,11,500,child_task1,coin_navigation,13001,task3_phase_r1_phase_r7_s11_c0500_task1_125124f_s13001,/export/data/sfan/MLE_final_project/runs/task3_phase_r1_phase_r7_s11_c0500_125124f/checkpoints/final.pt,125124f7c09f88714c4704b4d2ac06824cbf265f,ad9d33d9cf17a3363082e4c33e08023f6234ada81110733bec00c33d1c07669e,completed,50.0,50.0,0.0,0.0,0.0,0.0,0.0,0.0,0.0,1.0,1.0,0.0,115,0.01962876319885254,0.019958972930908203,0,0,,,,
1,phase_r7,11,500,child_task1,coin_navigation,13002,task3_phase_r1_phase_r7_s11_c0500_task1_125124f_s13002,/export/data/sfan/MLE_final_project/runs/task3_phase_r1_phase_r7_s11_c0500_125124f/checkpoints/final.pt,125124f7c09f88714c4704b4d2ac06824cbf265f,ad9d33d9cf17a3363082e4c33e08023f6234ada81110733bec00c33d1c07669e,completed,50.0,50.0,0.0,0.0,0.0,0.0,0.0,0.0,0.0,1.0,1.0,0.0,111,0.019789457321166992,0.019968509674072266,0,0,,,,
1,phase_r7,11,500,child_task1,coin_navigation,13003,task3_phase_r1_phase_r7_s11_c0500_task1_125124f_s13003,/export/data/sfan/MLE_final_project/runs/task3_phase_r1_phase_r7_s11_c0500_125124f/checkpoints/final.pt,125124f7c09f88714c4704b4d2ac06824cbf265f,ad9d33d9cf17a3363082e4c33e08023f6234ada81110733bec00c33d1c07669e,completed,50.0,50.0,0.0,0.0,0.0,0.0,0.0,0.0,0.0,1.0,1.0,0.0,127,0.019776582717895508,0.01999378204345703,0,0,,,,
1,phase_r7,11,500,child_task1,coin_navigation,13004,task3_phase_r1_phase_r7_s11_c0500_task1_125124f_s13004,/export/data/sfan/MLE_final_project/runs/task3_phase_r1_phase_r7_s11_c0500_125124f/checkpoints/final.pt,125124f7c09f88714c4704b4d2ac06824cbf265f,ad9d33d9cf17a3363082e4c33e08023f6234ada81110733bec00c33d1c07669e,completed,50.0,50.0,0.0,0.0,0.0,0.0,0.0,0.0,0.0,1.0,1.0,0.0,120,0.0200042724609375,0.02103877067565918,0,0,,,,
1,phase_r7,11,500,child_task1,coin_navigation,13005,task3_phase_r1_phase_r7_s11_c0500_task1_125124f_s13005,/export/data/sfan/MLE_final_project/runs/task3_phase_r1_phase_r7_s11_c0500_125124f/checkpoints/final.pt,125124f7c09f88714c4704b4d2ac06824cbf265f,ad9d33d9cf17a3363082e4c33e08023f6234ada81110733bec00c33d1c07669e,completed,50.0,50.0,0.0,0.0,0.0,0.0,0.0,0.0,0.0,1.0,1.0,0.0,133,0.02048182487487793,0.02137899398803711,0,0,,,,
1,phase_r7,11,500,child_task1,coin_navigation,13006,task3_phase_r1_phase_r7_s11_c0500_task1_125124f_s13006,/export/data/sfan/MLE_final_project/runs/task3_phase_r1_phase_r7_s11_c0500_125124f/checkpoints/final.pt,125124f7c09f88714c4704b4d2ac06824cbf265f,ad9d33d9cf17a3363082e4c33e08023f6234ada81110733bec00c33d1c07669e,completed,50.0,50.0,0.0,0.0,0.0,0.0,0.0,0.0,0.0,1.0,1.0,0.0,114,0.019962072372436523,0.020168781280517578,0,0,,,,
1,phase_r7,11,500,child_task1,coin_navigation,13007,task3_phase_r1_phase_r7_s11_c0500_task1_125124f_s13007,/export/data/sfan/MLE_final_project/runs/task3_phase_r1_phase_r7_s11_c0500_125124f/checkpoints/final.pt,125124f7c09f88714c4704b4d2ac06824cbf265f,ad9d33d9cf17a3363082e4c33e08023f6234ada81110733bec00c33d1c07669e,completed,50.0,50.0,0.0,0.0,0.0,0.0,0.0,0.0,0.0,1.0,1.0,0.0,122,0.020014286041259766,0.020996570587158203,0,0,,,,
1,phase_r7,11,500,child_task1,coin_navigation,13008,task3_phase_r1_phase_r7_s11_c0500_task1_125124f_s13008,/export/data/sfan/MLE_final_project/runs/task3_phase_r1_phase_r7_s11_c0500_125124f/checkpoints/final.pt,125124f7c09f88714c4704b4d2ac06824cbf265f,ad9d33d9cf17a3363082e4c33e08023f6234ada81110733bec00c33d1c07669e,completed,50.0,50.0,0.0,0.0,0.0,0.0,0.0,0.0,0.0,1.0,1.0,0.0,294,0.019863128662109375,0.020928144454956055,0,0,,,,
1,phase_r7,11,500,child_task1,coin_navigation,13009,task3_phase_r1_phase_r7_s11_c0500_task1_125124f_s13009,/export/data/sfan/MLE_final_project/runs/task3_phase_r1_phase_r7_s11_c0500_125124f/checkpoints/final.pt,125124f7c09f88714c4704b4d2ac06824cbf265f,ad9d33d9cf17a3363082e4c33e08023f6234ada81110733bec00c33d1c07669e,completed,50.0,50.0,0.0,0.0,0.0,0.0,0.0,0.0,0.0,1.0,1.0,0.0,130,0.02015972137451172,0.021462678909301758,0,0,,,,
1,phase_r7,11,500,child_task1,coin_navigation,13010,task3_phase_r1_phase_r7_s11_c0500_task1_125124f_s13010,/export/data/sfan/MLE_final_project/runs/task3_phase_r1_phase_r7_s11_c0500_125124f/checkpoints/final.pt,125124f7c09f88714c4704b4d2ac06824cbf265f,ad9d33d9cf17a3363082e4c33e08023f6234ada81110733bec00c33d1c07669e,completed,50.0,50.0,0.0,0.0,0.0,0.0,0.0,0.0,0.0,1.0,1.0,0.0,119,0.019846200942993164,0.019999980926513672,0,0,,,,
1,phase_r7,11,500,child_task1,coin_navigation,13011,task3_phase_r1_phase_r7_s11_c0500_task1_125124f_s13011,/export/data/sfan/MLE_final_project/runs/task3_phase_r1_phase_r7_s11_c0500_125124f/checkpoints/final.pt,125124f7c09f88714c4704b4d2ac06824cbf265f,ad9d33d9cf17a3363082e4c33e08023f6234ada81110733bec00c33d1c07669e,completed,50.0,50.0,0.0,0.0,0.0,0.0,0.0,0.0,0.0,1.0,1.0,0.0,129,0.01967167854309082,0.020293712615966797,0,0,,,,
1,phase_r7,11,500,child_task1,coin_navigation,13012,task3_phase_r1_phase_r7_s11_c0500_task1_125124f_s13012,/export/data/sfan/MLE_final_project/runs/task3_phase_r1_phase_r7_s11_c0500_125124f/checkpoints/final.pt,125124f7c09f88714c4704b4d2ac06824cbf265f,ad9d33d9cf17a3363082e4c33e08023f6234ada81110733bec00c33d1c07669e,completed,50.0,50.0,0.0,0.0,0.0,0.0,0.0,0.0,0.0,1.0,1.0,0.0,131,0.019980907440185547,0.022559165954589844,0,0,,,,
1,phase_r7,11,500,child_task1,coin_navigation,13013,task3_phase_r1_phase_r7_s11_c0500_task1_125124f_s13013,/export/data/sfan/MLE_final_project/runs/task3_phase_r1_phase_r7_s11_c0500_125124f/checkpoints/final.pt,125124f7c09f88714c4704b4d2ac06824cbf265f,ad9d33d9cf17a3363082e4c33e08023f6234ada81110733bec00c33d1c07669e,completed,50.0,50.0,0.0,0.0,0.0,0.0,0.0,0.0,0.0,1.0,1.0,0.0,122,0.020543336868286133,0.02116870880126953,0,0,,,,
1,phase_r7,11,500,child_task1,coin_navigation,13014,task3_phase_r1_phase_r7_s11_c0500_task1_125124f_s13014,/export/data/sfan/MLE_final_project/runs/task3_phase_r1_phase_r7_s11_c0500_125124f/checkpoints/final.pt,125124f7c09f88714c4704b4d2ac06824cbf265f,ad9d33d9cf17a3363082e4c33e08023f6234ada81110733bec00c33d1c07669e,completed,50.0,50.0,0.0,0.0,0.0,0.0,0.0,0.0,0.0,1.0,1.0,0.0,141,0.01992321014404297,0.02116847038269043,0,0,,,,
1,phase_r7,11,500,child_task1,coin_navigation,13015,task3_phase_r1_phase_r7_s11_c0500_task1_125124f_s13015,/export/data/sfan/MLE_final_project/runs/task3_phase_r1_phase_r7_s11_c0500_125124f/checkpoints/final.pt,125124f7c09f88714c4704b4d2ac06824cbf265f,ad9d33d9cf17a3363082e4c33e08023f6234ada81110733bec00c33d1c07669e,completed,50.0,50.0,0.0,0.0,0.0,0.0,0.0,0.0,0.0,1.0,1.0,0.0,129,0.01978158950805664,0.01996898651123047,0,0,,,,
1,phase_r7,11,500,child_task1,coin_navigation,13016,task3_phase_r1_phase_r7_s11_c0500_task1_125124f_s13016,/export/data/sfan/MLE_final_project/runs/task3_phase_r1_phase_r7_s11_c0500_125124f/checkpoints/final.pt,125124f7c09f88714c4704b4d2ac06824cbf265f,ad9d33d9cf17a3363082e4c33e08023f6234ada81110733bec00c33d1c07669e,completed,50.0,50.0,0.0,0.0,0.0,0.0,0.0,0.0,0.0,1.0,1.0,0.0,119,0.019823074340820312,0.020143508911132812,0,0,,,,
1,phase_r7,11,500,child_task1,coin_navigation,13017,task3_phase_r1_phase_r7_s11_c0500_task1_125124f_s13017,/export/data/sfan/MLE_final_project/runs/task3_phase_r1_phase_r7_s11_c0500_125124f/checkpoints/final.pt,125124f7c09f88714c4704b4d2ac06824cbf265f,ad9d33d9cf17a3363082e4c33e08023f6234ada81110733bec00c33d1c07669e,completed,50.0,50.0,0.0,0.0,0.0,0.0,0.0,0.0,0.0,1.0,1.0,0.0,140,0.020038366317749023,0.02130603790283203,0,0,,,,
1,phase_r7,11,500,child_task1,coin_navigation,13018,task3_phase_r1_phase_r7_s11_c0500_task1_125124f_s13018,/export/data/sfan/MLE_final_project/runs/task3_phase_r1_phase_r7_s11_c0500_125124f/checkpoints/final.pt,125124f7c09f88714c4704b4d2ac06824cbf265f,ad9d33d9cf17a3363082e4c33e08023f6234ada81110733bec00c33d1c07669e,completed,50.0,50.0,0.0,0.0,0.0,0.0,0.0,0.0,0.0,1.0,1.0,0.0,129,0.019908905029296875,0.0202944278717041,0,0,,,,
1,phase_r7,11,500,child_task1,coin_navigation,13019,task3_phase_r1_phase_r7_s11_c0500_task1_125124f_s13019,/export/data/sfan/MLE_final_project/runs/task3_phase_r1_phase_r7_s11_c0500_125124f/checkpoints/final.pt,125124f7c09f88714c4704b4d2ac06824cbf265f,ad9d33d9cf17a3363082e4c33e08023f6234ada81110733bec00c33d1c07669e,completed,50.0,50.0,0.0,0.0,0.0,0.0,0.0,0.0,0.0,1.0,1.0,0.0,125,0.019922256469726562,0.020563364028930664,0,0,,,,
1,task2_parent,11,0,parent_task2,crate_navigation,13000,task3_phase_r1_parent_s11_task2_125124f_s13000,/export/data/sfan/MLE_final_project/runs/scoreconv_ddqn_cv2_r7_s11_t2_v7_814173b/checkpoints/final.pt,125124f7c09f88714c4704b4d2ac06824cbf265f,ad9d33d9cf17a3363082e4c33e08023f6234ada81110733bec00c33d1c07669e,completed,9.0,9.0,101.0,0.0,0.0,53.0,53.0,53.0,0.0,1.0,1.0,0.0,400,0.00471043586730957,0.005542755126953125,0,0,,,,
1,task2_parent,11,0,parent_task2,crate_navigation,13001,task3_phase_r1_parent_s11_task2_125124f_s13001,/export/data/sfan/MLE_final_project/runs/scoreconv_ddqn_cv2_r7_s11_t2_v7_814173b/checkpoints/final.pt,125124f7c09f88714c4704b4d2ac06824cbf265f,ad9d33d9cf17a3363082e4c33e08023f6234ada81110733bec00c33d1c07669e,completed,6.0,6.0,88.0,0.0,0.0,57.0,56.0,56.0,0.0,1.0,1.0,0.0,400,0.004565715789794922,0.005861997604370117,0,0,,,,
1,task2_parent,11,0,parent_task2,crate_navigation,13002,task3_phase_r1_parent_s11_task2_125124f_s13002,/export/data/sfan/MLE_final_project/runs/scoreconv_ddqn_cv2_r7_s11_t2_v7_814173b/checkpoints/final.pt,125124f7c09f88714c4704b4d2ac06824cbf265f,ad9d33d9cf17a3363082e4c33e08023f6234ada81110733bec00c33d1c07669e,completed,9.0,9.0,115.0,0.0,0.0,55.0,55.0,55.0,0.0,1.0,1.0,0.0,400,0.004926204681396484,0.0057637691497802734,0,0,,,,
1,task2_parent,11,0,parent_task2,crate_navigation,13003,task3_phase_r1_parent_s11_task2_125124f_s13003,/export/data/sfan/MLE_final_project/runs/scoreconv_ddqn_cv2_r7_s11_t2_v7_814173b/checkpoints/final.pt,125124f7c09f88714c4704b4d2ac06824cbf265f,ad9d33d9cf17a3363082e4c33e08023f6234ada81110733bec00c33d1c07669e,completed,6.0,6.0,82.0,0.0,0.0,51.0,51.0,51.0,0.0,1.0,1.0,0.0,400,0.00445103645324707,0.005915403366088867,0,0,,,,
1,task2_parent,11,0,parent_task2,crate_navigation,13004,task3_phase_r1_parent_s11_task2_125124f_s13004,/export/data/sfan/MLE_final_project/runs/scoreconv_ddqn_cv2_r7_s11_t2_v7_814173b/checkpoints/final.pt,125124f7c09f88714c4704b4d2ac06824cbf265f,ad9d33d9cf17a3363082e4c33e08023f6234ada81110733bec00c33d1c07669e,completed,5.0,5.0,61.0,0.0,0.0,51.0,51.0,51.0,0.0,1.0,1.0,0.0,400,0.004435539245605469,0.005715131759643555,0,0,,,,
1,task2_parent,11,0,parent_task2,crate_navigation,13005,task3_phase_r1_parent_s11_task2_125124f_s13005,/export/data/sfan/MLE_final_project/runs/scoreconv_ddqn_cv2_r7_s11_t2_v7_814173b/checkpoints/final.pt,125124f7c09f88714c4704b4d2ac06824cbf265f,ad9d33d9cf17a3363082e4c33e08023f6234ada81110733bec00c33d1c07669e,completed,5.0,5.0,78.0,0.0,0.0,52.0,52.0,52.0,0.0,1.0,1.0,0.0,400,0.004678249359130859,0.00597071647644043,0,0,,,,
1,task2_parent,11,0,parent_task2,crate_navigation,13006,task3_phase_r1_parent_s11_task2_125124f_s13006,/export/data/sfan/MLE_final_project/runs/scoreconv_ddqn_cv2_r7_s11_t2_v7_814173b/checkpoints/final.pt,125124f7c09f88714c4704b4d2ac06824cbf265f,ad9d33d9cf17a3363082e4c33e08023f6234ada81110733bec00c33d1c07669e,completed,7.0,7.0,96.0,0.0,0.0,50.0,50.0,50.0,0.0,1.0,1.0,0.0,400,0.004743337631225586,0.005579948425292969,0,0,,,,
1,task2_parent,11,0,parent_task2,crate_navigation,13007,task3_phase_r1_parent_s11_task2_125124f_s13007,/export/data/sfan/MLE_final_project/runs/scoreconv_ddqn_cv2_r7_s11_t2_v7_814173b/checkpoints/final.pt,125124f7c09f88714c4704b4d2ac06824cbf265f,ad9d33d9cf17a3363082e4c33e08023f6234ada81110733bec00c33d1c07669e,completed,8.0,8.0,98.0,0.0,0.0,53.0,52.0,52.0,0.0,1.0,1.0,0.0,400,0.004422903060913086,0.005444049835205078,0,0,,,,
1,task2_parent,11,0,parent_task2,crate_navigation,13008,task3_phase_r1_parent_s11_task2_125124f_s13008,/export/data/sfan/MLE_final_project/runs/scoreconv_ddqn_cv2_r7_s11_t2_v7_814173b/checkpoints/final.pt,125124f7c09f88714c4704b4d2ac06824cbf265f,ad9d33d9cf17a3363082e4c33e08023f6234ada81110733bec00c33d1c07669e,completed,7.0,7.0,95.0,0.0,0.0,38.0,38.0,38.0,0.0,1.0,1.0,0.0,400,0.004163026809692383,0.005188703536987305,0,0,,,,
1,task2_parent,11,0,parent_task2,crate_navigation,13009,task3_phase_r1_parent_s11_task2_125124f_s13009,/export/data/sfan/MLE_final_project/runs/scoreconv_ddqn_cv2_r7_s11_t2_v7_814173b/checkpoints/final.pt,125124f7c09f88714c4704b4d2ac06824cbf265f,ad9d33d9cf17a3363082e4c33e08023f6234ada81110733bec00c33d1c07669e,completed,6.0,6.0,98.0,0.0,0.0,50.0,49.0,49.0,0.0,1.0,1.0,0.0,400,0.004790782928466797,0.006090641021728516,0,0,,,,
1,task2_parent,11,0,parent_task2,crate_navigation,13010,task3_phase_r1_parent_s11_task2_125124f_s13010,/export/data/sfan/MLE_final_project/runs/scoreconv_ddqn_cv2_r7_s11_t2_v7_814173b/checkpoints/final.pt,125124f7c09f88714c4704b4d2ac06824cbf265f,ad9d33d9cf17a3363082e4c33e08023f6234ada81110733bec00c33d1c07669e,completed,7.0,7.0,98.0,0.0,0.0,55.0,55.0,55.0,0.0,1.0,1.0,0.0,400,0.004621982574462891,0.006298542022705078,0,0,,,,
1,task2_parent,11,0,parent_task2,crate_navigation,13011,task3_phase_r1_parent_s11_task2_125124f_s13011,/export/data/sfan/MLE_final_project/runs/scoreconv_ddqn_cv2_r7_s11_t2_v7_814173b/checkpoints/final.pt,125124f7c09f88714c4704b4d2ac06824cbf265f,ad9d33d9cf17a3363082e4c33e08023f6234ada81110733bec00c33d1c07669e,completed,2.0,2.0,57.0,0.0,0.0,56.0,55.0,55.0,0.0,1.0,1.0,0.0,400,0.004518985748291016,0.006300687789916992,0,0,,,,
1,task2_parent,11,0,parent_task2,crate_navigation,13012,task3_phase_r1_parent_s11_task2_125124f_s13012,/export/data/sfan/MLE_final_project/runs/scoreconv_ddqn_cv2_r7_s11_t2_v7_814173b/checkpoints/final.pt,125124f7c09f88714c4704b4d2ac06824cbf265f,ad9d33d9cf17a3363082e4c33e08023f6234ada81110733bec00c33d1c07669e,completed,8.0,8.0,82.0,0.0,0.0,54.0,54.0,54.0,0.0,1.0,1.0,0.0,400,0.004659891128540039,0.005452156066894531,0,0,,,,
1,task2_parent,11,0,parent_task2,crate_navigation,13013,task3_phase_r1_parent_s11_task2_125124f_s13013,/export/data/sfan/MLE_final_project/runs/scoreconv_ddqn_cv2_r7_s11_t2_v7_814173b/checkpoints/final.pt,125124f7c09f88714c4704b4d2ac06824cbf265f,ad9d33d9cf17a3363082e4c33e08023f6234ada81110733bec00c33d1c07669e,completed,8.0,8.0,75.0,0.0,0.0,54.0,54.0,54.0,0.0,1.0,1.0,0.0,400,0.004449129104614258,0.005538225173950195,0,0,,,,
1,task2_parent,11,0,parent_task2,crate_navigation,13014,task3_phase_r1_parent_s11_task2_125124f_s13014,/export/data/sfan/MLE_final_project/runs/scoreconv_ddqn_cv2_r7_s11_t2_v7_814173b/checkpoints/final.pt,125124f7c09f88714c4704b4d2ac06824cbf265f,ad9d33d9cf17a3363082e4c33e08023f6234ada81110733bec00c33d1c07669e,completed,2.0,2.0,69.0,0.0,0.0,34.0,33.0,33.0,0.0,1.0,1.0,0.0,400,0.00420069694519043,0.005461454391479492,0,0,,,,
1,task2_parent,11,0,parent_task2,crate_navigation,13015,task3_phase_r1_parent_s11_task2_125124f_s13015,/export/data/sfan/MLE_final_project/runs/scoreconv_ddqn_cv2_r7_s11_t2_v7_814173b/checkpoints/final.pt,125124f7c09f88714c4704b4d2ac06824cbf265f,ad9d33d9cf17a3363082e4c33e08023f6234ada81110733bec00c33d1c07669e,completed,1.0,1.0,42.0,0.0,0.0,54.0,54.0,54.0,0.0,1.0,1.0,0.0,400,0.004201650619506836,0.0053501129150390625,0,0,,,,
1,task2_parent,11,0,parent_task2,crate_navigation,13016,task3_phase_r1_parent_s11_task2_125124f_s13016,/export/data/sfan/MLE_final_project/runs/scoreconv_ddqn_cv2_r7_s11_t2_v7_814173b/checkpoints/final.pt,125124f7c09f88714c4704b4d2ac06824cbf265f,ad9d33d9cf17a3363082e4c33e08023f6234ada81110733bec00c33d1c07669e,completed,8.0,8.0,117.0,0.0,0.0,55.0,55.0,55.0,0.0,1.0,1.0,0.0,400,0.004644870758056641,0.006375312805175781,0,0,,,,
1,task2_parent,11,0,parent_task2,crate_navigation,13017,task3_phase_r1_parent_s11_task2_125124f_s13017,/export/data/sfan/MLE_final_project/runs/scoreconv_ddqn_cv2_r7_s11_t2_v7_814173b/checkpoints/final.pt,125124f7c09f88714c4704b4d2ac06824cbf265f,ad9d33d9cf17a3363082e4c33e08023f6234ada81110733bec00c33d1c07669e,completed,7.0,7.0,74.0,0.0,0.0,53.0,52.0,52.0,0.0,1.0,1.0,0.0,400,0.0047435760498046875,0.0061757564544677734,0,0,,,,
1,task2_parent,11,0,parent_task2,crate_navigation,13018,task3_phase_r1_parent_s11_task2_125124f_s13018,/export/data/sfan/MLE_final_project/runs/scoreconv_ddqn_cv2_r7_s11_t2_v7_814173b/checkpoints/final.pt,125124f7c09f88714c4704b4d2ac06824cbf265f,ad9d33d9cf17a3363082e4c33e08023f6234ada81110733bec00c33d1c07669e,completed,6.0,6.0,94.0,0.0,0.0,55.0,54.0,54.0,0.0,1.0,1.0,0.0,400,0.0045888423919677734,0.0061724185943603516,0,0,,,,
1,task2_parent,11,0,parent_task2,crate_navigation,13019,task3_phase_r1_parent_s11_task2_125124f_s13019,/export/data/sfan/MLE_final_project/runs/scoreconv_ddqn_cv2_r7_s11_t2_v7_814173b/checkpoints/final.pt,125124f7c09f88714c4704b4d2ac06824cbf265f,ad9d33d9cf17a3363082e4c33e08023f6234ada81110733bec00c33d1c07669e,completed,7.0,7.0,107.0,0.0,0.0,54.0,53.0,53.0,0.0,1.0,1.0,0.0,400,0.004698514938354492,0.0057659149169921875,0,0,,,,
1,phase_r7,11,500,child_task2,crate_navigation,13000,task3_phase_r1_phase_r7_s11_c0500_task2_125124f_s13000,/export/data/sfan/MLE_final_project/runs/task3_phase_r1_phase_r7_s11_c0500_125124f/checkpoints/final.pt,125124f7c09f88714c4704b4d2ac06824cbf265f,ad9d33d9cf17a3363082e4c33e08023f6234ada81110733bec00c33d1c07669e,completed,7.0,7.0,81.0,0.0,0.0,33.0,33.0,33.0,0.0,1.0,1.0,0.0,400,0.01262664794921875,0.01911020278930664,0,0,,,,
1,phase_r7,11,500,child_task2,crate_navigation,13001,task3_phase_r1_phase_r7_s11_c0500_task2_125124f_s13001,/export/data/sfan/MLE_final_project/runs/task3_phase_r1_phase_r7_s11_c0500_125124f/checkpoints/final.pt,125124f7c09f88714c4704b4d2ac06824cbf265f,ad9d33d9cf17a3363082e4c33e08023f6234ada81110733bec00c33d1c07669e,completed,8.0,8.0,102.0,0.0,0.0,54.0,53.0,53.0,0.0,1.0,1.0,0.0,400,0.013944864273071289,0.018709421157836914,0,0,,,,
1,phase_r7,11,500,child_task2,crate_navigation,13002,task3_phase_r1_phase_r7_s11_c0500_task2_125124f_s13002,/export/data/sfan/MLE_final_project/runs/task3_phase_r1_phase_r7_s11_c0500_125124f/checkpoints/final.pt,125124f7c09f88714c4704b4d2ac06824cbf265f,ad9d33d9cf17a3363082e4c33e08023f6234ada81110733bec00c33d1c07669e,completed,3.0,3.0,55.0,0.0,0.0,56.0,56.0,56.0,0.0,1.0,1.0,0.0,400,0.012800931930541992,0.0172731876373291,0,0,,,,
1,phase_r7,11,500,child_task2,crate_navigation,13003,task3_phase_r1_phase_r7_s11_c0500_task2_125124f_s13003,/export/data/sfan/MLE_final_project/runs/task3_phase_r1_phase_r7_s11_c0500_125124f/checkpoints/final.pt,125124f7c09f88714c4704b4d2ac06824cbf265f,ad9d33d9cf17a3363082e4c33e08023f6234ada81110733bec00c33d1c07669e,completed,6.0,6.0,58.0,0.0,0.0,39.0,39.0,39.0,0.0,1.0,1.0,0.0,400,0.014942407608032227,0.018110990524291992,0,0,,,,
1,phase_r7,11,500,child_task2,crate_navigation,13004,task3_phase_r1_phase_r7_s11_c0500_task2_125124f_s13004,/export/data/sfan/MLE_final_project/runs/task3_phase_r1_phase_r7_s11_c0500_125124f/checkpoints/final.pt,125124f7c09f88714c4704b4d2ac06824cbf265f,ad9d33d9cf17a3363082e4c33e08023f6234ada81110733bec00c33d1c07669e,completed,4.0,4.0,42.0,0.0,0.0,21.0,21.0,21.0,0.0,1.0,1.0,0.0,400,0.009762763977050781,0.015486717224121094,0,0,,,,
1,phase_r7,11,500,child_task2,crate_navigation,13005,task3_phase_r1_phase_r7_s11_c0500_task2_125124f_s13005,/export/data/sfan/MLE_final_project/runs/task3_phase_r1_phase_r7_s11_c0500_125124f/checkpoints/final.pt,125124f7c09f88714c4704b4d2ac06824cbf265f,ad9d33d9cf17a3363082e4c33e08023f6234ada81110733bec00c33d1c07669e,completed,6.0,6.0,93.0,0.0,0.0,54.0,54.0,54.0,0.0,1.0,1.0,0.0,400,0.011826515197753906,0.018059968948364258,0,0,,,,
1,phase_r7,11,500,child_task2,crate_navigation,13006,task3_phase_r1_phase_r7_s11_c0500_task2_125124f_s13006,/export/data/sfan/MLE_final_project/runs/task3_phase_r1_phase_r7_s11_c0500_125124f/checkpoints/final.pt,125124f7c09f88714c4704b4d2ac06824cbf265f,ad9d33d9cf17a3363082e4c33e08023f6234ada81110733bec00c33d1c07669e,completed,8.0,8.0,80.0,0.0,0.0,50.0,49.0,49.0,0.0,1.0,1.0,0.0,400,0.01231241226196289,0.019663572311401367,0,0,,,,
1,phase_r7,11,500,child_task2,crate_navigation,13007,task3_phase_r1_phase_r7_s11_c0500_task2_125124f_s13007,/export/data/sfan/MLE_final_project/runs/task3_phase_r1_phase_r7_s11_c0500_125124f/checkpoints/final.pt,125124f7c09f88714c4704b4d2ac06824cbf265f,ad9d33d9cf17a3363082e4c33e08023f6234ada81110733bec00c33d1c07669e,completed,5.0,5.0,86.0,0.0,0.0,53.0,53.0,53.0,0.0,1.0,1.0,0.0,400,0.012519359588623047,0.01772904396057129,0,0,,,,
1,phase_r7,11,500,child_task2,crate_navigation,13008,task3_phase_r1_phase_r7_s11_c0500_task2_125124f_s13008,/export/data/sfan/MLE_final_project/runs/task3_phase_r1_phase_r7_s11_c0500_125124f/checkpoints/final.pt,125124f7c09f88714c4704b4d2ac06824cbf265f,ad9d33d9cf17a3363082e4c33e08023f6234ada81110733bec00c33d1c07669e,completed,9.0,9.0,116.0,0.0,0.0,53.0,52.0,52.0,0.0,1.0,1.0,0.0,400,0.013385295867919922,0.019159793853759766,0,0,,,,
1,phase_r7,11,500,child_task2,crate_navigation,13009,task3_phase_r1_phase_r7_s11_c0500_task2_125124f_s13009,/export/data/sfan/MLE_final_project/runs/task3_phase_r1_phase_r7_s11_c0500_125124f/checkpoints/final.pt,125124f7c09f88714c4704b4d2ac06824cbf265f,ad9d33d9cf17a3363082e4c33e08023f6234ada81110733bec00c33d1c07669e,completed,9.0,9.0,99.0,0.0,0.0,49.0,49.0,49.0,0.0,1.0,1.0,0.0,400,0.012984752655029297,0.01719355583190918,0,0,,,,
1,phase_r7,11,500,child_task2,crate_navigation,13010,task3_phase_r1_phase_r7_s11_c0500_task2_125124f_s13010,/export/data/sfan/MLE_final_project/runs/task3_phase_r1_phase_r7_s11_c0500_125124f/checkpoints/final.pt,125124f7c09f88714c4704b4d2ac06824cbf265f,ad9d33d9cf17a3363082e4c33e08023f6234ada81110733bec00c33d1c07669e,completed,7.0,7.0,81.0,0.0,0.0,55.0,54.0,54.0,0.0,1.0,1.0,0.0,400,0.014211893081665039,0.01847386360168457,0,0,,,,
1,phase_r7,11,500,child_task2,crate_navigation,13011,task3_phase_r1_phase_r7_s11_c0500_task2_125124f_s13011,/export/data/sfan/MLE_final_project/runs/task3_phase_r1_phase_r7_s11_c0500_125124f/checkpoints/final.pt,125124f7c09f88714c4704b4d2ac06824cbf265f,ad9d33d9cf17a3363082e4c33e08023f6234ada81110733bec00c33d1c07669e,completed,1.0,1.0,51.0,0.0,0.0,53.0,53.0,53.0,0.0,1.0,1.0,0.0,400,0.012460947036743164,0.017627954483032227,0,0,,,,
1,phase_r7,11,500,child_task2,crate_navigation,13012,task3_phase_r1_phase_r7_s11_c0500_task2_125124f_s13012,/export/data/sfan/MLE_final_project/runs/task3_phase_r1_phase_r7_s11_c0500_125124f/checkpoints/final.pt,125124f7c09f88714c4704b4d2ac06824cbf265f,ad9d33d9cf17a3363082e4c33e08023f6234ada81110733bec00c33d1c07669e,completed,2.0,2.0,54.0,0.0,0.0,53.0,52.0,52.0,0.0,1.0,1.0,0.0,400,0.012032747268676758,0.01737189292907715,0,0,,,,
1,phase_r7,11,500,child_task2,crate_navigation,13013,task3_phase_r1_phase_r7_s11_c0500_task2_125124f_s13013,/export/data/sfan/MLE_final_project/runs/task3_phase_r1_phase_r7_s11_c0500_125124f/checkpoints/final.pt,125124f7c09f88714c4704b4d2ac06824cbf265f,ad9d33d9cf17a3363082e4c33e08023f6234ada81110733bec00c33d1c07669e,completed,7.0,7.0,68.0,0.0,0.0,53.0,53.0,53.0,0.0,1.0,1.0,0.0,400,0.012464046478271484,0.019021034240722656,0,0,,,,
1,phase_r7,11,500,child_task2,crate_navigation,13014,task3_phase_r1_phase_r7_s11_c0500_task2_125124f_s13014,/export/data/sfan/MLE_final_project/runs/task3_phase_r1_phase_r7_s11_c0500_125124f/checkpoints/final.pt,125124f7c09f88714c4704b4d2ac06824cbf265f,ad9d33d9cf17a3363082e4c33e08023f6234ada81110733bec00c33d1c07669e,completed,1.0,1.0,48.0,0.0,0.0,22.0,22.0,22.0,0.0,1.0,1.0,0.0,400,0.009168863296508789,0.013124227523803711,0,0,,,,
1,phase_r7,11,500,child_task2,crate_navigation,13015,task3_phase_r1_phase_r7_s11_c0500_task2_125124f_s13015,/export/data/sfan/MLE_final_project/runs/task3_phase_r1_phase_r7_s11_c0500_125124f/checkpoints/final.pt,125124f7c09f88714c4704b4d2ac06824cbf265f,ad9d33d9cf17a3363082e4c33e08023f6234ada81110733bec00c33d1c07669e,completed,2.0,2.0,59.0,0.0,0.0,54.0,53.0,53.0,0.0,1.0,1.0,0.0,400,0.012530326843261719,0.0170743465423584,0,0,,,,
1,phase_r7,11,500,child_task2,crate_navigation,13016,task3_phase_r1_phase_r7_s11_c0500_task2_125124f_s13016,/export/data/sfan/MLE_final_project/runs/task3_phase_r1_phase_r7_s11_c0500_125124f/checkpoints/final.pt,125124f7c09f88714c4704b4d2ac06824cbf265f,ad9d33d9cf17a3363082e4c33e08023f6234ada81110733bec00c33d1c07669e,completed,2.0,2.0,43.0,0.0,0.0,53.0,52.0,52.0,0.0,1.0,1.0,0.0,400,0.011929512023925781,0.015288829803466797,0,0,,,,
1,phase_r7,11,500,child_task2,crate_navigation,13017,task3_phase_r1_phase_r7_s11_c0500_task2_125124f_s13017,/export/data/sfan/MLE_final_project/runs/task3_phase_r1_phase_r7_s11_c0500_125124f/checkpoints/final.pt,125124f7c09f88714c4704b4d2ac06824cbf265f,ad9d33d9cf17a3363082e4c33e08023f6234ada81110733bec00c33d1c07669e,completed,5.0,5.0,64.0,0.0,0.0,54.0,54.0,54.0,0.0,1.0,1.0,0.0,400,0.014310598373413086,0.017016887664794922,0,0,,,,
1,phase_r7,11,500,child_task2,crate_navigation,13018,task3_phase_r1_phase_r7_s11_c0500_task2_125124f_s13018,/export/data/sfan/MLE_final_project/runs/task3_phase_r1_phase_r7_s11_c0500_125124f/checkpoints/final.pt,125124f7c09f88714c4704b4d2ac06824cbf265f,ad9d33d9cf17a3363082e4c33e08023f6234ada81110733bec00c33d1c07669e,completed,6.0,6.0,80.0,0.0,0.0,53.0,52.0,52.0,0.0,1.0,1.0,0.0,400,0.01312112808227539,0.01743006706237793,0,0,,,,
1,phase_r7,11,500,child_task2,crate_navigation,13019,task3_phase_r1_phase_r7_s11_c0500_task2_125124f_s13019,/export/data/sfan/MLE_final_project/runs/task3_phase_r1_phase_r7_s11_c0500_125124f/checkpoints/final.pt,125124f7c09f88714c4704b4d2ac06824cbf265f,ad9d33d9cf17a3363082e4c33e08023f6234ada81110733bec00c33d1c07669e,completed,7.0,7.0,81.0,0.0,0.0,45.0,44.0,44.0,0.0,1.0,1.0,0.0,400,0.012374639511108398,0.017268896102905273,0,0,,,,
1,task2_parent,11,0,parent_task3,weak_opponents,13000,task3_phase_r1_parent_s11_task3_125124f_s13000,/export/data/sfan/MLE_final_project/runs/scoreconv_ddqn_cv2_r7_s11_t2_v7_814173b/checkpoints/final.pt,125124f7c09f88714c4704b4d2ac06824cbf265f,ad9d33d9cf17a3363082e4c33e08023f6234ada81110733bec00c33d1c07669e,completed,8.0,3.0,19.0,1.0,1.0,8.0,8.0,7.0,0.0,0.0,1.0,0.0,59,0.0039141178131103516,0.0040743350982666016,0,0,0.8725004248123126,253.92585275914746,0.0,0.711864406779661
1,task2_parent,11,0,parent_task3,weak_opponents,13001,task3_phase_r1_parent_s11_task3_125124f_s13001,/export/data/sfan/MLE_final_project/runs/scoreconv_ddqn_cv2_r7_s11_t2_v7_814173b/checkpoints/final.pt,125124f7c09f88714c4704b4d2ac06824cbf265f,ad9d33d9cf17a3363082e4c33e08023f6234ada81110733bec00c33d1c07669e,completed,8.0,3.0,60.0,1.0,0.0,52.0,52.0,52.0,0.0,1.0,1.0,0.0,400,0.005196809768676758,0.006506919860839844,0,0,0.8264998193581995,32.211665357406694,0.0059067129094609585,0.5425
1,task2_parent,11,0,parent_task3,weak_opponents,13002,task3_phase_r1_parent_s11_task3_125124f_s13002,/export/data/sfan/MLE_final_project/runs/scoreconv_ddqn_cv2_r7_s11_t2_v7_814173b/checkpoints/final.pt,125124f7c09f88714c4704b4d2ac06824cbf265f,ad9d33d9cf17a3363082e4c33e08023f6234ada81110733bec00c33d1c07669e,completed,5.0,5.0,52.0,0.0,0.0,54.0,54.0,54.0,0.0,1.0,0.0,0.0,400,0.006103992462158203,0.00725245475769043,0,0,2.723053081630467,30.215376945424,0.0011746327134624886,0.4525
1,task2_parent,11,0,parent_task3,weak_opponents,13003,task3_phase_r1_parent_s11_task3_125124f_s13003,/export/data/sfan/MLE_final_project/runs/scoreconv_ddqn_cv2_r7_s11_t2_v7_814173b/checkpoints/final.pt,125124f7c09f88714c4704b4d2ac06824cbf265f,ad9d33d9cf17a3363082e4c33e08023f6234ada81110733bec00c33d1c07669e,completed,5.0,5.0,49.0,0.0,1.0,27.0,27.0,26.0,0.0,0.0,1.0,0.0,211,0.006342887878417969,0.009667158126831055,0,0,2.875511721076967,33.239855326379505,0.11624789090527933,0.22274881516587677
1,task2_parent,11,0,parent_task3,weak_opponents,13004,task3_phase_r1_parent_s11_task3_125124f_s13004,/export/data/sfan/MLE_final_project/runs/scoreconv_ddqn_cv2_r7_s11_t2_v7_814173b/checkpoints/final.pt,125124f7c09f88714c4704b4d2ac06824cbf265f,ad9d33d9cf17a3363082e4c33e08023f6234ada81110733bec00c33d1c07669e,completed,1.0,1.0,22.0,0.0,0.0,47.0,46.0,46.0,0.0,1.0,0.0,0.0,400,0.005974769592285156,0.0074694156646728516,0,0,0.005938151013467683,8.530491590413822,0.0,0.87
1,task2_parent,11,0,parent_task3,weak_opponents,13005,task3_phase_r1_parent_s11_task3_125124f_s13005,/export/data/sfan/MLE_final_project/runs/scoreconv_ddqn_cv2_r7_s11_t2_v7_814173b/checkpoints/final.pt,125124f7c09f88714c4704b4d2ac06824cbf265f,ad9d33d9cf17a3363082e4c33e08023f6234ada81110733bec00c33d1c07669e,completed,1.0,1.0,13.0,0.0,1.0,7.0,7.0,6.0,0.0,0.0,0.0,0.0,60,0.003953456878662109,0.005107402801513672,0,0,0.3091678482588865,4.5574389072244434,0.0,0.7666666666666667
1,task2_parent,11,0,parent_task3,weak_opponents,13006,task3_phase_r1_parent_s11_task3_125124f_s13006,/export/data/sfan/MLE_final_project/runs/scoreconv_ddqn_cv2_r7_s11_t2_v7_814173b/checkpoints/final.pt,125124f7c09f88714c4704b4d2ac06824cbf265f,ad9d33d9cf17a3363082e4c33e08023f6234ada81110733bec00c33d1c07669e,completed,3.0,3.0,45.0,0.0,0.0,54.0,53.0,53.0,0.0,1.0,0.0,0.0,400,0.00500178337097168,0.005818605422973633,0,0,1.3847744784003582,21.897152144316813,0.0021029343680472596,0.6025
1,task2_parent,11,0,parent_task3,weak_opponents,13007,task3_phase_r1_parent_s11_task3_125124f_s13007,/export/data/sfan/MLE_final_project/runs/scoreconv_ddqn_cv2_r7_s11_t2_v7_814173b/checkpoints/final.pt,125124f7c09f88714c4704b4d2ac06824cbf265f,ad9d33d9cf17a3363082e4c33e08023f6234ada81110733bec00c33d1c07669e,completed,12.0,7.0,58.0,1.0,0.0,56.0,55.0,55.0,0.0,1.0,1.0,0.0,400,0.005812168121337891,0.01078486442565918,0,0,3.5160531696633384,25.800130764247523,0.0019190294221712845,0.525
1,task2_parent,11,0,parent_task3,weak_opponents,13008,task3_phase_r1_parent_s11_task3_125124f_s13008,/export/data/sfan/MLE_final_project/runs/scoreconv_ddqn_cv2_r7_s11_t2_v7_814173b/checkpoints/final.pt,125124f7c09f88714c4704b4d2ac06824cbf265f,ad9d33d9cf17a3363082e4c33e08023f6234ada81110733bec00c33d1c07669e,completed,1.0,1.0,34.0,0.0,0.0,53.0,53.0,53.0,0.0,1.0,0.0,0.0,400,0.006060123443603516,0.00698542594909668,0,0,0.5850568881029102,19.04102906709579,0.0,0.515
1,task2_parent,11,0,parent_task3,weak_opponents,13009,task3_phase_r1_parent_s11_task3_125124f_s13009,/export/data/sfan/MLE_final_project/runs/scoreconv_ddqn_cv2_r7_s11_t2_v7_814173b/checkpoints/final.pt,125124f7c09f88714c4704b4d2ac06824cbf265f,ad9d33d9cf17a3363082e4c33e08023f6234ada81110733bec00c33d1c07669e,completed,1.0,1.0,50.0,0.0,0.0,53.0,53.0,53.0,0.0,1.0,0.0,0.0,400,0.0058100223541259766,0.006528139114379883,0,0,0.17214472905891803,33.612557876408665,0.004112902601264353,0.58
1,task2_parent,11,0,parent_task3,weak_opponents,13010,task3_phase_r1_parent_s11_task3_125124f_s13010,/export/data/sfan/MLE_final_project/runs/scoreconv_ddqn_cv2_r7_s11_t2_v7_814173b/checkpoints/final.pt,125124f7c09f88714c4704b4d2ac06824cbf265f,ad9d33d9cf17a3363082e4c33e08023f6234ada81110733bec00c33d1c07669e,completed,10.0,5.0,34.0,1.0,0.0,52.0,52.0,52.0,0.0,1.0,1.0,0.0,400,0.005443096160888672,0.006937980651855469,0,0,1.9823764536962611,20.205079489997416,0.012288417037236772,0.765
1,task2_parent,11,0,parent_task3,weak_opponents,13011,task3_phase_r1_parent_s11_task3_125124f_s13011,/export/data/sfan/MLE_final_project/runs/scoreconv_ddqn_cv2_r7_s11_t2_v7_814173b/checkpoints/final.pt,125124f7c09f88714c4704b4d2ac06824cbf265f,ad9d33d9cf17a3363082e4c33e08023f6234ada81110733bec00c33d1c07669e,completed,0.0,0.0,18.0,0.0,0.0,52.0,51.0,51.0,0.0,1.0,0.0,0.0,400,0.005418062210083008,0.006479978561401367,0,0,0.0,13.402177167478659,0.021988360972451552,0.77
1,task2_parent,11,0,parent_task3,weak_opponents,13012,task3_phase_r1_parent_s11_task3_125124f_s13012,/export/data/sfan/MLE_final_project/runs/scoreconv_ddqn_cv2_r7_s11_t2_v7_814173b/checkpoints/final.pt,125124f7c09f88714c4704b4d2ac06824cbf265f,ad9d33d9cf17a3363082e4c33e08023f6234ada81110733bec00c33d1c07669e,completed,9.0,4.0,42.0,1.0,0.0,55.0,54.0,54.0,0.0,1.0,1.0,0.0,400,0.010926008224487305,0.013746023178100586,0,0,1.3967118524848452,20.914366735750605,0.0,0.5325
1,task2_parent,11,0,parent_task3,weak_opponents,13013,task3_phase_r1_parent_s11_task3_125124f_s13013,/export/data/sfan/MLE_final_project/runs/scoreconv_ddqn_cv2_r7_s11_t2_v7_814173b/checkpoints/final.pt,125124f7c09f88714c4704b4d2ac06824cbf265f,ad9d33d9cf17a3363082e4c33e08023f6234ada81110733bec00c33d1c07669e,completed,6.0,6.0,42.0,0.0,0.0,51.0,50.0,50.0,0.0,1.0,0.0,0.0,400,0.012421131134033203,0.19388771057128906,0,0,3.169387259812865,31.847985031355226,0.0,0.635
1,task2_parent,11,0,parent_task3,weak_opponents,13014,task3_phase_r1_parent_s11_task3_125124f_s13014,/export/data/sfan/MLE_final_project/runs/scoreconv_ddqn_cv2_r7_s11_t2_v7_814173b/checkpoints/final.pt,125124f7c09f88714c4704b4d2ac06824cbf265f,ad9d33d9cf17a3363082e4c33e08023f6234ada81110733bec00c33d1c07669e,completed,5.0,5.0,42.0,0.0,0.0,54.0,53.0,53.0,1.0,1.0,1.0,0.0,400,0.011928558349609375,0.014984130859375,0,0,2.4302569284336113,26.053883014529998,0.0,0.5675
1,task2_parent,11,0,parent_task3,weak_opponents,13015,task3_phase_r1_parent_s11_task3_125124f_s13015,/export/data/sfan/MLE_final_project/runs/scoreconv_ddqn_cv2_r7_s11_t2_v7_814173b/checkpoints/final.pt,125124f7c09f88714c4704b4d2ac06824cbf265f,ad9d33d9cf17a3363082e4c33e08023f6234ada81110733bec00c33d1c07669e,completed,1.0,1.0,37.0,0.0,0.0,52.0,52.0,52.0,0.0,1.0,0.0,0.0,400,0.012001276016235352,0.015871047973632812,0,0,0.2488597159949866,23.732378897316305,0.0,0.59
1,task2_parent,11,0,parent_task3,weak_opponents,13016,task3_phase_r1_parent_s11_task3_125124f_s13016,/export/data/sfan/MLE_final_project/runs/scoreconv_ddqn_cv2_r7_s11_t2_v7_814173b/checkpoints/final.pt,125124f7c09f88714c4704b4d2ac06824cbf265f,ad9d33d9cf17a3363082e4c33e08023f6234ada81110733bec00c33d1c07669e,completed,4.0,4.0,39.0,0.0,0.0,55.0,55.0,55.0,0.0,1.0,0.0,1.0,400,0.011447429656982422,0.015189409255981445,0,0,1.8883926052166469,27.97104180750722,0.0,0.6175
1,task2_parent,11,0,parent_task3,weak_opponents,13017,task3_phase_r1_parent_s11_task3_125124f_s13017,/export/data/sfan/MLE_final_project/runs/scoreconv_ddqn_cv2_r7_s11_t2_v7_814173b/checkpoints/final.pt,125124f7c09f88714c4704b4d2ac06824cbf265f,ad9d33d9cf17a3363082e4c33e08023f6234ada81110733bec00c33d1c07669e,completed,3.0,3.0,35.0,0.0,0.0,52.0,51.0,51.0,0.0,1.0,0.0,0.0,400,0.011970758438110352,0.015465974807739258,0,0,2.137830065585647,23.82517860635476,0.0,0.59
1,task2_parent,11,0,parent_task3,weak_opponents,13018,task3_phase_r1_parent_s11_task3_125124f_s13018,/export/data/sfan/MLE_final_project/runs/scoreconv_ddqn_cv2_r7_s11_t2_v7_814173b/checkpoints/final.pt,125124f7c09f88714c4704b4d2ac06824cbf265f,ad9d33d9cf17a3363082e4c33e08023f6234ada81110733bec00c33d1c07669e,completed,7.0,2.0,46.0,1.0,0.0,55.0,55.0,55.0,0.0,1.0,0.0,1.0,400,0.011603832244873047,0.014252424240112305,0,0,0.959910041931591,25.333710993516096,0.0,0.4125
1,task2_parent,11,0,parent_task3,weak_opponents,13019,task3_phase_r1_parent_s11_task3_125124f_s13019,/export/data/sfan/MLE_final_project/runs/scoreconv_ddqn_cv2_r7_s11_t2_v7_814173b/checkpoints/final.pt,125124f7c09f88714c4704b4d2ac06824cbf265f,ad9d33d9cf17a3363082e4c33e08023f6234ada81110733bec00c33d1c07669e,completed,3.0,3.0,36.0,0.0,1.0,15.0,15.0,14.0,1.0,0.0,0.0,0.0,111,0.01112222671508789,0.015360593795776367,0,0,1.6625441151867468,15.803900626732208,0.0,0.32432432432432434
1,phase_r7,11,500,child_task3,weak_opponents,13000,task3_phase_r1_phase_r7_s11_c0500_task3_125124f_s13000,/export/data/sfan/MLE_final_project/runs/task3_phase_r1_phase_r7_s11_c0500_125124f/checkpoints/final.pt,125124f7c09f88714c4704b4d2ac06824cbf265f,ad9d33d9cf17a3363082e4c33e08023f6234ada81110733bec00c33d1c07669e,completed,5.0,5.0,43.0,0.0,0.0,47.0,46.0,46.0,0.0,1.0,0.0,0.0,400,0.014870405197143555,0.021233797073364258,0,0,3.5250531683193684,24.703544981679354,0.0034290050634346748,0.63
1,phase_r7,11,500,child_task3,weak_opponents,13001,task3_phase_r1_phase_r7_s11_c0500_task3_125124f_s13001,/export/data/sfan/MLE_final_project/runs/task3_phase_r1_phase_r7_s11_c0500_125124f/checkpoints/final.pt,125124f7c09f88714c4704b4d2ac06824cbf265f,ad9d33d9cf17a3363082e4c33e08023f6234ada81110733bec00c33d1c07669e,completed,5.0,5.0,61.0,0.0,0.0,52.0,52.0,52.0,0.0,1.0,1.0,0.0,400,0.014707326889038086,0.021595478057861328,0,0,0.7334601271595284,22.660614542874306,0.017411145044284492,0.4625
1,phase_r7,11,500,child_task3,weak_opponents,13002,task3_phase_r1_phase_r7_s11_c0500_task3_125124f_s13002,/export/data/sfan/MLE_final_project/runs/task3_phase_r1_phase_r7_s11_c0500_125124f/checkpoints/final.pt,125124f7c09f88714c4704b4d2ac06824cbf265f,ad9d33d9cf17a3363082e4c33e08023f6234ada81110733bec00c33d1c07669e,completed,3.0,3.0,44.0,0.0,0.0,47.0,47.0,47.0,0.0,1.0,0.0,0.0,400,0.0160062313079834,0.0198361873626709,0,0,2.767379627202399,32.610636791908405,0.0,0.5575
1,phase_r7,11,500,child_task3,weak_opponents,13003,task3_phase_r1_phase_r7_s11_c0500_task3_125124f_s13003,/export/data/sfan/MLE_final_project/runs/task3_phase_r1_phase_r7_s11_c0500_125124f/checkpoints/final.pt,125124f7c09f88714c4704b4d2ac06824cbf265f,ad9d33d9cf17a3363082e4c33e08023f6234ada81110733bec00c33d1c07669e,completed,2.0,2.0,52.0,0.0,0.0,49.0,48.0,48.0,1.0,1.0,0.0,0.0,400,0.016518354415893555,0.021537303924560547,0,0,0.4313217970493252,26.189422247815866,0.0,0.58
1,phase_r7,11,500,child_task3,weak_opponents,13004,task3_phase_r1_phase_r7_s11_c0500_task3_125124f_s13004,/export/data/sfan/MLE_final_project/runs/task3_phase_r1_phase_r7_s11_c0500_125124f/checkpoints/final.pt,125124f7c09f88714c4704b4d2ac06824cbf265f,ad9d33d9cf17a3363082e4c33e08023f6234ada81110733bec00c33d1c07669e,completed,10.0,5.0,51.0,1.0,0.0,38.0,37.0,37.0,0.0,1.0,1.0,0.0,400,0.02086329460144043,0.021933317184448242,0,0,4.147856274072573,35.14306709912833,0.0,0.31
1,phase_r7,11,500,child_task3,weak_opponents,13005,task3_phase_r1_phase_r7_s11_c0500_task3_125124f_s13005,/export/data/sfan/MLE_final_project/runs/task3_phase_r1_phase_r7_s11_c0500_125124f/checkpoints/final.pt,125124f7c09f88714c4704b4d2ac06824cbf265f,ad9d33d9cf17a3363082e4c33e08023f6234ada81110733bec00c33d1c07669e,completed,5.0,5.0,46.0,0.0,1.0,19.0,19.0,18.0,1.0,0.0,0.0,0.0,214,0.017014265060424805,0.021816015243530273,0,0,1.209904900740368,22.504712873965477,0.0,0.35046728971962615
1,phase_r7,11,500,child_task3,weak_opponents,13006,task3_phase_r1_phase_r7_s11_c0500_task3_125124f_s13006,/export/data/sfan/MLE_final_project/runs/task3_phase_r1_phase_r7_s11_c0500_125124f/checkpoints/final.pt,125124f7c09f88714c4704b4d2ac06824cbf265f,ad9d33d9cf17a3363082e4c33e08023f6234ada81110733bec00c33d1c07669e,completed,6.0,1.0,43.0,1.0,0.0,50.0,49.0,49.0,0.0,1.0,0.0,0.0,400,0.015033721923828125,0.020617246627807617,0,0,1.3776858980484548,26.13218126904995,0.0,0.61
1,phase_r7,11,500,child_task3,weak_opponents,13007,task3_phase_r1_phase_r7_s11_c0500_task3_125124f_s13007,/export/data/sfan/MLE_final_project/runs/task3_phase_r1_phase_r7_s11_c0500_125124f/checkpoints/final.pt,125124f7c09f88714c4704b4d2ac06824cbf265f,ad9d33d9cf17a3363082e4c33e08023f6234ada81110733bec00c33d1c07669e,completed,6.0,6.0,44.0,0.0,0.0,50.0,50.0,50.0,0.0,1.0,0.0,0.0,400,0.018383502960205078,0.02163243293762207,0,0,4.177975704048833,31.37405597418247,0.0,0.3375
1,phase_r7,11,500,child_task3,weak_opponents,13008,task3_phase_r1_phase_r7_s11_c0500_task3_125124f_s13008,/export/data/sfan/MLE_final_project/runs/task3_phase_r1_phase_r7_s11_c0500_125124f/checkpoints/final.pt,125124f7c09f88714c4704b4d2ac06824cbf265f,ad9d33d9cf17a3363082e4c33e08023f6234ada81110733bec00c33d1c07669e,completed,6.0,6.0,59.0,0.0,0.0,48.0,48.0,48.0,0.0,1.0,0.0,0.0,400,0.01964712142944336,0.0216219425201416,0,0,2.0743367443997642,35.581691934693936,0.0,0.1375
1,phase_r7,11,500,child_task3,weak_opponents,13009,task3_phase_r1_phase_r7_s11_c0500_task3_125124f_s13009,/export/data/sfan/MLE_final_project/runs/task3_phase_r1_phase_r7_s11_c0500_125124f/checkpoints/final.pt,125124f7c09f88714c4704b4d2ac06824cbf265f,ad9d33d9cf17a3363082e4c33e08023f6234ada81110733bec00c33d1c07669e,completed,2.0,2.0,40.0,0.0,1.0,24.0,24.0,23.0,0.0,0.0,0.0,0.0,207,0.017295122146606445,0.019555091857910156,0,0,0.24436731636424927,24.12800972847018,0.343406593406594,0.30917874396135264
1,phase_r7,11,500,child_task3,weak_opponents,13010,task3_phase_r1_phase_r7_s11_c0500_task3_125124f_s13010,/export/data/sfan/MLE_final_project/runs/task3_phase_r1_phase_r7_s11_c0500_125124f/checkpoints/final.pt,125124f7c09f88714c4704b4d2ac06824cbf265f,ad9d33d9cf17a3363082e4c33e08023f6234ada81110733bec00c33d1c07669e,completed,8.0,3.0,51.0,1.0,0.0,33.0,33.0,33.0,0.0,1.0,1.0,0.0,400,0.021833419799804688,0.023189306259155273,0,0,2.848310914731039,26.10110941046488,0.002271730600645857,0.19
1,phase_r7,11,500,child_task3,weak_opponents,13011,task3_phase_r1_phase_r7_s11_c0500_task3_125124f_s13011,/export/data/sfan/MLE_final_project/runs/task3_phase_r1_phase_r7_s11_c0500_125124f/checkpoints/final.pt,125124f7c09f88714c4704b4d2ac06824cbf265f,ad9d33d9cf17a3363082e4c33e08023f6234ada81110733bec00c33d1c07669e,completed,4.0,4.0,47.0,0.0,0.0,39.0,39.0,39.0,0.0,1.0,0.0,0.0,400,0.0405428409576416,0.04481244087219238,0,0,2.6698431915984053,30.417619178610604,0.0,0.42
1,phase_r7,11,500,child_task3,weak_opponents,13012,task3_phase_r1_phase_r7_s11_c0500_task3_125124f_s13012,/export/data/sfan/MLE_final_project/runs/task3_phase_r1_phase_r7_s11_c0500_125124f/checkpoints/final.pt,125124f7c09f88714c4704b4d2ac06824cbf265f,ad9d33d9cf17a3363082e4c33e08023f6234ada81110733bec00c33d1c07669e,completed,12.0,7.0,52.0,1.0,0.0,28.0,28.0,28.0,0.0,1.0,1.0,0.0,400,0.03462958335876465,0.04545783996582031,0,0,2.1280744451356375,38.30558253633918,0.0,0.57
1,phase_r7,11,500,child_task3,weak_opponents,13013,task3_phase_r1_phase_r7_s11_c0500_task3_125124f_s13013,/export/data/sfan/MLE_final_project/runs/task3_phase_r1_phase_r7_s11_c0500_125124f/checkpoints/final.pt,125124f7c09f88714c4704b4d2ac06824cbf265f,ad9d33d9cf17a3363082e4c33e08023f6234ada81110733bec00c33d1c07669e,completed,6.0,6.0,51.0,0.0,1.0,20.0,20.0,19.0,0.0,0.0,0.0,0.0,172,0.027709245681762695,0.03702878952026367,0,0,3.631371274738935,56.337214369714474,0.0,0.6162790697674418
1,phase_r7,11,500,child_task3,weak_opponents,13014,task3_phase_r1_phase_r7_s11_c0500_task3_125124f_s13014,/export/data/sfan/MLE_final_project/runs/task3_phase_r1_phase_r7_s11_c0500_125124f/checkpoints/final.pt,125124f7c09f88714c4704b4d2ac06824cbf265f,ad9d33d9cf17a3363082e4c33e08023f6234ada81110733bec00c33d1c07669e,completed,3.0,3.0,45.0,0.0,0.0,46.0,46.0,46.0,0.0,1.0,0.0,0.0,400,0.03065657615661621,0.04046940803527832,0,0,1.1394814944788825,16.897171953039276,0.0012202351750478819,0.5475
1,phase_r7,11,500,child_task3,weak_opponents,13015,task3_phase_r1_phase_r7_s11_c0500_task3_125124f_s13015,/export/data/sfan/MLE_final_project/runs/task3_phase_r1_phase_r7_s11_c0500_125124f/checkpoints/final.pt,125124f7c09f88714c4704b4d2ac06824cbf265f,ad9d33d9cf17a3363082e4c33e08023f6234ada81110733bec00c33d1c07669e,completed,3.0,3.0,44.0,0.0,0.0,32.0,32.0,32.0,0.0,1.0,0.0,0.0,400,0.03434419631958008,0.04157853126525879,0,0,0.9768331168699685,25.776592452033373,0.0,0.6025
1,phase_r7,11,500,child_task3,weak_opponents,13016,task3_phase_r1_phase_r7_s11_c0500_task3_125124f_s13016,/export/data/sfan/MLE_final_project/runs/task3_phase_r1_phase_r7_s11_c0500_125124f/checkpoints/final.pt,125124f7c09f88714c4704b4d2ac06824cbf265f,ad9d33d9cf17a3363082e4c33e08023f6234ada81110733bec00c33d1c07669e,completed,4.0,4.0,66.0,0.0,0.0,50.0,50.0,50.0,0.0,1.0,0.0,0.0,400,0.03309345245361328,0.04401040077209473,0,0,2.900177634753234,40.37054479706149,0.0238010287322662,0.4175
1,phase_r7,11,500,child_task3,weak_opponents,13017,task3_phase_r1_phase_r7_s11_c0500_task3_125124f_s13017,/export/data/sfan/MLE_final_project/runs/task3_phase_r1_phase_r7_s11_c0500_125124f/checkpoints/final.pt,125124f7c09f88714c4704b4d2ac06824cbf265f,ad9d33d9cf17a3363082e4c33e08023f6234ada81110733bec00c33d1c07669e,completed,4.0,4.0,47.0,0.0,0.0,49.0,48.0,48.0,0.0,1.0,0.0,0.0,400,0.03120899200439453,0.039025306701660156,0,0,2.094360163215515,24.445112878927855,0.0,0.5475
1,phase_r7,11,500,child_task3,weak_opponents,13018,task3_phase_r1_phase_r7_s11_c0500_task3_125124f_s13018,/export/data/sfan/MLE_final_project/runs/task3_phase_r1_phase_r7_s11_c0500_125124f/checkpoints/final.pt,125124f7c09f88714c4704b4d2ac06824cbf265f,ad9d33d9cf17a3363082e4c33e08023f6234ada81110733bec00c33d1c07669e,completed,10.0,5.0,51.0,1.0,0.0,33.0,33.0,33.0,0.0,1.0,1.0,0.0,400,0.04185080528259277,0.04498624801635742,0,0,2.762707056532246,30.780136126052266,0.0,0.1225
1,phase_r7,11,500,child_task3,weak_opponents,13019,task3_phase_r1_phase_r7_s11_c0500_task3_125124f_s13019,/export/data/sfan/MLE_final_project/runs/task3_phase_r1_phase_r7_s11_c0500_125124f/checkpoints/final.pt,125124f7c09f88714c4704b4d2ac06824cbf265f,ad9d33d9cf17a3363082e4c33e08023f6234ada81110733bec00c33d1c07669e,completed,4.0,4.0,50.0,0.0,1.0,19.0,19.0,18.0,1.0,0.0,0.0,0.0,155,0.027312040328979492,0.03485751152038574,0,0,2.6987227552984336,27.622936007912173,0.0,0.4129032258064516
1,phase_r9_resource,11,500,child_task1,coin_navigation,13000,task3_phase_r1_phase_r9_resource_s11_c0500_task1_125124f_s13000,/export/data/sfan/MLE_final_project/runs/task3_phase_r1_phase_r9_resource_s11_c0500_125124f/checkpoints/final.pt,125124f7c09f88714c4704b4d2ac06824cbf265f,ad9d33d9cf17a3363082e4c33e08023f6234ada81110733bec00c33d1c07669e,completed,50.0,50.0,0.0,0.0,0.0,0.0,0.0,0.0,0.0,1.0,1.0,0.0,144,0.019741296768188477,0.024786949157714844,0,0,,,,
1,phase_r9_resource,11,500,child_task1,coin_navigation,13001,task3_phase_r1_phase_r9_resource_s11_c0500_task1_125124f_s13001,/export/data/sfan/MLE_final_project/runs/task3_phase_r1_phase_r9_resource_s11_c0500_125124f/checkpoints/final.pt,125124f7c09f88714c4704b4d2ac06824cbf265f,ad9d33d9cf17a3363082e4c33e08023f6234ada81110733bec00c33d1c07669e,completed,50.0,50.0,0.0,0.0,0.0,0.0,0.0,0.0,0.0,1.0,1.0,0.0,107,0.019816875457763672,0.023816347122192383,0,0,,,,
1,phase_r9_resource,11,500,child_task1,coin_navigation,13002,task3_phase_r1_phase_r9_resource_s11_c0500_task1_125124f_s13002,/export/data/sfan/MLE_final_project/runs/task3_phase_r1_phase_r9_resource_s11_c0500_125124f/checkpoints/final.pt,125124f7c09f88714c4704b4d2ac06824cbf265f,ad9d33d9cf17a3363082e4c33e08023f6234ada81110733bec00c33d1c07669e,completed,50.0,50.0,0.0,0.0,0.0,0.0,0.0,0.0,0.0,1.0,1.0,0.0,111,0.020106792449951172,0.02029728889465332,0,0,,,,
1,phase_r9_resource,11,500,child_task1,coin_navigation,13003,task3_phase_r1_phase_r9_resource_s11_c0500_task1_125124f_s13003,/export/data/sfan/MLE_final_project/runs/task3_phase_r1_phase_r9_resource_s11_c0500_125124f/checkpoints/final.pt,125124f7c09f88714c4704b4d2ac06824cbf265f,ad9d33d9cf17a3363082e4c33e08023f6234ada81110733bec00c33d1c07669e,completed,50.0,50.0,0.0,0.0,0.0,0.0,0.0,0.0,0.0,1.0,1.0,0.0,127,0.020003795623779297,0.020923614501953125,0,0,,,,
1,phase_r9_resource,11,500,child_task1,coin_navigation,13004,task3_phase_r1_phase_r9_resource_s11_c0500_task1_125124f_s13004,/export/data/sfan/MLE_final_project/runs/task3_phase_r1_phase_r9_resource_s11_c0500_125124f/checkpoints/final.pt,125124f7c09f88714c4704b4d2ac06824cbf265f,ad9d33d9cf17a3363082e4c33e08023f6234ada81110733bec00c33d1c07669e,completed,50.0,50.0,0.0,0.0,0.0,0.0,0.0,0.0,0.0,1.0,1.0,0.0,124,0.01998448371887207,0.02069091796875,0,0,,,,
1,phase_r9_resource,11,500,child_task1,coin_navigation,13005,task3_phase_r1_phase_r9_resource_s11_c0500_task1_125124f_s13005,/export/data/sfan/MLE_final_project/runs/task3_phase_r1_phase_r9_resource_s11_c0500_125124f/checkpoints/final.pt,125124f7c09f88714c4704b4d2ac06824cbf265f,ad9d33d9cf17a3363082e4c33e08023f6234ada81110733bec00c33d1c07669e,completed,50.0,50.0,0.0,0.0,0.0,0.0,0.0,0.0,0.0,1.0,1.0,0.0,131,0.02010345458984375,0.02022099494934082,0,0,,,,
1,phase_r9_resource,11,500,child_task1,coin_navigation,13006,task3_phase_r1_phase_r9_resource_s11_c0500_task1_125124f_s13006,/export/data/sfan/MLE_final_project/runs/task3_phase_r1_phase_r9_resource_s11_c0500_125124f/checkpoints/final.pt,125124f7c09f88714c4704b4d2ac06824cbf265f,ad9d33d9cf17a3363082e4c33e08023f6234ada81110733bec00c33d1c07669e,completed,50.0,50.0,0.0,0.0,0.0,0.0,0.0,0.0,0.0,1.0,1.0,0.0,133,0.020138978958129883,0.020476579666137695,0,0,,,,
1,phase_r9_resource,11,500,child_task1,coin_navigation,13007,task3_phase_r1_phase_r9_resource_s11_c0500_task1_125124f_s13007,/export/data/sfan/MLE_final_project/runs/task3_phase_r1_phase_r9_resource_s11_c0500_125124f/checkpoints/final.pt,125124f7c09f88714c4704b4d2ac06824cbf265f,ad9d33d9cf17a3363082e4c33e08023f6234ada81110733bec00c33d1c07669e,completed,50.0,50.0,0.0,0.0,0.0,0.0,0.0,0.0,0.0,1.0,1.0,0.0,124,0.019782066345214844,0.02033686637878418,0,0,,,,
1,phase_r9_resource,11,500,child_task1,coin_navigation,13008,task3_phase_r1_phase_r9_resource_s11_c0500_task1_125124f_s13008,/export/data/sfan/MLE_final_project/runs/task3_phase_r1_phase_r9_resource_s11_c0500_125124f/checkpoints/final.pt,125124f7c09f88714c4704b4d2ac06824cbf265f,ad9d33d9cf17a3363082e4c33e08023f6234ada81110733bec00c33d1c07669e,completed,50.0,50.0,0.0,0.0,0.0,0.0,0.0,0.0,0.0,1.0,1.0,0.0,131,0.01990509033203125,0.02061772346496582,0,0,,,,
1,phase_r9_resource,11,500,child_task1,coin_navigation,13009,task3_phase_r1_phase_r9_resource_s11_c0500_task1_125124f_s13009,/export/data/sfan/MLE_final_project/runs/task3_phase_r1_phase_r9_resource_s11_c0500_125124f/checkpoints/final.pt,125124f7c09f88714c4704b4d2ac06824cbf265f,ad9d33d9cf17a3363082e4c33e08023f6234ada81110733bec00c33d1c07669e,completed,50.0,50.0,0.0,0.0,0.0,0.0,0.0,0.0,0.0,1.0,1.0,0.0,136,0.020036935806274414,0.02112603187561035,0,0,,,,
1,phase_r9_resource,11,500,child_task1,coin_navigation,13010,task3_phase_r1_phase_r9_resource_s11_c0500_task1_125124f_s13010,/export/data/sfan/MLE_final_project/runs/task3_phase_r1_phase_r9_resource_s11_c0500_125124f/checkpoints/final.pt,125124f7c09f88714c4704b4d2ac06824cbf265f,ad9d33d9cf17a3363082e4c33e08023f6234ada81110733bec00c33d1c07669e,completed,50.0,50.0,0.0,0.0,0.0,0.0,0.0,0.0,0.0,1.0,1.0,0.0,127,0.019881486892700195,0.020525455474853516,0,0,,,,
1,phase_r9_resource,11,500,child_task1,coin_navigation,13011,task3_phase_r1_phase_r9_resource_s11_c0500_task1_125124f_s13011,/export/data/sfan/MLE_final_project/runs/task3_phase_r1_phase_r9_resource_s11_c0500_125124f/checkpoints/final.pt,125124f7c09f88714c4704b4d2ac06824cbf265f,ad9d33d9cf17a3363082e4c33e08023f6234ada81110733bec00c33d1c07669e,completed,50.0,50.0,0.0,0.0,0.0,0.0,0.0,0.0,0.0,1.0,1.0,0.0,134,0.02008342742919922,0.020543575286865234,0,0,,,,
1,phase_r9_resource,11,500,child_task1,coin_navigation,13012,task3_phase_r1_phase_r9_resource_s11_c0500_task1_125124f_s13012,/export/data/sfan/MLE_final_project/runs/task3_phase_r1_phase_r9_resource_s11_c0500_125124f/checkpoints/final.pt,125124f7c09f88714c4704b4d2ac06824cbf265f,ad9d33d9cf17a3363082e4c33e08023f6234ada81110733bec00c33d1c07669e,completed,50.0,50.0,0.0,0.0,0.0,0.0,0.0,0.0,0.0,1.0,1.0,0.0,116,0.020165681838989258,0.02045464515686035,0,0,,,,
1,phase_r9_resource,11,500,child_task1,coin_navigation,13013,task3_phase_r1_phase_r9_resource_s11_c0500_task1_125124f_s13013,/export/data/sfan/MLE_final_project/runs/task3_phase_r1_phase_r9_resource_s11_c0500_125124f/checkpoints/final.pt,125124f7c09f88714c4704b4d2ac06824cbf265f,ad9d33d9cf17a3363082e4c33e08023f6234ada81110733bec00c33d1c07669e,completed,50.0,50.0,0.0,0.0,0.0,0.0,0.0,0.0,0.0,1.0,1.0,0.0,120,0.019967317581176758,0.020565509796142578,0,0,,,,
1,phase_r9_resource,11,500,child_task1,coin_navigation,13014,task3_phase_r1_phase_r9_resource_s11_c0500_task1_125124f_s13014,/export/data/sfan/MLE_final_project/runs/task3_phase_r1_phase_r9_resource_s11_c0500_125124f/checkpoints/final.pt,125124f7c09f88714c4704b4d2ac06824cbf265f,ad9d33d9cf17a3363082e4c33e08023f6234ada81110733bec00c33d1c07669e,completed,50.0,50.0,0.0,0.0,0.0,0.0,0.0,0.0,0.0,1.0,1.0,0.0,140,0.020020008087158203,0.020899534225463867,0,0,,,,
1,phase_r9_resource,11,500,child_task1,coin_navigation,13015,task3_phase_r1_phase_r9_resource_s11_c0500_task1_125124f_s13015,/export/data/sfan/MLE_final_project/runs/task3_phase_r1_phase_r9_resource_s11_c0500_125124f/checkpoints/final.pt,125124f7c09f88714c4704b4d2ac06824cbf265f,ad9d33d9cf17a3363082e4c33e08023f6234ada81110733bec00c33d1c07669e,completed,50.0,50.0,0.0,0.0,0.0,0.0,0.0,0.0,0.0,1.0,1.0,0.0,127,0.020010709762573242,0.020432472229003906,0,0,,,,
1,phase_r9_resource,11,500,child_task1,coin_navigation,13016,task3_phase_r1_phase_r9_resource_s11_c0500_task1_125124f_s13016,/export/data/sfan/MLE_final_project/runs/task3_phase_r1_phase_r9_resource_s11_c0500_125124f/checkpoints/final.pt,125124f7c09f88714c4704b4d2ac06824cbf265f,ad9d33d9cf17a3363082e4c33e08023f6234ada81110733bec00c33d1c07669e,completed,50.0,50.0,0.0,0.0,0.0,0.0,0.0,0.0,0.0,1.0,1.0,0.0,124,0.019832611083984375,0.020355224609375,0,0,,,,
1,phase_r9_resource,11,500,child_task1,coin_navigation,13017,task3_phase_r1_phase_r9_resource_s11_c0500_task1_125124f_s13017,/export/data/sfan/MLE_final_project/runs/task3_phase_r1_phase_r9_resource_s11_c0500_125124f/checkpoints/final.pt,125124f7c09f88714c4704b4d2ac06824cbf265f,ad9d33d9cf17a3363082e4c33e08023f6234ada81110733bec00c33d1c07669e,completed,50.0,50.0,0.0,0.0,0.0,0.0,0.0,0.0,0.0,1.0,1.0,0.0,127,0.020687580108642578,0.02109503746032715,0,0,,,,
1,phase_r9_resource,11,500,child_task1,coin_navigation,13018,task3_phase_r1_phase_r9_resource_s11_c0500_task1_125124f_s13018,/export/data/sfan/MLE_final_project/runs/task3_phase_r1_phase_r9_resource_s11_c0500_125124f/checkpoints/final.pt,125124f7c09f88714c4704b4d2ac06824cbf265f,ad9d33d9cf17a3363082e4c33e08023f6234ada81110733bec00c33d1c07669e,completed,50.0,50.0,0.0,0.0,0.0,0.0,0.0,0.0,0.0,1.0,1.0,0.0,131,0.02075958251953125,0.02165532112121582,0,0,,,,
1,phase_r9_resource,11,500,child_task1,coin_navigation,13019,task3_phase_r1_phase_r9_resource_s11_c0500_task1_125124f_s13019,/export/data/sfan/MLE_final_project/runs/task3_phase_r1_phase_r9_resource_s11_c0500_125124f/checkpoints/final.pt,125124f7c09f88714c4704b4d2ac06824cbf265f,ad9d33d9cf17a3363082e4c33e08023f6234ada81110733bec00c33d1c07669e,completed,50.0,50.0,0.0,0.0,0.0,0.0,0.0,0.0,0.0,1.0,1.0,0.0,124,0.020975351333618164,0.021840810775756836,0,0,,,,
1,phase_r9_resource,11,500,child_task2,crate_navigation,13000,task3_phase_r1_phase_r9_resource_s11_c0500_task2_125124f_s13000,/export/data/sfan/MLE_final_project/runs/task3_phase_r1_phase_r9_resource_s11_c0500_125124f/checkpoints/final.pt,125124f7c09f88714c4704b4d2ac06824cbf265f,ad9d33d9cf17a3363082e4c33e08023f6234ada81110733bec00c33d1c07669e,completed,7.0,7.0,72.0,0.0,0.0,41.0,41.0,41.0,0.0,1.0,1.0,0.0,400,0.013980627059936523,0.01802682876586914,0,0,,,,
1,phase_r9_resource,11,500,child_task2,crate_navigation,13001,task3_phase_r1_phase_r9_resource_s11_c0500_task2_125124f_s13001,/export/data/sfan/MLE_final_project/runs/task3_phase_r1_phase_r9_resource_s11_c0500_125124f/checkpoints/final.pt,125124f7c09f88714c4704b4d2ac06824cbf265f,ad9d33d9cf17a3363082e4c33e08023f6234ada81110733bec00c33d1c07669e,completed,4.0,4.0,63.0,0.0,0.0,49.0,48.0,48.0,0.0,1.0,1.0,0.0,400,0.012386798858642578,0.017693519592285156,0,0,,,,
1,phase_r9_resource,11,500,child_task2,crate_navigation,13002,task3_phase_r1_phase_r9_resource_s11_c0500_task2_125124f_s13002,/export/data/sfan/MLE_final_project/runs/task3_phase_r1_phase_r9_resource_s11_c0500_125124f/checkpoints/final.pt,125124f7c09f88714c4704b4d2ac06824cbf265f,ad9d33d9cf17a3363082e4c33e08023f6234ada81110733bec00c33d1c07669e,completed,3.0,3.0,37.0,0.0,0.0,18.0,18.0,18.0,0.0,1.0,1.0,0.0,400,0.008901596069335938,0.01692962646484375,0,0,,,,
1,phase_r9_resource,11,500,child_task2,crate_navigation,13003,task3_phase_r1_phase_r9_resource_s11_c0500_task2_125124f_s13003,/export/data/sfan/MLE_final_project/runs/task3_phase_r1_phase_r9_resource_s11_c0500_125124f/checkpoints/final.pt,125124f7c09f88714c4704b4d2ac06824cbf265f,ad9d33d9cf17a3363082e4c33e08023f6234ada81110733bec00c33d1c07669e,completed,7.0,7.0,97.0,0.0,0.0,43.0,43.0,43.0,0.0,1.0,1.0,0.0,400,0.012637138366699219,0.01727128028869629,0,0,,,,
1,phase_r9_resource,11,500,child_task2,crate_navigation,13004,task3_phase_r1_phase_r9_resource_s11_c0500_task2_125124f_s13004,/export/data/sfan/MLE_final_project/runs/task3_phase_r1_phase_r9_resource_s11_c0500_125124f/checkpoints/final.pt,125124f7c09f88714c4704b4d2ac06824cbf265f,ad9d33d9cf17a3363082e4c33e08023f6234ada81110733bec00c33d1c07669e,completed,7.0,7.0,84.0,0.0,0.0,50.0,49.0,49.0,0.0,1.0,1.0,0.0,400,0.01790452003479004,0.019727706909179688,0,0,,,,
1,phase_r9_resource,11,500,child_task2,crate_navigation,13005,task3_phase_r1_phase_r9_resource_s11_c0500_task2_125124f_s13005,/export/data/sfan/MLE_final_project/runs/task3_phase_r1_phase_r9_resource_s11_c0500_125124f/checkpoints/final.pt,125124f7c09f88714c4704b4d2ac06824cbf265f,ad9d33d9cf17a3363082e4c33e08023f6234ada81110733bec00c33d1c07669e,completed,6.0,6.0,101.0,0.0,0.0,50.0,49.0,49.0,0.0,1.0,1.0,0.0,400,0.013779640197753906,0.01781487464904785,0,0,,,,
1,phase_r9_resource,11,500,child_task2,crate_navigation,13006,task3_phase_r1_phase_r9_resource_s11_c0500_task2_125124f_s13006,/export/data/sfan/MLE_final_project/runs/task3_phase_r1_phase_r9_resource_s11_c0500_125124f/checkpoints/final.pt,125124f7c09f88714c4704b4d2ac06824cbf265f,ad9d33d9cf17a3363082e4c33e08023f6234ada81110733bec00c33d1c07669e,completed,6.0,6.0,85.0,0.0,0.0,50.0,50.0,50.0,0.0,1.0,1.0,0.0,400,0.012758016586303711,0.01951456069946289,0,0,,,,
1,phase_r9_resource,11,500,child_task2,crate_navigation,13007,task3_phase_r1_phase_r9_resource_s11_c0500_task2_125124f_s13007,/export/data/sfan/MLE_final_project/runs/task3_phase_r1_phase_r9_resource_s11_c0500_125124f/checkpoints/final.pt,125124f7c09f88714c4704b4d2ac06824cbf265f,ad9d33d9cf17a3363082e4c33e08023f6234ada81110733bec00c33d1c07669e,completed,7.0,7.0,86.0,0.0,0.0,47.0,47.0,47.0,0.0,1.0,1.0,0.0,400,0.012691259384155273,0.0185701847076416,0,0,,,,
1,phase_r9_resource,11,500,child_task2,crate_navigation,13008,task3_phase_r1_phase_r9_resource_s11_c0500_task2_125124f_s13008,/export/data/sfan/MLE_final_project/runs/task3_phase_r1_phase_r9_resource_s11_c0500_125124f/checkpoints/final.pt,125124f7c09f88714c4704b4d2ac06824cbf265f,ad9d33d9cf17a3363082e4c33e08023f6234ada81110733bec00c33d1c07669e,completed,7.0,7.0,70.0,0.0,0.0,53.0,53.0,53.0,0.0,1.0,1.0,0.0,400,0.012749433517456055,0.015908002853393555,0,0,,,,
1,phase_r9_resource,11,500,child_task2,crate_navigation,13009,task3_phase_r1_phase_r9_resource_s11_c0500_task2_125124f_s13009,/export/data/sfan/MLE_final_project/runs/task3_phase_r1_phase_r9_resource_s11_c0500_125124f/checkpoints/final.pt,125124f7c09f88714c4704b4d2ac06824cbf265f,ad9d33d9cf17a3363082e4c33e08023f6234ada81110733bec00c33d1c07669e,completed,5.0,5.0,77.0,0.0,0.0,48.0,48.0,48.0,0.0,1.0,1.0,0.0,400,0.014241933822631836,0.018648147583007812,0,0,,,,
1,phase_r9_resource,11,500,child_task2,crate_navigation,13010,task3_phase_r1_phase_r9_resource_s11_c0500_task2_125124f_s13010,/export/data/sfan/MLE_final_project/runs/task3_phase_r1_phase_r9_resource_s11_c0500_125124f/checkpoints/final.pt,125124f7c09f88714c4704b4d2ac06824cbf265f,ad9d33d9cf17a3363082e4c33e08023f6234ada81110733bec00c33d1c07669e,completed,6.0,6.0,68.0,0.0,0.0,48.0,48.0,48.0,0.0,1.0,1.0,0.0,400,0.010906457901000977,0.017737865447998047,0,0,,,,
1,phase_r9_resource,11,500,child_task2,crate_navigation,13011,task3_phase_r1_phase_r9_resource_s11_c0500_task2_125124f_s13011,/export/data/sfan/MLE_final_project/runs/task3_phase_r1_phase_r9_resource_s11_c0500_125124f/checkpoints/final.pt,125124f7c09f88714c4704b4d2ac06824cbf265f,ad9d33d9cf17a3363082e4c33e08023f6234ada81110733bec00c33d1c07669e,completed,3.0,3.0,60.0,0.0,0.0,53.0,53.0,53.0,0.0,1.0,1.0,0.0,400,0.012427806854248047,0.017885446548461914,0,0,,,,
1,phase_r9_resource,11,500,child_task2,crate_navigation,13012,task3_phase_r1_phase_r9_resource_s11_c0500_task2_125124f_s13012,/export/data/sfan/MLE_final_project/runs/task3_phase_r1_phase_r9_resource_s11_c0500_125124f/checkpoints/final.pt,125124f7c09f88714c4704b4d2ac06824cbf265f,ad9d33d9cf17a3363082e4c33e08023f6234ada81110733bec00c33d1c07669e,completed,4.0,4.0,60.0,0.0,0.0,52.0,52.0,52.0,0.0,1.0,1.0,0.0,400,0.012059926986694336,0.01841568946838379,0,0,,,,
1,phase_r9_resource,11,500,child_task2,crate_navigation,13013,task3_phase_r1_phase_r9_resource_s11_c0500_task2_125124f_s13013,/export/data/sfan/MLE_final_project/runs/task3_phase_r1_phase_r9_resource_s11_c0500_125124f/checkpoints/final.pt,125124f7c09f88714c4704b4d2ac06824cbf265f,ad9d33d9cf17a3363082e4c33e08023f6234ada81110733bec00c33d1c07669e,completed,6.0,6.0,64.0,0.0,0.0,50.0,50.0,50.0,0.0,1.0,1.0,0.0,400,0.013590812683105469,0.01825857162475586,0,0,,,,
1,phase_r9_resource,11,500,child_task2,crate_navigation,13014,task3_phase_r1_phase_r9_resource_s11_c0500_task2_125124f_s13014,/export/data/sfan/MLE_final_project/runs/task3_phase_r1_phase_r9_resource_s11_c0500_125124f/checkpoints/final.pt,125124f7c09f88714c4704b4d2ac06824cbf265f,ad9d33d9cf17a3363082e4c33e08023f6234ada81110733bec00c33d1c07669e,completed,3.0,3.0,71.0,0.0,0.0,54.0,54.0,54.0,0.0,1.0,1.0,0.0,400,0.011879444122314453,0.016780614852905273,0,0,,,,
1,phase_r9_resource,11,500,child_task2,crate_navigation,13015,task3_phase_r1_phase_r9_resource_s11_c0500_task2_125124f_s13015,/export/data/sfan/MLE_final_project/runs/task3_phase_r1_phase_r9_resource_s11_c0500_125124f/checkpoints/final.pt,125124f7c09f88714c4704b4d2ac06824cbf265f,ad9d33d9cf17a3363082e4c33e08023f6234ada81110733bec00c33d1c07669e,completed,1.0,1.0,57.0,0.0,0.0,53.0,52.0,52.0,0.0,1.0,1.0,0.0,400,0.013032197952270508,0.017328977584838867,0,0,,,,
1,phase_r9_resource,11,500,child_task2,crate_navigation,13016,task3_phase_r1_phase_r9_resource_s11_c0500_task2_125124f_s13016,/export/data/sfan/MLE_final_project/runs/task3_phase_r1_phase_r9_resource_s11_c0500_125124f/checkpoints/final.pt,125124f7c09f88714c4704b4d2ac06824cbf265f,ad9d33d9cf17a3363082e4c33e08023f6234ada81110733bec00c33d1c07669e,completed,4.0,4.0,81.0,0.0,0.0,53.0,52.0,52.0,0.0,1.0,1.0,0.0,400,0.015204191207885742,0.018702268600463867,0,0,,,,
1,phase_r9_resource,11,500,child_task2,crate_navigation,13017,task3_phase_r1_phase_r9_resource_s11_c0500_task2_125124f_s13017,/export/data/sfan/MLE_final_project/runs/task3_phase_r1_phase_r9_resource_s11_c0500_125124f/checkpoints/final.pt,125124f7c09f88714c4704b4d2ac06824cbf265f,ad9d33d9cf17a3363082e4c33e08023f6234ada81110733bec00c33d1c07669e,completed,7.0,7.0,90.0,0.0,0.0,53.0,53.0,53.0,0.0,1.0,1.0,0.0,400,0.013603687286376953,0.018490076065063477,0,0,,,,
1,phase_r9_resource,11,500,child_task2,crate_navigation,13018,task3_phase_r1_phase_r9_resource_s11_c0500_task2_125124f_s13018,/export/data/sfan/MLE_final_project/runs/task3_phase_r1_phase_r9_resource_s11_c0500_125124f/checkpoints/final.pt,125124f7c09f88714c4704b4d2ac06824cbf265f,ad9d33d9cf17a3363082e4c33e08023f6234ada81110733bec00c33d1c07669e,completed,5.0,5.0,55.0,0.0,0.0,32.0,32.0,32.0,0.0,1.0,1.0,0.0,400,0.011588335037231445,0.01761794090270996,0,0,,,,
1,phase_r9_resource,11,500,child_task2,crate_navigation,13019,task3_phase_r1_phase_r9_resource_s11_c0500_task2_125124f_s13019,/export/data/sfan/MLE_final_project/runs/task3_phase_r1_phase_r9_resource_s11_c0500_125124f/checkpoints/final.pt,125124f7c09f88714c4704b4d2ac06824cbf265f,ad9d33d9cf17a3363082e4c33e08023f6234ada81110733bec00c33d1c07669e,completed,7.0,7.0,86.0,0.0,0.0,55.0,55.0,55.0,0.0,1.0,1.0,0.0,400,0.012446403503417969,0.01778721809387207,0,0,,,,
1,phase_r9_resource,11,500,child_task3,weak_opponents,13000,task3_phase_r1_phase_r9_resource_s11_c0500_task3_125124f_s13000,/export/data/sfan/MLE_final_project/runs/task3_phase_r1_phase_r9_resource_s11_c0500_125124f/checkpoints/final.pt,125124f7c09f88714c4704b4d2ac06824cbf265f,ad9d33d9cf17a3363082e4c33e08023f6234ada81110733bec00c33d1c07669e,completed,4.0,4.0,41.0,0.0,0.0,23.0,23.0,23.0,0.0,1.0,0.0,0.0,400,0.015037298202514648,0.018290042877197266,0,0,2.340013569258756,23.82715342366108,0.0,0.77
1,phase_r9_resource,11,500,child_task3,weak_opponents,13001,task3_phase_r1_phase_r9_resource_s11_c0500_task3_125124f_s13001,/export/data/sfan/MLE_final_project/runs/task3_phase_r1_phase_r9_resource_s11_c0500_125124f/checkpoints/final.pt,125124f7c09f88714c4704b4d2ac06824cbf265f,ad9d33d9cf17a3363082e4c33e08023f6234ada81110733bec00c33d1c07669e,completed,9.0,4.0,41.0,1.0,0.0,26.0,26.0,26.0,0.0,1.0,1.0,0.0,400,0.015886545181274414,0.02012467384338379,0,0,1.6123448912119247,23.40188594197904,0.06951378024881001,0.72
1,phase_r9_resource,11,500,child_task3,weak_opponents,13002,task3_phase_r1_phase_r9_resource_s11_c0500_task3_125124f_s13002,/export/data/sfan/MLE_final_project/runs/task3_phase_r1_phase_r9_resource_s11_c0500_125124f/checkpoints/final.pt,125124f7c09f88714c4704b4d2ac06824cbf265f,ad9d33d9cf17a3363082e4c33e08023f6234ada81110733bec00c33d1c07669e,completed,8.0,3.0,35.0,1.0,0.0,27.0,27.0,27.0,0.0,1.0,1.0,0.0,400,0.01685476303100586,0.019269943237304688,0,0,2.0733428028496017,20.503846486976144,0.0010131115764353666,0.6625
1,phase_r9_resource,11,500,child_task3,weak_opponents,13003,task3_phase_r1_phase_r9_resource_s11_c0500_task3_125124f_s13003,/export/data/sfan/MLE_final_project/runs/task3_phase_r1_phase_r9_resource_s11_c0500_125124f/checkpoints/final.pt,125124f7c09f88714c4704b4d2ac06824cbf265f,ad9d33d9cf17a3363082e4c33e08023f6234ada81110733bec00c33d1c07669e,completed,5.0,5.0,29.0,0.0,0.0,29.0,29.0,29.0,0.0,1.0,0.0,0.0,400,0.02100849151611328,0.022162199020385742,0,0,0.5994085601748299,15.35236094518277,0.000488620037528571,0.3425
1,phase_r9_resource,11,500,child_task3,weak_opponents,13004,task3_phase_r1_phase_r9_resource_s11_c0500_task3_125124f_s13004,/export/data/sfan/MLE_final_project/runs/task3_phase_r1_phase_r9_resource_s11_c0500_125124f/checkpoints/final.pt,125124f7c09f88714c4704b4d2ac06824cbf265f,ad9d33d9cf17a3363082e4c33e08023f6234ada81110733bec00c33d1c07669e,completed,9.0,4.0,40.0,1.0,0.0,30.0,30.0,30.0,0.0,1.0,1.0,0.0,400,0.016367435455322266,0.021831512451171875,0,0,4.445777505775774,32.895444244934374,0.0,0.6425
1,phase_r9_resource,11,500,child_task3,weak_opponents,13005,task3_phase_r1_phase_r9_resource_s11_c0500_task3_125124f_s13005,/export/data/sfan/MLE_final_project/runs/task3_phase_r1_phase_r9_resource_s11_c0500_125124f/checkpoints/final.pt,125124f7c09f88714c4704b4d2ac06824cbf265f,ad9d33d9cf17a3363082e4c33e08023f6234ada81110733bec00c33d1c07669e,completed,10.0,5.0,27.0,1.0,1.0,13.0,13.0,12.0,1.0,0.0,1.0,0.0,110,0.017097949981689453,0.019779205322265625,0,0,1.7159047745503069,11.673068571599142,0.0,0.34545454545454546
1,phase_r9_resource,11,500,child_task3,weak_opponents,13006,task3_phase_r1_phase_r9_resource_s11_c0500_task3_125124f_s13006,/export/data/sfan/MLE_final_project/runs/task3_phase_r1_phase_r9_resource_s11_c0500_125124f/checkpoints/final.pt,125124f7c09f88714c4704b4d2ac06824cbf265f,ad9d33d9cf17a3363082e4c33e08023f6234ada81110733bec00c33d1c07669e,completed,2.0,2.0,38.0,0.0,0.0,25.0,25.0,25.0,0.0,1.0,0.0,0.0,400,0.010960102081298828,0.017285585403442383,0,0,1.3728037243047018,29.72756895944852,0.0,0.185
1,phase_r9_resource,11,500,child_task3,weak_opponents,13007,task3_phase_r1_phase_r9_resource_s11_c0500_task3_125124f_s13007,/export/data/sfan/MLE_final_project/runs/task3_phase_r1_phase_r9_resource_s11_c0500_125124f/checkpoints/final.pt,125124f7c09f88714c4704b4d2ac06824cbf265f,ad9d33d9cf17a3363082e4c33e08023f6234ada81110733bec00c33d1c07669e,completed,12.0,7.0,49.0,1.0,0.0,26.0,26.0,26.0,0.0,1.0,1.0,0.0,400,0.01670050621032715,0.022440671920776367,0,0,3.2073223983835004,27.553857035409912,0.0,0.4
1,phase_r9_resource,11,500,child_task3,weak_opponents,13008,task3_phase_r1_phase_r9_resource_s11_c0500_task3_125124f_s13008,/export/data/sfan/MLE_final_project/runs/task3_phase_r1_phase_r9_resource_s11_c0500_125124f/checkpoints/final.pt,125124f7c09f88714c4704b4d2ac06824cbf265f,ad9d33d9cf17a3363082e4c33e08023f6234ada81110733bec00c33d1c07669e,completed,2.0,2.0,34.0,0.0,0.0,21.0,21.0,21.0,0.0,1.0,0.0,0.0,400,0.016632795333862305,0.01961040496826172,0,0,1.3317736040950927,23.79026666646566,0.0,0.4775
1,phase_r9_resource,11,500,child_task3,weak_opponents,13009,task3_phase_r1_phase_r9_resource_s11_c0500_task3_125124f_s13009,/export/data/sfan/MLE_final_project/runs/task3_phase_r1_phase_r9_resource_s11_c0500_125124f/checkpoints/final.pt,125124f7c09f88714c4704b4d2ac06824cbf265f,ad9d33d9cf17a3363082e4c33e08023f6234ada81110733bec00c33d1c07669e,completed,10.0,0.0,44.0,2.0,0.0,31.0,31.0,31.0,0.0,1.0,1.0,0.0,400,0.012838363647460938,0.025321483612060547,0,0,0.0,27.455304012548737,0.020431605833221556,0.8
1,phase_r9_resource,11,500,child_task3,weak_opponents,13010,task3_phase_r1_phase_r9_resource_s11_c0500_task3_125124f_s13010,/export/data/sfan/MLE_final_project/runs/task3_phase_r1_phase_r9_resource_s11_c0500_125124f/checkpoints/final.pt,125124f7c09f88714c4704b4d2ac06824cbf265f,ad9d33d9cf17a3363082e4c33e08023f6234ada81110733bec00c33d1c07669e,completed,9.0,4.0,36.0,1.0,1.0,26.0,26.0,25.0,0.0,0.0,1.0,0.0,238,0.01651597023010254,0.019930124282836914,0,0,2.001086121463464,23.955049574541615,0.0753202227590965,0.5882352941176471
1,phase_r9_resource,11,500,child_task3,weak_opponents,13011,task3_phase_r1_phase_r9_resource_s11_c0500_task3_125124f_s13011,/export/data/sfan/MLE_final_project/runs/task3_phase_r1_phase_r9_resource_s11_c0500_125124f/checkpoints/final.pt,125124f7c09f88714c4704b4d2ac06824cbf265f,ad9d33d9cf17a3363082e4c33e08023f6234ada81110733bec00c33d1c07669e,completed,0.0,0.0,15.0,0.0,1.0,28.0,28.0,27.0,1.0,0.0,0.0,0.0,285,0.017080068588256836,0.019743919372558594,0,0,0.0,11.76036907206739,0.029063972202681667,0.712280701754386
1,phase_r9_resource,11,500,child_task3,weak_opponents,13012,task3_phase_r1_phase_r9_resource_s11_c0500_task3_125124f_s13012,/export/data/sfan/MLE_final_project/runs/task3_phase_r1_phase_r9_resource_s11_c0500_125124f/checkpoints/final.pt,125124f7c09f88714c4704b4d2ac06824cbf265f,ad9d33d9cf17a3363082e4c33e08023f6234ada81110733bec00c33d1c07669e,completed,3.0,3.0,31.0,0.0,1.0,13.0,13.0,12.0,0.0,0.0,0.0,0.0,117,0.01607370376586914,0.0192108154296875,0,0,0.9504943798120865,11.858986699810876,0.0,0.49572649572649574
1,phase_r9_resource,11,500,child_task3,weak_opponents,13013,task3_phase_r1_phase_r9_resource_s11_c0500_task3_125124f_s13013,/export/data/sfan/MLE_final_project/runs/task3_phase_r1_phase_r9_resource_s11_c0500_125124f/checkpoints/final.pt,125124f7c09f88714c4704b4d2ac06824cbf265f,ad9d33d9cf17a3363082e4c33e08023f6234ada81110733bec00c33d1c07669e,completed,12.0,2.0,38.0,2.0,0.0,26.0,26.0,26.0,0.0,1.0,1.0,0.0,400,0.013921499252319336,0.019392967224121094,0,0,1.3004320260691753,25.627769780518054,0.009207259175525905,0.4625
1,phase_r9_resource,11,500,child_task3,weak_opponents,13014,task3_phase_r1_phase_r9_resource_s11_c0500_task3_125124f_s13014,/export/data/sfan/MLE_final_project/runs/task3_phase_r1_phase_r9_resource_s11_c0500_125124f/checkpoints/final.pt,125124f7c09f88714c4704b4d2ac06824cbf265f,ad9d33d9cf17a3363082e4c33e08023f6234ada81110733bec00c33d1c07669e,completed,1.0,1.0,23.0,0.0,1.0,13.0,13.0,12.0,0.0,0.0,0.0,0.0,113,0.014006614685058594,0.018796920776367188,0,0,0.23411606987845965,384.5238090058119,0.0,0.6106194690265486
1,phase_r9_resource,11,500,child_task3,weak_opponents,13015,task3_phase_r1_phase_r9_resource_s11_c0500_task3_125124f_s13015,/export/data/sfan/MLE_final_project/runs/task3_phase_r1_phase_r9_resource_s11_c0500_125124f/checkpoints/final.pt,125124f7c09f88714c4704b4d2ac06824cbf265f,ad9d33d9cf17a3363082e4c33e08023f6234ada81110733bec00c33d1c07669e,completed,1.0,1.0,21.0,0.0,1.0,15.0,15.0,14.0,0.0,0.0,0.0,0.0,340,0.031157493591308594,0.03690338134765625,0,0,0.6198347107438018,16.001534564682828,0.06912822932641265,0.8382352941176471
1,phase_r9_resource,11,500,child_task3,weak_opponents,13016,task3_phase_r1_phase_r9_resource_s11_c0500_task3_125124f_s13016,/export/data/sfan/MLE_final_project/runs/task3_phase_r1_phase_r9_resource_s11_c0500_125124f/checkpoints/final.pt,125124f7c09f88714c4704b4d2ac06824cbf265f,ad9d33d9cf17a3363082e4c33e08023f6234ada81110733bec00c33d1c07669e,completed,7.0,2.0,29.0,1.0,1.0,11.0,11.0,10.0,0.0,0.0,0.0,1.0,84,0.020017147064208984,0.02328038215637207,0,0,0.6091182815787015,10.48933283133528,0.0,0.8214285714285714
1,phase_r9_resource,11,500,child_task3,weak_opponents,13017,task3_phase_r1_phase_r9_resource_s11_c0500_task3_125124f_s13017,/export/data/sfan/MLE_final_project/runs/task3_phase_r1_phase_r9_resource_s11_c0500_125124f/checkpoints/final.pt,125124f7c09f88714c4704b4d2ac06824cbf265f,ad9d33d9cf17a3363082e4c33e08023f6234ada81110733bec00c33d1c07669e,completed,4.0,4.0,25.0,0.0,0.0,23.0,23.0,23.0,1.0,1.0,0.0,0.0,400,0.04252815246582031,0.04620170593261719,0,0,2.5694832239750562,18.366670572319393,0.006374618475318839,0.435
1,phase_r9_resource,11,500,child_task3,weak_opponents,13018,task3_phase_r1_phase_r9_resource_s11_c0500_task3_125124f_s13018,/export/data/sfan/MLE_final_project/runs/task3_phase_r1_phase_r9_resource_s11_c0500_125124f/checkpoints/final.pt,125124f7c09f88714c4704b4d2ac06824cbf265f,ad9d33d9cf17a3363082e4c33e08023f6234ada81110733bec00c33d1c07669e,completed,1.0,1.0,18.0,0.0,1.0,16.0,16.0,15.0,0.0,0.0,0.0,0.0,128,0.028976917266845703,0.03664994239807129,0,0,0.4210000363699126,6.680820193348389,0.0,0.5234375
1,phase_r9_resource,11,500,child_task3,weak_opponents,13019,task3_phase_r1_phase_r9_resource_s11_c0500_task3_125124f_s13019,/export/data/sfan/MLE_final_project/runs/task3_phase_r1_phase_r9_resource_s11_c0500_125124f/checkpoints/final.pt,125124f7c09f88714c4704b4d2ac06824cbf265f,ad9d33d9cf17a3363082e4c33e08023f6234ada81110733bec00c33d1c07669e,completed,3.0,3.0,31.0,0.0,0.0,24.0,24.0,24.0,0.0,1.0,0.0,0.0,400,0.02998185157775879,0.04561614990234375,0,0,2.357038358558976,15.054820071670276,0.0,0.7925
1,phase_r9_combat,11,500,child_task1,coin_navigation,13000,task3_phase_r1_phase_r9_combat_s11_c0500_task1_125124f_s13000,/export/data/sfan/MLE_final_project/runs/task3_phase_r1_phase_r9_combat_s11_c0500_125124f/checkpoints/final.pt,125124f7c09f88714c4704b4d2ac06824cbf265f,ad9d33d9cf17a3363082e4c33e08023f6234ada81110733bec00c33d1c07669e,completed,50.0,50.0,0.0,0.0,0.0,0.0,0.0,0.0,0.0,1.0,1.0,0.0,130,0.0201418399810791,0.021038293838500977,0,0,,,,
1,phase_r9_combat,11,500,child_task1,coin_navigation,13001,task3_phase_r1_phase_r9_combat_s11_c0500_task1_125124f_s13001,/export/data/sfan/MLE_final_project/runs/task3_phase_r1_phase_r9_combat_s11_c0500_125124f/checkpoints/final.pt,125124f7c09f88714c4704b4d2ac06824cbf265f,ad9d33d9cf17a3363082e4c33e08023f6234ada81110733bec00c33d1c07669e,completed,50.0,50.0,0.0,0.0,0.0,0.0,0.0,0.0,0.0,1.0,1.0,0.0,121,0.019797801971435547,0.023193836212158203,0,0,,,,
1,phase_r9_combat,11,500,child_task1,coin_navigation,13002,task3_phase_r1_phase_r9_combat_s11_c0500_task1_125124f_s13002,/export/data/sfan/MLE_final_project/runs/task3_phase_r1_phase_r9_combat_s11_c0500_125124f/checkpoints/final.pt,125124f7c09f88714c4704b4d2ac06824cbf265f,ad9d33d9cf17a3363082e4c33e08023f6234ada81110733bec00c33d1c07669e,completed,50.0,50.0,0.0,0.0,0.0,0.0,0.0,0.0,0.0,1.0,1.0,0.0,133,0.019849538803100586,0.020190000534057617,0,0,,,,
1,phase_r9_combat,11,500,child_task1,coin_navigation,13003,task3_phase_r1_phase_r9_combat_s11_c0500_task1_125124f_s13003,/export/data/sfan/MLE_final_project/runs/task3_phase_r1_phase_r9_combat_s11_c0500_125124f/checkpoints/final.pt,125124f7c09f88714c4704b4d2ac06824cbf265f,ad9d33d9cf17a3363082e4c33e08023f6234ada81110733bec00c33d1c07669e,completed,50.0,50.0,0.0,0.0,0.0,0.0,0.0,0.0,0.0,1.0,1.0,0.0,125,0.019879579544067383,0.02082037925720215,0,0,,,,
1,phase_r9_combat,11,500,child_task1,coin_navigation,13004,task3_phase_r1_phase_r9_combat_s11_c0500_task1_125124f_s13004,/export/data/sfan/MLE_final_project/runs/task3_phase_r1_phase_r9_combat_s11_c0500_125124f/checkpoints/final.pt,125124f7c09f88714c4704b4d2ac06824cbf265f,ad9d33d9cf17a3363082e4c33e08023f6234ada81110733bec00c33d1c07669e,completed,50.0,50.0,0.0,0.0,0.0,0.0,0.0,0.0,0.0,1.0,1.0,0.0,120,0.01999187469482422,0.02128434181213379,0,0,,,,
1,phase_r9_combat,11,500,child_task1,coin_navigation,13005,task3_phase_r1_phase_r9_combat_s11_c0500_task1_125124f_s13005,/export/data/sfan/MLE_final_project/runs/task3_phase_r1_phase_r9_combat_s11_c0500_125124f/checkpoints/final.pt,125124f7c09f88714c4704b4d2ac06824cbf265f,ad9d33d9cf17a3363082e4c33e08023f6234ada81110733bec00c33d1c07669e,completed,50.0,50.0,0.0,0.0,0.0,0.0,0.0,0.0,0.0,1.0,1.0,0.0,138,0.019899845123291016,0.0203092098236084,0,0,,,,
1,phase_r9_combat,11,500,child_task1,coin_navigation,13006,task3_phase_r1_phase_r9_combat_s11_c0500_task1_125124f_s13006,/export/data/sfan/MLE_final_project/runs/task3_phase_r1_phase_r9_combat_s11_c0500_125124f/checkpoints/final.pt,125124f7c09f88714c4704b4d2ac06824cbf265f,ad9d33d9cf17a3363082e4c33e08023f6234ada81110733bec00c33d1c07669e,completed,50.0,50.0,0.0,0.0,0.0,0.0,0.0,0.0,0.0,1.0,1.0,0.0,114,0.020833730697631836,0.021142244338989258,0,0,,,,
1,phase_r9_combat,11,500,child_task1,coin_navigation,13007,task3_phase_r1_phase_r9_combat_s11_c0500_task1_125124f_s13007,/export/data/sfan/MLE_final_project/runs/task3_phase_r1_phase_r9_combat_s11_c0500_125124f/checkpoints/final.pt,125124f7c09f88714c4704b4d2ac06824cbf265f,ad9d33d9cf17a3363082e4c33e08023f6234ada81110733bec00c33d1c07669e,completed,50.0,50.0,0.0,0.0,0.0,0.0,0.0,0.0,0.0,1.0,1.0,0.0,124,0.019730091094970703,0.020272016525268555,0,0,,,,
1,phase_r9_combat,11,500,child_task1,coin_navigation,13008,task3_phase_r1_phase_r9_combat_s11_c0500_task1_125124f_s13008,/export/data/sfan/MLE_final_project/runs/task3_phase_r1_phase_r9_combat_s11_c0500_125124f/checkpoints/final.pt,125124f7c09f88714c4704b4d2ac06824cbf265f,ad9d33d9cf17a3363082e4c33e08023f6234ada81110733bec00c33d1c07669e,completed,50.0,50.0,0.0,0.0,0.0,0.0,0.0,0.0,0.0,1.0,1.0,0.0,147,0.020015478134155273,0.020815372467041016,0,0,,,,
1,phase_r9_combat,11,500,child_task1,coin_navigation,13009,task3_phase_r1_phase_r9_combat_s11_c0500_task1_125124f_s13009,/export/data/sfan/MLE_final_project/runs/task3_phase_r1_phase_r9_combat_s11_c0500_125124f/checkpoints/final.pt,125124f7c09f88714c4704b4d2ac06824cbf265f,ad9d33d9cf17a3363082e4c33e08023f6234ada81110733bec00c33d1c07669e,completed,50.0,50.0,0.0,0.0,0.0,0.0,0.0,0.0,0.0,1.0,1.0,0.0,140,0.020601511001586914,0.021331071853637695,0,0,,,,
1,phase_r9_combat,11,500,child_task1,coin_navigation,13010,task3_phase_r1_phase_r9_combat_s11_c0500_task1_125124f_s13010,/export/data/sfan/MLE_final_project/runs/task3_phase_r1_phase_r9_combat_s11_c0500_125124f/checkpoints/final.pt,125124f7c09f88714c4704b4d2ac06824cbf265f,ad9d33d9cf17a3363082e4c33e08023f6234ada81110733bec00c33d1c07669e,completed,50.0,50.0,0.0,0.0,0.0,0.0,0.0,0.0,0.0,1.0,1.0,0.0,124,0.01986241340637207,0.020821809768676758,0,0,,,,
1,phase_r9_combat,11,500,child_task1,coin_navigation,13011,task3_phase_r1_phase_r9_combat_s11_c0500_task1_125124f_s13011,/export/data/sfan/MLE_final_project/runs/task3_phase_r1_phase_r9_combat_s11_c0500_125124f/checkpoints/final.pt,125124f7c09f88714c4704b4d2ac06824cbf265f,ad9d33d9cf17a3363082e4c33e08023f6234ada81110733bec00c33d1c07669e,completed,50.0,50.0,0.0,0.0,0.0,0.0,0.0,0.0,0.0,1.0,1.0,0.0,128,0.019847631454467773,0.0201416015625,0,0,,,,
1,phase_r9_combat,11,500,child_task1,coin_navigation,13012,task3_phase_r1_phase_r9_combat_s11_c0500_task1_125124f_s13012,/export/data/sfan/MLE_final_project/runs/task3_phase_r1_phase_r9_combat_s11_c0500_125124f/checkpoints/final.pt,125124f7c09f88714c4704b4d2ac06824cbf265f,ad9d33d9cf17a3363082e4c33e08023f6234ada81110733bec00c33d1c07669e,completed,50.0,50.0,0.0,0.0,0.0,0.0,0.0,0.0,0.0,1.0,1.0,0.0,158,0.019846200942993164,0.020836353302001953,0,0,,,,
1,phase_r9_combat,11,500,child_task1,coin_navigation,13013,task3_phase_r1_phase_r9_combat_s11_c0500_task1_125124f_s13013,/export/data/sfan/MLE_final_project/runs/task3_phase_r1_phase_r9_combat_s11_c0500_125124f/checkpoints/final.pt,125124f7c09f88714c4704b4d2ac06824cbf265f,ad9d33d9cf17a3363082e4c33e08023f6234ada81110733bec00c33d1c07669e,completed,50.0,50.0,0.0,0.0,0.0,0.0,0.0,0.0,0.0,1.0,1.0,0.0,121,0.019974708557128906,0.020384788513183594,0,0,,,,
1,phase_r9_combat,11,500,child_task1,coin_navigation,13014,task3_phase_r1_phase_r9_combat_s11_c0500_task1_125124f_s13014,/export/data/sfan/MLE_final_project/runs/task3_phase_r1_phase_r9_combat_s11_c0500_125124f/checkpoints/final.pt,125124f7c09f88714c4704b4d2ac06824cbf265f,ad9d33d9cf17a3363082e4c33e08023f6234ada81110733bec00c33d1c07669e,completed,50.0,50.0,0.0,0.0,0.0,0.0,0.0,0.0,0.0,1.0,1.0,0.0,150,0.02019977569580078,0.021247386932373047,0,0,,,,
1,phase_r9_combat,11,500,child_task1,coin_navigation,13015,task3_phase_r1_phase_r9_combat_s11_c0500_task1_125124f_s13015,/export/data/sfan/MLE_final_project/runs/task3_phase_r1_phase_r9_combat_s11_c0500_125124f/checkpoints/final.pt,125124f7c09f88714c4704b4d2ac06824cbf265f,ad9d33d9cf17a3363082e4c33e08023f6234ada81110733bec00c33d1c07669e,completed,50.0,50.0,0.0,0.0,0.0,0.0,0.0,0.0,0.0,1.0,1.0,0.0,130,0.019935131072998047,0.0207672119140625,0,0,,,,
1,phase_r9_combat,11,500,child_task1,coin_navigation,13016,task3_phase_r1_phase_r9_combat_s11_c0500_task1_125124f_s13016,/export/data/sfan/MLE_final_project/runs/task3_phase_r1_phase_r9_combat_s11_c0500_125124f/checkpoints/final.pt,125124f7c09f88714c4704b4d2ac06824cbf265f,ad9d33d9cf17a3363082e4c33e08023f6234ada81110733bec00c33d1c07669e,completed,50.0,50.0,0.0,0.0,0.0,0.0,0.0,0.0,0.0,1.0,1.0,0.0,142,0.019744396209716797,0.020281553268432617,0,0,,,,
1,phase_r9_combat,11,500,child_task1,coin_navigation,13017,task3_phase_r1_phase_r9_combat_s11_c0500_task1_125124f_s13017,/export/data/sfan/MLE_final_project/runs/task3_phase_r1_phase_r9_combat_s11_c0500_125124f/checkpoints/final.pt,125124f7c09f88714c4704b4d2ac06824cbf265f,ad9d33d9cf17a3363082e4c33e08023f6234ada81110733bec00c33d1c07669e,completed,50.0,50.0,0.0,0.0,0.0,0.0,0.0,0.0,0.0,1.0,1.0,0.0,145,0.01987624168395996,0.021938800811767578,0,0,,,,
1,phase_r9_combat,11,500,child_task1,coin_navigation,13018,task3_phase_r1_phase_r9_combat_s11_c0500_task1_125124f_s13018,/export/data/sfan/MLE_final_project/runs/task3_phase_r1_phase_r9_combat_s11_c0500_125124f/checkpoints/final.pt,125124f7c09f88714c4704b4d2ac06824cbf265f,ad9d33d9cf17a3363082e4c33e08023f6234ada81110733bec00c33d1c07669e,completed,50.0,50.0,0.0,0.0,0.0,0.0,0.0,0.0,0.0,1.0,1.0,0.0,137,0.01997089385986328,0.02079606056213379,0,0,,,,
1,phase_r9_combat,11,500,child_task1,coin_navigation,13019,task3_phase_r1_phase_r9_combat_s11_c0500_task1_125124f_s13019,/export/data/sfan/MLE_final_project/runs/task3_phase_r1_phase_r9_combat_s11_c0500_125124f/checkpoints/final.pt,125124f7c09f88714c4704b4d2ac06824cbf265f,ad9d33d9cf17a3363082e4c33e08023f6234ada81110733bec00c33d1c07669e,completed,50.0,50.0,0.0,0.0,0.0,0.0,0.0,0.0,0.0,1.0,1.0,0.0,132,0.01983952522277832,0.021329402923583984,0,0,,,,
1,phase_r9_combat,11,500,child_task2,crate_navigation,13000,task3_phase_r1_phase_r9_combat_s11_c0500_task2_125124f_s13000,/export/data/sfan/MLE_final_project/runs/task3_phase_r1_phase_r9_combat_s11_c0500_125124f/checkpoints/final.pt,125124f7c09f88714c4704b4d2ac06824cbf265f,ad9d33d9cf17a3363082e4c33e08023f6234ada81110733bec00c33d1c07669e,completed,7.0,7.0,68.0,0.0,0.0,53.0,53.0,53.0,0.0,1.0,1.0,0.0,400,0.02559208869934082,0.0367281436920166,0,0,,,,
1,phase_r9_combat,11,500,child_task2,crate_navigation,13001,task3_phase_r1_phase_r9_combat_s11_c0500_task2_125124f_s13001,/export/data/sfan/MLE_final_project/runs/task3_phase_r1_phase_r9_combat_s11_c0500_125124f/checkpoints/final.pt,125124f7c09f88714c4704b4d2ac06824cbf265f,ad9d33d9cf17a3363082e4c33e08023f6234ada81110733bec00c33d1c07669e,completed,6.0,6.0,86.0,0.0,0.0,54.0,54.0,54.0,0.0,1.0,1.0,0.0,400,0.024634599685668945,0.0365903377532959,0,0,,,,
1,phase_r9_combat,11,500,child_task2,crate_navigation,13002,task3_phase_r1_phase_r9_combat_s11_c0500_task2_125124f_s13002,/export/data/sfan/MLE_final_project/runs/task3_phase_r1_phase_r9_combat_s11_c0500_125124f/checkpoints/final.pt,125124f7c09f88714c4704b4d2ac06824cbf265f,ad9d33d9cf17a3363082e4c33e08023f6234ada81110733bec00c33d1c07669e,completed,4.0,4.0,91.0,0.0,0.0,57.0,56.0,56.0,0.0,1.0,1.0,0.0,400,0.02566242218017578,0.03783774375915527,0,0,,,,
1,phase_r9_combat,11,500,child_task2,crate_navigation,13003,task3_phase_r1_phase_r9_combat_s11_c0500_task2_125124f_s13003,/export/data/sfan/MLE_final_project/runs/task3_phase_r1_phase_r9_combat_s11_c0500_125124f/checkpoints/final.pt,125124f7c09f88714c4704b4d2ac06824cbf265f,ad9d33d9cf17a3363082e4c33e08023f6234ada81110733bec00c33d1c07669e,completed,7.0,7.0,76.0,0.0,0.0,51.0,50.0,50.0,0.0,1.0,1.0,0.0,400,0.026586294174194336,0.041258811950683594,0,0,,,,
1,phase_r9_combat,11,500,child_task2,crate_navigation,13004,task3_phase_r1_phase_r9_combat_s11_c0500_task2_125124f_s13004,/export/data/sfan/MLE_final_project/runs/task3_phase_r1_phase_r9_combat_s11_c0500_125124f/checkpoints/final.pt,125124f7c09f88714c4704b4d2ac06824cbf265f,ad9d33d9cf17a3363082e4c33e08023f6234ada81110733bec00c33d1c07669e,completed,6.0,6.0,77.0,0.0,0.0,54.0,53.0,53.0,0.0,1.0,1.0,0.0,400,0.023242473602294922,0.03314661979675293,0,0,,,,
1,phase_r9_combat,11,500,child_task2,crate_navigation,13005,task3_phase_r1_phase_r9_combat_s11_c0500_task2_125124f_s13005,/export/data/sfan/MLE_final_project/runs/task3_phase_r1_phase_r9_combat_s11_c0500_125124f/checkpoints/final.pt,125124f7c09f88714c4704b4d2ac06824cbf265f,ad9d33d9cf17a3363082e4c33e08023f6234ada81110733bec00c33d1c07669e,completed,7.0,7.0,83.0,0.0,0.0,35.0,35.0,35.0,0.0,1.0,1.0,0.0,400,0.02443718910217285,0.03535604476928711,0,0,,,,
1,phase_r9_combat,11,500,child_task2,crate_navigation,13006,task3_phase_r1_phase_r9_combat_s11_c0500_task2_125124f_s13006,/export/data/sfan/MLE_final_project/runs/task3_phase_r1_phase_r9_combat_s11_c0500_125124f/checkpoints/final.pt,125124f7c09f88714c4704b4d2ac06824cbf265f,ad9d33d9cf17a3363082e4c33e08023f6234ada81110733bec00c33d1c07669e,completed,4.0,4.0,74.0,0.0,0.0,46.0,46.0,46.0,0.0,1.0,1.0,0.0,400,0.023565053939819336,0.037178993225097656,0,0,,,,
1,phase_r9_combat,11,500,child_task2,crate_navigation,13007,task3_phase_r1_phase_r9_combat_s11_c0500_task2_125124f_s13007,/export/data/sfan/MLE_final_project/runs/task3_phase_r1_phase_r9_combat_s11_c0500_125124f/checkpoints/final.pt,125124f7c09f88714c4704b4d2ac06824cbf265f,ad9d33d9cf17a3363082e4c33e08023f6234ada81110733bec00c33d1c07669e,completed,9.0,9.0,104.0,0.0,0.0,53.0,52.0,52.0,0.0,1.0,1.0,0.0,400,0.027065515518188477,0.03575587272644043,0,0,,,,
1,phase_r9_combat,11,500,child_task2,crate_navigation,13008,task3_phase_r1_phase_r9_combat_s11_c0500_task2_125124f_s13008,/export/data/sfan/MLE_final_project/runs/task3_phase_r1_phase_r9_combat_s11_c0500_125124f/checkpoints/final.pt,125124f7c09f88714c4704b4d2ac06824cbf265f,ad9d33d9cf17a3363082e4c33e08023f6234ada81110733bec00c33d1c07669e,completed,3.0,3.0,55.0,0.0,0.0,50.0,50.0,50.0,0.0,1.0,1.0,0.0,400,0.02206277847290039,0.0311279296875,0,0,,,,
1,phase_r9_combat,11,500,child_task2,crate_navigation,13009,task3_phase_r1_phase_r9_combat_s11_c0500_task2_125124f_s13009,/export/data/sfan/MLE_final_project/runs/task3_phase_r1_phase_r9_combat_s11_c0500_125124f/checkpoints/final.pt,125124f7c09f88714c4704b4d2ac06824cbf265f,ad9d33d9cf17a3363082e4c33e08023f6234ada81110733bec00c33d1c07669e,completed,4.0,4.0,61.0,0.0,0.0,40.0,40.0,40.0,0.0,1.0,1.0,0.0,400,0.023977279663085938,0.03627896308898926,0,0,,,,
1,phase_r9_combat,11,500,child_task2,crate_navigation,13010,task3_phase_r1_phase_r9_combat_s11_c0500_task2_125124f_s13010,/export/data/sfan/MLE_final_project/runs/task3_phase_r1_phase_r9_combat_s11_c0500_125124f/checkpoints/final.pt,125124f7c09f88714c4704b4d2ac06824cbf265f,ad9d33d9cf17a3363082e4c33e08023f6234ada81110733bec00c33d1c07669e,completed,6.0,6.0,73.0,0.0,0.0,52.0,52.0,52.0,0.0,1.0,1.0,0.0,400,0.016559362411499023,0.02584052085876465,0,0,,,,
1,phase_r9_combat,11,500,child_task2,crate_navigation,13011,task3_phase_r1_phase_r9_combat_s11_c0500_task2_125124f_s13011,/export/data/sfan/MLE_final_project/runs/task3_phase_r1_phase_r9_combat_s11_c0500_125124f/checkpoints/final.pt,125124f7c09f88714c4704b4d2ac06824cbf265f,ad9d33d9cf17a3363082e4c33e08023f6234ada81110733bec00c33d1c07669e,completed,5.0,5.0,61.0,0.0,0.0,26.0,26.0,26.0,0.0,1.0,1.0,0.0,400,0.009137630462646484,0.016305923461914062,0,0,,,,
1,phase_r9_combat,11,500,child_task2,crate_navigation,13012,task3_phase_r1_phase_r9_combat_s11_c0500_task2_125124f_s13012,/export/data/sfan/MLE_final_project/runs/task3_phase_r1_phase_r9_combat_s11_c0500_125124f/checkpoints/final.pt,125124f7c09f88714c4704b4d2ac06824cbf265f,ad9d33d9cf17a3363082e4c33e08023f6234ada81110733bec00c33d1c07669e,completed,7.0,7.0,96.0,0.0,0.0,44.0,44.0,44.0,0.0,1.0,1.0,0.0,400,0.012356042861938477,0.017723798751831055,0,0,,,,
1,phase_r9_combat,11,500,child_task2,crate_navigation,13013,task3_phase_r1_phase_r9_combat_s11_c0500_task2_125124f_s13013,/export/data/sfan/MLE_final_project/runs/task3_phase_r1_phase_r9_combat_s11_c0500_125124f/checkpoints/final.pt,125124f7c09f88714c4704b4d2ac06824cbf265f,ad9d33d9cf17a3363082e4c33e08023f6234ada81110733bec00c33d1c07669e,completed,6.0,6.0,103.0,0.0,0.0,52.0,52.0,52.0,0.0,1.0,1.0,0.0,400,0.012271404266357422,0.018619775772094727,0,0,,,,
1,phase_r9_combat,11,500,child_task2,crate_navigation,13014,task3_phase_r1_phase_r9_combat_s11_c0500_task2_125124f_s13014,/export/data/sfan/MLE_final_project/runs/task3_phase_r1_phase_r9_combat_s11_c0500_125124f/checkpoints/final.pt,125124f7c09f88714c4704b4d2ac06824cbf265f,ad9d33d9cf17a3363082e4c33e08023f6234ada81110733bec00c33d1c07669e,completed,7.0,7.0,93.0,0.0,0.0,52.0,51.0,51.0,0.0,1.0,1.0,0.0,400,0.011314630508422852,0.01814126968383789,0,0,,,,
1,phase_r9_combat,11,500,child_task2,crate_navigation,13015,task3_phase_r1_phase_r9_combat_s11_c0500_task2_125124f_s13015,/export/data/sfan/MLE_final_project/runs/task3_phase_r1_phase_r9_combat_s11_c0500_125124f/checkpoints/final.pt,125124f7c09f88714c4704b4d2ac06824cbf265f,ad9d33d9cf17a3363082e4c33e08023f6234ada81110733bec00c33d1c07669e,completed,6.0,6.0,97.0,0.0,0.0,55.0,55.0,55.0,0.0,1.0,1.0,0.0,400,0.01363229751586914,0.018445253372192383,0,0,,,,
1,phase_r9_combat,11,500,child_task2,crate_navigation,13016,task3_phase_r1_phase_r9_combat_s11_c0500_task2_125124f_s13016,/export/data/sfan/MLE_final_project/runs/task3_phase_r1_phase_r9_combat_s11_c0500_125124f/checkpoints/final.pt,125124f7c09f88714c4704b4d2ac06824cbf265f,ad9d33d9cf17a3363082e4c33e08023f6234ada81110733bec00c33d1c07669e,completed,8.0,8.0,101.0,0.0,0.0,51.0,50.0,50.0,0.0,1.0,1.0,0.0,400,0.013749837875366211,0.02002692222595215,0,0,,,,
1,phase_r9_combat,11,500,child_task2,crate_navigation,13017,task3_phase_r1_phase_r9_combat_s11_c0500_task2_125124f_s13017,/export/data/sfan/MLE_final_project/runs/task3_phase_r1_phase_r9_combat_s11_c0500_125124f/checkpoints/final.pt,125124f7c09f88714c4704b4d2ac06824cbf265f,ad9d33d9cf17a3363082e4c33e08023f6234ada81110733bec00c33d1c07669e,completed,6.0,6.0,82.0,0.0,0.0,54.0,54.0,54.0,0.0,1.0,1.0,0.0,400,0.013602256774902344,0.019025564193725586,0,0,,,,
1,phase_r9_combat,11,500,child_task2,crate_navigation,13018,task3_phase_r1_phase_r9_combat_s11_c0500_task2_125124f_s13018,/export/data/sfan/MLE_final_project/runs/task3_phase_r1_phase_r9_combat_s11_c0500_125124f/checkpoints/final.pt,125124f7c09f88714c4704b4d2ac06824cbf265f,ad9d33d9cf17a3363082e4c33e08023f6234ada81110733bec00c33d1c07669e,completed,3.0,3.0,43.0,0.0,0.0,39.0,39.0,39.0,0.0,1.0,1.0,0.0,400,0.011402368545532227,0.016971349716186523,0,0,,,,
1,phase_r9_combat,11,500,child_task2,crate_navigation,13019,task3_phase_r1_phase_r9_combat_s11_c0500_task2_125124f_s13019,/export/data/sfan/MLE_final_project/runs/task3_phase_r1_phase_r9_combat_s11_c0500_125124f/checkpoints/final.pt,125124f7c09f88714c4704b4d2ac06824cbf265f,ad9d33d9cf17a3363082e4c33e08023f6234ada81110733bec00c33d1c07669e,completed,6.0,6.0,85.0,0.0,0.0,42.0,42.0,42.0,0.0,1.0,1.0,0.0,400,0.017699480056762695,0.019731998443603516,0,0,,,,
1,phase_r9_combat,11,500,child_task3,weak_opponents,13000,task3_phase_r1_phase_r9_combat_s11_c0500_task3_125124f_s13000,/export/data/sfan/MLE_final_project/runs/task3_phase_r1_phase_r9_combat_s11_c0500_125124f/checkpoints/final.pt,125124f7c09f88714c4704b4d2ac06824cbf265f,ad9d33d9cf17a3363082e4c33e08023f6234ada81110733bec00c33d1c07669e,completed,10.0,5.0,58.0,1.0,0.0,30.0,30.0,30.0,1.0,1.0,1.0,0.0,400,0.01441502571105957,0.01639533042907715,0,0,3.9717918626889324,32.08827775583934,0.00229166870196368,0.7275
1,phase_r9_combat,11,500,child_task3,weak_opponents,13001,task3_phase_r1_phase_r9_combat_s11_c0500_task3_125124f_s13001,/export/data/sfan/MLE_final_project/runs/task3_phase_r1_phase_r9_combat_s11_c0500_125124f/checkpoints/final.pt,125124f7c09f88714c4704b4d2ac06824cbf265f,ad9d33d9cf17a3363082e4c33e08023f6234ada81110733bec00c33d1c07669e,completed,5.0,5.0,63.0,0.0,0.0,48.0,48.0,48.0,0.0,1.0,0.0,0.0,400,0.016335725784301758,0.022225379943847656,0,0,2.987496000938617,30.604918808101253,0.0,0.47
1,phase_r9_combat,11,500,child_task3,weak_opponents,13002,task3_phase_r1_phase_r9_combat_s11_c0500_task3_125124f_s13002,/export/data/sfan/MLE_final_project/runs/task3_phase_r1_phase_r9_combat_s11_c0500_125124f/checkpoints/final.pt,125124f7c09f88714c4704b4d2ac06824cbf265f,ad9d33d9cf17a3363082e4c33e08023f6234ada81110733bec00c33d1c07669e,completed,4.0,4.0,49.0,0.0,0.0,27.0,27.0,27.0,0.0,1.0,0.0,0.0,400,0.016551733016967773,0.020066261291503906,0,0,3.0280227477678263,32.38211194122947,0.0,0.51
1,phase_r9_combat,11,500,child_task3,weak_opponents,13003,task3_phase_r1_phase_r9_combat_s11_c0500_task3_125124f_s13003,/export/data/sfan/MLE_final_project/runs/task3_phase_r1_phase_r9_combat_s11_c0500_125124f/checkpoints/final.pt,125124f7c09f88714c4704b4d2ac06824cbf265f,ad9d33d9cf17a3363082e4c33e08023f6234ada81110733bec00c33d1c07669e,completed,4.0,4.0,43.0,0.0,1.0,25.0,25.0,24.0,0.0,0.0,0.0,0.0,219,0.017434358596801758,0.020689725875854492,0,0,2.2417597454295115,22.069451359893186,0.519814218293502,0.4292237442922374
1,phase_r9_combat,11,500,child_task3,weak_opponents,13004,task3_phase_r1_phase_r9_combat_s11_c0500_task3_125124f_s13004,/export/data/sfan/MLE_final_project/runs/task3_phase_r1_phase_r9_combat_s11_c0500_125124f/checkpoints/final.pt,125124f7c09f88714c4704b4d2ac06824cbf265f,ad9d33d9cf17a3363082e4c33e08023f6234ada81110733bec00c33d1c07669e,completed,4.0,4.0,31.0,0.0,0.0,43.0,43.0,43.0,0.0,1.0,0.0,0.0,400,0.014185428619384766,0.019404172897338867,0,0,2.576077049332128,21.8027448777725,0.0,0.6875
1,phase_r9_combat,11,500,child_task3,weak_opponents,13005,task3_phase_r1_phase_r9_combat_s11_c0500_task3_125124f_s13005,/export/data/sfan/MLE_final_project/runs/task3_phase_r1_phase_r9_combat_s11_c0500_125124f/checkpoints/final.pt,125124f7c09f88714c4704b4d2ac06824cbf265f,ad9d33d9cf17a3363082e4c33e08023f6234ada81110733bec00c33d1c07669e,completed,7.0,7.0,37.0,0.0,0.0,29.0,28.0,28.0,0.0,1.0,1.0,0.0,400,0.015741586685180664,0.020822525024414062,0,0,3.078610825168553,23.050649053814762,0.0,0.5925
1,phase_r9_combat,11,500,child_task3,weak_opponents,13006,task3_phase_r1_phase_r9_combat_s11_c0500_task3_125124f_s13006,/export/data/sfan/MLE_final_project/runs/task3_phase_r1_phase_r9_combat_s11_c0500_125124f/checkpoints/final.pt,125124f7c09f88714c4704b4d2ac06824cbf265f,ad9d33d9cf17a3363082e4c33e08023f6234ada81110733bec00c33d1c07669e,completed,3.0,3.0,43.0,0.0,0.0,24.0,24.0,24.0,0.0,1.0,0.0,0.0,400,0.01089930534362793,0.01700592041015625,0,0,1.4833541447671128,24.668643077024942,0.05641315314470194,0.3475
1,phase_r9_combat,11,500,child_task3,weak_opponents,13007,task3_phase_r1_phase_r9_combat_s11_c0500_task3_125124f_s13007,/export/data/sfan/MLE_final_project/runs/task3_phase_r1_phase_r9_combat_s11_c0500_125124f/checkpoints/final.pt,125124f7c09f88714c4704b4d2ac06824cbf265f,ad9d33d9cf17a3363082e4c33e08023f6234ada81110733bec00c33d1c07669e,completed,12.0,7.0,41.0,1.0,0.0,27.0,27.0,27.0,0.0,1.0,1.0,0.0,400,0.019727230072021484,0.02107691764831543,0,0,4.140733777960372,23.415275481348456,0.0,0.5425
1,phase_r9_combat,11,500,child_task3,weak_opponents,13008,task3_phase_r1_phase_r9_combat_s11_c0500_task3_125124f_s13008,/export/data/sfan/MLE_final_project/runs/task3_phase_r1_phase_r9_combat_s11_c0500_125124f/checkpoints/final.pt,125124f7c09f88714c4704b4d2ac06824cbf265f,ad9d33d9cf17a3363082e4c33e08023f6234ada81110733bec00c33d1c07669e,completed,9.0,4.0,36.0,1.0,0.0,32.0,31.0,31.0,0.0,1.0,1.0,0.0,400,0.015498638153076172,0.01868152618408203,0,0,2.0792158014086213,22.92608060895095,0.017830216921663023,0.685
1,phase_r9_combat,11,500,child_task3,weak_opponents,13009,task3_phase_r1_phase_r9_combat_s11_c0500_task3_125124f_s13009,/export/data/sfan/MLE_final_project/runs/task3_phase_r1_phase_r9_combat_s11_c0500_125124f/checkpoints/final.pt,125124f7c09f88714c4704b4d2ac06824cbf265f,ad9d33d9cf17a3363082e4c33e08023f6234ada81110733bec00c33d1c07669e,completed,1.0,1.0,52.0,0.0,0.0,46.0,46.0,46.0,0.0,1.0,0.0,0.0,400,0.015417814254760742,0.021157026290893555,0,0,0.24040782046051337,24.386081337390653,0.0008946254644964394,0.5875
1,phase_r9_combat,11,500,child_task3,weak_opponents,13010,task3_phase_r1_phase_r9_combat_s11_c0500_task3_125124f_s13010,/export/data/sfan/MLE_final_project/runs/task3_phase_r1_phase_r9_combat_s11_c0500_125124f/checkpoints/final.pt,125124f7c09f88714c4704b4d2ac06824cbf265f,ad9d33d9cf17a3363082e4c33e08023f6234ada81110733bec00c33d1c07669e,completed,3.0,3.0,42.0,0.0,0.0,37.0,37.0,37.0,0.0,1.0,0.0,0.0,400,0.01541280746459961,0.01993560791015625,0,0,2.2293470583599917,23.480328373492707,0.0,0.7125
1,phase_r9_combat,11,500,child_task3,weak_opponents,13011,task3_phase_r1_phase_r9_combat_s11_c0500_task3_125124f_s13011,/export/data/sfan/MLE_final_project/runs/task3_phase_r1_phase_r9_combat_s11_c0500_125124f/checkpoints/final.pt,125124f7c09f88714c4704b4d2ac06824cbf265f,ad9d33d9cf17a3363082e4c33e08023f6234ada81110733bec00c33d1c07669e,completed,1.0,1.0,41.0,0.0,0.0,41.0,41.0,41.0,0.0,1.0,0.0,0.0,400,0.018503665924072266,0.021620512008666992,0,0,0.442917570366764,21.527186975954656,0.027580559522406244,0.535
1,phase_r9_combat,11,500,child_task3,weak_opponents,13012,task3_phase_r1_phase_r9_combat_s11_c0500_task3_125124f_s13012,/export/data/sfan/MLE_final_project/runs/task3_phase_r1_phase_r9_combat_s11_c0500_125124f/checkpoints/final.pt,125124f7c09f88714c4704b4d2ac06824cbf265f,ad9d33d9cf17a3363082e4c33e08023f6234ada81110733bec00c33d1c07669e,completed,10.0,5.0,46.0,1.0,0.0,41.0,40.0,40.0,0.0,1.0,1.0,0.0,400,0.018368959426879883,0.021020174026489258,0,0,1.9144910403636644,27.779813730642907,0.0,0.44
1,phase_r9_combat,11,500,child_task3,weak_opponents,13013,task3_phase_r1_phase_r9_combat_s11_c0500_task3_125124f_s13013,/export/data/sfan/MLE_final_project/runs/task3_phase_r1_phase_r9_combat_s11_c0500_125124f/checkpoints/final.pt,125124f7c09f88714c4704b4d2ac06824cbf265f,ad9d33d9cf17a3363082e4c33e08023f6234ada81110733bec00c33d1c07669e,completed,5.0,5.0,33.0,0.0,0.0,17.0,17.0,17.0,0.0,1.0,1.0,0.0,400,0.014336347579956055,0.019991397857666016,0,0,2.2803807714090687,23.345739877019955,0.0,0.2775
1,phase_r9_combat,11,500,child_task3,weak_opponents,13014,task3_phase_r1_phase_r9_combat_s11_c0500_task3_125124f_s13014,/export/data/sfan/MLE_final_project/runs/task3_phase_r1_phase_r9_combat_s11_c0500_125124f/checkpoints/final.pt,125124f7c09f88714c4704b4d2ac06824cbf265f,ad9d33d9cf17a3363082e4c33e08023f6234ada81110733bec00c33d1c07669e,completed,9.0,4.0,33.0,1.0,0.0,27.0,26.0,26.0,0.0,1.0,1.0,0.0,400,0.01495671272277832,0.0205380916595459,0,0,1.611235161644783,19.134028137776337,0.009565044290606107,0.66
1,phase_r9_combat,11,500,child_task3,weak_opponents,13015,task3_phase_r1_phase_r9_combat_s11_c0500_task3_125124f_s13015,/export/data/sfan/MLE_final_project/runs/task3_phase_r1_phase_r9_combat_s11_c0500_125124f/checkpoints/final.pt,125124f7c09f88714c4704b4d2ac06824cbf265f,ad9d33d9cf17a3363082e4c33e08023f6234ada81110733bec00c33d1c07669e,completed,3.0,3.0,40.0,0.0,1.0,25.0,25.0,24.0,1.0,0.0,0.0,0.0,248,0.017291784286499023,0.02135157585144043,0,0,1.252922439629066,21.80859131871982,0.060270352678117645,0.3225806451612903
1,phase_r9_combat,11,500,child_task3,weak_opponents,13016,task3_phase_r1_phase_r9_combat_s11_c0500_task3_125124f_s13016,/export/data/sfan/MLE_final_project/runs/task3_phase_r1_phase_r9_combat_s11_c0500_125124f/checkpoints/final.pt,125124f7c09f88714c4704b4d2ac06824cbf265f,ad9d33d9cf17a3363082e4c33e08023f6234ada81110733bec00c33d1c07669e,completed,9.0,4.0,47.0,1.0,0.0,30.0,29.0,29.0,0.0,1.0,1.0,0.0,400,0.015445470809936523,0.02156519889831543,0,0,1.9367323284864937,32.30369516449323,0.0,0.715
1,phase_r9_combat,11,500,child_task3,weak_opponents,13017,task3_phase_r1_phase_r9_combat_s11_c0500_task3_125124f_s13017,/export/data/sfan/MLE_final_project/runs/task3_phase_r1_phase_r9_combat_s11_c0500_125124f/checkpoints/final.pt,125124f7c09f88714c4704b4d2ac06824cbf265f,ad9d33d9cf17a3363082e4c33e08023f6234ada81110733bec00c33d1c07669e,completed,8.0,3.0,32.0,1.0,0.0,30.0,29.0,29.0,0.0,1.0,1.0,0.0,400,0.01588606834411621,0.022125244140625,0,0,1.9882872568922596,20.856475453877994,0.003346491376106906,0.735
1,phase_r9_combat,11,500,child_task3,weak_opponents,13018,task3_phase_r1_phase_r9_combat_s11_c0500_task3_125124f_s13018,/export/data/sfan/MLE_final_project/runs/task3_phase_r1_phase_r9_combat_s11_c0500_125124f/checkpoints/final.pt,125124f7c09f88714c4704b4d2ac06824cbf265f,ad9d33d9cf17a3363082e4c33e08023f6234ada81110733bec00c33d1c07669e,completed,1.0,1.0,29.0,0.0,1.0,17.0,17.0,16.0,1.0,0.0,0.0,0.0,149,0.012993574142456055,0.01894521713256836,0,0,0.48584772961261163,204.19661476254186,0.0,0.48322147651006714
1,phase_r9_combat,11,500,child_task3,weak_opponents,13019,task3_phase_r1_phase_r9_combat_s11_c0500_task3_125124f_s13019,/export/data/sfan/MLE_final_project/runs/task3_phase_r1_phase_r9_combat_s11_c0500_125124f/checkpoints/final.pt,125124f7c09f88714c4704b4d2ac06824cbf265f,ad9d33d9cf17a3363082e4c33e08023f6234ada81110733bec00c33d1c07669e,completed,4.0,4.0,41.0,0.0,0.0,26.0,26.0,26.0,0.0,1.0,0.0,0.0,400,0.03201007843017578,0.09466195106506348,0,0,3.4757442190150925,28.4635161072274,0.0,0.6675
1,phase_r9_full,11,500,child_task1,coin_navigation,13000,task3_phase_r1_phase_r9_full_s11_c0500_task1_125124f_s13000,/export/data/sfan/MLE_final_project/runs/task3_phase_r1_phase_r9_full_s11_c0500_125124f/checkpoints/final.pt,125124f7c09f88714c4704b4d2ac06824cbf265f,ad9d33d9cf17a3363082e4c33e08023f6234ada81110733bec00c33d1c07669e,completed,50.0,50.0,0.0,0.0,0.0,0.0,0.0,0.0,0.0,1.0,1.0,0.0,125,0.01997661590576172,0.020616769790649414,0,0,,,,
1,phase_r9_full,11,500,child_task1,coin_navigation,13001,task3_phase_r1_phase_r9_full_s11_c0500_task1_125124f_s13001,/export/data/sfan/MLE_final_project/runs/task3_phase_r1_phase_r9_full_s11_c0500_125124f/checkpoints/final.pt,125124f7c09f88714c4704b4d2ac06824cbf265f,ad9d33d9cf17a3363082e4c33e08023f6234ada81110733bec00c33d1c07669e,completed,50.0,50.0,0.0,0.0,0.0,0.0,0.0,0.0,0.0,1.0,1.0,0.0,122,0.01993083953857422,0.021399497985839844,0,0,,,,
1,phase_r9_full,11,500,child_task1,coin_navigation,13002,task3_phase_r1_phase_r9_full_s11_c0500_task1_125124f_s13002,/export/data/sfan/MLE_final_project/runs/task3_phase_r1_phase_r9_full_s11_c0500_125124f/checkpoints/final.pt,125124f7c09f88714c4704b4d2ac06824cbf265f,ad9d33d9cf17a3363082e4c33e08023f6234ada81110733bec00c33d1c07669e,completed,50.0,50.0,0.0,0.0,0.0,0.0,0.0,0.0,0.0,1.0,1.0,0.0,111,0.020569562911987305,0.021396160125732422,0,0,,,,
1,phase_r9_full,11,500,child_task1,coin_navigation,13003,task3_phase_r1_phase_r9_full_s11_c0500_task1_125124f_s13003,/export/data/sfan/MLE_final_project/runs/task3_phase_r1_phase_r9_full_s11_c0500_125124f/checkpoints/final.pt,125124f7c09f88714c4704b4d2ac06824cbf265f,ad9d33d9cf17a3363082e4c33e08023f6234ada81110733bec00c33d1c07669e,completed,50.0,50.0,0.0,0.0,0.0,0.0,0.0,0.0,0.0,1.0,1.0,0.0,133,0.020765066146850586,0.021314382553100586,0,0,,,,
1,phase_r9_full,11,500,child_task1,coin_navigation,13004,task3_phase_r1_phase_r9_full_s11_c0500_task1_125124f_s13004,/export/data/sfan/MLE_final_project/runs/task3_phase_r1_phase_r9_full_s11_c0500_125124f/checkpoints/final.pt,125124f7c09f88714c4704b4d2ac06824cbf265f,ad9d33d9cf17a3363082e4c33e08023f6234ada81110733bec00c33d1c07669e,completed,50.0,50.0,0.0,0.0,0.0,0.0,0.0,0.0,0.0,1.0,1.0,0.0,116,0.020868778228759766,0.0218050479888916,0,0,,,,
1,phase_r9_full,11,500,child_task1,coin_navigation,13005,task3_phase_r1_phase_r9_full_s11_c0500_task1_125124f_s13005,/export/data/sfan/MLE_final_project/runs/task3_phase_r1_phase_r9_full_s11_c0500_125124f/checkpoints/final.pt,125124f7c09f88714c4704b4d2ac06824cbf265f,ad9d33d9cf17a3363082e4c33e08023f6234ada81110733bec00c33d1c07669e,completed,50.0,50.0,0.0,0.0,0.0,0.0,0.0,0.0,0.0,1.0,1.0,0.0,122,0.020732879638671875,0.02092719078063965,0,0,,,,
1,phase_r9_full,11,500,child_task1,coin_navigation,13006,task3_phase_r1_phase_r9_full_s11_c0500_task1_125124f_s13006,/export/data/sfan/MLE_final_project/runs/task3_phase_r1_phase_r9_full_s11_c0500_125124f/checkpoints/final.pt,125124f7c09f88714c4704b4d2ac06824cbf265f,ad9d33d9cf17a3363082e4c33e08023f6234ada81110733bec00c33d1c07669e,completed,50.0,50.0,0.0,0.0,0.0,0.0,0.0,0.0,0.0,1.0,1.0,0.0,121,0.020832300186157227,0.021144628524780273,0,0,,,,
1,phase_r9_full,11,500,child_task1,coin_navigation,13007,task3_phase_r1_phase_r9_full_s11_c0500_task1_125124f_s13007,/export/data/sfan/MLE_final_project/runs/task3_phase_r1_phase_r9_full_s11_c0500_125124f/checkpoints/final.pt,125124f7c09f88714c4704b4d2ac06824cbf265f,ad9d33d9cf17a3363082e4c33e08023f6234ada81110733bec00c33d1c07669e,completed,50.0,50.0,0.0,0.0,0.0,0.0,0.0,0.0,0.0,1.0,1.0,0.0,126,0.02039957046508789,0.021106481552124023,0,0,,,,
1,phase_r9_full,11,500,child_task1,coin_navigation,13008,task3_phase_r1_phase_r9_full_s11_c0500_task1_125124f_s13008,/export/data/sfan/MLE_final_project/runs/task3_phase_r1_phase_r9_full_s11_c0500_125124f/checkpoints/final.pt,125124f7c09f88714c4704b4d2ac06824cbf265f,ad9d33d9cf17a3363082e4c33e08023f6234ada81110733bec00c33d1c07669e,completed,50.0,50.0,0.0,0.0,0.0,0.0,0.0,0.0,0.0,1.0,1.0,0.0,135,0.020720243453979492,0.02099299430847168,0,0,,,,
1,phase_r9_full,11,500,child_task1,coin_navigation,13009,task3_phase_r1_phase_r9_full_s11_c0500_task1_125124f_s13009,/export/data/sfan/MLE_final_project/runs/task3_phase_r1_phase_r9_full_s11_c0500_125124f/checkpoints/final.pt,125124f7c09f88714c4704b4d2ac06824cbf265f,ad9d33d9cf17a3363082e4c33e08023f6234ada81110733bec00c33d1c07669e,completed,50.0,50.0,0.0,0.0,0.0,0.0,0.0,0.0,0.0,1.0,1.0,0.0,128,0.019897937774658203,0.021809101104736328,0,0,,,,
1,phase_r9_full,11,500,child_task1,coin_navigation,13010,task3_phase_r1_phase_r9_full_s11_c0500_task1_125124f_s13010,/export/data/sfan/MLE_final_project/runs/task3_phase_r1_phase_r9_full_s11_c0500_125124f/checkpoints/final.pt,125124f7c09f88714c4704b4d2ac06824cbf265f,ad9d33d9cf17a3363082e4c33e08023f6234ada81110733bec00c33d1c07669e,completed,50.0,50.0,0.0,0.0,0.0,0.0,0.0,0.0,0.0,1.0,1.0,0.0,117,0.020687580108642578,0.021010637283325195,0,0,,,,
1,phase_r9_full,11,500,child_task1,coin_navigation,13011,task3_phase_r1_phase_r9_full_s11_c0500_task1_125124f_s13011,/export/data/sfan/MLE_final_project/runs/task3_phase_r1_phase_r9_full_s11_c0500_125124f/checkpoints/final.pt,125124f7c09f88714c4704b4d2ac06824cbf265f,ad9d33d9cf17a3363082e4c33e08023f6234ada81110733bec00c33d1c07669e,completed,50.0,50.0,0.0,0.0,0.0,0.0,0.0,0.0,0.0,1.0,1.0,0.0,133,0.02065300941467285,0.02119731903076172,0,0,,,,
1,phase_r9_full,11,500,child_task1,coin_navigation,13012,task3_phase_r1_phase_r9_full_s11_c0500_task1_125124f_s13012,/export/data/sfan/MLE_final_project/runs/task3_phase_r1_phase_r9_full_s11_c0500_125124f/checkpoints/final.pt,125124f7c09f88714c4704b4d2ac06824cbf265f,ad9d33d9cf17a3363082e4c33e08023f6234ada81110733bec00c33d1c07669e,completed,50.0,50.0,0.0,0.0,0.0,0.0,0.0,0.0,0.0,1.0,1.0,0.0,114,0.02082228660583496,0.021305561065673828,0,0,,,,
1,phase_r9_full,11,500,child_task1,coin_navigation,13013,task3_phase_r1_phase_r9_full_s11_c0500_task1_125124f_s13013,/export/data/sfan/MLE_final_project/runs/task3_phase_r1_phase_r9_full_s11_c0500_125124f/checkpoints/final.pt,125124f7c09f88714c4704b4d2ac06824cbf265f,ad9d33d9cf17a3363082e4c33e08023f6234ada81110733bec00c33d1c07669e,completed,50.0,50.0,0.0,0.0,0.0,0.0,0.0,0.0,0.0,1.0,1.0,0.0,122,0.020001888275146484,0.020799636840820312,0,0,,,,
1,phase_r9_full,11,500,child_task1,coin_navigation,13014,task3_phase_r1_phase_r9_full_s11_c0500_task1_125124f_s13014,/export/data/sfan/MLE_final_project/runs/task3_phase_r1_phase_r9_full_s11_c0500_125124f/checkpoints/final.pt,125124f7c09f88714c4704b4d2ac06824cbf265f,ad9d33d9cf17a3363082e4c33e08023f6234ada81110733bec00c33d1c07669e,completed,50.0,50.0,0.0,0.0,0.0,0.0,0.0,0.0,0.0,1.0,1.0,0.0,142,0.020464420318603516,0.021201372146606445,0,0,,,,
1,phase_r9_full,11,500,child_task1,coin_navigation,13015,task3_phase_r1_phase_r9_full_s11_c0500_task1_125124f_s13015,/export/data/sfan/MLE_final_project/runs/task3_phase_r1_phase_r9_full_s11_c0500_125124f/checkpoints/final.pt,125124f7c09f88714c4704b4d2ac06824cbf265f,ad9d33d9cf17a3363082e4c33e08023f6234ada81110733bec00c33d1c07669e,completed,50.0,50.0,0.0,0.0,0.0,0.0,0.0,0.0,0.0,1.0,1.0,0.0,121,0.020417213439941406,0.021027088165283203,0,0,,,,
1,phase_r9_full,11,500,child_task1,coin_navigation,13016,task3_phase_r1_phase_r9_full_s11_c0500_task1_125124f_s13016,/export/data/sfan/MLE_final_project/runs/task3_phase_r1_phase_r9_full_s11_c0500_125124f/checkpoints/final.pt,125124f7c09f88714c4704b4d2ac06824cbf265f,ad9d33d9cf17a3363082e4c33e08023f6234ada81110733bec00c33d1c07669e,completed,50.0,50.0,0.0,0.0,0.0,0.0,0.0,0.0,0.0,1.0,1.0,0.0,119,0.020021677017211914,0.020547151565551758,0,0,,,,
1,phase_r9_full,11,500,child_task1,coin_navigation,13017,task3_phase_r1_phase_r9_full_s11_c0500_task1_125124f_s13017,/export/data/sfan/MLE_final_project/runs/task3_phase_r1_phase_r9_full_s11_c0500_125124f/checkpoints/final.pt,125124f7c09f88714c4704b4d2ac06824cbf265f,ad9d33d9cf17a3363082e4c33e08023f6234ada81110733bec00c33d1c07669e,completed,50.0,50.0,0.0,0.0,0.0,0.0,0.0,0.0,0.0,1.0,1.0,0.0,138,0.020359039306640625,0.021383285522460938,0,0,,,,
1,phase_r9_full,11,500,child_task1,coin_navigation,13018,task3_phase_r1_phase_r9_full_s11_c0500_task1_125124f_s13018,/export/data/sfan/MLE_final_project/runs/task3_phase_r1_phase_r9_full_s11_c0500_125124f/checkpoints/final.pt,125124f7c09f88714c4704b4d2ac06824cbf265f,ad9d33d9cf17a3363082e4c33e08023f6234ada81110733bec00c33d1c07669e,completed,50.0,50.0,0.0,0.0,0.0,0.0,0.0,0.0,0.0,1.0,1.0,0.0,119,0.020023584365844727,0.020509958267211914,0,0,,,,
1,phase_r9_full,11,500,child_task1,coin_navigation,13019,task3_phase_r1_phase_r9_full_s11_c0500_task1_125124f_s13019,/export/data/sfan/MLE_final_project/runs/task3_phase_r1_phase_r9_full_s11_c0500_125124f/checkpoints/final.pt,125124f7c09f88714c4704b4d2ac06824cbf265f,ad9d33d9cf17a3363082e4c33e08023f6234ada81110733bec00c33d1c07669e,completed,50.0,50.0,0.0,0.0,0.0,0.0,0.0,0.0,0.0,1.0,1.0,0.0,127,0.02051258087158203,0.021532297134399414,0,0,,,,
1,phase_r9_full,11,500,child_task2,crate_navigation,13000,task3_phase_r1_phase_r9_full_s11_c0500_task2_125124f_s13000,/export/data/sfan/MLE_final_project/runs/task3_phase_r1_phase_r9_full_s11_c0500_125124f/checkpoints/final.pt,125124f7c09f88714c4704b4d2ac06824cbf265f,ad9d33d9cf17a3363082e4c33e08023f6234ada81110733bec00c33d1c07669e,completed,7.0,7.0,80.0,0.0,0.0,50.0,50.0,50.0,0.0,1.0,1.0,0.0,400,0.0250246524810791,0.0357058048248291,0,0,,,,
1,phase_r9_full,11,500,child_task2,crate_navigation,13001,task3_phase_r1_phase_r9_full_s11_c0500_task2_125124f_s13001,/export/data/sfan/MLE_final_project/runs/task3_phase_r1_phase_r9_full_s11_c0500_125124f/checkpoints/final.pt,125124f7c09f88714c4704b4d2ac06824cbf265f,ad9d33d9cf17a3363082e4c33e08023f6234ada81110733bec00c33d1c07669e,completed,3.0,3.0,47.0,0.0,0.0,48.0,48.0,48.0,0.0,1.0,1.0,0.0,400,0.022978782653808594,0.03722405433654785,0,0,,,,
1,phase_r9_full,11,500,child_task2,crate_navigation,13002,task3_phase_r1_phase_r9_full_s11_c0500_task2_125124f_s13002,/export/data/sfan/MLE_final_project/runs/task3_phase_r1_phase_r9_full_s11_c0500_125124f/checkpoints/final.pt,125124f7c09f88714c4704b4d2ac06824cbf265f,ad9d33d9cf17a3363082e4c33e08023f6234ada81110733bec00c33d1c07669e,completed,3.0,3.0,54.0,0.0,0.0,57.0,57.0,57.0,0.0,1.0,1.0,0.0,400,0.024888277053833008,0.03644061088562012,0,0,,,,
1,phase_r9_full,11,500,child_task2,crate_navigation,13003,task3_phase_r1_phase_r9_full_s11_c0500_task2_125124f_s13003,/export/data/sfan/MLE_final_project/runs/task3_phase_r1_phase_r9_full_s11_c0500_125124f/checkpoints/final.pt,125124f7c09f88714c4704b4d2ac06824cbf265f,ad9d33d9cf17a3363082e4c33e08023f6234ada81110733bec00c33d1c07669e,completed,8.0,8.0,92.0,0.0,0.0,54.0,54.0,54.0,0.0,1.0,1.0,0.0,400,0.024640798568725586,0.03534674644470215,0,0,,,,
1,phase_r9_full,11,500,child_task2,crate_navigation,13004,task3_phase_r1_phase_r9_full_s11_c0500_task2_125124f_s13004,/export/data/sfan/MLE_final_project/runs/task3_phase_r1_phase_r9_full_s11_c0500_125124f/checkpoints/final.pt,125124f7c09f88714c4704b4d2ac06824cbf265f,ad9d33d9cf17a3363082e4c33e08023f6234ada81110733bec00c33d1c07669e,completed,7.0,7.0,76.0,0.0,0.0,53.0,53.0,53.0,0.0,1.0,1.0,0.0,400,0.023695945739746094,0.03462862968444824,0,0,,,,
1,phase_r9_full,11,500,child_task2,crate_navigation,13005,task3_phase_r1_phase_r9_full_s11_c0500_task2_125124f_s13005,/export/data/sfan/MLE_final_project/runs/task3_phase_r1_phase_r9_full_s11_c0500_125124f/checkpoints/final.pt,125124f7c09f88714c4704b4d2ac06824cbf265f,ad9d33d9cf17a3363082e4c33e08023f6234ada81110733bec00c33d1c07669e,completed,3.0,3.0,62.0,0.0,0.0,49.0,49.0,49.0,0.0,1.0,1.0,0.0,400,0.019238948822021484,0.030022382736206055,0,0,,,,
1,phase_r9_full,11,500,child_task2,crate_navigation,13006,task3_phase_r1_phase_r9_full_s11_c0500_task2_125124f_s13006,/export/data/sfan/MLE_final_project/runs/task3_phase_r1_phase_r9_full_s11_c0500_125124f/checkpoints/final.pt,125124f7c09f88714c4704b4d2ac06824cbf265f,ad9d33d9cf17a3363082e4c33e08023f6234ada81110733bec00c33d1c07669e,completed,6.0,6.0,71.0,0.0,0.0,51.0,51.0,51.0,0.0,1.0,1.0,0.0,400,0.021303176879882812,0.0324406623840332,0,0,,,,
1,phase_r9_full,11,500,child_task2,crate_navigation,13007,task3_phase_r1_phase_r9_full_s11_c0500_task2_125124f_s13007,/export/data/sfan/MLE_final_project/runs/task3_phase_r1_phase_r9_full_s11_c0500_125124f/checkpoints/final.pt,125124f7c09f88714c4704b4d2ac06824cbf265f,ad9d33d9cf17a3363082e4c33e08023f6234ada81110733bec00c33d1c07669e,completed,8.0,8.0,76.0,0.0,0.0,55.0,54.0,54.0,0.0,1.0,1.0,0.0,400,0.023821115493774414,0.0354924201965332,0,0,,,,
1,phase_r9_full,11,500,child_task2,crate_navigation,13008,task3_phase_r1_phase_r9_full_s11_c0500_task2_125124f_s13008,/export/data/sfan/MLE_final_project/runs/task3_phase_r1_phase_r9_full_s11_c0500_125124f/checkpoints/final.pt,125124f7c09f88714c4704b4d2ac06824cbf265f,ad9d33d9cf17a3363082e4c33e08023f6234ada81110733bec00c33d1c07669e,completed,3.0,3.0,49.0,0.0,0.0,48.0,48.0,48.0,0.0,1.0,1.0,0.0,400,0.023341655731201172,0.031116485595703125,0,0,,,,
1,phase_r9_full,11,500,child_task2,crate_navigation,13009,task3_phase_r1_phase_r9_full_s11_c0500_task2_125124f_s13009,/export/data/sfan/MLE_final_project/runs/task3_phase_r1_phase_r9_full_s11_c0500_125124f/checkpoints/final.pt,125124f7c09f88714c4704b4d2ac06824cbf265f,ad9d33d9cf17a3363082e4c33e08023f6234ada81110733bec00c33d1c07669e,completed,8.0,8.0,100.0,0.0,0.0,51.0,51.0,51.0,0.0,1.0,1.0,0.0,400,0.029067039489746094,0.03877997398376465,0,0,,,,
1,phase_r9_full,11,500,child_task2,crate_navigation,13010,task3_phase_r1_phase_r9_full_s11_c0500_task2_125124f_s13010,/export/data/sfan/MLE_final_project/runs/task3_phase_r1_phase_r9_full_s11_c0500_125124f/checkpoints/final.pt,125124f7c09f88714c4704b4d2ac06824cbf265f,ad9d33d9cf17a3363082e4c33e08023f6234ada81110733bec00c33d1c07669e,completed,7.0,7.0,68.0,0.0,0.0,49.0,48.0,48.0,0.0,1.0,1.0,0.0,400,0.02137923240661621,0.030398130416870117,0,0,,,,
1,phase_r9_full,11,500,child_task2,crate_navigation,13011,task3_phase_r1_phase_r9_full_s11_c0500_task2_125124f_s13011,/export/data/sfan/MLE_final_project/runs/task3_phase_r1_phase_r9_full_s11_c0500_125124f/checkpoints/final.pt,125124f7c09f88714c4704b4d2ac06824cbf265f,ad9d33d9cf17a3363082e4c33e08023f6234ada81110733bec00c33d1c07669e,completed,7.0,7.0,84.0,0.0,0.0,55.0,55.0,55.0,0.0,1.0,1.0,0.0,400,0.02779555320739746,0.03703737258911133,0,0,,,,
1,phase_r9_full,11,500,child_task2,crate_navigation,13012,task3_phase_r1_phase_r9_full_s11_c0500_task2_125124f_s13012,/export/data/sfan/MLE_final_project/runs/task3_phase_r1_phase_r9_full_s11_c0500_125124f/checkpoints/final.pt,125124f7c09f88714c4704b4d2ac06824cbf265f,ad9d33d9cf17a3363082e4c33e08023f6234ada81110733bec00c33d1c07669e,completed,5.0,5.0,55.0,0.0,0.0,56.0,55.0,55.0,0.0,1.0,1.0,0.0,400,0.025130033493041992,0.03285360336303711,0,0,,,,
1,phase_r9_full,11,500,child_task2,crate_navigation,13013,task3_phase_r1_phase_r9_full_s11_c0500_task2_125124f_s13013,/export/data/sfan/MLE_final_project/runs/task3_phase_r1_phase_r9_full_s11_c0500_125124f/checkpoints/final.pt,125124f7c09f88714c4704b4d2ac06824cbf265f,ad9d33d9cf17a3363082e4c33e08023f6234ada81110733bec00c33d1c07669e,completed,5.0,5.0,93.0,0.0,0.0,56.0,55.0,55.0,0.0,1.0,1.0,0.0,400,0.024058103561401367,0.039992570877075195,0,0,,,,
1,phase_r9_full,11,500,child_task2,crate_navigation,13014,task3_phase_r1_phase_r9_full_s11_c0500_task2_125124f_s13014,/export/data/sfan/MLE_final_project/runs/task3_phase_r1_phase_r9_full_s11_c0500_125124f/checkpoints/final.pt,125124f7c09f88714c4704b4d2ac06824cbf265f,ad9d33d9cf17a3363082e4c33e08023f6234ada81110733bec00c33d1c07669e,completed,1.0,1.0,55.0,0.0,0.0,51.0,51.0,51.0,0.0,1.0,1.0,0.0,400,0.022884368896484375,0.03227353096008301,0,0,,,,
1,phase_r9_full,11,500,child_task2,crate_navigation,13015,task3_phase_r1_phase_r9_full_s11_c0500_task2_125124f_s13015,/export/data/sfan/MLE_final_project/runs/task3_phase_r1_phase_r9_full_s11_c0500_125124f/checkpoints/final.pt,125124f7c09f88714c4704b4d2ac06824cbf265f,ad9d33d9cf17a3363082e4c33e08023f6234ada81110733bec00c33d1c07669e,completed,2.0,2.0,50.0,0.0,0.0,53.0,52.0,52.0,0.0,1.0,1.0,0.0,400,0.022794485092163086,0.03194069862365723,0,0,,,,
1,phase_r9_full,11,500,child_task2,crate_navigation,13016,task3_phase_r1_phase_r9_full_s11_c0500_task2_125124f_s13016,/export/data/sfan/MLE_final_project/runs/task3_phase_r1_phase_r9_full_s11_c0500_125124f/checkpoints/final.pt,125124f7c09f88714c4704b4d2ac06824cbf265f,ad9d33d9cf17a3363082e4c33e08023f6234ada81110733bec00c33d1c07669e,completed,7.0,7.0,94.0,0.0,0.0,55.0,54.0,54.0,0.0,1.0,1.0,0.0,400,0.026626110076904297,0.036432504653930664,0,0,,,,
1,phase_r9_full,11,500,child_task2,crate_navigation,13017,task3_phase_r1_phase_r9_full_s11_c0500_task2_125124f_s13017,/export/data/sfan/MLE_final_project/runs/task3_phase_r1_phase_r9_full_s11_c0500_125124f/checkpoints/final.pt,125124f7c09f88714c4704b4d2ac06824cbf265f,ad9d33d9cf17a3363082e4c33e08023f6234ada81110733bec00c33d1c07669e,completed,2.0,2.0,22.0,0.0,0.0,53.0,53.0,53.0,0.0,1.0,1.0,0.0,400,0.011621713638305664,0.012464284896850586,0,0,,,,
1,phase_r9_full,11,500,child_task2,crate_navigation,13018,task3_phase_r1_phase_r9_full_s11_c0500_task2_125124f_s13018,/export/data/sfan/MLE_final_project/runs/task3_phase_r1_phase_r9_full_s11_c0500_125124f/checkpoints/final.pt,125124f7c09f88714c4704b4d2ac06824cbf265f,ad9d33d9cf17a3363082e4c33e08023f6234ada81110733bec00c33d1c07669e,completed,5.0,5.0,89.0,0.0,0.0,54.0,53.0,53.0,0.0,1.0,1.0,0.0,400,0.012325525283813477,0.01947617530822754,0,0,,,,
1,phase_r9_full,11,500,child_task2,crate_navigation,13019,task3_phase_r1_phase_r9_full_s11_c0500_task2_125124f_s13019,/export/data/sfan/MLE_final_project/runs/task3_phase_r1_phase_r9_full_s11_c0500_125124f/checkpoints/final.pt,125124f7c09f88714c4704b4d2ac06824cbf265f,ad9d33d9cf17a3363082e4c33e08023f6234ada81110733bec00c33d1c07669e,completed,4.0,4.0,58.0,0.0,0.0,57.0,56.0,56.0,0.0,1.0,1.0,0.0,400,0.012674808502197266,0.022905588150024414,0,0,,,,
1,phase_r9_full,11,500,child_task3,weak_opponents,13000,task3_phase_r1_phase_r9_full_s11_c0500_task3_125124f_s13000,/export/data/sfan/MLE_final_project/runs/task3_phase_r1_phase_r9_full_s11_c0500_125124f/checkpoints/final.pt,125124f7c09f88714c4704b4d2ac06824cbf265f,ad9d33d9cf17a3363082e4c33e08023f6234ada81110733bec00c33d1c07669e,completed,9.0,4.0,29.0,1.0,0.0,41.0,41.0,41.0,1.0,1.0,1.0,0.0,400,0.015871763229370117,0.02248978614807129,0,0,3.907667513420595,22.38477556972243,0.006040786536666028,0.685
1,phase_r9_full,11,500,child_task3,weak_opponents,13001,task3_phase_r1_phase_r9_full_s11_c0500_task3_125124f_s13001,/export/data/sfan/MLE_final_project/runs/task3_phase_r1_phase_r9_full_s11_c0500_125124f/checkpoints/final.pt,125124f7c09f88714c4704b4d2ac06824cbf265f,ad9d33d9cf17a3363082e4c33e08023f6234ada81110733bec00c33d1c07669e,completed,3.0,3.0,34.0,0.0,1.0,9.0,9.0,8.0,0.0,0.0,0.0,0.0,92,0.013620376586914062,0.016957521438598633,0,0,0.8267984265649739,345.3639053439671,0.0,0.41304347826086957
1,phase_r9_full,11,500,child_task3,weak_opponents,13002,task3_phase_r1_phase_r9_full_s11_c0500_task3_125124f_s13002,/export/data/sfan/MLE_final_project/runs/task3_phase_r1_phase_r9_full_s11_c0500_125124f/checkpoints/final.pt,125124f7c09f88714c4704b4d2ac06824cbf265f,ad9d33d9cf17a3363082e4c33e08023f6234ada81110733bec00c33d1c07669e,completed,2.0,2.0,45.0,0.0,0.0,48.0,47.0,47.0,0.0,1.0,0.0,0.0,400,0.016459941864013672,0.021869897842407227,0,0,1.5235495612621999,29.995058671536004,0.004803307941180528,0.54
1,phase_r9_full,11,500,child_task3,weak_opponents,13003,task3_phase_r1_phase_r9_full_s11_c0500_task3_125124f_s13003,/export/data/sfan/MLE_final_project/runs/task3_phase_r1_phase_r9_full_s11_c0500_125124f/checkpoints/final.pt,125124f7c09f88714c4704b4d2ac06824cbf265f,ad9d33d9cf17a3363082e4c33e08023f6234ada81110733bec00c33d1c07669e,completed,3.0,3.0,45.0,0.0,0.0,49.0,48.0,48.0,0.0,1.0,0.0,0.0,400,0.016135454177856445,0.020524024963378906,0,0,2.040220117006613,28.297224449106434,0.0,0.5125
1,phase_r9_full,11,500,child_task3,weak_opponents,13004,task3_phase_r1_phase_r9_full_s11_c0500_task3_125124f_s13004,/export/data/sfan/MLE_final_project/runs/task3_phase_r1_phase_r9_full_s11_c0500_125124f/checkpoints/final.pt,125124f7c09f88714c4704b4d2ac06824cbf265f,ad9d33d9cf17a3363082e4c33e08023f6234ada81110733bec00c33d1c07669e,completed,4.0,4.0,32.0,0.0,0.0,43.0,43.0,43.0,0.0,1.0,0.0,0.0,400,0.016780853271484375,0.021108627319335938,0,0,2.640601453426233,21.022373452796366,0.0,0.5425
1,phase_r9_full,11,500,child_task3,weak_opponents,13005,task3_phase_r1_phase_r9_full_s11_c0500_task3_125124f_s13005,/export/data/sfan/MLE_final_project/runs/task3_phase_r1_phase_r9_full_s11_c0500_125124f/checkpoints/final.pt,125124f7c09f88714c4704b4d2ac06824cbf265f,ad9d33d9cf17a3363082e4c33e08023f6234ada81110733bec00c33d1c07669e,completed,2.0,2.0,26.0,0.0,0.0,40.0,40.0,40.0,0.0,1.0,0.0,0.0,400,0.016086578369140625,0.020237207412719727,0,0,1.5205112674820649,16.367867777400768,0.0,0.585
1,phase_r9_full,11,500,child_task3,weak_opponents,13006,task3_phase_r1_phase_r9_full_s11_c0500_task3_125124f_s13006,/export/data/sfan/MLE_final_project/runs/task3_phase_r1_phase_r9_full_s11_c0500_125124f/checkpoints/final.pt,125124f7c09f88714c4704b4d2ac06824cbf265f,ad9d33d9cf17a3363082e4c33e08023f6234ada81110733bec00c33d1c07669e,completed,5.0,5.0,61.0,0.0,0.0,39.0,39.0,39.0,0.0,1.0,0.0,0.0,400,0.014153242111206055,0.017208337783813477,0,0,2.3062334410426892,31.780295522145448,0.0,0.5975
1,phase_r9_full,11,500,child_task3,weak_opponents,13007,task3_phase_r1_phase_r9_full_s11_c0500_task3_125124f_s13007,/export/data/sfan/MLE_final_project/runs/task3_phase_r1_phase_r9_full_s11_c0500_125124f/checkpoints/final.pt,125124f7c09f88714c4704b4d2ac06824cbf265f,ad9d33d9cf17a3363082e4c33e08023f6234ada81110733bec00c33d1c07669e,completed,6.0,6.0,36.0,0.0,0.0,37.0,37.0,37.0,1.0,1.0,0.0,0.0,400,0.017238378524780273,0.022366762161254883,0,0,4.422201796524077,27.904020675203697,0.004531419181448836,0.555
1,phase_r9_full,11,500,child_task3,weak_opponents,13008,task3_phase_r1_phase_r9_full_s11_c0500_task3_125124f_s13008,/export/data/sfan/MLE_final_project/runs/task3_phase_r1_phase_r9_full_s11_c0500_125124f/checkpoints/final.pt,125124f7c09f88714c4704b4d2ac06824cbf265f,ad9d33d9cf17a3363082e4c33e08023f6234ada81110733bec00c33d1c07669e,completed,10.0,5.0,68.0,1.0,0.0,51.0,51.0,51.0,0.0,1.0,1.0,0.0,400,0.015530824661254883,0.021075725555419922,0,0,1.597670641513103,30.311546146618937,0.0,0.3375
1,phase_r9_full,11,500,child_task3,weak_opponents,13009,task3_phase_r1_phase_r9_full_s11_c0500_task3_125124f_s13009,/export/data/sfan/MLE_final_project/runs/task3_phase_r1_phase_r9_full_s11_c0500_125124f/checkpoints/final.pt,125124f7c09f88714c4704b4d2ac06824cbf265f,ad9d33d9cf17a3363082e4c33e08023f6234ada81110733bec00c33d1c07669e,completed,9.0,4.0,37.0,1.0,0.0,34.0,34.0,34.0,0.0,1.0,1.0,0.0,400,0.01934194564819336,0.020560264587402344,0,0,0.7703632343068647,25.907899228496802,0.0,0.3625
1,phase_r9_full,11,500,child_task3,weak_opponents,13010,task3_phase_r1_phase_r9_full_s11_c0500_task3_125124f_s13010,/export/data/sfan/MLE_final_project/runs/task3_phase_r1_phase_r9_full_s11_c0500_125124f/checkpoints/final.pt,125124f7c09f88714c4704b4d2ac06824cbf265f,ad9d33d9cf17a3363082e4c33e08023f6234ada81110733bec00c33d1c07669e,completed,5.0,5.0,67.0,0.0,0.0,50.0,50.0,50.0,0.0,1.0,0.0,0.0,400,0.016383647918701172,0.019773483276367188,0,0,2.349659356272138,38.06176193639233,0.024455291951047183,0.4925
1,phase_r9_full,11,500,child_task3,weak_opponents,13011,task3_phase_r1_phase_r9_full_s11_c0500_task3_125124f_s13011,/export/data/sfan/MLE_final_project/runs/task3_phase_r1_phase_r9_full_s11_c0500_125124f/checkpoints/final.pt,125124f7c09f88714c4704b4d2ac06824cbf265f,ad9d33d9cf17a3363082e4c33e08023f6234ada81110733bec00c33d1c07669e,completed,2.0,2.0,44.0,0.0,0.0,47.0,46.0,46.0,0.0,1.0,0.0,0.0,400,0.01568603515625,0.021968603134155273,0,0,1.2172835719538964,24.033494725078516,0.0,0.5225
1,phase_r9_full,11,500,child_task3,weak_opponents,13012,task3_phase_r1_phase_r9_full_s11_c0500_task3_125124f_s13012,/export/data/sfan/MLE_final_project/runs/task3_phase_r1_phase_r9_full_s11_c0500_125124f/checkpoints/final.pt,125124f7c09f88714c4704b4d2ac06824cbf265f,ad9d33d9cf17a3363082e4c33e08023f6234ada81110733bec00c33d1c07669e,completed,11.0,6.0,49.0,1.0,0.0,42.0,42.0,42.0,1.0,1.0,1.0,0.0,400,0.016553401947021484,0.021387815475463867,0,0,2.744107617966844,29.7054251737982,0.0,0.3125
1,phase_r9_full,11,500,child_task3,weak_opponents,13013,task3_phase_r1_phase_r9_full_s11_c0500_task3_125124f_s13013,/export/data/sfan/MLE_final_project/runs/task3_phase_r1_phase_r9_full_s11_c0500_125124f/checkpoints/final.pt,125124f7c09f88714c4704b4d2ac06824cbf265f,ad9d33d9cf17a3363082e4c33e08023f6234ada81110733bec00c33d1c07669e,completed,6.0,6.0,39.0,0.0,0.0,32.0,32.0,32.0,0.0,1.0,1.0,0.0,400,0.015704631805419922,0.019371509552001953,0,0,3.8586061619108563,27.012659362595006,0.0,0.805
1,phase_r9_full,11,500,child_task3,weak_opponents,13014,task3_phase_r1_phase_r9_full_s11_c0500_task3_125124f_s13014,/export/data/sfan/MLE_final_project/runs/task3_phase_r1_phase_r9_full_s11_c0500_125124f/checkpoints/final.pt,125124f7c09f88714c4704b4d2ac06824cbf265f,ad9d33d9cf17a3363082e4c33e08023f6234ada81110733bec00c33d1c07669e,completed,1.0,1.0,23.0,0.0,1.0,9.0,9.0,8.0,2.0,0.0,0.0,0.0,71,0.013216257095336914,0.014966726303100586,0,0,0.27383166344051335,242.19703822864398,0.0,0.4647887323943662
1,phase_r9_full,11,500,child_task3,weak_opponents,13015,task3_phase_r1_phase_r9_full_s11_c0500_task3_125124f_s13015,/export/data/sfan/MLE_final_project/runs/task3_phase_r1_phase_r9_full_s11_c0500_125124f/checkpoints/final.pt,125124f7c09f88714c4704b4d2ac06824cbf265f,ad9d33d9cf17a3363082e4c33e08023f6234ada81110733bec00c33d1c07669e,completed,2.0,2.0,30.0,0.0,0.0,36.0,36.0,36.0,2.0,1.0,0.0,0.0,400,0.029404401779174805,0.1991579532623291,0,0,1.2063080283997818,13.306480975787373,0.0,0.75
1,phase_r9_full,11,500,child_task3,weak_opponents,13016,task3_phase_r1_phase_r9_full_s11_c0500_task3_125124f_s13016,/export/data/sfan/MLE_final_project/runs/task3_phase_r1_phase_r9_full_s11_c0500_125124f/checkpoints/final.pt,125124f7c09f88714c4704b4d2ac06824cbf265f,ad9d33d9cf17a3363082e4c33e08023f6234ada81110733bec00c33d1c07669e,completed,9.0,4.0,54.0,1.0,1.0,51.0,51.0,50.0,2.0,0.0,1.0,0.0,384,0.029071807861328125,0.03826642036437988,0,0,1.2989054351486125,24.294100876029862,0.006934959464602786,0.4973958333333333
1,phase_r9_full,11,500,child_task3,weak_opponents,13017,task3_phase_r1_phase_r9_full_s11_c0500_task3_125124f_s13017,/export/data/sfan/MLE_final_project/runs/task3_phase_r1_phase_r9_full_s11_c0500_125124f/checkpoints/final.pt,125124f7c09f88714c4704b4d2ac06824cbf265f,ad9d33d9cf17a3363082e4c33e08023f6234ada81110733bec00c33d1c07669e,completed,3.0,3.0,21.0,0.0,1.0,16.0,16.0,15.0,0.0,0.0,0.0,0.0,204,0.03048253059387207,0.040609121322631836,0,0,1.7227413510935705,13.787411827140387,0.22653043162459668,0.6078431372549019
1,phase_r9_full,11,500,child_task3,weak_opponents,13018,task3_phase_r1_phase_r9_full_s11_c0500_task3_125124f_s13018,/export/data/sfan/MLE_final_project/runs/task3_phase_r1_phase_r9_full_s11_c0500_125124f/checkpoints/final.pt,125124f7c09f88714c4704b4d2ac06824cbf265f,ad9d33d9cf17a3363082e4c33e08023f6234ada81110733bec00c33d1c07669e,completed,9.0,4.0,35.0,1.0,0.0,16.0,16.0,16.0,0.0,1.0,1.0,0.0,400,0.02931523323059082,0.032266855239868164,0,0,2.668251103392995,30.49271528828649,0.0,0.795
1,phase_r9_full,11,500,child_task3,weak_opponents,13019,task3_phase_r1_phase_r9_full_s11_c0500_task3_125124f_s13019,/export/data/sfan/MLE_final_project/runs/task3_phase_r1_phase_r9_full_s11_c0500_125124f/checkpoints/final.pt,125124f7c09f88714c4704b4d2ac06824cbf265f,ad9d33d9cf17a3363082e4c33e08023f6234ada81110733bec00c33d1c07669e,completed,10.0,5.0,32.0,1.0,0.0,18.0,18.0,18.0,0.0,1.0,1.0,0.0,400,0.026902437210083008,0.03885769844055176,0,0,2.251341691948523,22.547273342844058,0.0,0.6825
1,task2_parent,22,0,parent_task1,coin_navigation,13000,task3_phase_r1_parent_s22_task1_125124f_s13000,/export/data/sfan/MLE_final_project/runs/task2winner_replica_cv2_r7_s22_t2_v7_814173b/checkpoints/final.pt,125124f7c09f88714c4704b4d2ac06824cbf265f,ad9d33d9cf17a3363082e4c33e08023f6234ada81110733bec00c33d1c07669e,completed,50.0,50.0,0.0,0.0,0.0,0.0,0.0,0.0,0.0,1.0,1.0,0.0,143,0.006592750549316406,0.006727457046508789,0,0,,,,
1,task2_parent,22,0,parent_task1,coin_navigation,13001,task3_phase_r1_parent_s22_task1_125124f_s13001,/export/data/sfan/MLE_final_project/runs/task2winner_replica_cv2_r7_s22_t2_v7_814173b/checkpoints/final.pt,125124f7c09f88714c4704b4d2ac06824cbf265f,ad9d33d9cf17a3363082e4c33e08023f6234ada81110733bec00c33d1c07669e,completed,50.0,50.0,0.0,0.0,0.0,0.0,0.0,0.0,0.0,1.0,1.0,0.0,121,0.007055997848510742,0.009202957153320312,0,0,,,,
1,task2_parent,22,0,parent_task1,coin_navigation,13002,task3_phase_r1_parent_s22_task1_125124f_s13002,/export/data/sfan/MLE_final_project/runs/task2winner_replica_cv2_r7_s22_t2_v7_814173b/checkpoints/final.pt,125124f7c09f88714c4704b4d2ac06824cbf265f,ad9d33d9cf17a3363082e4c33e08023f6234ada81110733bec00c33d1c07669e,completed,50.0,50.0,0.0,0.0,0.0,0.0,0.0,0.0,0.0,1.0,1.0,0.0,118,0.006899833679199219,0.008255243301391602,0,0,,,,
1,task2_parent,22,0,parent_task1,coin_navigation,13003,task3_phase_r1_parent_s22_task1_125124f_s13003,/export/data/sfan/MLE_final_project/runs/task2winner_replica_cv2_r7_s22_t2_v7_814173b/checkpoints/final.pt,125124f7c09f88714c4704b4d2ac06824cbf265f,ad9d33d9cf17a3363082e4c33e08023f6234ada81110733bec00c33d1c07669e,completed,50.0,50.0,0.0,0.0,0.0,0.0,0.0,0.0,0.0,1.0,1.0,0.0,128,0.006644010543823242,0.0070192813873291016,0,0,,,,
1,task2_parent,22,0,parent_task1,coin_navigation,13004,task3_phase_r1_parent_s22_task1_125124f_s13004,/export/data/sfan/MLE_final_project/runs/task2winner_replica_cv2_r7_s22_t2_v7_814173b/checkpoints/final.pt,125124f7c09f88714c4704b4d2ac06824cbf265f,ad9d33d9cf17a3363082e4c33e08023f6234ada81110733bec00c33d1c07669e,completed,50.0,50.0,0.0,0.0,0.0,0.0,0.0,0.0,0.0,1.0,1.0,0.0,110,0.006613254547119141,0.007393360137939453,0,0,,,,
1,task2_parent,22,0,parent_task1,coin_navigation,13005,task3_phase_r1_parent_s22_task1_125124f_s13005,/export/data/sfan/MLE_final_project/runs/task2winner_replica_cv2_r7_s22_t2_v7_814173b/checkpoints/final.pt,125124f7c09f88714c4704b4d2ac06824cbf265f,ad9d33d9cf17a3363082e4c33e08023f6234ada81110733bec00c33d1c07669e,completed,50.0,50.0,0.0,0.0,0.0,0.0,0.0,0.0,0.0,1.0,1.0,0.0,139,0.006663084030151367,0.006957054138183594,0,0,,,,
1,task2_parent,22,0,parent_task1,coin_navigation,13006,task3_phase_r1_parent_s22_task1_125124f_s13006,/export/data/sfan/MLE_final_project/runs/task2winner_replica_cv2_r7_s22_t2_v7_814173b/checkpoints/final.pt,125124f7c09f88714c4704b4d2ac06824cbf265f,ad9d33d9cf17a3363082e4c33e08023f6234ada81110733bec00c33d1c07669e,completed,50.0,50.0,0.0,0.0,0.0,0.0,0.0,0.0,0.0,1.0,1.0,0.0,115,0.00673222541809082,0.00726628303527832,0,0,,,,
1,task2_parent,22,0,parent_task1,coin_navigation,13007,task3_phase_r1_parent_s22_task1_125124f_s13007,/export/data/sfan/MLE_final_project/runs/task2winner_replica_cv2_r7_s22_t2_v7_814173b/checkpoints/final.pt,125124f7c09f88714c4704b4d2ac06824cbf265f,ad9d33d9cf17a3363082e4c33e08023f6234ada81110733bec00c33d1c07669e,completed,50.0,50.0,0.0,0.0,0.0,0.0,0.0,0.0,0.0,1.0,1.0,0.0,131,0.006521463394165039,0.0066318511962890625,0,0,,,,
1,task2_parent,22,0,parent_task1,coin_navigation,13008,task3_phase_r1_parent_s22_task1_125124f_s13008,/export/data/sfan/MLE_final_project/runs/task2winner_replica_cv2_r7_s22_t2_v7_814173b/checkpoints/final.pt,125124f7c09f88714c4704b4d2ac06824cbf265f,ad9d33d9cf17a3363082e4c33e08023f6234ada81110733bec00c33d1c07669e,completed,50.0,50.0,0.0,0.0,0.0,0.0,0.0,0.0,0.0,1.0,1.0,0.0,129,0.006680011749267578,0.007687807083129883,0,0,,,,
1,task2_parent,22,0,parent_task1,coin_navigation,13009,task3_phase_r1_parent_s22_task1_125124f_s13009,/export/data/sfan/MLE_final_project/runs/task2winner_replica_cv2_r7_s22_t2_v7_814173b/checkpoints/final.pt,125124f7c09f88714c4704b4d2ac06824cbf265f,ad9d33d9cf17a3363082e4c33e08023f6234ada81110733bec00c33d1c07669e,completed,50.0,50.0,0.0,0.0,0.0,0.0,0.0,0.0,0.0,1.0,1.0,0.0,131,0.006986379623413086,0.007300853729248047,0,0,,,,
1,task2_parent,22,0,parent_task1,coin_navigation,13010,task3_phase_r1_parent_s22_task1_125124f_s13010,/export/data/sfan/MLE_final_project/runs/task2winner_replica_cv2_r7_s22_t2_v7_814173b/checkpoints/final.pt,125124f7c09f88714c4704b4d2ac06824cbf265f,ad9d33d9cf17a3363082e4c33e08023f6234ada81110733bec00c33d1c07669e,completed,50.0,50.0,0.0,0.0,0.0,0.0,0.0,0.0,0.0,1.0,1.0,0.0,139,0.006772518157958984,0.00742340087890625,0,0,,,,
1,task2_parent,22,0,parent_task1,coin_navigation,13011,task3_phase_r1_parent_s22_task1_125124f_s13011,/export/data/sfan/MLE_final_project/runs/task2winner_replica_cv2_r7_s22_t2_v7_814173b/checkpoints/final.pt,125124f7c09f88714c4704b4d2ac06824cbf265f,ad9d33d9cf17a3363082e4c33e08023f6234ada81110733bec00c33d1c07669e,completed,50.0,50.0,0.0,0.0,0.0,0.0,0.0,0.0,0.0,1.0,1.0,0.0,131,0.006665468215942383,0.007468461990356445,0,0,,,,
1,task2_parent,22,0,parent_task1,coin_navigation,13012,task3_phase_r1_parent_s22_task1_125124f_s13012,/export/data/sfan/MLE_final_project/runs/task2winner_replica_cv2_r7_s22_t2_v7_814173b/checkpoints/final.pt,125124f7c09f88714c4704b4d2ac06824cbf265f,ad9d33d9cf17a3363082e4c33e08023f6234ada81110733bec00c33d1c07669e,completed,50.0,50.0,0.0,0.0,0.0,0.0,0.0,0.0,0.0,1.0,1.0,0.0,129,0.0066831111907958984,0.008339405059814453,0,0,,,,
1,task2_parent,22,0,parent_task1,coin_navigation,13013,task3_phase_r1_parent_s22_task1_125124f_s13013,/export/data/sfan/MLE_final_project/runs/task2winner_replica_cv2_r7_s22_t2_v7_814173b/checkpoints/final.pt,125124f7c09f88714c4704b4d2ac06824cbf265f,ad9d33d9cf17a3363082e4c33e08023f6234ada81110733bec00c33d1c07669e,completed,50.0,50.0,0.0,0.0,0.0,0.0,0.0,0.0,0.0,1.0,1.0,0.0,112,0.006733894348144531,0.007016658782958984,0,0,,,,
1,task2_parent,22,0,parent_task1,coin_navigation,13014,task3_phase_r1_parent_s22_task1_125124f_s13014,/export/data/sfan/MLE_final_project/runs/task2winner_replica_cv2_r7_s22_t2_v7_814173b/checkpoints/final.pt,125124f7c09f88714c4704b4d2ac06824cbf265f,ad9d33d9cf17a3363082e4c33e08023f6234ada81110733bec00c33d1c07669e,completed,50.0,50.0,0.0,0.0,0.0,0.0,0.0,0.0,0.0,1.0,1.0,0.0,127,0.006758451461791992,0.006926298141479492,0,0,,,,
1,task2_parent,22,0,parent_task1,coin_navigation,13015,task3_phase_r1_parent_s22_task1_125124f_s13015,/export/data/sfan/MLE_final_project/runs/task2winner_replica_cv2_r7_s22_t2_v7_814173b/checkpoints/final.pt,125124f7c09f88714c4704b4d2ac06824cbf265f,ad9d33d9cf17a3363082e4c33e08023f6234ada81110733bec00c33d1c07669e,completed,50.0,50.0,0.0,0.0,0.0,0.0,0.0,0.0,0.0,1.0,1.0,0.0,142,0.00670170783996582,0.007688045501708984,0,0,,,,
1,task2_parent,22,0,parent_task1,coin_navigation,13016,task3_phase_r1_parent_s22_task1_125124f_s13016,/export/data/sfan/MLE_final_project/runs/task2winner_replica_cv2_r7_s22_t2_v7_814173b/checkpoints/final.pt,125124f7c09f88714c4704b4d2ac06824cbf265f,ad9d33d9cf17a3363082e4c33e08023f6234ada81110733bec00c33d1c07669e,completed,50.0,50.0,0.0,0.0,0.0,0.0,0.0,0.0,0.0,1.0,1.0,0.0,130,0.006621360778808594,0.0069425106048583984,0,0,,,,
1,task2_parent,22,0,parent_task1,coin_navigation,13017,task3_phase_r1_parent_s22_task1_125124f_s13017,/export/data/sfan/MLE_final_project/runs/task2winner_replica_cv2_r7_s22_t2_v7_814173b/checkpoints/final.pt,125124f7c09f88714c4704b4d2ac06824cbf265f,ad9d33d9cf17a3363082e4c33e08023f6234ada81110733bec00c33d1c07669e,completed,50.0,50.0,0.0,0.0,0.0,0.0,0.0,0.0,0.0,1.0,1.0,0.0,128,0.006639242172241211,0.0070514678955078125,0,0,,,,
1,task2_parent,22,0,parent_task1,coin_navigation,13018,task3_phase_r1_parent_s22_task1_125124f_s13018,/export/data/sfan/MLE_final_project/runs/task2winner_replica_cv2_r7_s22_t2_v7_814173b/checkpoints/final.pt,125124f7c09f88714c4704b4d2ac06824cbf265f,ad9d33d9cf17a3363082e4c33e08023f6234ada81110733bec00c33d1c07669e,completed,50.0,50.0,0.0,0.0,0.0,0.0,0.0,0.0,0.0,1.0,1.0,0.0,123,0.006894350051879883,0.007226228713989258,0,0,,,,
1,task2_parent,22,0,parent_task1,coin_navigation,13019,task3_phase_r1_parent_s22_task1_125124f_s13019,/export/data/sfan/MLE_final_project/runs/task2winner_replica_cv2_r7_s22_t2_v7_814173b/checkpoints/final.pt,125124f7c09f88714c4704b4d2ac06824cbf265f,ad9d33d9cf17a3363082e4c33e08023f6234ada81110733bec00c33d1c07669e,completed,50.0,50.0,0.0,0.0,0.0,0.0,0.0,0.0,0.0,1.0,1.0,0.0,128,0.006609439849853516,0.0072591304779052734,0,0,,,,
1,phase_r7,22,500,child_task1,coin_navigation,13000,task3_phase_r1_phase_r7_s22_c0500_task1_125124f_s13000,/export/data/sfan/MLE_final_project/runs/task3_phase_r1_phase_r7_s22_c0500_125124f/checkpoints/final.pt,125124f7c09f88714c4704b4d2ac06824cbf265f,ad9d33d9cf17a3363082e4c33e08023f6234ada81110733bec00c33d1c07669e,completed,50.0,50.0,0.0,0.0,0.0,0.0,0.0,0.0,0.0,1.0,1.0,0.0,132,0.02034902572631836,0.021208763122558594,0,0,,,,
1,phase_r7,22,500,child_task1,coin_navigation,13001,task3_phase_r1_phase_r7_s22_c0500_task1_125124f_s13001,/export/data/sfan/MLE_final_project/runs/task3_phase_r1_phase_r7_s22_c0500_125124f/checkpoints/final.pt,125124f7c09f88714c4704b4d2ac06824cbf265f,ad9d33d9cf17a3363082e4c33e08023f6234ada81110733bec00c33d1c07669e,completed,50.0,50.0,0.0,0.0,0.0,0.0,0.0,0.0,0.0,1.0,1.0,0.0,128,0.020708799362182617,0.044615983963012695,0,0,,,,
1,phase_r7,22,500,child_task1,coin_navigation,13002,task3_phase_r1_phase_r7_s22_c0500_task1_125124f_s13002,/export/data/sfan/MLE_final_project/runs/task3_phase_r1_phase_r7_s22_c0500_125124f/checkpoints/final.pt,125124f7c09f88714c4704b4d2ac06824cbf265f,ad9d33d9cf17a3363082e4c33e08023f6234ada81110733bec00c33d1c07669e,completed,50.0,50.0,0.0,0.0,0.0,0.0,0.0,0.0,0.0,1.0,1.0,0.0,114,0.019875764846801758,0.020294666290283203,0,0,,,,
1,phase_r7,22,500,child_task1,coin_navigation,13003,task3_phase_r1_phase_r7_s22_c0500_task1_125124f_s13003,/export/data/sfan/MLE_final_project/runs/task3_phase_r1_phase_r7_s22_c0500_125124f/checkpoints/final.pt,125124f7c09f88714c4704b4d2ac06824cbf265f,ad9d33d9cf17a3363082e4c33e08023f6234ada81110733bec00c33d1c07669e,completed,50.0,50.0,0.0,0.0,0.0,0.0,0.0,0.0,0.0,1.0,1.0,0.0,132,0.019930362701416016,0.020613431930541992,0,0,,,,
1,phase_r7,22,500,child_task1,coin_navigation,13004,task3_phase_r1_phase_r7_s22_c0500_task1_125124f_s13004,/export/data/sfan/MLE_final_project/runs/task3_phase_r1_phase_r7_s22_c0500_125124f/checkpoints/final.pt,125124f7c09f88714c4704b4d2ac06824cbf265f,ad9d33d9cf17a3363082e4c33e08023f6234ada81110733bec00c33d1c07669e,completed,50.0,50.0,0.0,0.0,0.0,0.0,0.0,0.0,0.0,1.0,1.0,0.0,110,0.020091772079467773,0.020843505859375,0,0,,,,
1,phase_r7,22,500,child_task1,coin_navigation,13005,task3_phase_r1_phase_r7_s22_c0500_task1_125124f_s13005,/export/data/sfan/MLE_final_project/runs/task3_phase_r1_phase_r7_s22_c0500_125124f/checkpoints/final.pt,125124f7c09f88714c4704b4d2ac06824cbf265f,ad9d33d9cf17a3363082e4c33e08023f6234ada81110733bec00c33d1c07669e,completed,50.0,50.0,0.0,0.0,0.0,0.0,0.0,0.0,0.0,1.0,1.0,0.0,141,0.01988530158996582,0.021242141723632812,0,0,,,,
1,phase_r7,22,500,child_task1,coin_navigation,13006,task3_phase_r1_phase_r7_s22_c0500_task1_125124f_s13006,/export/data/sfan/MLE_final_project/runs/task3_phase_r1_phase_r7_s22_c0500_125124f/checkpoints/final.pt,125124f7c09f88714c4704b4d2ac06824cbf265f,ad9d33d9cf17a3363082e4c33e08023f6234ada81110733bec00c33d1c07669e,completed,50.0,50.0,0.0,0.0,0.0,0.0,0.0,0.0,0.0,1.0,1.0,0.0,116,0.02013254165649414,0.020891427993774414,0,0,,,,
1,phase_r7,22,500,child_task1,coin_navigation,13007,task3_phase_r1_phase_r7_s22_c0500_task1_125124f_s13007,/export/data/sfan/MLE_final_project/runs/task3_phase_r1_phase_r7_s22_c0500_125124f/checkpoints/final.pt,125124f7c09f88714c4704b4d2ac06824cbf265f,ad9d33d9cf17a3363082e4c33e08023f6234ada81110733bec00c33d1c07669e,completed,50.0,50.0,0.0,0.0,0.0,0.0,0.0,0.0,0.0,1.0,1.0,0.0,133,0.019649267196655273,0.02010822296142578,0,0,,,,
1,phase_r7,22,500,child_task1,coin_navigation,13008,task3_phase_r1_phase_r7_s22_c0500_task1_125124f_s13008,/export/data/sfan/MLE_final_project/runs/task3_phase_r1_phase_r7_s22_c0500_125124f/checkpoints/final.pt,125124f7c09f88714c4704b4d2ac06824cbf265f,ad9d33d9cf17a3363082e4c33e08023f6234ada81110733bec00c33d1c07669e,completed,50.0,50.0,0.0,0.0,0.0,0.0,0.0,0.0,0.0,1.0,1.0,0.0,129,0.01978325843811035,0.020668506622314453,0,0,,,,
1,phase_r7,22,500,child_task1,coin_navigation,13009,task3_phase_r1_phase_r7_s22_c0500_task1_125124f_s13009,/export/data/sfan/MLE_final_project/runs/task3_phase_r1_phase_r7_s22_c0500_125124f/checkpoints/final.pt,125124f7c09f88714c4704b4d2ac06824cbf265f,ad9d33d9cf17a3363082e4c33e08023f6234ada81110733bec00c33d1c07669e,completed,50.0,50.0,0.0,0.0,0.0,0.0,0.0,0.0,0.0,1.0,1.0,0.0,139,0.02071356773376465,0.02137446403503418,0,0,,,,
1,phase_r7,22,500,child_task1,coin_navigation,13010,task3_phase_r1_phase_r7_s22_c0500_task1_125124f_s13010,/export/data/sfan/MLE_final_project/runs/task3_phase_r1_phase_r7_s22_c0500_125124f/checkpoints/final.pt,125124f7c09f88714c4704b4d2ac06824cbf265f,ad9d33d9cf17a3363082e4c33e08023f6234ada81110733bec00c33d1c07669e,completed,50.0,50.0,0.0,0.0,0.0,0.0,0.0,0.0,0.0,1.0,1.0,0.0,127,0.019936800003051758,0.020159482955932617,0,0,,,,
1,phase_r7,22,500,child_task1,coin_navigation,13011,task3_phase_r1_phase_r7_s22_c0500_task1_125124f_s13011,/export/data/sfan/MLE_final_project/runs/task3_phase_r1_phase_r7_s22_c0500_125124f/checkpoints/final.pt,125124f7c09f88714c4704b4d2ac06824cbf265f,ad9d33d9cf17a3363082e4c33e08023f6234ada81110733bec00c33d1c07669e,completed,50.0,50.0,0.0,0.0,0.0,0.0,0.0,0.0,0.0,1.0,1.0,0.0,128,0.020133256912231445,0.02068495750427246,0,0,,,,
1,phase_r7,22,500,child_task1,coin_navigation,13012,task3_phase_r1_phase_r7_s22_c0500_task1_125124f_s13012,/export/data/sfan/MLE_final_project/runs/task3_phase_r1_phase_r7_s22_c0500_125124f/checkpoints/final.pt,125124f7c09f88714c4704b4d2ac06824cbf265f,ad9d33d9cf17a3363082e4c33e08023f6234ada81110733bec00c33d1c07669e,completed,50.0,50.0,0.0,0.0,0.0,0.0,0.0,0.0,0.0,1.0,1.0,0.0,131,0.01977396011352539,0.019999027252197266,0,0,,,,
1,phase_r7,22,500,child_task1,coin_navigation,13013,task3_phase_r1_phase_r7_s22_c0500_task1_125124f_s13013,/export/data/sfan/MLE_final_project/runs/task3_phase_r1_phase_r7_s22_c0500_125124f/checkpoints/final.pt,125124f7c09f88714c4704b4d2ac06824cbf265f,ad9d33d9cf17a3363082e4c33e08023f6234ada81110733bec00c33d1c07669e,completed,50.0,50.0,0.0,0.0,0.0,0.0,0.0,0.0,0.0,1.0,1.0,0.0,118,0.020691871643066406,0.02135300636291504,0,0,,,,
1,phase_r7,22,500,child_task1,coin_navigation,13014,task3_phase_r1_phase_r7_s22_c0500_task1_125124f_s13014,/export/data/sfan/MLE_final_project/runs/task3_phase_r1_phase_r7_s22_c0500_125124f/checkpoints/final.pt,125124f7c09f88714c4704b4d2ac06824cbf265f,ad9d33d9cf17a3363082e4c33e08023f6234ada81110733bec00c33d1c07669e,completed,50.0,50.0,0.0,0.0,0.0,0.0,0.0,0.0,0.0,1.0,1.0,0.0,129,0.020081043243408203,0.02288365364074707,0,0,,,,
1,phase_r7,22,500,child_task1,coin_navigation,13015,task3_phase_r1_phase_r7_s22_c0500_task1_125124f_s13015,/export/data/sfan/MLE_final_project/runs/task3_phase_r1_phase_r7_s22_c0500_125124f/checkpoints/final.pt,125124f7c09f88714c4704b4d2ac06824cbf265f,ad9d33d9cf17a3363082e4c33e08023f6234ada81110733bec00c33d1c07669e,completed,50.0,50.0,0.0,0.0,0.0,0.0,0.0,0.0,0.0,1.0,1.0,0.0,130,0.019932031631469727,0.02029109001159668,0,0,,,,
1,phase_r7,22,500,child_task1,coin_navigation,13016,task3_phase_r1_phase_r7_s22_c0500_task1_125124f_s13016,/export/data/sfan/MLE_final_project/runs/task3_phase_r1_phase_r7_s22_c0500_125124f/checkpoints/final.pt,125124f7c09f88714c4704b4d2ac06824cbf265f,ad9d33d9cf17a3363082e4c33e08023f6234ada81110733bec00c33d1c07669e,completed,50.0,50.0,0.0,0.0,0.0,0.0,0.0,0.0,0.0,1.0,1.0,0.0,138,0.01984691619873047,0.020624637603759766,0,0,,,,
1,phase_r7,22,500,child_task1,coin_navigation,13017,task3_phase_r1_phase_r7_s22_c0500_task1_125124f_s13017,/export/data/sfan/MLE_final_project/runs/task3_phase_r1_phase_r7_s22_c0500_125124f/checkpoints/final.pt,125124f7c09f88714c4704b4d2ac06824cbf265f,ad9d33d9cf17a3363082e4c33e08023f6234ada81110733bec00c33d1c07669e,completed,50.0,50.0,0.0,0.0,0.0,0.0,0.0,0.0,0.0,1.0,1.0,0.0,140,0.02030038833618164,0.02105093002319336,0,0,,,,
1,phase_r7,22,500,child_task1,coin_navigation,13018,task3_phase_r1_phase_r7_s22_c0500_task1_125124f_s13018,/export/data/sfan/MLE_final_project/runs/task3_phase_r1_phase_r7_s22_c0500_125124f/checkpoints/final.pt,125124f7c09f88714c4704b4d2ac06824cbf265f,ad9d33d9cf17a3363082e4c33e08023f6234ada81110733bec00c33d1c07669e,completed,50.0,50.0,0.0,0.0,0.0,0.0,0.0,0.0,0.0,1.0,1.0,0.0,125,0.019829511642456055,0.020183801651000977,0,0,,,,
1,phase_r7,22,500,child_task1,coin_navigation,13019,task3_phase_r1_phase_r7_s22_c0500_task1_125124f_s13019,/export/data/sfan/MLE_final_project/runs/task3_phase_r1_phase_r7_s22_c0500_125124f/checkpoints/final.pt,125124f7c09f88714c4704b4d2ac06824cbf265f,ad9d33d9cf17a3363082e4c33e08023f6234ada81110733bec00c33d1c07669e,completed,50.0,50.0,0.0,0.0,0.0,0.0,0.0,0.0,0.0,1.0,1.0,0.0,124,0.019988536834716797,0.0206756591796875,0,0,,,,
1,task2_parent,22,0,parent_task2,crate_navigation,13000,task3_phase_r1_parent_s22_task2_125124f_s13000,/export/data/sfan/MLE_final_project/runs/task2winner_replica_cv2_r7_s22_t2_v7_814173b/checkpoints/final.pt,125124f7c09f88714c4704b4d2ac06824cbf265f,ad9d33d9cf17a3363082e4c33e08023f6234ada81110733bec00c33d1c07669e,completed,8.0,8.0,109.0,0.0,0.0,46.0,46.0,46.0,0.0,1.0,1.0,0.0,400,0.011423587799072266,0.013796806335449219,0,0,,,,
1,task2_parent,22,0,parent_task2,crate_navigation,13001,task3_phase_r1_parent_s22_task2_125124f_s13001,/export/data/sfan/MLE_final_project/runs/task2winner_replica_cv2_r7_s22_t2_v7_814173b/checkpoints/final.pt,125124f7c09f88714c4704b4d2ac06824cbf265f,ad9d33d9cf17a3363082e4c33e08023f6234ada81110733bec00c33d1c07669e,completed,4.0,4.0,68.0,0.0,0.0,55.0,55.0,55.0,0.0,1.0,1.0,0.0,400,0.009999990463256836,0.01383352279663086,0,0,,,,
1,task2_parent,22,0,parent_task2,crate_navigation,13002,task3_phase_r1_parent_s22_task2_125124f_s13002,/export/data/sfan/MLE_final_project/runs/task2winner_replica_cv2_r7_s22_t2_v7_814173b/checkpoints/final.pt,125124f7c09f88714c4704b4d2ac06824cbf265f,ad9d33d9cf17a3363082e4c33e08023f6234ada81110733bec00c33d1c07669e,completed,9.0,9.0,117.0,0.0,0.0,49.0,49.0,49.0,0.0,1.0,1.0,0.0,400,0.011385679244995117,0.015324592590332031,0,0,,,,
1,task2_parent,22,0,parent_task2,crate_navigation,13003,task3_phase_r1_parent_s22_task2_125124f_s13003,/export/data/sfan/MLE_final_project/runs/task2winner_replica_cv2_r7_s22_t2_v7_814173b/checkpoints/final.pt,125124f7c09f88714c4704b4d2ac06824cbf265f,ad9d33d9cf17a3363082e4c33e08023f6234ada81110733bec00c33d1c07669e,completed,9.0,9.0,119.0,0.0,0.0,50.0,50.0,50.0,0.0,1.0,1.0,0.0,400,0.011191606521606445,0.013193607330322266,0,0,,,,
1,task2_parent,22,0,parent_task2,crate_navigation,13004,task3_phase_r1_parent_s22_task2_125124f_s13004,/export/data/sfan/MLE_final_project/runs/task2winner_replica_cv2_r7_s22_t2_v7_814173b/checkpoints/final.pt,125124f7c09f88714c4704b4d2ac06824cbf265f,ad9d33d9cf17a3363082e4c33e08023f6234ada81110733bec00c33d1c07669e,completed,7.0,7.0,90.0,0.0,0.0,34.0,33.0,33.0,0.0,1.0,1.0,0.0,400,0.012869834899902344,0.015776634216308594,0,0,,,,
1,task2_parent,22,0,parent_task2,crate_navigation,13005,task3_phase_r1_parent_s22_task2_125124f_s13005,/export/data/sfan/MLE_final_project/runs/task2winner_replica_cv2_r7_s22_t2_v7_814173b/checkpoints/final.pt,125124f7c09f88714c4704b4d2ac06824cbf265f,ad9d33d9cf17a3363082e4c33e08023f6234ada81110733bec00c33d1c07669e,completed,9.0,9.0,115.0,0.0,0.0,45.0,45.0,45.0,0.0,1.0,1.0,0.0,400,0.010940313339233398,0.014602422714233398,0,0,,,,
1,task2_parent,22,0,parent_task2,crate_navigation,13006,task3_phase_r1_parent_s22_task2_125124f_s13006,/export/data/sfan/MLE_final_project/runs/task2winner_replica_cv2_r7_s22_t2_v7_814173b/checkpoints/final.pt,125124f7c09f88714c4704b4d2ac06824cbf265f,ad9d33d9cf17a3363082e4c33e08023f6234ada81110733bec00c33d1c07669e,completed,3.0,3.0,49.0,0.0,0.0,41.0,41.0,41.0,0.0,1.0,1.0,0.0,400,0.011329412460327148,0.013044595718383789,0,0,,,,
1,task2_parent,22,0,parent_task2,crate_navigation,13007,task3_phase_r1_parent_s22_task2_125124f_s13007,/export/data/sfan/MLE_final_project/runs/task2winner_replica_cv2_r7_s22_t2_v7_814173b/checkpoints/final.pt,125124f7c09f88714c4704b4d2ac06824cbf265f,ad9d33d9cf17a3363082e4c33e08023f6234ada81110733bec00c33d1c07669e,completed,9.0,9.0,121.0,0.0,0.0,50.0,50.0,50.0,0.0,1.0,1.0,0.0,400,0.010960102081298828,0.015032529830932617,0,0,,,,
1,task2_parent,22,0,parent_task2,crate_navigation,13008,task3_phase_r1_parent_s22_task2_125124f_s13008,/export/data/sfan/MLE_final_project/runs/task2winner_replica_cv2_r7_s22_t2_v7_814173b/checkpoints/final.pt,125124f7c09f88714c4704b4d2ac06824cbf265f,ad9d33d9cf17a3363082e4c33e08023f6234ada81110733bec00c33d1c07669e,completed,9.0,9.0,117.0,0.0,0.0,50.0,50.0,50.0,0.0,1.0,1.0,0.0,400,0.010209798812866211,0.015143156051635742,0,0,,,,
1,task2_parent,22,0,parent_task2,crate_navigation,13009,task3_phase_r1_parent_s22_task2_125124f_s13009,/export/data/sfan/MLE_final_project/runs/task2winner_replica_cv2_r7_s22_t2_v7_814173b/checkpoints/final.pt,125124f7c09f88714c4704b4d2ac06824cbf265f,ad9d33d9cf17a3363082e4c33e08023f6234ada81110733bec00c33d1c07669e,completed,6.0,6.0,78.0,0.0,0.0,38.0,38.0,38.0,0.0,1.0,1.0,0.0,400,0.012213468551635742,0.015728235244750977,0,0,,,,
1,task2_parent,22,0,parent_task2,crate_navigation,13010,task3_phase_r1_parent_s22_task2_125124f_s13010,/export/data/sfan/MLE_final_project/runs/task2winner_replica_cv2_r7_s22_t2_v7_814173b/checkpoints/final.pt,125124f7c09f88714c4704b4d2ac06824cbf265f,ad9d33d9cf17a3363082e4c33e08023f6234ada81110733bec00c33d1c07669e,completed,7.0,7.0,80.0,0.0,0.0,44.0,44.0,44.0,0.0,1.0,1.0,0.0,400,0.011620759963989258,0.014600038528442383,0,0,,,,
1,task2_parent,22,0,parent_task2,crate_navigation,13011,task3_phase_r1_parent_s22_task2_125124f_s13011,/export/data/sfan/MLE_final_project/runs/task2winner_replica_cv2_r7_s22_t2_v7_814173b/checkpoints/final.pt,125124f7c09f88714c4704b4d2ac06824cbf265f,ad9d33d9cf17a3363082e4c33e08023f6234ada81110733bec00c33d1c07669e,completed,7.0,7.0,102.0,0.0,0.0,45.0,45.0,45.0,0.0,1.0,1.0,0.0,400,0.010233640670776367,0.013576984405517578,0,0,,,,
1,task2_parent,22,0,parent_task2,crate_navigation,13012,task3_phase_r1_parent_s22_task2_125124f_s13012,/export/data/sfan/MLE_final_project/runs/task2winner_replica_cv2_r7_s22_t2_v7_814173b/checkpoints/final.pt,125124f7c09f88714c4704b4d2ac06824cbf265f,ad9d33d9cf17a3363082e4c33e08023f6234ada81110733bec00c33d1c07669e,completed,8.0,8.0,108.0,0.0,0.0,49.0,49.0,49.0,0.0,1.0,1.0,0.0,400,0.005875825881958008,0.010651826858520508,0,0,,,,
1,task2_parent,22,0,parent_task2,crate_navigation,13013,task3_phase_r1_parent_s22_task2_125124f_s13013,/export/data/sfan/MLE_final_project/runs/task2winner_replica_cv2_r7_s22_t2_v7_814173b/checkpoints/final.pt,125124f7c09f88714c4704b4d2ac06824cbf265f,ad9d33d9cf17a3363082e4c33e08023f6234ada81110733bec00c33d1c07669e,completed,4.0,4.0,70.0,0.0,0.0,47.0,47.0,47.0,0.0,1.0,1.0,0.0,400,0.005392313003540039,0.00582432746887207,0,0,,,,
1,task2_parent,22,0,parent_task2,crate_navigation,13014,task3_phase_r1_parent_s22_task2_125124f_s13014,/export/data/sfan/MLE_final_project/runs/task2winner_replica_cv2_r7_s22_t2_v7_814173b/checkpoints/final.pt,125124f7c09f88714c4704b4d2ac06824cbf265f,ad9d33d9cf17a3363082e4c33e08023f6234ada81110733bec00c33d1c07669e,completed,8.0,8.0,105.0,0.0,0.0,49.0,48.0,48.0,0.0,1.0,1.0,0.0,400,0.0055522918701171875,0.0071430206298828125,0,0,,,,
1,task2_parent,22,0,parent_task2,crate_navigation,13015,task3_phase_r1_parent_s22_task2_125124f_s13015,/export/data/sfan/MLE_final_project/runs/task2winner_replica_cv2_r7_s22_t2_v7_814173b/checkpoints/final.pt,125124f7c09f88714c4704b4d2ac06824cbf265f,ad9d33d9cf17a3363082e4c33e08023f6234ada81110733bec00c33d1c07669e,completed,2.0,2.0,54.0,0.0,0.0,50.0,50.0,50.0,0.0,1.0,1.0,0.0,400,0.004771232604980469,0.006586790084838867,0,0,,,,
1,task2_parent,22,0,parent_task2,crate_navigation,13016,task3_phase_r1_parent_s22_task2_125124f_s13016,/export/data/sfan/MLE_final_project/runs/task2winner_replica_cv2_r7_s22_t2_v7_814173b/checkpoints/final.pt,125124f7c09f88714c4704b4d2ac06824cbf265f,ad9d33d9cf17a3363082e4c33e08023f6234ada81110733bec00c33d1c07669e,completed,7.0,7.0,109.0,0.0,0.0,50.0,50.0,50.0,0.0,1.0,1.0,0.0,400,0.0053310394287109375,0.0069386959075927734,0,0,,,,
1,task2_parent,22,0,parent_task2,crate_navigation,13017,task3_phase_r1_parent_s22_task2_125124f_s13017,/export/data/sfan/MLE_final_project/runs/task2winner_replica_cv2_r7_s22_t2_v7_814173b/checkpoints/final.pt,125124f7c09f88714c4704b4d2ac06824cbf265f,ad9d33d9cf17a3363082e4c33e08023f6234ada81110733bec00c33d1c07669e,completed,8.0,8.0,100.0,0.0,0.0,45.0,45.0,45.0,0.0,1.0,1.0,0.0,400,0.005151987075805664,0.006449699401855469,0,0,,,,
1,task2_parent,22,0,parent_task2,crate_navigation,13018,task3_phase_r1_parent_s22_task2_125124f_s13018,/export/data/sfan/MLE_final_project/runs/task2winner_replica_cv2_r7_s22_t2_v7_814173b/checkpoints/final.pt,125124f7c09f88714c4704b4d2ac06824cbf265f,ad9d33d9cf17a3363082e4c33e08023f6234ada81110733bec00c33d1c07669e,completed,5.0,5.0,63.0,0.0,0.0,50.0,50.0,50.0,0.0,1.0,1.0,0.0,400,0.004982948303222656,0.005394697189331055,0,0,,,,
1,task2_parent,22,0,parent_task2,crate_navigation,13019,task3_phase_r1_parent_s22_task2_125124f_s13019,/export/data/sfan/MLE_final_project/runs/task2winner_replica_cv2_r7_s22_t2_v7_814173b/checkpoints/final.pt,125124f7c09f88714c4704b4d2ac06824cbf265f,ad9d33d9cf17a3363082e4c33e08023f6234ada81110733bec00c33d1c07669e,completed,8.0,8.0,101.0,0.0,0.0,47.0,47.0,47.0,0.0,1.0,1.0,0.0,400,0.005675315856933594,0.006644487380981445,0,0,,,,
1,phase_r7,22,500,child_task2,crate_navigation,13000,task3_phase_r1_phase_r7_s22_c0500_task2_125124f_s13000,/export/data/sfan/MLE_final_project/runs/task3_phase_r1_phase_r7_s22_c0500_125124f/checkpoints/final.pt,125124f7c09f88714c4704b4d2ac06824cbf265f,ad9d33d9cf17a3363082e4c33e08023f6234ada81110733bec00c33d1c07669e,completed,7.0,7.0,97.0,0.0,0.0,39.0,39.0,39.0,0.0,1.0,1.0,0.0,400,0.024849414825439453,0.03415203094482422,0,0,,,,
1,phase_r7,22,500,child_task2,crate_navigation,13001,task3_phase_r1_phase_r7_s22_c0500_task2_125124f_s13001,/export/data/sfan/MLE_final_project/runs/task3_phase_r1_phase_r7_s22_c0500_125124f/checkpoints/final.pt,125124f7c09f88714c4704b4d2ac06824cbf265f,ad9d33d9cf17a3363082e4c33e08023f6234ada81110733bec00c33d1c07669e,completed,7.0,7.0,102.0,0.0,0.0,37.0,37.0,37.0,0.0,1.0,1.0,0.0,400,0.016716480255126953,0.01845407485961914,0,0,,,,
1,phase_r7,22,500,child_task2,crate_navigation,13002,task3_phase_r1_phase_r7_s22_c0500_task2_125124f_s13002,/export/data/sfan/MLE_final_project/runs/task3_phase_r1_phase_r7_s22_c0500_125124f/checkpoints/final.pt,125124f7c09f88714c4704b4d2ac06824cbf265f,ad9d33d9cf17a3363082e4c33e08023f6234ada81110733bec00c33d1c07669e,completed,8.0,8.0,94.0,0.0,0.0,34.0,34.0,34.0,0.0,1.0,1.0,0.0,400,0.015192747116088867,0.01848626136779785,0,0,,,,
1,phase_r7,22,500,child_task2,crate_navigation,13003,task3_phase_r1_phase_r7_s22_c0500_task2_125124f_s13003,/export/data/sfan/MLE_final_project/runs/task3_phase_r1_phase_r7_s22_c0500_125124f/checkpoints/final.pt,125124f7c09f88714c4704b4d2ac06824cbf265f,ad9d33d9cf17a3363082e4c33e08023f6234ada81110733bec00c33d1c07669e,completed,6.0,6.0,99.0,0.0,0.0,31.0,31.0,31.0,0.0,1.0,1.0,0.0,400,0.017540454864501953,0.021158456802368164,0,0,,,,
1,phase_r7,22,500,child_task2,crate_navigation,13004,task3_phase_r1_phase_r7_s22_c0500_task2_125124f_s13004,/export/data/sfan/MLE_final_project/runs/task3_phase_r1_phase_r7_s22_c0500_125124f/checkpoints/final.pt,125124f7c09f88714c4704b4d2ac06824cbf265f,ad9d33d9cf17a3363082e4c33e08023f6234ada81110733bec00c33d1c07669e,completed,8.0,8.0,92.0,0.0,0.0,44.0,44.0,44.0,0.0,1.0,1.0,0.0,400,0.014703989028930664,0.019156932830810547,0,0,,,,
1,phase_r7,22,500,child_task2,crate_navigation,13005,task3_phase_r1_phase_r7_s22_c0500_task2_125124f_s13005,/export/data/sfan/MLE_final_project/runs/task3_phase_r1_phase_r7_s22_c0500_125124f/checkpoints/final.pt,125124f7c09f88714c4704b4d2ac06824cbf265f,ad9d33d9cf17a3363082e4c33e08023f6234ada81110733bec00c33d1c07669e,completed,7.0,7.0,89.0,0.0,0.0,46.0,46.0,46.0,0.0,1.0,1.0,0.0,400,0.014252185821533203,0.01712822914123535,0,0,,,,
1,phase_r7,22,500,child_task2,crate_navigation,13006,task3_phase_r1_phase_r7_s22_c0500_task2_125124f_s13006,/export/data/sfan/MLE_final_project/runs/task3_phase_r1_phase_r7_s22_c0500_125124f/checkpoints/final.pt,125124f7c09f88714c4704b4d2ac06824cbf265f,ad9d33d9cf17a3363082e4c33e08023f6234ada81110733bec00c33d1c07669e,completed,6.0,6.0,103.0,0.0,0.0,42.0,42.0,42.0,0.0,1.0,1.0,0.0,400,0.015129566192626953,0.018697500228881836,0,0,,,,
1,phase_r7,22,500,child_task2,crate_navigation,13007,task3_phase_r1_phase_r7_s22_c0500_task2_125124f_s13007,/export/data/sfan/MLE_final_project/runs/task3_phase_r1_phase_r7_s22_c0500_125124f/checkpoints/final.pt,125124f7c09f88714c4704b4d2ac06824cbf265f,ad9d33d9cf17a3363082e4c33e08023f6234ada81110733bec00c33d1c07669e,completed,6.0,6.0,91.0,0.0,0.0,39.0,39.0,39.0,0.0,1.0,1.0,0.0,400,0.013441324234008789,0.02035999298095703,0,0,,,,
1,phase_r7,22,500,child_task2,crate_navigation,13008,task3_phase_r1_phase_r7_s22_c0500_task2_125124f_s13008,/export/data/sfan/MLE_final_project/runs/task3_phase_r1_phase_r7_s22_c0500_125124f/checkpoints/final.pt,125124f7c09f88714c4704b4d2ac06824cbf265f,ad9d33d9cf17a3363082e4c33e08023f6234ada81110733bec00c33d1c07669e,completed,6.0,6.0,68.0,0.0,0.0,30.0,30.0,30.0,0.0,1.0,1.0,0.0,400,0.01546931266784668,0.017978429794311523,0,0,,,,
1,phase_r7,22,500,child_task2,crate_navigation,13009,task3_phase_r1_phase_r7_s22_c0500_task2_125124f_s13009,/export/data/sfan/MLE_final_project/runs/task3_phase_r1_phase_r7_s22_c0500_125124f/checkpoints/final.pt,125124f7c09f88714c4704b4d2ac06824cbf265f,ad9d33d9cf17a3363082e4c33e08023f6234ada81110733bec00c33d1c07669e,completed,8.0,8.0,106.0,0.0,0.0,52.0,51.0,51.0,0.0,1.0,1.0,0.0,400,0.012444496154785156,0.017531871795654297,0,0,,,,
1,phase_r7,22,500,child_task2,crate_navigation,13010,task3_phase_r1_phase_r7_s22_c0500_task2_125124f_s13010,/export/data/sfan/MLE_final_project/runs/task3_phase_r1_phase_r7_s22_c0500_125124f/checkpoints/final.pt,125124f7c09f88714c4704b4d2ac06824cbf265f,ad9d33d9cf17a3363082e4c33e08023f6234ada81110733bec00c33d1c07669e,completed,7.0,7.0,107.0,0.0,0.0,46.0,46.0,46.0,0.0,1.0,1.0,0.0,400,0.014627933502197266,0.018305540084838867,0,0,,,,
1,phase_r7,22,500,child_task2,crate_navigation,13011,task3_phase_r1_phase_r7_s22_c0500_task2_125124f_s13011,/export/data/sfan/MLE_final_project/runs/task3_phase_r1_phase_r7_s22_c0500_125124f/checkpoints/final.pt,125124f7c09f88714c4704b4d2ac06824cbf265f,ad9d33d9cf17a3363082e4c33e08023f6234ada81110733bec00c33d1c07669e,completed,8.0,8.0,100.0,0.0,0.0,43.0,43.0,43.0,0.0,1.0,1.0,0.0,400,0.01605534553527832,0.018269777297973633,0,0,,,,
1,phase_r7,22,500,child_task2,crate_navigation,13012,task3_phase_r1_phase_r7_s22_c0500_task2_125124f_s13012,/export/data/sfan/MLE_final_project/runs/task3_phase_r1_phase_r7_s22_c0500_125124f/checkpoints/final.pt,125124f7c09f88714c4704b4d2ac06824cbf265f,ad9d33d9cf17a3363082e4c33e08023f6234ada81110733bec00c33d1c07669e,completed,5.0,5.0,83.0,0.0,0.0,39.0,39.0,39.0,0.0,1.0,1.0,0.0,400,0.014707565307617188,0.019545316696166992,0,0,,,,
1,phase_r7,22,500,child_task2,crate_navigation,13013,task3_phase_r1_phase_r7_s22_c0500_task2_125124f_s13013,/export/data/sfan/MLE_final_project/runs/task3_phase_r1_phase_r7_s22_c0500_125124f/checkpoints/final.pt,125124f7c09f88714c4704b4d2ac06824cbf265f,ad9d33d9cf17a3363082e4c33e08023f6234ada81110733bec00c33d1c07669e,completed,9.0,9.0,124.0,0.0,0.0,50.0,49.0,49.0,0.0,1.0,1.0,0.0,400,0.013855934143066406,0.01721477508544922,0,0,,,,
1,phase_r7,22,500,child_task2,crate_navigation,13014,task3_phase_r1_phase_r7_s22_c0500_task2_125124f_s13014,/export/data/sfan/MLE_final_project/runs/task3_phase_r1_phase_r7_s22_c0500_125124f/checkpoints/final.pt,125124f7c09f88714c4704b4d2ac06824cbf265f,ad9d33d9cf17a3363082e4c33e08023f6234ada81110733bec00c33d1c07669e,completed,7.0,7.0,93.0,0.0,0.0,42.0,42.0,42.0,0.0,1.0,1.0,0.0,400,0.015640735626220703,0.018694162368774414,0,0,,,,
1,phase_r7,22,500,child_task2,crate_navigation,13015,task3_phase_r1_phase_r7_s22_c0500_task2_125124f_s13015,/export/data/sfan/MLE_final_project/runs/task3_phase_r1_phase_r7_s22_c0500_125124f/checkpoints/final.pt,125124f7c09f88714c4704b4d2ac06824cbf265f,ad9d33d9cf17a3363082e4c33e08023f6234ada81110733bec00c33d1c07669e,completed,9.0,9.0,115.0,0.0,0.0,43.0,43.0,43.0,0.0,1.0,1.0,0.0,400,0.02090287208557129,0.03158712387084961,0,0,,,,
1,phase_r7,22,500,child_task2,crate_navigation,13016,task3_phase_r1_phase_r7_s22_c0500_task2_125124f_s13016,/export/data/sfan/MLE_final_project/runs/task3_phase_r1_phase_r7_s22_c0500_125124f/checkpoints/final.pt,125124f7c09f88714c4704b4d2ac06824cbf265f,ad9d33d9cf17a3363082e4c33e08023f6234ada81110733bec00c33d1c07669e,completed,9.0,9.0,119.0,0.0,0.0,44.0,44.0,44.0,0.0,1.0,1.0,0.0,400,0.029746055603027344,0.20425629615783691,0,0,,,,
1,phase_r7,22,500,child_task2,crate_navigation,13017,task3_phase_r1_phase_r7_s22_c0500_task2_125124f_s13017,/export/data/sfan/MLE_final_project/runs/task3_phase_r1_phase_r7_s22_c0500_125124f/checkpoints/final.pt,125124f7c09f88714c4704b4d2ac06824cbf265f,ad9d33d9cf17a3363082e4c33e08023f6234ada81110733bec00c33d1c07669e,completed,7.0,7.0,100.0,0.0,0.0,37.0,37.0,37.0,0.0,1.0,1.0,0.0,400,0.03376650810241699,0.038947105407714844,0,0,,,,
1,phase_r7,22,500,child_task2,crate_navigation,13018,task3_phase_r1_phase_r7_s22_c0500_task2_125124f_s13018,/export/data/sfan/MLE_final_project/runs/task3_phase_r1_phase_r7_s22_c0500_125124f/checkpoints/final.pt,125124f7c09f88714c4704b4d2ac06824cbf265f,ad9d33d9cf17a3363082e4c33e08023f6234ada81110733bec00c33d1c07669e,completed,6.0,6.0,73.0,0.0,0.0,50.0,50.0,50.0,0.0,1.0,1.0,0.0,400,0.026058435440063477,0.03720736503601074,0,0,,,,
1,phase_r7,22,500,child_task2,crate_navigation,13019,task3_phase_r1_phase_r7_s22_c0500_task2_125124f_s13019,/export/data/sfan/MLE_final_project/runs/task3_phase_r1_phase_r7_s22_c0500_125124f/checkpoints/final.pt,125124f7c09f88714c4704b4d2ac06824cbf265f,ad9d33d9cf17a3363082e4c33e08023f6234ada81110733bec00c33d1c07669e,completed,6.0,6.0,79.0,0.0,0.0,42.0,42.0,42.0,0.0,1.0,1.0,0.0,400,0.02997136116027832,0.03899836540222168,0,0,,,,
1,task2_parent,22,0,parent_task3,weak_opponents,13000,task3_phase_r1_parent_s22_task3_125124f_s13000,/export/data/sfan/MLE_final_project/runs/task2winner_replica_cv2_r7_s22_t2_v7_814173b/checkpoints/final.pt,125124f7c09f88714c4704b4d2ac06824cbf265f,ad9d33d9cf17a3363082e4c33e08023f6234ada81110733bec00c33d1c07669e,completed,5.0,5.0,36.0,0.0,0.0,50.0,49.0,49.0,0.0,1.0,0.0,0.0,400,0.005487203598022461,0.010114908218383789,0,0,3.2687583171742225,24.780320206576558,0.00858232413405183,0.7275
1,task2_parent,22,0,parent_task3,weak_opponents,13001,task3_phase_r1_parent_s22_task3_125124f_s13001,/export/data/sfan/MLE_final_project/runs/task2winner_replica_cv2_r7_s22_t2_v7_814173b/checkpoints/final.pt,125124f7c09f88714c4704b4d2ac06824cbf265f,ad9d33d9cf17a3363082e4c33e08023f6234ada81110733bec00c33d1c07669e,completed,6.0,6.0,56.0,0.0,0.0,54.0,54.0,54.0,0.0,1.0,0.0,0.0,400,0.005577802658081055,0.007123708724975586,0,0,2.9555926926884903,40.11715201850704,0.0,0.58
1,task2_parent,22,0,parent_task3,weak_opponents,13002,task3_phase_r1_parent_s22_task3_125124f_s13002,/export/data/sfan/MLE_final_project/runs/task2winner_replica_cv2_r7_s22_t2_v7_814173b/checkpoints/final.pt,125124f7c09f88714c4704b4d2ac06824cbf265f,ad9d33d9cf17a3363082e4c33e08023f6234ada81110733bec00c33d1c07669e,completed,4.0,4.0,58.0,0.0,0.0,37.0,36.0,36.0,0.0,1.0,0.0,0.0,400,0.006499290466308594,0.007181882858276367,0,0,2.185036662776416,34.95563269900086,0.028320847013883637,0.44
1,task2_parent,22,0,parent_task3,weak_opponents,13003,task3_phase_r1_parent_s22_task3_125124f_s13003,/export/data/sfan/MLE_final_project/runs/task2winner_replica_cv2_r7_s22_t2_v7_814173b/checkpoints/final.pt,125124f7c09f88714c4704b4d2ac06824cbf265f,ad9d33d9cf17a3363082e4c33e08023f6234ada81110733bec00c33d1c07669e,completed,4.0,4.0,46.0,0.0,0.0,50.0,50.0,50.0,0.0,1.0,0.0,0.0,400,0.005466461181640625,0.006896257400512695,0,0,3.0840601275851127,36.13368755550377,0.0,0.655
1,task2_parent,22,0,parent_task3,weak_opponents,13004,task3_phase_r1_parent_s22_task3_125124f_s13004,/export/data/sfan/MLE_final_project/runs/task2winner_replica_cv2_r7_s22_t2_v7_814173b/checkpoints/final.pt,125124f7c09f88714c4704b4d2ac06824cbf265f,ad9d33d9cf17a3363082e4c33e08023f6234ada81110733bec00c33d1c07669e,completed,10.0,5.0,55.0,1.0,1.0,25.0,25.0,24.0,0.0,0.0,1.0,0.0,193,0.005341053009033203,0.006523847579956055,0,0,4.281985996306618,40.33958867486834,0.04544232175896046,0.533678756476684
1,task2_parent,22,0,parent_task3,weak_opponents,13005,task3_phase_r1_parent_s22_task3_125124f_s13005,/export/data/sfan/MLE_final_project/runs/task2winner_replica_cv2_r7_s22_t2_v7_814173b/checkpoints/final.pt,125124f7c09f88714c4704b4d2ac06824cbf265f,ad9d33d9cf17a3363082e4c33e08023f6234ada81110733bec00c33d1c07669e,completed,10.0,5.0,42.0,1.0,0.0,50.0,49.0,49.0,0.0,1.0,1.0,0.0,400,0.0055887699127197266,0.0072174072265625,0,0,2.619725988271405,24.411356044175843,0.0,0.6275
1,task2_parent,22,0,parent_task3,weak_opponents,13006,task3_phase_r1_parent_s22_task3_125124f_s13006,/export/data/sfan/MLE_final_project/runs/task2winner_replica_cv2_r7_s22_t2_v7_814173b/checkpoints/final.pt,125124f7c09f88714c4704b4d2ac06824cbf265f,ad9d33d9cf17a3363082e4c33e08023f6234ada81110733bec00c33d1c07669e,completed,3.0,3.0,67.0,0.0,0.0,38.0,38.0,38.0,0.0,1.0,0.0,0.0,400,0.005682229995727539,0.007404327392578125,0,0,2.2684533993972003,33.94552105294974,0.019029837392780195,0.21
1,task2_parent,22,0,parent_task3,weak_opponents,13007,task3_phase_r1_parent_s22_task3_125124f_s13007,/export/data/sfan/MLE_final_project/runs/task2winner_replica_cv2_r7_s22_t2_v7_814173b/checkpoints/final.pt,125124f7c09f88714c4704b4d2ac06824cbf265f,ad9d33d9cf17a3363082e4c33e08023f6234ada81110733bec00c33d1c07669e,completed,4.0,4.0,43.0,0.0,0.0,51.0,50.0,50.0,0.0,1.0,0.0,0.0,400,0.005970001220703125,0.0067784786224365234,0,0,2.0161497970496285,14.774574484365171,0.0,0.5
1,task2_parent,22,0,parent_task3,weak_opponents,13008,task3_phase_r1_parent_s22_task3_125124f_s13008,/export/data/sfan/MLE_final_project/runs/task2winner_replica_cv2_r7_s22_t2_v7_814173b/checkpoints/final.pt,125124f7c09f88714c4704b4d2ac06824cbf265f,ad9d33d9cf17a3363082e4c33e08023f6234ada81110733bec00c33d1c07669e,completed,12.0,7.0,72.0,1.0,0.0,47.0,46.0,46.0,0.0,1.0,1.0,0.0,400,0.005120754241943359,0.007180452346801758,0,0,1.1293889808297644,33.49081613252202,0.01840906569059766,0.53
1,task2_parent,22,0,parent_task3,weak_opponents,13009,task3_phase_r1_parent_s22_task3_125124f_s13009,/export/data/sfan/MLE_final_project/runs/task2winner_replica_cv2_r7_s22_t2_v7_814173b/checkpoints/final.pt,125124f7c09f88714c4704b4d2ac06824cbf265f,ad9d33d9cf17a3363082e4c33e08023f6234ada81110733bec00c33d1c07669e,completed,8.0,3.0,42.0,1.0,0.0,52.0,52.0,52.0,0.0,1.0,1.0,0.0,400,0.005724906921386719,0.007121562957763672,0,0,1.26437140912697,34.59257656562116,0.0,0.6125
1,task2_parent,22,0,parent_task3,weak_opponents,13010,task3_phase_r1_parent_s22_task3_125124f_s13010,/export/data/sfan/MLE_final_project/runs/task2winner_replica_cv2_r7_s22_t2_v7_814173b/checkpoints/final.pt,125124f7c09f88714c4704b4d2ac06824cbf265f,ad9d33d9cf17a3363082e4c33e08023f6234ada81110733bec00c33d1c07669e,completed,2.0,2.0,16.0,0.0,1.0,7.0,7.0,6.0,0.0,0.0,0.0,0.0,56,0.0044345855712890625,0.0062105655670166016,0,0,0.6004394809578096,4.826317295837033,0.0,0.7142857142857143
1,task2_parent,22,0,parent_task3,weak_opponents,13011,task3_phase_r1_parent_s22_task3_125124f_s13011,/export/data/sfan/MLE_final_project/runs/task2winner_replica_cv2_r7_s22_t2_v7_814173b/checkpoints/final.pt,125124f7c09f88714c4704b4d2ac06824cbf265f,ad9d33d9cf17a3363082e4c33e08023f6234ada81110733bec00c33d1c07669e,completed,8.0,8.0,81.0,0.0,1.0,39.0,39.0,38.0,1.0,0.0,1.0,0.0,304,0.005426168441772461,0.006784915924072266,0,0,1.3184386699003112,22.104592544510375,0.041340361951653845,0.3026315789473684
1,task2_parent,22,0,parent_task3,weak_opponents,13012,task3_phase_r1_parent_s22_task3_125124f_s13012,/export/data/sfan/MLE_final_project/runs/task2winner_replica_cv2_r7_s22_t2_v7_814173b/checkpoints/final.pt,125124f7c09f88714c4704b4d2ac06824cbf265f,ad9d33d9cf17a3363082e4c33e08023f6234ada81110733bec00c33d1c07669e,completed,4.0,4.0,43.0,0.0,0.0,51.0,50.0,50.0,0.0,1.0,0.0,0.0,400,0.006050825119018555,0.007366657257080078,0,0,2.0337431493355,28.198668500243237,0.0,0.4825
1,task2_parent,22,0,parent_task3,weak_opponents,13013,task3_phase_r1_parent_s22_task3_125124f_s13013,/export/data/sfan/MLE_final_project/runs/task2winner_replica_cv2_r7_s22_t2_v7_814173b/checkpoints/final.pt,125124f7c09f88714c4704b4d2ac06824cbf265f,ad9d33d9cf17a3363082e4c33e08023f6234ada81110733bec00c33d1c07669e,completed,7.0,2.0,38.0,1.0,0.0,49.0,49.0,49.0,0.0,1.0,0.0,1.0,400,0.006264209747314453,0.0070378780364990234,0,0,1.0018512957336432,22.56876784392522,0.0,0.5675
1,task2_parent,22,0,parent_task3,weak_opponents,13014,task3_phase_r1_parent_s22_task3_125124f_s13014,/export/data/sfan/MLE_final_project/runs/task2winner_replica_cv2_r7_s22_t2_v7_814173b/checkpoints/final.pt,125124f7c09f88714c4704b4d2ac06824cbf265f,ad9d33d9cf17a3363082e4c33e08023f6234ada81110733bec00c33d1c07669e,completed,3.0,3.0,28.0,0.0,0.0,49.0,48.0,48.0,0.0,1.0,0.0,0.0,400,0.0057353973388671875,0.015288114547729492,0,0,2.2452189497637907,21.04246455928242,0.0,0.64
1,task2_parent,22,0,parent_task3,weak_opponents,13015,task3_phase_r1_parent_s22_task3_125124f_s13015,/export/data/sfan/MLE_final_project/runs/task2winner_replica_cv2_r7_s22_t2_v7_814173b/checkpoints/final.pt,125124f7c09f88714c4704b4d2ac06824cbf265f,ad9d33d9cf17a3363082e4c33e08023f6234ada81110733bec00c33d1c07669e,completed,9.0,4.0,73.0,1.0,0.0,34.0,34.0,34.0,0.0,1.0,1.0,0.0,400,0.006063222885131836,0.007627964019775391,0,0,0.9872048335845387,35.433345730485904,0.009633403200955012,0.2875
1,task2_parent,22,0,parent_task3,weak_opponents,13016,task3_phase_r1_parent_s22_task3_125124f_s13016,/export/data/sfan/MLE_final_project/runs/task2winner_replica_cv2_r7_s22_t2_v7_814173b/checkpoints/final.pt,125124f7c09f88714c4704b4d2ac06824cbf265f,ad9d33d9cf17a3363082e4c33e08023f6234ada81110733bec00c33d1c07669e,completed,2.0,2.0,57.0,0.0,0.0,50.0,49.0,49.0,0.0,1.0,0.0,0.0,400,0.005710601806640625,0.00724339485168457,0,0,1.1783532292283758,36.23288924355452,0.0,0.6925
1,task2_parent,22,0,parent_task3,weak_opponents,13017,task3_phase_r1_parent_s22_task3_125124f_s13017,/export/data/sfan/MLE_final_project/runs/task2winner_replica_cv2_r7_s22_t2_v7_814173b/checkpoints/final.pt,125124f7c09f88714c4704b4d2ac06824cbf265f,ad9d33d9cf17a3363082e4c33e08023f6234ada81110733bec00c33d1c07669e,completed,2.0,2.0,18.0,0.0,1.0,5.0,5.0,4.0,0.0,0.0,0.0,0.0,44,0.004035234451293945,0.005162477493286133,0,0,0.5219547821586572,442.7113885955786,0.0,0.38636363636363635
1,task2_parent,22,0,parent_task3,weak_opponents,13018,task3_phase_r1_parent_s22_task3_125124f_s13018,/export/data/sfan/MLE_final_project/runs/task2winner_replica_cv2_r7_s22_t2_v7_814173b/checkpoints/final.pt,125124f7c09f88714c4704b4d2ac06824cbf265f,ad9d33d9cf17a3363082e4c33e08023f6234ada81110733bec00c33d1c07669e,completed,10.0,5.0,46.0,1.0,0.0,50.0,50.0,50.0,0.0,1.0,1.0,0.0,400,0.0068912506103515625,0.008388042449951172,0,0,3.681662805793884,38.59364855732892,0.0015801527884033652,0.3975
1,task2_parent,22,0,parent_task3,weak_opponents,13019,task3_phase_r1_parent_s22_task3_125124f_s13019,/export/data/sfan/MLE_final_project/runs/task2winner_replica_cv2_r7_s22_t2_v7_814173b/checkpoints/final.pt,125124f7c09f88714c4704b4d2ac06824cbf265f,ad9d33d9cf17a3363082e4c33e08023f6234ada81110733bec00c33d1c07669e,completed,8.0,3.0,42.0,1.0,0.0,51.0,51.0,51.0,0.0,1.0,1.0,0.0,400,0.008719205856323242,0.01134943962097168,0,0,2.603459555399839,31.26787670644567,0.0013437236914653871,0.655
1,phase_r7,22,500,child_task3,weak_opponents,13000,task3_phase_r1_phase_r7_s22_c0500_task3_125124f_s13000,/export/data/sfan/MLE_final_project/runs/task3_phase_r1_phase_r7_s22_c0500_125124f/checkpoints/final.pt,125124f7c09f88714c4704b4d2ac06824cbf265f,ad9d33d9cf17a3363082e4c33e08023f6234ada81110733bec00c33d1c07669e,completed,9.0,4.0,23.0,1.0,0.0,16.0,16.0,16.0,0.0,1.0,1.0,0.0,400,0.013860702514648438,0.018128633499145508,0,0,3.2643333507682684,17.897279872930266,0.0,0.9125
1,phase_r7,22,500,child_task3,weak_opponents,13001,task3_phase_r1_phase_r7_s22_c0500_task3_125124f_s13001,/export/data/sfan/MLE_final_project/runs/task3_phase_r1_phase_r7_s22_c0500_125124f/checkpoints/final.pt,125124f7c09f88714c4704b4d2ac06824cbf265f,ad9d33d9cf17a3363082e4c33e08023f6234ada81110733bec00c33d1c07669e,completed,6.0,1.0,57.0,1.0,0.0,31.0,31.0,31.0,0.0,1.0,0.0,0.0,400,0.016864776611328125,0.02075934410095215,0,0,0.32984240857447433,34.93276993195282,0.0,0.655
1,phase_r7,22,500,child_task3,weak_opponents,13002,task3_phase_r1_phase_r7_s22_c0500_task3_125124f_s13002,/export/data/sfan/MLE_final_project/runs/task3_phase_r1_phase_r7_s22_c0500_125124f/checkpoints/final.pt,125124f7c09f88714c4704b4d2ac06824cbf265f,ad9d33d9cf17a3363082e4c33e08023f6234ada81110733bec00c33d1c07669e,completed,4.0,4.0,43.0,0.0,0.0,32.0,31.0,31.0,1.0,1.0,0.0,0.0,400,0.01610112190246582,0.021956205368041992,0,0,2.273418453000116,27.727887394579557,0.0617770126074754,0.715
1,phase_r7,22,500,child_task3,weak_opponents,13003,task3_phase_r1_phase_r7_s22_c0500_task3_125124f_s13003,/export/data/sfan/MLE_final_project/runs/task3_phase_r1_phase_r7_s22_c0500_125124f/checkpoints/final.pt,125124f7c09f88714c4704b4d2ac06824cbf265f,ad9d33d9cf17a3363082e4c33e08023f6234ada81110733bec00c33d1c07669e,completed,12.0,7.0,78.0,1.0,0.0,30.0,30.0,30.0,0.0,1.0,1.0,0.0,400,0.01411128044128418,0.01915574073791504,0,0,0.9927940583131132,36.4958509258723,0.024998608543109476,0.715
1,phase_r7,22,500,child_task3,weak_opponents,13004,task3_phase_r1_phase_r7_s22_c0500_task3_125124f_s13004,/export/data/sfan/MLE_final_project/runs/task3_phase_r1_phase_r7_s22_c0500_125124f/checkpoints/final.pt,125124f7c09f88714c4704b4d2ac06824cbf265f,ad9d33d9cf17a3363082e4c33e08023f6234ada81110733bec00c33d1c07669e,completed,4.0,4.0,61.0,0.0,0.0,35.0,35.0,35.0,0.0,1.0,0.0,0.0,400,0.01685023307800293,0.022010087966918945,0,0,3.1031889038694604,26.66422297164454,0.005155693575627901,0.445
1,phase_r7,22,500,child_task3,weak_opponents,13005,task3_phase_r1_phase_r7_s22_c0500_task3_125124f_s13005,/export/data/sfan/MLE_final_project/runs/task3_phase_r1_phase_r7_s22_c0500_125124f/checkpoints/final.pt,125124f7c09f88714c4704b4d2ac06824cbf265f,ad9d33d9cf17a3363082e4c33e08023f6234ada81110733bec00c33d1c07669e,completed,7.0,7.0,45.0,0.0,0.0,17.0,17.0,17.0,0.0,1.0,1.0,0.0,400,0.015193939208984375,0.01919245719909668,0,0,4.652719379668519,34.34491723676471,0.0,0.545
1,phase_r7,22,500,child_task3,weak_opponents,13006,task3_phase_r1_phase_r7_s22_c0500_task3_125124f_s13006,/export/data/sfan/MLE_final_project/runs/task3_phase_r1_phase_r7_s22_c0500_125124f/checkpoints/final.pt,125124f7c09f88714c4704b4d2ac06824cbf265f,ad9d33d9cf17a3363082e4c33e08023f6234ada81110733bec00c33d1c07669e,completed,2.0,2.0,33.0,0.0,0.0,16.0,16.0,16.0,0.0,1.0,0.0,0.0,400,0.012242794036865234,0.01591777801513672,0,0,1.415674413834902,32.673722156831545,0.001504597431547635,0.87
1,phase_r7,22,500,child_task3,weak_opponents,13007,task3_phase_r1_phase_r7_s22_c0500_task3_125124f_s13007,/export/data/sfan/MLE_final_project/runs/task3_phase_r1_phase_r7_s22_c0500_125124f/checkpoints/final.pt,125124f7c09f88714c4704b4d2ac06824cbf265f,ad9d33d9cf17a3363082e4c33e08023f6234ada81110733bec00c33d1c07669e,completed,6.0,6.0,31.0,0.0,0.0,21.0,21.0,21.0,0.0,1.0,1.0,0.0,400,0.016652584075927734,0.021443605422973633,0,0,4.674728355511534,24.629644329136397,0.0,0.6425
1,phase_r7,22,500,child_task3,weak_opponents,13008,task3_phase_r1_phase_r7_s22_c0500_task3_125124f_s13008,/export/data/sfan/MLE_final_project/runs/task3_phase_r1_phase_r7_s22_c0500_125124f/checkpoints/final.pt,125124f7c09f88714c4704b4d2ac06824cbf265f,ad9d33d9cf17a3363082e4c33e08023f6234ada81110733bec00c33d1c07669e,completed,5.0,5.0,51.0,0.0,1.0,27.0,27.0,26.0,0.0,0.0,0.0,0.0,303,0.01949596405029297,0.024128198623657227,0,0,1.6990232889887023,30.9873598574286,0.09593352420028965,0.44554455445544555
1,phase_r7,22,500,child_task3,weak_opponents,13009,task3_phase_r1_phase_r7_s22_c0500_task3_125124f_s13009,/export/data/sfan/MLE_final_project/runs/task3_phase_r1_phase_r7_s22_c0500_125124f/checkpoints/final.pt,125124f7c09f88714c4704b4d2ac06824cbf265f,ad9d33d9cf17a3363082e4c33e08023f6234ada81110733bec00c33d1c07669e,completed,1.0,1.0,60.0,0.0,0.0,47.0,47.0,47.0,0.0,1.0,0.0,0.0,400,0.01685166358947754,0.02192974090576172,0,0,0.7500990477889686,39.662932755078586,0.0,0.555
1,phase_r7,22,500,child_task3,weak_opponents,13010,task3_phase_r1_phase_r7_s22_c0500_task3_125124f_s13010,/export/data/sfan/MLE_final_project/runs/task3_phase_r1_phase_r7_s22_c0500_125124f/checkpoints/final.pt,125124f7c09f88714c4704b4d2ac06824cbf265f,ad9d33d9cf17a3363082e4c33e08023f6234ada81110733bec00c33d1c07669e,completed,5.0,5.0,57.0,0.0,0.0,24.0,24.0,24.0,0.0,1.0,1.0,0.0,400,0.016061067581176758,0.02061319351196289,0,0,2.3066518133951397,29.20324819218564,0.0,0.6875
1,phase_r7,22,500,child_task3,weak_opponents,13011,task3_phase_r1_phase_r7_s22_c0500_task3_125124f_s13011,/export/data/sfan/MLE_final_project/runs/task3_phase_r1_phase_r7_s22_c0500_125124f/checkpoints/final.pt,125124f7c09f88714c4704b4d2ac06824cbf265f,ad9d33d9cf17a3363082e4c33e08023f6234ada81110733bec00c33d1c07669e,completed,10.0,5.0,51.0,1.0,0.0,29.0,29.0,29.0,1.0,1.0,1.0,0.0,400,0.02434372901916504,0.05184435844421387,0,0,0.6902251710257409,24.492622068892548,0.0,0.635
1,phase_r7,22,500,child_task3,weak_opponents,13012,task3_phase_r1_phase_r7_s22_c0500_task3_125124f_s13012,/export/data/sfan/MLE_final_project/runs/task3_phase_r1_phase_r7_s22_c0500_125124f/checkpoints/final.pt,125124f7c09f88714c4704b4d2ac06824cbf265f,ad9d33d9cf17a3363082e4c33e08023f6234ada81110733bec00c33d1c07669e,completed,3.0,3.0,47.0,0.0,1.0,14.0,14.0,13.0,0.0,0.0,0.0,0.0,114,0.028666019439697266,0.19900035858154297,0,0,1.2634189672875267,165.2192555406702,0.0,0.49122807017543857
1,phase_r7,22,500,child_task3,weak_opponents,13013,task3_phase_r1_phase_r7_s22_c0500_task3_125124f_s13013,/export/data/sfan/MLE_final_project/runs/task3_phase_r1_phase_r7_s22_c0500_125124f/checkpoints/final.pt,125124f7c09f88714c4704b4d2ac06824cbf265f,ad9d33d9cf17a3363082e4c33e08023f6234ada81110733bec00c33d1c07669e,completed,10.0,5.0,54.0,1.0,0.0,26.0,26.0,26.0,0.0,1.0,1.0,0.0,400,0.02936697006225586,0.040107011795043945,0,0,3.4237819148083295,30.61108801209261,0.014458768923010635,0.8025
1,phase_r7,22,500,child_task3,weak_opponents,13014,task3_phase_r1_phase_r7_s22_c0500_task3_125124f_s13014,/export/data/sfan/MLE_final_project/runs/task3_phase_r1_phase_r7_s22_c0500_125124f/checkpoints/final.pt,125124f7c09f88714c4704b4d2ac06824cbf265f,ad9d33d9cf17a3363082e4c33e08023f6234ada81110733bec00c33d1c07669e,completed,2.0,2.0,50.0,0.0,1.0,21.0,21.0,20.0,1.0,0.0,0.0,0.0,193,0.03541874885559082,0.04031229019165039,0,0,0.6661096134102894,29.311065406671723,0.0,0.3005181347150259
1,phase_r7,22,500,child_task3,weak_opponents,13015,task3_phase_r1_phase_r7_s22_c0500_task3_125124f_s13015,/export/data/sfan/MLE_final_project/runs/task3_phase_r1_phase_r7_s22_c0500_125124f/checkpoints/final.pt,125124f7c09f88714c4704b4d2ac06824cbf265f,ad9d33d9cf17a3363082e4c33e08023f6234ada81110733bec00c33d1c07669e,completed,3.0,3.0,60.0,0.0,0.0,31.0,31.0,31.0,1.0,1.0,0.0,0.0,400,0.029508352279663086,0.03998446464538574,0,0,2.0834470469249164,31.024064471593007,0.006299774159039584,0.5925
1,phase_r7,22,500,child_task3,weak_opponents,13016,task3_phase_r1_phase_r7_s22_c0500_task3_125124f_s13016,/export/data/sfan/MLE_final_project/runs/task3_phase_r1_phase_r7_s22_c0500_125124f/checkpoints/final.pt,125124f7c09f88714c4704b4d2ac06824cbf265f,ad9d33d9cf17a3363082e4c33e08023f6234ada81110733bec00c33d1c07669e,completed,11.0,6.0,72.0,1.0,0.0,32.0,32.0,32.0,0.0,1.0,1.0,0.0,400,0.031142473220825195,0.04128217697143555,0,0,2.551162453324892,41.800705259424724,0.0,0.645
1,phase_r7,22,500,child_task3,weak_opponents,13017,task3_phase_r1_phase_r7_s22_c0500_task3_125124f_s13017,/export/data/sfan/MLE_final_project/runs/task3_phase_r1_phase_r7_s22_c0500_125124f/checkpoints/final.pt,125124f7c09f88714c4704b4d2ac06824cbf265f,ad9d33d9cf17a3363082e4c33e08023f6234ada81110733bec00c33d1c07669e,completed,3.0,3.0,21.0,0.0,1.0,7.0,7.0,6.0,0.0,0.0,0.0,0.0,54,0.019939899444580078,0.02357935905456543,0,0,0.8623367225459287,256.6980358889465,0.0,0.5925925925925926
1,phase_r7,22,500,child_task3,weak_opponents,13018,task3_phase_r1_phase_r7_s22_c0500_task3_125124f_s13018,/export/data/sfan/MLE_final_project/runs/task3_phase_r1_phase_r7_s22_c0500_125124f/checkpoints/final.pt,125124f7c09f88714c4704b4d2ac06824cbf265f,ad9d33d9cf17a3363082e4c33e08023f6234ada81110733bec00c33d1c07669e,completed,5.0,5.0,49.0,0.0,0.0,20.0,20.0,20.0,0.0,1.0,1.0,0.0,400,0.03151679039001465,0.04390978813171387,0,0,3.430996645736098,33.34528359849323,0.0,0.7725
1,phase_r7,22,500,child_task3,weak_opponents,13019,task3_phase_r1_phase_r7_s22_c0500_task3_125124f_s13019,/export/data/sfan/MLE_final_project/runs/task3_phase_r1_phase_r7_s22_c0500_125124f/checkpoints/final.pt,125124f7c09f88714c4704b4d2ac06824cbf265f,ad9d33d9cf17a3363082e4c33e08023f6234ada81110733bec00c33d1c07669e,completed,4.0,4.0,54.0,0.0,0.0,31.0,31.0,31.0,0.0,1.0,0.0,0.0,400,0.034750938415527344,0.04383087158203125,0,0,2.383906914613141,31.21088486190694,0.0,0.61
1,phase_r9_resource,22,500,child_task1,coin_navigation,13000,task3_phase_r1_phase_r9_resource_s22_c0500_task1_125124f_s13000,/export/data/sfan/MLE_final_project/runs/task3_phase_r1_phase_r9_resource_s22_c0500_125124f/checkpoints/final.pt,125124f7c09f88714c4704b4d2ac06824cbf265f,ad9d33d9cf17a3363082e4c33e08023f6234ada81110733bec00c33d1c07669e,completed,50.0,50.0,0.0,0.0,0.0,0.0,0.0,0.0,0.0,1.0,1.0,0.0,133,0.02072906494140625,0.021235227584838867,0,0,,,,
1,phase_r9_resource,22,500,child_task1,coin_navigation,13001,task3_phase_r1_phase_r9_resource_s22_c0500_task1_125124f_s13001,/export/data/sfan/MLE_final_project/runs/task3_phase_r1_phase_r9_resource_s22_c0500_125124f/checkpoints/final.pt,125124f7c09f88714c4704b4d2ac06824cbf265f,ad9d33d9cf17a3363082e4c33e08023f6234ada81110733bec00c33d1c07669e,completed,50.0,50.0,0.0,0.0,0.0,0.0,0.0,0.0,0.0,1.0,1.0,0.0,121,0.019894123077392578,0.020032882690429688,0,0,,,,
1,phase_r9_resource,22,500,child_task1,coin_navigation,13002,task3_phase_r1_phase_r9_resource_s22_c0500_task1_125124f_s13002,/export/data/sfan/MLE_final_project/runs/task3_phase_r1_phase_r9_resource_s22_c0500_125124f/checkpoints/final.pt,125124f7c09f88714c4704b4d2ac06824cbf265f,ad9d33d9cf17a3363082e4c33e08023f6234ada81110733bec00c33d1c07669e,completed,50.0,50.0,0.0,0.0,0.0,0.0,0.0,0.0,0.0,1.0,1.0,0.0,116,0.020116806030273438,0.021237611770629883,0,0,,,,
1,phase_r9_resource,22,500,child_task1,coin_navigation,13003,task3_phase_r1_phase_r9_resource_s22_c0500_task1_125124f_s13003,/export/data/sfan/MLE_final_project/runs/task3_phase_r1_phase_r9_resource_s22_c0500_125124f/checkpoints/final.pt,125124f7c09f88714c4704b4d2ac06824cbf265f,ad9d33d9cf17a3363082e4c33e08023f6234ada81110733bec00c33d1c07669e,completed,50.0,50.0,0.0,0.0,0.0,0.0,0.0,0.0,0.0,1.0,1.0,0.0,114,0.020108461380004883,0.02097153663635254,0,0,,,,
1,phase_r9_resource,22,500,child_task1,coin_navigation,13004,task3_phase_r1_phase_r9_resource_s22_c0500_task1_125124f_s13004,/export/data/sfan/MLE_final_project/runs/task3_phase_r1_phase_r9_resource_s22_c0500_125124f/checkpoints/final.pt,125124f7c09f88714c4704b4d2ac06824cbf265f,ad9d33d9cf17a3363082e4c33e08023f6234ada81110733bec00c33d1c07669e,completed,50.0,50.0,0.0,0.0,0.0,0.0,0.0,0.0,0.0,1.0,1.0,0.0,110,0.01995229721069336,0.020195484161376953,0,0,,,,
1,phase_r9_resource,22,500,child_task1,coin_navigation,13005,task3_phase_r1_phase_r9_resource_s22_c0500_task1_125124f_s13005,/export/data/sfan/MLE_final_project/runs/task3_phase_r1_phase_r9_resource_s22_c0500_125124f/checkpoints/final.pt,125124f7c09f88714c4704b4d2ac06824cbf265f,ad9d33d9cf17a3363082e4c33e08023f6234ada81110733bec00c33d1c07669e,completed,50.0,50.0,0.0,0.0,0.0,0.0,0.0,0.0,0.0,1.0,1.0,0.0,139,0.020027875900268555,0.020753860473632812,0,0,,,,
1,phase_r9_resource,22,500,child_task1,coin_navigation,13006,task3_phase_r1_phase_r9_resource_s22_c0500_task1_125124f_s13006,/export/data/sfan/MLE_final_project/runs/task3_phase_r1_phase_r9_resource_s22_c0500_125124f/checkpoints/final.pt,125124f7c09f88714c4704b4d2ac06824cbf265f,ad9d33d9cf17a3363082e4c33e08023f6234ada81110733bec00c33d1c07669e,completed,50.0,50.0,0.0,0.0,0.0,0.0,0.0,0.0,0.0,1.0,1.0,0.0,116,0.020828723907470703,0.021062374114990234,0,0,,,,
1,phase_r9_resource,22,500,child_task1,coin_navigation,13007,task3_phase_r1_phase_r9_resource_s22_c0500_task1_125124f_s13007,/export/data/sfan/MLE_final_project/runs/task3_phase_r1_phase_r9_resource_s22_c0500_125124f/checkpoints/final.pt,125124f7c09f88714c4704b4d2ac06824cbf265f,ad9d33d9cf17a3363082e4c33e08023f6234ada81110733bec00c33d1c07669e,completed,50.0,50.0,0.0,0.0,0.0,0.0,0.0,0.0,0.0,1.0,1.0,0.0,132,0.019890785217285156,0.021537065505981445,0,0,,,,
1,phase_r9_resource,22,500,child_task1,coin_navigation,13008,task3_phase_r1_phase_r9_resource_s22_c0500_task1_125124f_s13008,/export/data/sfan/MLE_final_project/runs/task3_phase_r1_phase_r9_resource_s22_c0500_125124f/checkpoints/final.pt,125124f7c09f88714c4704b4d2ac06824cbf265f,ad9d33d9cf17a3363082e4c33e08023f6234ada81110733bec00c33d1c07669e,completed,50.0,50.0,0.0,0.0,0.0,0.0,0.0,0.0,0.0,1.0,1.0,0.0,127,0.020045042037963867,0.02107858657836914,0,0,,,,
1,phase_r9_resource,22,500,child_task1,coin_navigation,13009,task3_phase_r1_phase_r9_resource_s22_c0500_task1_125124f_s13009,/export/data/sfan/MLE_final_project/runs/task3_phase_r1_phase_r9_resource_s22_c0500_125124f/checkpoints/final.pt,125124f7c09f88714c4704b4d2ac06824cbf265f,ad9d33d9cf17a3363082e4c33e08023f6234ada81110733bec00c33d1c07669e,completed,50.0,50.0,0.0,0.0,0.0,0.0,0.0,0.0,0.0,1.0,1.0,0.0,127,0.02000260353088379,0.02013993263244629,0,0,,,,
1,phase_r9_resource,22,500,child_task1,coin_navigation,13010,task3_phase_r1_phase_r9_resource_s22_c0500_task1_125124f_s13010,/export/data/sfan/MLE_final_project/runs/task3_phase_r1_phase_r9_resource_s22_c0500_125124f/checkpoints/final.pt,125124f7c09f88714c4704b4d2ac06824cbf265f,ad9d33d9cf17a3363082e4c33e08023f6234ada81110733bec00c33d1c07669e,completed,50.0,50.0,0.0,0.0,0.0,0.0,0.0,0.0,0.0,1.0,1.0,0.0,139,0.019946813583374023,0.02095961570739746,0,0,,,,
1,phase_r9_resource,22,500,child_task1,coin_navigation,13011,task3_phase_r1_phase_r9_resource_s22_c0500_task1_125124f_s13011,/export/data/sfan/MLE_final_project/runs/task3_phase_r1_phase_r9_resource_s22_c0500_125124f/checkpoints/final.pt,125124f7c09f88714c4704b4d2ac06824cbf265f,ad9d33d9cf17a3363082e4c33e08023f6234ada81110733bec00c33d1c07669e,completed,50.0,50.0,0.0,0.0,0.0,0.0,0.0,0.0,0.0,1.0,1.0,0.0,122,0.020174741744995117,0.021079063415527344,0,0,,,,
1,phase_r9_resource,22,500,child_task1,coin_navigation,13012,task3_phase_r1_phase_r9_resource_s22_c0500_task1_125124f_s13012,/export/data/sfan/MLE_final_project/runs/task3_phase_r1_phase_r9_resource_s22_c0500_125124f/checkpoints/final.pt,125124f7c09f88714c4704b4d2ac06824cbf265f,ad9d33d9cf17a3363082e4c33e08023f6234ada81110733bec00c33d1c07669e,completed,50.0,50.0,0.0,0.0,0.0,0.0,0.0,0.0,0.0,1.0,1.0,0.0,123,0.020193099975585938,0.02100229263305664,0,0,,,,
1,phase_r9_resource,22,500,child_task1,coin_navigation,13013,task3_phase_r1_phase_r9_resource_s22_c0500_task1_125124f_s13013,/export/data/sfan/MLE_final_project/runs/task3_phase_r1_phase_r9_resource_s22_c0500_125124f/checkpoints/final.pt,125124f7c09f88714c4704b4d2ac06824cbf265f,ad9d33d9cf17a3363082e4c33e08023f6234ada81110733bec00c33d1c07669e,completed,50.0,50.0,0.0,0.0,0.0,0.0,0.0,0.0,0.0,1.0,1.0,0.0,125,0.01972675323486328,0.020060300827026367,0,0,,,,
1,phase_r9_resource,22,500,child_task1,coin_navigation,13014,task3_phase_r1_phase_r9_resource_s22_c0500_task1_125124f_s13014,/export/data/sfan/MLE_final_project/runs/task3_phase_r1_phase_r9_resource_s22_c0500_125124f/checkpoints/final.pt,125124f7c09f88714c4704b4d2ac06824cbf265f,ad9d33d9cf17a3363082e4c33e08023f6234ada81110733bec00c33d1c07669e,completed,50.0,50.0,0.0,0.0,0.0,0.0,0.0,0.0,0.0,1.0,1.0,0.0,145,0.019806861877441406,0.020528078079223633,0,0,,,,
1,phase_r9_resource,22,500,child_task1,coin_navigation,13015,task3_phase_r1_phase_r9_resource_s22_c0500_task1_125124f_s13015,/export/data/sfan/MLE_final_project/runs/task3_phase_r1_phase_r9_resource_s22_c0500_125124f/checkpoints/final.pt,125124f7c09f88714c4704b4d2ac06824cbf265f,ad9d33d9cf17a3363082e4c33e08023f6234ada81110733bec00c33d1c07669e,completed,50.0,50.0,0.0,0.0,0.0,0.0,0.0,0.0,0.0,1.0,1.0,0.0,133,0.01984429359436035,0.0200347900390625,0,0,,,,
1,phase_r9_resource,22,500,child_task1,coin_navigation,13016,task3_phase_r1_phase_r9_resource_s22_c0500_task1_125124f_s13016,/export/data/sfan/MLE_final_project/runs/task3_phase_r1_phase_r9_resource_s22_c0500_125124f/checkpoints/final.pt,125124f7c09f88714c4704b4d2ac06824cbf265f,ad9d33d9cf17a3363082e4c33e08023f6234ada81110733bec00c33d1c07669e,completed,50.0,50.0,0.0,0.0,0.0,0.0,0.0,0.0,0.0,1.0,1.0,0.0,122,0.01985764503479004,0.02025771141052246,0,0,,,,
1,phase_r9_resource,22,500,child_task1,coin_navigation,13017,task3_phase_r1_phase_r9_resource_s22_c0500_task1_125124f_s13017,/export/data/sfan/MLE_final_project/runs/task3_phase_r1_phase_r9_resource_s22_c0500_125124f/checkpoints/final.pt,125124f7c09f88714c4704b4d2ac06824cbf265f,ad9d33d9cf17a3363082e4c33e08023f6234ada81110733bec00c33d1c07669e,completed,50.0,50.0,0.0,0.0,0.0,0.0,0.0,0.0,0.0,1.0,1.0,0.0,131,0.020842313766479492,0.022281408309936523,0,0,,,,
1,phase_r9_resource,22,500,child_task1,coin_navigation,13018,task3_phase_r1_phase_r9_resource_s22_c0500_task1_125124f_s13018,/export/data/sfan/MLE_final_project/runs/task3_phase_r1_phase_r9_resource_s22_c0500_125124f/checkpoints/final.pt,125124f7c09f88714c4704b4d2ac06824cbf265f,ad9d33d9cf17a3363082e4c33e08023f6234ada81110733bec00c33d1c07669e,completed,50.0,50.0,0.0,0.0,0.0,0.0,0.0,0.0,0.0,1.0,1.0,0.0,123,0.02013850212097168,0.020517349243164062,0,0,,,,
1,phase_r9_resource,22,500,child_task1,coin_navigation,13019,task3_phase_r1_phase_r9_resource_s22_c0500_task1_125124f_s13019,/export/data/sfan/MLE_final_project/runs/task3_phase_r1_phase_r9_resource_s22_c0500_125124f/checkpoints/final.pt,125124f7c09f88714c4704b4d2ac06824cbf265f,ad9d33d9cf17a3363082e4c33e08023f6234ada81110733bec00c33d1c07669e,completed,50.0,50.0,0.0,0.0,0.0,0.0,0.0,0.0,0.0,1.0,1.0,0.0,126,0.02000904083251953,0.020527362823486328,0,0,,,,
1,phase_r9_resource,22,500,child_task2,crate_navigation,13000,task3_phase_r1_phase_r9_resource_s22_c0500_task2_125124f_s13000,/export/data/sfan/MLE_final_project/runs/task3_phase_r1_phase_r9_resource_s22_c0500_125124f/checkpoints/final.pt,125124f7c09f88714c4704b4d2ac06824cbf265f,ad9d33d9cf17a3363082e4c33e08023f6234ada81110733bec00c33d1c07669e,completed,6.0,6.0,52.0,0.0,0.0,45.0,45.0,45.0,0.0,1.0,1.0,0.0,400,0.025876522064208984,0.03368258476257324,0,0,,,,
1,phase_r9_resource,22,500,child_task2,crate_navigation,13001,task3_phase_r1_phase_r9_resource_s22_c0500_task2_125124f_s13001,/export/data/sfan/MLE_final_project/runs/task3_phase_r1_phase_r9_resource_s22_c0500_125124f/checkpoints/final.pt,125124f7c09f88714c4704b4d2ac06824cbf265f,ad9d33d9cf17a3363082e4c33e08023f6234ada81110733bec00c33d1c07669e,completed,7.0,7.0,89.0,0.0,0.0,30.0,30.0,30.0,0.0,1.0,1.0,0.0,400,0.03779411315917969,0.04328775405883789,0,0,,,,
1,phase_r9_resource,22,500,child_task2,crate_navigation,13002,task3_phase_r1_phase_r9_resource_s22_c0500_task2_125124f_s13002,/export/data/sfan/MLE_final_project/runs/task3_phase_r1_phase_r9_resource_s22_c0500_125124f/checkpoints/final.pt,125124f7c09f88714c4704b4d2ac06824cbf265f,ad9d33d9cf17a3363082e4c33e08023f6234ada81110733bec00c33d1c07669e,completed,5.0,5.0,83.0,0.0,0.0,40.0,40.0,40.0,0.0,1.0,1.0,0.0,400,0.03040027618408203,0.03455209732055664,0,0,,,,
1,phase_r9_resource,22,500,child_task2,crate_navigation,13003,task3_phase_r1_phase_r9_resource_s22_c0500_task2_125124f_s13003,/export/data/sfan/MLE_final_project/runs/task3_phase_r1_phase_r9_resource_s22_c0500_125124f/checkpoints/final.pt,125124f7c09f88714c4704b4d2ac06824cbf265f,ad9d33d9cf17a3363082e4c33e08023f6234ada81110733bec00c33d1c07669e,completed,5.0,5.0,57.0,0.0,0.0,56.0,55.0,55.0,0.0,1.0,1.0,0.0,400,0.02445077896118164,0.03816366195678711,0,0,,,,
1,phase_r9_resource,22,500,child_task2,crate_navigation,13004,task3_phase_r1_phase_r9_resource_s22_c0500_task2_125124f_s13004,/export/data/sfan/MLE_final_project/runs/task3_phase_r1_phase_r9_resource_s22_c0500_125124f/checkpoints/final.pt,125124f7c09f88714c4704b4d2ac06824cbf265f,ad9d33d9cf17a3363082e4c33e08023f6234ada81110733bec00c33d1c07669e,completed,6.0,6.0,64.0,0.0,0.0,43.0,43.0,43.0,0.0,1.0,1.0,0.0,400,0.024706363677978516,0.03559255599975586,0,0,,,,
1,phase_r9_resource,22,500,child_task2,crate_navigation,13005,task3_phase_r1_phase_r9_resource_s22_c0500_task2_125124f_s13005,/export/data/sfan/MLE_final_project/runs/task3_phase_r1_phase_r9_resource_s22_c0500_125124f/checkpoints/final.pt,125124f7c09f88714c4704b4d2ac06824cbf265f,ad9d33d9cf17a3363082e4c33e08023f6234ada81110733bec00c33d1c07669e,completed,6.0,6.0,57.0,0.0,0.0,24.0,24.0,24.0,0.0,1.0,1.0,0.0,400,0.026102304458618164,0.03453874588012695,0,0,,,,
1,phase_r9_resource,22,500,child_task2,crate_navigation,13006,task3_phase_r1_phase_r9_resource_s22_c0500_task2_125124f_s13006,/export/data/sfan/MLE_final_project/runs/task3_phase_r1_phase_r9_resource_s22_c0500_125124f/checkpoints/final.pt,125124f7c09f88714c4704b4d2ac06824cbf265f,ad9d33d9cf17a3363082e4c33e08023f6234ada81110733bec00c33d1c07669e,completed,3.0,3.0,59.0,0.0,0.0,43.0,42.0,42.0,0.0,1.0,1.0,0.0,400,0.026649951934814453,0.036071062088012695,0,0,,,,
1,phase_r9_resource,22,500,child_task2,crate_navigation,13007,task3_phase_r1_phase_r9_resource_s22_c0500_task2_125124f_s13007,/export/data/sfan/MLE_final_project/runs/task3_phase_r1_phase_r9_resource_s22_c0500_125124f/checkpoints/final.pt,125124f7c09f88714c4704b4d2ac06824cbf265f,ad9d33d9cf17a3363082e4c33e08023f6234ada81110733bec00c33d1c07669e,completed,4.0,4.0,56.0,0.0,0.0,30.0,30.0,30.0,0.0,1.0,1.0,0.0,400,0.013923883438110352,0.017843008041381836,0,0,,,,
1,phase_r9_resource,22,500,child_task2,crate_navigation,13008,task3_phase_r1_phase_r9_resource_s22_c0500_task2_125124f_s13008,/export/data/sfan/MLE_final_project/runs/task3_phase_r1_phase_r9_resource_s22_c0500_125124f/checkpoints/final.pt,125124f7c09f88714c4704b4d2ac06824cbf265f,ad9d33d9cf17a3363082e4c33e08023f6234ada81110733bec00c33d1c07669e,completed,6.0,6.0,71.0,0.0,0.0,26.0,26.0,26.0,0.0,1.0,1.0,0.0,400,0.01537322998046875,0.01795673370361328,0,0,,,,
1,phase_r9_resource,22,500,child_task2,crate_navigation,13009,task3_phase_r1_phase_r9_resource_s22_c0500_task2_125124f_s13009,/export/data/sfan/MLE_final_project/runs/task3_phase_r1_phase_r9_resource_s22_c0500_125124f/checkpoints/final.pt,125124f7c09f88714c4704b4d2ac06824cbf265f,ad9d33d9cf17a3363082e4c33e08023f6234ada81110733bec00c33d1c07669e,completed,4.0,4.0,103.0,0.0,0.0,45.0,44.0,44.0,0.0,1.0,1.0,0.0,400,0.016289234161376953,0.01851654052734375,0,0,,,,
1,phase_r9_resource,22,500,child_task2,crate_navigation,13010,task3_phase_r1_phase_r9_resource_s22_c0500_task2_125124f_s13010,/export/data/sfan/MLE_final_project/runs/task3_phase_r1_phase_r9_resource_s22_c0500_125124f/checkpoints/final.pt,125124f7c09f88714c4704b4d2ac06824cbf265f,ad9d33d9cf17a3363082e4c33e08023f6234ada81110733bec00c33d1c07669e,completed,2.0,2.0,54.0,0.0,0.0,47.0,46.0,46.0,0.0,1.0,1.0,0.0,400,0.011243104934692383,0.01580047607421875,0,0,,,,
1,phase_r9_resource,22,500,child_task2,crate_navigation,13011,task3_phase_r1_phase_r9_resource_s22_c0500_task2_125124f_s13011,/export/data/sfan/MLE_final_project/runs/task3_phase_r1_phase_r9_resource_s22_c0500_125124f/checkpoints/final.pt,125124f7c09f88714c4704b4d2ac06824cbf265f,ad9d33d9cf17a3363082e4c33e08023f6234ada81110733bec00c33d1c07669e,completed,0.0,0.0,60.0,0.0,0.0,44.0,44.0,44.0,0.0,1.0,0.0,0.0,400,0.013819217681884766,0.01632976531982422,0,0,,,,
1,phase_r9_resource,22,500,child_task2,crate_navigation,13012,task3_phase_r1_phase_r9_resource_s22_c0500_task2_125124f_s13012,/export/data/sfan/MLE_final_project/runs/task3_phase_r1_phase_r9_resource_s22_c0500_125124f/checkpoints/final.pt,125124f7c09f88714c4704b4d2ac06824cbf265f,ad9d33d9cf17a3363082e4c33e08023f6234ada81110733bec00c33d1c07669e,completed,6.0,6.0,83.0,0.0,0.0,28.0,28.0,28.0,0.0,1.0,1.0,0.0,400,0.018196582794189453,0.01846146583557129,0,0,,,,
1,phase_r9_resource,22,500,child_task2,crate_navigation,13013,task3_phase_r1_phase_r9_resource_s22_c0500_task2_125124f_s13013,/export/data/sfan/MLE_final_project/runs/task3_phase_r1_phase_r9_resource_s22_c0500_125124f/checkpoints/final.pt,125124f7c09f88714c4704b4d2ac06824cbf265f,ad9d33d9cf17a3363082e4c33e08023f6234ada81110733bec00c33d1c07669e,completed,4.0,4.0,93.0,0.0,0.0,39.0,39.0,39.0,0.0,1.0,1.0,0.0,400,0.016282081604003906,0.01958918571472168,0,0,,,,
1,phase_r9_resource,22,500,child_task2,crate_navigation,13014,task3_phase_r1_phase_r9_resource_s22_c0500_task2_125124f_s13014,/export/data/sfan/MLE_final_project/runs/task3_phase_r1_phase_r9_resource_s22_c0500_125124f/checkpoints/final.pt,125124f7c09f88714c4704b4d2ac06824cbf265f,ad9d33d9cf17a3363082e4c33e08023f6234ada81110733bec00c33d1c07669e,completed,3.0,3.0,66.0,0.0,0.0,21.0,21.0,21.0,0.0,1.0,1.0,0.0,400,0.017061710357666016,0.0202791690826416,0,0,,,,
1,phase_r9_resource,22,500,child_task2,crate_navigation,13015,task3_phase_r1_phase_r9_resource_s22_c0500_task2_125124f_s13015,/export/data/sfan/MLE_final_project/runs/task3_phase_r1_phase_r9_resource_s22_c0500_125124f/checkpoints/final.pt,125124f7c09f88714c4704b4d2ac06824cbf265f,ad9d33d9cf17a3363082e4c33e08023f6234ada81110733bec00c33d1c07669e,completed,7.0,7.0,88.0,0.0,0.0,34.0,34.0,34.0,0.0,1.0,1.0,0.0,400,0.013288497924804688,0.019225120544433594,0,0,,,,
1,phase_r9_resource,22,500,child_task2,crate_navigation,13016,task3_phase_r1_phase_r9_resource_s22_c0500_task2_125124f_s13016,/export/data/sfan/MLE_final_project/runs/task3_phase_r1_phase_r9_resource_s22_c0500_125124f/checkpoints/final.pt,125124f7c09f88714c4704b4d2ac06824cbf265f,ad9d33d9cf17a3363082e4c33e08023f6234ada81110733bec00c33d1c07669e,completed,8.0,8.0,100.0,0.0,0.0,44.0,44.0,44.0,0.0,1.0,1.0,0.0,400,0.012778043746948242,0.018050193786621094,0,0,,,,
1,phase_r9_resource,22,500,child_task2,crate_navigation,13017,task3_phase_r1_phase_r9_resource_s22_c0500_task2_125124f_s13017,/export/data/sfan/MLE_final_project/runs/task3_phase_r1_phase_r9_resource_s22_c0500_125124f/checkpoints/final.pt,125124f7c09f88714c4704b4d2ac06824cbf265f,ad9d33d9cf17a3363082e4c33e08023f6234ada81110733bec00c33d1c07669e,completed,8.0,8.0,99.0,0.0,0.0,31.0,31.0,31.0,0.0,1.0,1.0,0.0,400,0.01719498634338379,0.02007269859313965,0,0,,,,
1,phase_r9_resource,22,500,child_task2,crate_navigation,13018,task3_phase_r1_phase_r9_resource_s22_c0500_task2_125124f_s13018,/export/data/sfan/MLE_final_project/runs/task3_phase_r1_phase_r9_resource_s22_c0500_125124f/checkpoints/final.pt,125124f7c09f88714c4704b4d2ac06824cbf265f,ad9d33d9cf17a3363082e4c33e08023f6234ada81110733bec00c33d1c07669e,completed,5.0,5.0,50.0,0.0,0.0,37.0,37.0,37.0,0.0,1.0,1.0,0.0,400,0.012277603149414062,0.01693439483642578,0,0,,,,
1,phase_r9_resource,22,500,child_task2,crate_navigation,13019,task3_phase_r1_phase_r9_resource_s22_c0500_task2_125124f_s13019,/export/data/sfan/MLE_final_project/runs/task3_phase_r1_phase_r9_resource_s22_c0500_125124f/checkpoints/final.pt,125124f7c09f88714c4704b4d2ac06824cbf265f,ad9d33d9cf17a3363082e4c33e08023f6234ada81110733bec00c33d1c07669e,completed,9.0,9.0,107.0,0.0,0.0,46.0,46.0,46.0,0.0,1.0,1.0,0.0,400,0.015179634094238281,0.01840972900390625,0,0,,,,
1,phase_r9_resource,22,500,child_task3,weak_opponents,13000,task3_phase_r1_phase_r9_resource_s22_c0500_task3_125124f_s13000,/export/data/sfan/MLE_final_project/runs/task3_phase_r1_phase_r9_resource_s22_c0500_125124f/checkpoints/final.pt,125124f7c09f88714c4704b4d2ac06824cbf265f,ad9d33d9cf17a3363082e4c33e08023f6234ada81110733bec00c33d1c07669e,completed,8.0,3.0,26.0,1.0,0.0,26.0,26.0,26.0,0.0,1.0,1.0,0.0,400,0.015965700149536133,0.020641326904296875,0,0,3.962547059380564,25.092407872633505,0.006395523586836667,0.595
1,phase_r9_resource,22,500,child_task3,weak_opponents,13001,task3_phase_r1_phase_r9_resource_s22_c0500_task3_125124f_s13001,/export/data/sfan/MLE_final_project/runs/task3_phase_r1_phase_r9_resource_s22_c0500_125124f/checkpoints/final.pt,125124f7c09f88714c4704b4d2ac06824cbf265f,ad9d33d9cf17a3363082e4c33e08023f6234ada81110733bec00c33d1c07669e,completed,2.0,2.0,47.0,0.0,0.0,31.0,31.0,31.0,0.0,1.0,0.0,0.0,400,0.018152713775634766,0.022017478942871094,0,0,0.7744665794065816,23.61591165363954,0.0,0.5275
1,phase_r9_resource,22,500,child_task3,weak_opponents,13002,task3_phase_r1_phase_r9_resource_s22_c0500_task3_125124f_s13002,/export/data/sfan/MLE_final_project/runs/task3_phase_r1_phase_r9_resource_s22_c0500_125124f/checkpoints/final.pt,125124f7c09f88714c4704b4d2ac06824cbf265f,ad9d33d9cf17a3363082e4c33e08023f6234ada81110733bec00c33d1c07669e,completed,9.0,4.0,58.0,1.0,0.0,34.0,34.0,34.0,0.0,1.0,1.0,0.0,400,0.015945911407470703,0.017827987670898438,0,0,2.8515704014958896,32.417414754229554,0.0,0.4125
1,phase_r9_resource,22,500,child_task3,weak_opponents,13003,task3_phase_r1_phase_r9_resource_s22_c0500_task3_125124f_s13003,/export/data/sfan/MLE_final_project/runs/task3_phase_r1_phase_r9_resource_s22_c0500_125124f/checkpoints/final.pt,125124f7c09f88714c4704b4d2ac06824cbf265f,ad9d33d9cf17a3363082e4c33e08023f6234ada81110733bec00c33d1c07669e,completed,5.0,5.0,45.0,0.0,0.0,29.0,29.0,29.0,2.0,1.0,0.0,0.0,400,0.019984006881713867,0.026000022888183594,0,0,2.733902213746551,33.93604397638196,0.0,0.3525
1,phase_r9_resource,22,500,child_task3,weak_opponents,13004,task3_phase_r1_phase_r9_resource_s22_c0500_task3_125124f_s13004,/export/data/sfan/MLE_final_project/runs/task3_phase_r1_phase_r9_resource_s22_c0500_125124f/checkpoints/final.pt,125124f7c09f88714c4704b4d2ac06824cbf265f,ad9d33d9cf17a3363082e4c33e08023f6234ada81110733bec00c33d1c07669e,completed,3.0,3.0,30.0,0.0,1.0,11.0,11.0,10.0,1.0,0.0,0.0,0.0,89,0.011013031005859375,0.01317906379699707,0,0,1.2773959545330158,277.6321303969815,0.0,0.651685393258427
1,phase_r9_resource,22,500,child_task3,weak_opponents,13005,task3_phase_r1_phase_r9_resource_s22_c0500_task3_125124f_s13005,/export/data/sfan/MLE_final_project/runs/task3_phase_r1_phase_r9_resource_s22_c0500_125124f/checkpoints/final.pt,125124f7c09f88714c4704b4d2ac06824cbf265f,ad9d33d9cf17a3363082e4c33e08023f6234ada81110733bec00c33d1c07669e,completed,5.0,5.0,29.0,0.0,0.0,27.0,27.0,27.0,0.0,1.0,0.0,0.0,400,0.016634225845336914,0.019578218460083008,0,0,2.074711488121307,18.132643685619993,0.0,0.5825
1,phase_r9_resource,22,500,child_task3,weak_opponents,13006,task3_phase_r1_phase_r9_resource_s22_c0500_task3_125124f_s13006,/export/data/sfan/MLE_final_project/runs/task3_phase_r1_phase_r9_resource_s22_c0500_125124f/checkpoints/final.pt,125124f7c09f88714c4704b4d2ac06824cbf265f,ad9d33d9cf17a3363082e4c33e08023f6234ada81110733bec00c33d1c07669e,completed,2.0,2.0,33.0,0.0,0.0,34.0,34.0,34.0,0.0,1.0,0.0,0.0,400,0.01253056526184082,0.016657114028930664,0,0,1.3951684778339917,26.168661000910813,0.0,0.695
1,phase_r9_resource,22,500,child_task3,weak_opponents,13007,task3_phase_r1_phase_r9_resource_s22_c0500_task3_125124f_s13007,/export/data/sfan/MLE_final_project/runs/task3_phase_r1_phase_r9_resource_s22_c0500_125124f/checkpoints/final.pt,125124f7c09f88714c4704b4d2ac06824cbf265f,ad9d33d9cf17a3363082e4c33e08023f6234ada81110733bec00c33d1c07669e,completed,5.0,5.0,36.0,0.0,0.0,21.0,21.0,21.0,0.0,1.0,0.0,0.0,400,0.01747918128967285,0.02184581756591797,0,0,3.841129154238554,27.812115846288687,0.0,0.23
1,phase_r9_resource,22,500,child_task3,weak_opponents,13008,task3_phase_r1_phase_r9_resource_s22_c0500_task3_125124f_s13008,/export/data/sfan/MLE_final_project/runs/task3_phase_r1_phase_r9_resource_s22_c0500_125124f/checkpoints/final.pt,125124f7c09f88714c4704b4d2ac06824cbf265f,ad9d33d9cf17a3363082e4c33e08023f6234ada81110733bec00c33d1c07669e,completed,7.0,2.0,22.0,1.0,0.0,41.0,41.0,41.0,0.0,1.0,0.0,1.0,400,0.016001224517822266,0.021342039108276367,0,0,1.4817875266871956,18.61580148051585,0.006569069177964548,0.7025
1,phase_r9_resource,22,500,child_task3,weak_opponents,13009,task3_phase_r1_phase_r9_resource_s22_c0500_task3_125124f_s13009,/export/data/sfan/MLE_final_project/runs/task3_phase_r1_phase_r9_resource_s22_c0500_125124f/checkpoints/final.pt,125124f7c09f88714c4704b4d2ac06824cbf265f,ad9d33d9cf17a3363082e4c33e08023f6234ada81110733bec00c33d1c07669e,completed,2.0,2.0,46.0,0.0,0.0,23.0,23.0,23.0,1.0,1.0,0.0,0.0,400,0.01580500602722168,0.017000913619995117,0,0,0.6304434176501862,28.310504706828407,0.0,0.595
1,phase_r9_resource,22,500,child_task3,weak_opponents,13010,task3_phase_r1_phase_r9_resource_s22_c0500_task3_125124f_s13010,/export/data/sfan/MLE_final_project/runs/task3_phase_r1_phase_r9_resource_s22_c0500_125124f/checkpoints/final.pt,125124f7c09f88714c4704b4d2ac06824cbf265f,ad9d33d9cf17a3363082e4c33e08023f6234ada81110733bec00c33d1c07669e,completed,2.0,2.0,17.0,0.0,0.0,26.0,26.0,26.0,0.0,1.0,0.0,0.0,400,0.018426895141601562,0.019817113876342773,0,0,1.4203946335306559,8.921688204629481,0.0,0.72
1,phase_r9_resource,22,500,child_task3,weak_opponents,13011,task3_phase_r1_phase_r9_resource_s22_c0500_task3_125124f_s13011,/export/data/sfan/MLE_final_project/runs/task3_phase_r1_phase_r9_resource_s22_c0500_125124f/checkpoints/final.pt,125124f7c09f88714c4704b4d2ac06824cbf265f,ad9d33d9cf17a3363082e4c33e08023f6234ada81110733bec00c33d1c07669e,completed,5.0,0.0,15.0,1.0,0.0,12.0,12.0,12.0,0.0,1.0,1.0,0.0,400,0.014248371124267578,0.016145706176757812,0,0,0.0,12.448506791410349,0.0,0.745
1,phase_r9_resource,22,500,child_task3,weak_opponents,13012,task3_phase_r1_phase_r9_resource_s22_c0500_task3_125124f_s13012,/export/data/sfan/MLE_final_project/runs/task3_phase_r1_phase_r9_resource_s22_c0500_125124f/checkpoints/final.pt,125124f7c09f88714c4704b4d2ac06824cbf265f,ad9d33d9cf17a3363082e4c33e08023f6234ada81110733bec00c33d1c07669e,completed,7.0,2.0,20.0,1.0,0.0,25.0,25.0,25.0,0.0,1.0,1.0,0.0,400,0.01465296745300293,0.019944190979003906,0,0,0.6880003505364617,13.316018341065888,0.0,0.2475
1,phase_r9_resource,22,500,child_task3,weak_opponents,13013,task3_phase_r1_phase_r9_resource_s22_c0500_task3_125124f_s13013,/export/data/sfan/MLE_final_project/runs/task3_phase_r1_phase_r9_resource_s22_c0500_125124f/checkpoints/final.pt,125124f7c09f88714c4704b4d2ac06824cbf265f,ad9d33d9cf17a3363082e4c33e08023f6234ada81110733bec00c33d1c07669e,completed,1.0,1.0,18.0,0.0,0.0,21.0,21.0,21.0,0.0,1.0,0.0,0.0,400,0.01971912384033203,0.021671533584594727,0,0,1.0896742207585763,18.434442293212708,0.0,0.63
1,phase_r9_resource,22,500,child_task3,weak_opponents,13014,task3_phase_r1_phase_r9_resource_s22_c0500_task3_125124f_s13014,/export/data/sfan/MLE_final_project/runs/task3_phase_r1_phase_r9_resource_s22_c0500_125124f/checkpoints/final.pt,125124f7c09f88714c4704b4d2ac06824cbf265f,ad9d33d9cf17a3363082e4c33e08023f6234ada81110733bec00c33d1c07669e,completed,4.0,4.0,31.0,0.0,0.0,26.0,26.0,26.0,2.0,1.0,0.0,0.0,400,0.01741814613342285,0.022150754928588867,0,0,1.8594316564788427,18.609177814442393,0.0,0.275
1,phase_r9_resource,22,500,child_task3,weak_opponents,13015,task3_phase_r1_phase_r9_resource_s22_c0500_task3_125124f_s13015,/export/data/sfan/MLE_final_project/runs/task3_phase_r1_phase_r9_resource_s22_c0500_125124f/checkpoints/final.pt,125124f7c09f88714c4704b4d2ac06824cbf265f,ad9d33d9cf17a3363082e4c33e08023f6234ada81110733bec00c33d1c07669e,completed,2.0,2.0,20.0,0.0,0.0,33.0,33.0,33.0,0.0,1.0,0.0,0.0,400,0.016787052154541016,0.02090620994567871,0,0,0.7226241674470423,10.691548038607213,0.0,0.57
1,phase_r9_resource,22,500,child_task3,weak_opponents,13016,task3_phase_r1_phase_r9_resource_s22_c0500_task3_125124f_s13016,/export/data/sfan/MLE_final_project/runs/task3_phase_r1_phase_r9_resource_s22_c0500_125124f/checkpoints/final.pt,125124f7c09f88714c4704b4d2ac06824cbf265f,ad9d33d9cf17a3363082e4c33e08023f6234ada81110733bec00c33d1c07669e,completed,4.0,4.0,51.0,0.0,0.0,26.0,26.0,26.0,0.0,1.0,0.0,0.0,400,0.019862651824951172,0.023347854614257812,0,0,1.7908326034283824,32.85554798940552,0.0,0.2925
1,phase_r9_resource,22,500,child_task3,weak_opponents,13017,task3_phase_r1_phase_r9_resource_s22_c0500_task3_125124f_s13017,/export/data/sfan/MLE_final_project/runs/task3_phase_r1_phase_r9_resource_s22_c0500_125124f/checkpoints/final.pt,125124f7c09f88714c4704b4d2ac06824cbf265f,ad9d33d9cf17a3363082e4c33e08023f6234ada81110733bec00c33d1c07669e,completed,5.0,5.0,46.0,0.0,0.0,32.0,32.0,32.0,0.0,1.0,1.0,0.0,400,0.018233060836791992,0.02245926856994629,0,0,3.1547819854902377,36.61984452377695,0.0,0.31
1,phase_r9_resource,22,500,child_task3,weak_opponents,13018,task3_phase_r1_phase_r9_resource_s22_c0500_task3_125124f_s13018,/export/data/sfan/MLE_final_project/runs/task3_phase_r1_phase_r9_resource_s22_c0500_125124f/checkpoints/final.pt,125124f7c09f88714c4704b4d2ac06824cbf265f,ad9d33d9cf17a3363082e4c33e08023f6234ada81110733bec00c33d1c07669e,completed,9.0,4.0,33.0,1.0,1.0,17.0,17.0,16.0,0.0,0.0,1.0,0.0,140,0.014024496078491211,0.016434192657470703,0,0,2.5481489739276357,62.75370136865947,0.0,0.29285714285714287
1,phase_r9_resource,22,500,child_task3,weak_opponents,13019,task3_phase_r1_phase_r9_resource_s22_c0500_task3_125124f_s13019,/export/data/sfan/MLE_final_project/runs/task3_phase_r1_phase_r9_resource_s22_c0500_125124f/checkpoints/final.pt,125124f7c09f88714c4704b4d2ac06824cbf265f,ad9d33d9cf17a3363082e4c33e08023f6234ada81110733bec00c33d1c07669e,completed,11.0,6.0,54.0,1.0,0.0,39.0,38.0,38.0,0.0,1.0,1.0,0.0,400,0.015890836715698242,0.01975274085998535,0,0,3.8414456653853377,33.74733368757947,0.0,0.3175
1,phase_r9_combat,22,500,child_task1,coin_navigation,13000,task3_phase_r1_phase_r9_combat_s22_c0500_task1_125124f_s13000,/export/data/sfan/MLE_final_project/runs/task3_phase_r1_phase_r9_combat_s22_c0500_125124f/checkpoints/final.pt,125124f7c09f88714c4704b4d2ac06824cbf265f,ad9d33d9cf17a3363082e4c33e08023f6234ada81110733bec00c33d1c07669e,completed,50.0,50.0,0.0,0.0,0.0,0.0,0.0,0.0,0.0,1.0,1.0,0.0,133,0.02084803581237793,0.02141571044921875,0,0,,,,
1,phase_r9_combat,22,500,child_task1,coin_navigation,13001,task3_phase_r1_phase_r9_combat_s22_c0500_task1_125124f_s13001,/export/data/sfan/MLE_final_project/runs/task3_phase_r1_phase_r9_combat_s22_c0500_125124f/checkpoints/final.pt,125124f7c09f88714c4704b4d2ac06824cbf265f,ad9d33d9cf17a3363082e4c33e08023f6234ada81110733bec00c33d1c07669e,completed,50.0,50.0,0.0,0.0,0.0,0.0,0.0,0.0,0.0,1.0,1.0,0.0,123,0.02064228057861328,0.021487712860107422,0,0,,,,
1,phase_r9_combat,22,500,child_task1,coin_navigation,13002,task3_phase_r1_phase_r9_combat_s22_c0500_task1_125124f_s13002,/export/data/sfan/MLE_final_project/runs/task3_phase_r1_phase_r9_combat_s22_c0500_125124f/checkpoints/final.pt,125124f7c09f88714c4704b4d2ac06824cbf265f,ad9d33d9cf17a3363082e4c33e08023f6234ada81110733bec00c33d1c07669e,completed,50.0,50.0,0.0,0.0,0.0,0.0,0.0,0.0,0.0,1.0,1.0,0.0,118,0.020388364791870117,0.021597623825073242,0,0,,,,
1,phase_r9_combat,22,500,child_task1,coin_navigation,13003,task3_phase_r1_phase_r9_combat_s22_c0500_task1_125124f_s13003,/export/data/sfan/MLE_final_project/runs/task3_phase_r1_phase_r9_combat_s22_c0500_125124f/checkpoints/final.pt,125124f7c09f88714c4704b4d2ac06824cbf265f,ad9d33d9cf17a3363082e4c33e08023f6234ada81110733bec00c33d1c07669e,completed,50.0,50.0,0.0,0.0,0.0,0.0,0.0,0.0,0.0,1.0,1.0,0.0,130,0.020165681838989258,0.02107977867126465,0,0,,,,
1,phase_r9_combat,22,500,child_task1,coin_navigation,13004,task3_phase_r1_phase_r9_combat_s22_c0500_task1_125124f_s13004,/export/data/sfan/MLE_final_project/runs/task3_phase_r1_phase_r9_combat_s22_c0500_125124f/checkpoints/final.pt,125124f7c09f88714c4704b4d2ac06824cbf265f,ad9d33d9cf17a3363082e4c33e08023f6234ada81110733bec00c33d1c07669e,completed,50.0,50.0,0.0,0.0,0.0,0.0,0.0,0.0,0.0,1.0,1.0,0.0,110,0.020537137985229492,0.021511077880859375,0,0,,,,
1,phase_r9_combat,22,500,child_task1,coin_navigation,13005,task3_phase_r1_phase_r9_combat_s22_c0500_task1_125124f_s13005,/export/data/sfan/MLE_final_project/runs/task3_phase_r1_phase_r9_combat_s22_c0500_125124f/checkpoints/final.pt,125124f7c09f88714c4704b4d2ac06824cbf265f,ad9d33d9cf17a3363082e4c33e08023f6234ada81110733bec00c33d1c07669e,completed,50.0,50.0,0.0,0.0,0.0,0.0,0.0,0.0,0.0,1.0,1.0,0.0,141,0.020899057388305664,0.02167224884033203,0,0,,,,
1,phase_r9_combat,22,500,child_task1,coin_navigation,13006,task3_phase_r1_phase_r9_combat_s22_c0500_task1_125124f_s13006,/export/data/sfan/MLE_final_project/runs/task3_phase_r1_phase_r9_combat_s22_c0500_125124f/checkpoints/final.pt,125124f7c09f88714c4704b4d2ac06824cbf265f,ad9d33d9cf17a3363082e4c33e08023f6234ada81110733bec00c33d1c07669e,completed,50.0,50.0,0.0,0.0,0.0,0.0,0.0,0.0,0.0,1.0,1.0,0.0,115,0.020805835723876953,0.021576881408691406,0,0,,,,
1,phase_r9_combat,22,500,child_task1,coin_navigation,13007,task3_phase_r1_phase_r9_combat_s22_c0500_task1_125124f_s13007,/export/data/sfan/MLE_final_project/runs/task3_phase_r1_phase_r9_combat_s22_c0500_125124f/checkpoints/final.pt,125124f7c09f88714c4704b4d2ac06824cbf265f,ad9d33d9cf17a3363082e4c33e08023f6234ada81110733bec00c33d1c07669e,completed,50.0,50.0,0.0,0.0,0.0,0.0,0.0,0.0,0.0,1.0,1.0,0.0,124,0.020034074783325195,0.02115011215209961,0,0,,,,
1,phase_r9_combat,22,500,child_task1,coin_navigation,13008,task3_phase_r1_phase_r9_combat_s22_c0500_task1_125124f_s13008,/export/data/sfan/MLE_final_project/runs/task3_phase_r1_phase_r9_combat_s22_c0500_125124f/checkpoints/final.pt,125124f7c09f88714c4704b4d2ac06824cbf265f,ad9d33d9cf17a3363082e4c33e08023f6234ada81110733bec00c33d1c07669e,completed,50.0,50.0,0.0,0.0,0.0,0.0,0.0,0.0,0.0,1.0,1.0,0.0,129,0.019875049591064453,0.020358562469482422,0,0,,,,
1,phase_r9_combat,22,500,child_task1,coin_navigation,13009,task3_phase_r1_phase_r9_combat_s22_c0500_task1_125124f_s13009,/export/data/sfan/MLE_final_project/runs/task3_phase_r1_phase_r9_combat_s22_c0500_125124f/checkpoints/final.pt,125124f7c09f88714c4704b4d2ac06824cbf265f,ad9d33d9cf17a3363082e4c33e08023f6234ada81110733bec00c33d1c07669e,completed,50.0,50.0,0.0,0.0,0.0,0.0,0.0,0.0,0.0,1.0,1.0,0.0,131,0.020342588424682617,0.021282672882080078,0,0,,,,
1,phase_r9_combat,22,500,child_task1,coin_navigation,13010,task3_phase_r1_phase_r9_combat_s22_c0500_task1_125124f_s13010,/export/data/sfan/MLE_final_project/runs/task3_phase_r1_phase_r9_combat_s22_c0500_125124f/checkpoints/final.pt,125124f7c09f88714c4704b4d2ac06824cbf265f,ad9d33d9cf17a3363082e4c33e08023f6234ada81110733bec00c33d1c07669e,completed,50.0,50.0,0.0,0.0,0.0,0.0,0.0,0.0,0.0,1.0,1.0,0.0,127,0.020993471145629883,0.022592782974243164,0,0,,,,
1,phase_r9_combat,22,500,child_task1,coin_navigation,13011,task3_phase_r1_phase_r9_combat_s22_c0500_task1_125124f_s13011,/export/data/sfan/MLE_final_project/runs/task3_phase_r1_phase_r9_combat_s22_c0500_125124f/checkpoints/final.pt,125124f7c09f88714c4704b4d2ac06824cbf265f,ad9d33d9cf17a3363082e4c33e08023f6234ada81110733bec00c33d1c07669e,completed,50.0,50.0,0.0,0.0,0.0,0.0,0.0,0.0,0.0,1.0,1.0,0.0,126,0.020496845245361328,0.021932601928710938,0,0,,,,
1,phase_r9_combat,22,500,child_task1,coin_navigation,13012,task3_phase_r1_phase_r9_combat_s22_c0500_task1_125124f_s13012,/export/data/sfan/MLE_final_project/runs/task3_phase_r1_phase_r9_combat_s22_c0500_125124f/checkpoints/final.pt,125124f7c09f88714c4704b4d2ac06824cbf265f,ad9d33d9cf17a3363082e4c33e08023f6234ada81110733bec00c33d1c07669e,completed,50.0,50.0,0.0,0.0,0.0,0.0,0.0,0.0,0.0,1.0,1.0,0.0,127,0.019936800003051758,0.0211489200592041,0,0,,,,
1,phase_r9_combat,22,500,child_task1,coin_navigation,13013,task3_phase_r1_phase_r9_combat_s22_c0500_task1_125124f_s13013,/export/data/sfan/MLE_final_project/runs/task3_phase_r1_phase_r9_combat_s22_c0500_125124f/checkpoints/final.pt,125124f7c09f88714c4704b4d2ac06824cbf265f,ad9d33d9cf17a3363082e4c33e08023f6234ada81110733bec00c33d1c07669e,completed,50.0,50.0,0.0,0.0,0.0,0.0,0.0,0.0,0.0,1.0,1.0,0.0,112,0.02049565315246582,0.02101445198059082,0,0,,,,
1,phase_r9_combat,22,500,child_task1,coin_navigation,13014,task3_phase_r1_phase_r9_combat_s22_c0500_task1_125124f_s13014,/export/data/sfan/MLE_final_project/runs/task3_phase_r1_phase_r9_combat_s22_c0500_125124f/checkpoints/final.pt,125124f7c09f88714c4704b4d2ac06824cbf265f,ad9d33d9cf17a3363082e4c33e08023f6234ada81110733bec00c33d1c07669e,completed,50.0,50.0,0.0,0.0,0.0,0.0,0.0,0.0,0.0,1.0,1.0,0.0,131,0.02040696144104004,0.02131199836730957,0,0,,,,
1,phase_r9_combat,22,500,child_task1,coin_navigation,13015,task3_phase_r1_phase_r9_combat_s22_c0500_task1_125124f_s13015,/export/data/sfan/MLE_final_project/runs/task3_phase_r1_phase_r9_combat_s22_c0500_125124f/checkpoints/final.pt,125124f7c09f88714c4704b4d2ac06824cbf265f,ad9d33d9cf17a3363082e4c33e08023f6234ada81110733bec00c33d1c07669e,completed,50.0,50.0,0.0,0.0,0.0,0.0,0.0,0.0,0.0,1.0,1.0,0.0,131,0.0201876163482666,0.021367311477661133,0,0,,,,
1,phase_r9_combat,22,500,child_task1,coin_navigation,13016,task3_phase_r1_phase_r9_combat_s22_c0500_task1_125124f_s13016,/export/data/sfan/MLE_final_project/runs/task3_phase_r1_phase_r9_combat_s22_c0500_125124f/checkpoints/final.pt,125124f7c09f88714c4704b4d2ac06824cbf265f,ad9d33d9cf17a3363082e4c33e08023f6234ada81110733bec00c33d1c07669e,completed,50.0,50.0,0.0,0.0,0.0,0.0,0.0,0.0,0.0,1.0,1.0,0.0,124,0.020255327224731445,0.02054882049560547,0,0,,,,
1,phase_r9_combat,22,500,child_task1,coin_navigation,13017,task3_phase_r1_phase_r9_combat_s22_c0500_task1_125124f_s13017,/export/data/sfan/MLE_final_project/runs/task3_phase_r1_phase_r9_combat_s22_c0500_125124f/checkpoints/final.pt,125124f7c09f88714c4704b4d2ac06824cbf265f,ad9d33d9cf17a3363082e4c33e08023f6234ada81110733bec00c33d1c07669e,completed,50.0,50.0,0.0,0.0,0.0,0.0,0.0,0.0,0.0,1.0,1.0,0.0,141,0.020016908645629883,0.022305011749267578,0,0,,,,
1,phase_r9_combat,22,500,child_task1,coin_navigation,13018,task3_phase_r1_phase_r9_combat_s22_c0500_task1_125124f_s13018,/export/data/sfan/MLE_final_project/runs/task3_phase_r1_phase_r9_combat_s22_c0500_125124f/checkpoints/final.pt,125124f7c09f88714c4704b4d2ac06824cbf265f,ad9d33d9cf17a3363082e4c33e08023f6234ada81110733bec00c33d1c07669e,completed,50.0,50.0,0.0,0.0,0.0,0.0,0.0,0.0,0.0,1.0,1.0,0.0,121,0.020424365997314453,0.021018266677856445,0,0,,,,
1,phase_r9_combat,22,500,child_task1,coin_navigation,13019,task3_phase_r1_phase_r9_combat_s22_c0500_task1_125124f_s13019,/export/data/sfan/MLE_final_project/runs/task3_phase_r1_phase_r9_combat_s22_c0500_125124f/checkpoints/final.pt,125124f7c09f88714c4704b4d2ac06824cbf265f,ad9d33d9cf17a3363082e4c33e08023f6234ada81110733bec00c33d1c07669e,completed,50.0,50.0,0.0,0.0,0.0,0.0,0.0,0.0,0.0,1.0,1.0,0.0,125,0.020943164825439453,0.021691083908081055,0,0,,,,
1,phase_r9_combat,22,500,child_task2,crate_navigation,13000,task3_phase_r1_phase_r9_combat_s22_c0500_task2_125124f_s13000,/export/data/sfan/MLE_final_project/runs/task3_phase_r1_phase_r9_combat_s22_c0500_125124f/checkpoints/final.pt,125124f7c09f88714c4704b4d2ac06824cbf265f,ad9d33d9cf17a3363082e4c33e08023f6234ada81110733bec00c33d1c07669e,completed,6.0,6.0,85.0,0.0,0.0,32.0,32.0,32.0,0.0,1.0,1.0,0.0,400,0.011394977569580078,0.0180661678314209,0,0,,,,
1,phase_r9_combat,22,500,child_task2,crate_navigation,13001,task3_phase_r1_phase_r9_combat_s22_c0500_task2_125124f_s13001,/export/data/sfan/MLE_final_project/runs/task3_phase_r1_phase_r9_combat_s22_c0500_125124f/checkpoints/final.pt,125124f7c09f88714c4704b4d2ac06824cbf265f,ad9d33d9cf17a3363082e4c33e08023f6234ada81110733bec00c33d1c07669e,completed,8.0,8.0,93.0,0.0,0.0,38.0,38.0,38.0,0.0,1.0,1.0,0.0,400,0.015071868896484375,0.018892288208007812,0,0,,,,
1,phase_r9_combat,22,500,child_task2,crate_navigation,13002,task3_phase_r1_phase_r9_combat_s22_c0500_task2_125124f_s13002,/export/data/sfan/MLE_final_project/runs/task3_phase_r1_phase_r9_combat_s22_c0500_125124f/checkpoints/final.pt,125124f7c09f88714c4704b4d2ac06824cbf265f,ad9d33d9cf17a3363082e4c33e08023f6234ada81110733bec00c33d1c07669e,completed,6.0,6.0,78.0,0.0,0.0,35.0,35.0,35.0,0.0,1.0,1.0,0.0,400,0.013088226318359375,0.01959848403930664,0,0,,,,
1,phase_r9_combat,22,500,child_task2,crate_navigation,13003,task3_phase_r1_phase_r9_combat_s22_c0500_task2_125124f_s13003,/export/data/sfan/MLE_final_project/runs/task3_phase_r1_phase_r9_combat_s22_c0500_125124f/checkpoints/final.pt,125124f7c09f88714c4704b4d2ac06824cbf265f,ad9d33d9cf17a3363082e4c33e08023f6234ada81110733bec00c33d1c07669e,completed,7.0,7.0,102.0,0.0,0.0,45.0,45.0,45.0,0.0,1.0,1.0,0.0,400,0.012849569320678711,0.018690109252929688,0,0,,,,
1,phase_r9_combat,22,500,child_task2,crate_navigation,13004,task3_phase_r1_phase_r9_combat_s22_c0500_task2_125124f_s13004,/export/data/sfan/MLE_final_project/runs/task3_phase_r1_phase_r9_combat_s22_c0500_125124f/checkpoints/final.pt,125124f7c09f88714c4704b4d2ac06824cbf265f,ad9d33d9cf17a3363082e4c33e08023f6234ada81110733bec00c33d1c07669e,completed,7.0,7.0,88.0,0.0,0.0,40.0,40.0,40.0,0.0,1.0,1.0,0.0,400,0.013357877731323242,0.019083261489868164,0,0,,,,
1,phase_r9_combat,22,500,child_task2,crate_navigation,13005,task3_phase_r1_phase_r9_combat_s22_c0500_task2_125124f_s13005,/export/data/sfan/MLE_final_project/runs/task3_phase_r1_phase_r9_combat_s22_c0500_125124f/checkpoints/final.pt,125124f7c09f88714c4704b4d2ac06824cbf265f,ad9d33d9cf17a3363082e4c33e08023f6234ada81110733bec00c33d1c07669e,completed,8.0,8.0,103.0,0.0,0.0,48.0,48.0,48.0,0.0,1.0,1.0,0.0,400,0.014832735061645508,0.017508268356323242,0,0,,,,
1,phase_r9_combat,22,500,child_task2,crate_navigation,13006,task3_phase_r1_phase_r9_combat_s22_c0500_task2_125124f_s13006,/export/data/sfan/MLE_final_project/runs/task3_phase_r1_phase_r9_combat_s22_c0500_125124f/checkpoints/final.pt,125124f7c09f88714c4704b4d2ac06824cbf265f,ad9d33d9cf17a3363082e4c33e08023f6234ada81110733bec00c33d1c07669e,completed,6.0,6.0,100.0,0.0,0.0,43.0,43.0,43.0,0.0,1.0,1.0,0.0,400,0.013536691665649414,0.019285917282104492,0,0,,,,
1,phase_r9_combat,22,500,child_task2,crate_navigation,13007,task3_phase_r1_phase_r9_combat_s22_c0500_task2_125124f_s13007,/export/data/sfan/MLE_final_project/runs/task3_phase_r1_phase_r9_combat_s22_c0500_125124f/checkpoints/final.pt,125124f7c09f88714c4704b4d2ac06824cbf265f,ad9d33d9cf17a3363082e4c33e08023f6234ada81110733bec00c33d1c07669e,completed,5.0,5.0,66.0,0.0,0.0,31.0,31.0,31.0,0.0,1.0,1.0,0.0,400,0.01617145538330078,0.018848419189453125,0,0,,,,
1,phase_r9_combat,22,500,child_task2,crate_navigation,13008,task3_phase_r1_phase_r9_combat_s22_c0500_task2_125124f_s13008,/export/data/sfan/MLE_final_project/runs/task3_phase_r1_phase_r9_combat_s22_c0500_125124f/checkpoints/final.pt,125124f7c09f88714c4704b4d2ac06824cbf265f,ad9d33d9cf17a3363082e4c33e08023f6234ada81110733bec00c33d1c07669e,completed,4.0,4.0,50.0,0.0,0.0,44.0,44.0,44.0,0.0,1.0,1.0,0.0,400,0.012074708938598633,0.015321493148803711,0,0,,,,
1,phase_r9_combat,22,500,child_task2,crate_navigation,13009,task3_phase_r1_phase_r9_combat_s22_c0500_task2_125124f_s13009,/export/data/sfan/MLE_final_project/runs/task3_phase_r1_phase_r9_combat_s22_c0500_125124f/checkpoints/final.pt,125124f7c09f88714c4704b4d2ac06824cbf265f,ad9d33d9cf17a3363082e4c33e08023f6234ada81110733bec00c33d1c07669e,completed,8.0,8.0,110.0,0.0,0.0,45.0,45.0,45.0,0.0,1.0,1.0,0.0,400,0.013483047485351562,0.017220497131347656,0,0,,,,
1,phase_r9_combat,22,500,child_task2,crate_navigation,13010,task3_phase_r1_phase_r9_combat_s22_c0500_task2_125124f_s13010,/export/data/sfan/MLE_final_project/runs/task3_phase_r1_phase_r9_combat_s22_c0500_125124f/checkpoints/final.pt,125124f7c09f88714c4704b4d2ac06824cbf265f,ad9d33d9cf17a3363082e4c33e08023f6234ada81110733bec00c33d1c07669e,completed,2.0,2.0,58.0,0.0,0.0,40.0,40.0,40.0,0.0,1.0,1.0,0.0,400,0.015043258666992188,0.016898155212402344,0,0,,,,
1,phase_r9_combat,22,500,child_task2,crate_navigation,13011,task3_phase_r1_phase_r9_combat_s22_c0500_task2_125124f_s13011,/export/data/sfan/MLE_final_project/runs/task3_phase_r1_phase_r9_combat_s22_c0500_125124f/checkpoints/final.pt,125124f7c09f88714c4704b4d2ac06824cbf265f,ad9d33d9cf17a3363082e4c33e08023f6234ada81110733bec00c33d1c07669e,completed,7.0,7.0,89.0,0.0,0.0,39.0,39.0,39.0,0.0,1.0,1.0,0.0,400,0.014626264572143555,0.01941204071044922,0,0,,,,
1,phase_r9_combat,22,500,child_task2,crate_navigation,13012,task3_phase_r1_phase_r9_combat_s22_c0500_task2_125124f_s13012,/export/data/sfan/MLE_final_project/runs/task3_phase_r1_phase_r9_combat_s22_c0500_125124f/checkpoints/final.pt,125124f7c09f88714c4704b4d2ac06824cbf265f,ad9d33d9cf17a3363082e4c33e08023f6234ada81110733bec00c33d1c07669e,completed,4.0,4.0,65.0,0.0,0.0,29.0,29.0,29.0,0.0,1.0,1.0,0.0,400,0.017755985260009766,0.019702434539794922,0,0,,,,
1,phase_r9_combat,22,500,child_task2,crate_navigation,13013,task3_phase_r1_phase_r9_combat_s22_c0500_task2_125124f_s13013,/export/data/sfan/MLE_final_project/runs/task3_phase_r1_phase_r9_combat_s22_c0500_125124f/checkpoints/final.pt,125124f7c09f88714c4704b4d2ac06824cbf265f,ad9d33d9cf17a3363082e4c33e08023f6234ada81110733bec00c33d1c07669e,completed,3.0,3.0,63.0,0.0,0.0,43.0,43.0,43.0,0.0,1.0,1.0,0.0,400,0.01277303695678711,0.017038345336914062,0,0,,,,
1,phase_r9_combat,22,500,child_task2,crate_navigation,13014,task3_phase_r1_phase_r9_combat_s22_c0500_task2_125124f_s13014,/export/data/sfan/MLE_final_project/runs/task3_phase_r1_phase_r9_combat_s22_c0500_125124f/checkpoints/final.pt,125124f7c09f88714c4704b4d2ac06824cbf265f,ad9d33d9cf17a3363082e4c33e08023f6234ada81110733bec00c33d1c07669e,completed,7.0,7.0,82.0,0.0,0.0,52.0,51.0,51.0,0.0,1.0,1.0,0.0,400,0.014943599700927734,0.019479990005493164,0,0,,,,
1,phase_r9_combat,22,500,child_task2,crate_navigation,13015,task3_phase_r1_phase_r9_combat_s22_c0500_task2_125124f_s13015,/export/data/sfan/MLE_final_project/runs/task3_phase_r1_phase_r9_combat_s22_c0500_125124f/checkpoints/final.pt,125124f7c09f88714c4704b4d2ac06824cbf265f,ad9d33d9cf17a3363082e4c33e08023f6234ada81110733bec00c33d1c07669e,completed,8.0,8.0,100.0,0.0,0.0,38.0,38.0,38.0,0.0,1.0,1.0,0.0,400,0.014751911163330078,0.018432140350341797,0,0,,,,
1,phase_r9_combat,22,500,child_task2,crate_navigation,13016,task3_phase_r1_phase_r9_combat_s22_c0500_task2_125124f_s13016,/export/data/sfan/MLE_final_project/runs/task3_phase_r1_phase_r9_combat_s22_c0500_125124f/checkpoints/final.pt,125124f7c09f88714c4704b4d2ac06824cbf265f,ad9d33d9cf17a3363082e4c33e08023f6234ada81110733bec00c33d1c07669e,completed,6.0,6.0,93.0,0.0,0.0,43.0,43.0,43.0,0.0,1.0,1.0,0.0,400,0.015102624893188477,0.016312360763549805,0,0,,,,
1,phase_r9_combat,22,500,child_task2,crate_navigation,13017,task3_phase_r1_phase_r9_combat_s22_c0500_task2_125124f_s13017,/export/data/sfan/MLE_final_project/runs/task3_phase_r1_phase_r9_combat_s22_c0500_125124f/checkpoints/final.pt,125124f7c09f88714c4704b4d2ac06824cbf265f,ad9d33d9cf17a3363082e4c33e08023f6234ada81110733bec00c33d1c07669e,completed,8.0,8.0,111.0,0.0,0.0,52.0,52.0,52.0,0.0,1.0,1.0,0.0,400,0.012819051742553711,0.01878190040588379,0,0,,,,
1,phase_r9_combat,22,500,child_task2,crate_navigation,13018,task3_phase_r1_phase_r9_combat_s22_c0500_task2_125124f_s13018,/export/data/sfan/MLE_final_project/runs/task3_phase_r1_phase_r9_combat_s22_c0500_125124f/checkpoints/final.pt,125124f7c09f88714c4704b4d2ac06824cbf265f,ad9d33d9cf17a3363082e4c33e08023f6234ada81110733bec00c33d1c07669e,completed,5.0,5.0,80.0,0.0,0.0,37.0,37.0,37.0,0.0,1.0,1.0,0.0,400,0.01272892951965332,0.018421411514282227,0,0,,,,
1,phase_r9_combat,22,500,child_task2,crate_navigation,13019,task3_phase_r1_phase_r9_combat_s22_c0500_task2_125124f_s13019,/export/data/sfan/MLE_final_project/runs/task3_phase_r1_phase_r9_combat_s22_c0500_125124f/checkpoints/final.pt,125124f7c09f88714c4704b4d2ac06824cbf265f,ad9d33d9cf17a3363082e4c33e08023f6234ada81110733bec00c33d1c07669e,completed,7.0,7.0,96.0,0.0,0.0,41.0,41.0,41.0,0.0,1.0,1.0,0.0,400,0.014771461486816406,0.01889324188232422,0,0,,,,
1,phase_r9_combat,22,500,child_task3,weak_opponents,13000,task3_phase_r1_phase_r9_combat_s22_c0500_task3_125124f_s13000,/export/data/sfan/MLE_final_project/runs/task3_phase_r1_phase_r9_combat_s22_c0500_125124f/checkpoints/final.pt,125124f7c09f88714c4704b4d2ac06824cbf265f,ad9d33d9cf17a3363082e4c33e08023f6234ada81110733bec00c33d1c07669e,completed,4.0,4.0,44.0,0.0,0.0,47.0,47.0,47.0,0.0,1.0,0.0,0.0,400,0.017468929290771484,0.022066116333007812,0,0,2.9524668309582878,24.32717917305665,0.0,0.435
1,phase_r9_combat,22,500,child_task3,weak_opponents,13001,task3_phase_r1_phase_r9_combat_s22_c0500_task3_125124f_s13001,/export/data/sfan/MLE_final_project/runs/task3_phase_r1_phase_r9_combat_s22_c0500_125124f/checkpoints/final.pt,125124f7c09f88714c4704b4d2ac06824cbf265f,ad9d33d9cf17a3363082e4c33e08023f6234ada81110733bec00c33d1c07669e,completed,7.0,2.0,56.0,1.0,0.0,51.0,51.0,51.0,0.0,1.0,0.0,1.0,400,0.0180966854095459,0.021774768829345703,0,0,0.6680700250622533,26.721416784949156,0.000789075159183232,0.4125
1,phase_r9_combat,22,500,child_task3,weak_opponents,13002,task3_phase_r1_phase_r9_combat_s22_c0500_task3_125124f_s13002,/export/data/sfan/MLE_final_project/runs/task3_phase_r1_phase_r9_combat_s22_c0500_125124f/checkpoints/final.pt,125124f7c09f88714c4704b4d2ac06824cbf265f,ad9d33d9cf17a3363082e4c33e08023f6234ada81110733bec00c33d1c07669e,completed,4.0,4.0,51.0,0.0,0.0,43.0,43.0,43.0,0.0,1.0,0.0,0.0,400,0.016113996505737305,0.02213144302368164,0,0,2.3799226801195306,30.492303518878323,0.0,0.51
1,phase_r9_combat,22,500,child_task3,weak_opponents,13003,task3_phase_r1_phase_r9_combat_s22_c0500_task3_125124f_s13003,/export/data/sfan/MLE_final_project/runs/task3_phase_r1_phase_r9_combat_s22_c0500_125124f/checkpoints/final.pt,125124f7c09f88714c4704b4d2ac06824cbf265f,ad9d33d9cf17a3363082e4c33e08023f6234ada81110733bec00c33d1c07669e,completed,10.0,5.0,51.0,1.0,0.0,47.0,47.0,47.0,0.0,1.0,1.0,0.0,400,0.016444683074951172,0.026886463165283203,0,0,2.256952528200507,28.69288336659951,0.0,0.515
1,phase_r9_combat,22,500,child_task3,weak_opponents,13004,task3_phase_r1_phase_r9_combat_s22_c0500_task3_125124f_s13004,/export/data/sfan/MLE_final_project/runs/task3_phase_r1_phase_r9_combat_s22_c0500_125124f/checkpoints/final.pt,125124f7c09f88714c4704b4d2ac06824cbf265f,ad9d33d9cf17a3363082e4c33e08023f6234ada81110733bec00c33d1c07669e,completed,8.0,3.0,35.0,1.0,1.0,36.0,36.0,35.0,1.0,0.0,1.0,0.0,304,0.015505313873291016,0.021840333938598633,0,0,3.406579619610622,29.204286660547126,0.018835163930233115,0.5526315789473685
1,phase_r9_combat,22,500,child_task3,weak_opponents,13005,task3_phase_r1_phase_r9_combat_s22_c0500_task3_125124f_s13005,/export/data/sfan/MLE_final_project/runs/task3_phase_r1_phase_r9_combat_s22_c0500_125124f/checkpoints/final.pt,125124f7c09f88714c4704b4d2ac06824cbf265f,ad9d33d9cf17a3363082e4c33e08023f6234ada81110733bec00c33d1c07669e,completed,3.0,3.0,16.0,0.0,0.0,23.0,22.0,22.0,0.0,1.0,0.0,0.0,400,0.015225410461425781,0.0205843448638916,0,0,0.406049171650631,2.5922292753794354,0.0,0.7775
1,phase_r9_combat,22,500,child_task3,weak_opponents,13006,task3_phase_r1_phase_r9_combat_s22_c0500_task3_125124f_s13006,/export/data/sfan/MLE_final_project/runs/task3_phase_r1_phase_r9_combat_s22_c0500_125124f/checkpoints/final.pt,125124f7c09f88714c4704b4d2ac06824cbf265f,ad9d33d9cf17a3363082e4c33e08023f6234ada81110733bec00c33d1c07669e,completed,3.0,3.0,62.0,0.0,0.0,41.0,41.0,41.0,0.0,1.0,0.0,0.0,400,0.013114452362060547,0.019458770751953125,0,0,0.0,2.939990318577944,0.010448016072103553,0.5525
1,phase_r9_combat,22,500,child_task3,weak_opponents,13007,task3_phase_r1_phase_r9_combat_s22_c0500_task3_125124f_s13007,/export/data/sfan/MLE_final_project/runs/task3_phase_r1_phase_r9_combat_s22_c0500_125124f/checkpoints/final.pt,125124f7c09f88714c4704b4d2ac06824cbf265f,ad9d33d9cf17a3363082e4c33e08023f6234ada81110733bec00c33d1c07669e,completed,6.0,6.0,17.0,0.0,0.0,33.0,33.0,33.0,0.0,1.0,0.0,0.0,400,0.016144990921020508,0.021141529083251953,0,0,1.1465900689621735,2.999263380021842,0.0,0.645
1,phase_r9_combat,22,500,child_task3,weak_opponents,13008,task3_phase_r1_phase_r9_combat_s22_c0500_task3_125124f_s13008,/export/data/sfan/MLE_final_project/runs/task3_phase_r1_phase_r9_combat_s22_c0500_125124f/checkpoints/final.pt,125124f7c09f88714c4704b4d2ac06824cbf265f,ad9d33d9cf17a3363082e4c33e08023f6234ada81110733bec00c33d1c07669e,completed,2.0,2.0,28.0,0.0,1.0,18.0,18.0,17.0,0.0,0.0,0.0,0.0,143,0.014644145965576172,0.017626285552978516,0,0,0.6004472208327285,144.7544465923465,0.0,0.6993006993006993
1,phase_r9_combat,22,500,child_task3,weak_opponents,13009,task3_phase_r1_phase_r9_combat_s22_c0500_task3_125124f_s13009,/export/data/sfan/MLE_final_project/runs/task3_phase_r1_phase_r9_combat_s22_c0500_125124f/checkpoints/final.pt,125124f7c09f88714c4704b4d2ac06824cbf265f,ad9d33d9cf17a3363082e4c33e08023f6234ada81110733bec00c33d1c07669e,completed,2.0,2.0,46.0,0.0,0.0,39.0,39.0,39.0,1.0,1.0,0.0,0.0,400,0.014685869216918945,0.02068328857421875,0,0,0.7559717599861104,24.021686771042262,0.0,0.4425
1,phase_r9_combat,22,500,child_task3,weak_opponents,13010,task3_phase_r1_phase_r9_combat_s22_c0500_task3_125124f_s13010,/export/data/sfan/MLE_final_project/runs/task3_phase_r1_phase_r9_combat_s22_c0500_125124f/checkpoints/final.pt,125124f7c09f88714c4704b4d2ac06824cbf265f,ad9d33d9cf17a3363082e4c33e08023f6234ada81110733bec00c33d1c07669e,completed,6.0,6.0,27.0,0.0,1.0,19.0,19.0,18.0,0.0,0.0,1.0,0.0,270,0.014852046966552734,0.01956915855407715,0,0,1.2559158498554586,5.817216223262775,0.14037843711612977,0.45185185185185184
1,phase_r9_combat,22,500,child_task3,weak_opponents,13011,task3_phase_r1_phase_r9_combat_s22_c0500_task3_125124f_s13011,/export/data/sfan/MLE_final_project/runs/task3_phase_r1_phase_r9_combat_s22_c0500_125124f/checkpoints/final.pt,125124f7c09f88714c4704b4d2ac06824cbf265f,ad9d33d9cf17a3363082e4c33e08023f6234ada81110733bec00c33d1c07669e,completed,3.0,3.0,60.0,0.0,0.0,31.0,31.0,31.0,0.0,1.0,1.0,0.0,400,0.01291513442993164,0.019963502883911133,0,0,0.8142068872879978,28.35846312098354,0.01744165479593762,0.2775
1,phase_r9_combat,22,500,child_task3,weak_opponents,13012,task3_phase_r1_phase_r9_combat_s22_c0500_task3_125124f_s13012,/export/data/sfan/MLE_final_project/runs/task3_phase_r1_phase_r9_combat_s22_c0500_125124f/checkpoints/final.pt,125124f7c09f88714c4704b4d2ac06824cbf265f,ad9d33d9cf17a3363082e4c33e08023f6234ada81110733bec00c33d1c07669e,completed,2.0,2.0,24.0,0.0,1.0,30.0,30.0,29.0,0.0,0.0,0.0,0.0,255,0.01698160171508789,0.02116250991821289,0,0,1.280411688049566,16.040897894465083,0.1341006529912275,0.4823529411764706
1,phase_r9_combat,22,500,child_task3,weak_opponents,13013,task3_phase_r1_phase_r9_combat_s22_c0500_task3_125124f_s13013,/export/data/sfan/MLE_final_project/runs/task3_phase_r1_phase_r9_combat_s22_c0500_125124f/checkpoints/final.pt,125124f7c09f88714c4704b4d2ac06824cbf265f,ad9d33d9cf17a3363082e4c33e08023f6234ada81110733bec00c33d1c07669e,completed,5.0,5.0,42.0,0.0,1.0,25.0,25.0,24.0,1.0,0.0,0.0,0.0,187,0.01341867446899414,0.02002739906311035,0,0,2.5054979888232802,32.706982739204555,0.0,0.6684491978609626
1,phase_r9_combat,22,500,child_task3,weak_opponents,13014,task3_phase_r1_phase_r9_combat_s22_c0500_task3_125124f_s13014,/export/data/sfan/MLE_final_project/runs/task3_phase_r1_phase_r9_combat_s22_c0500_125124f/checkpoints/final.pt,125124f7c09f88714c4704b4d2ac06824cbf265f,ad9d33d9cf17a3363082e4c33e08023f6234ada81110733bec00c33d1c07669e,completed,10.0,5.0,33.0,1.0,0.0,29.0,28.0,28.0,0.0,1.0,1.0,0.0,400,0.014870882034301758,0.018350839614868164,0,0,1.6210338590762878,7.168491048575477,0.0,0.3525
1,phase_r9_combat,22,500,child_task3,weak_opponents,13015,task3_phase_r1_phase_r9_combat_s22_c0500_task3_125124f_s13015,/export/data/sfan/MLE_final_project/runs/task3_phase_r1_phase_r9_combat_s22_c0500_125124f/checkpoints/final.pt,125124f7c09f88714c4704b4d2ac06824cbf265f,ad9d33d9cf17a3363082e4c33e08023f6234ada81110733bec00c33d1c07669e,completed,2.0,2.0,37.0,0.0,0.0,43.0,43.0,43.0,0.0,1.0,0.0,0.0,400,0.016376256942749023,0.02006363868713379,0,0,0.6948439177788008,19.11455936493328,0.0,0.425
1,phase_r9_combat,22,500,child_task3,weak_opponents,13016,task3_phase_r1_phase_r9_combat_s22_c0500_task3_125124f_s13016,/export/data/sfan/MLE_final_project/runs/task3_phase_r1_phase_r9_combat_s22_c0500_125124f/checkpoints/final.pt,125124f7c09f88714c4704b4d2ac06824cbf265f,ad9d33d9cf17a3363082e4c33e08023f6234ada81110733bec00c33d1c07669e,completed,8.0,3.0,51.0,1.0,0.0,43.0,43.0,43.0,0.0,1.0,1.0,0.0,400,0.016033411026000977,0.021881103515625,0,0,1.1829006804031186,24.10950873530767,0.0003320132209748971,0.6375
1,phase_r9_combat,22,500,child_task3,weak_opponents,13017,task3_phase_r1_phase_r9_combat_s22_c0500_task3_125124f_s13017,/export/data/sfan/MLE_final_project/runs/task3_phase_r1_phase_r9_combat_s22_c0500_125124f/checkpoints/final.pt,125124f7c09f88714c4704b4d2ac06824cbf265f,ad9d33d9cf17a3363082e4c33e08023f6234ada81110733bec00c33d1c07669e,completed,4.0,4.0,38.0,0.0,0.0,46.0,46.0,46.0,0.0,1.0,0.0,0.0,400,0.016236543655395508,0.02115917205810547,0,0,1.998317636061049,22.25108775807989,0.0,0.47
1,phase_r9_combat,22,500,child_task3,weak_opponents,13018,task3_phase_r1_phase_r9_combat_s22_c0500_task3_125124f_s13018,/export/data/sfan/MLE_final_project/runs/task3_phase_r1_phase_r9_combat_s22_c0500_125124f/checkpoints/final.pt,125124f7c09f88714c4704b4d2ac06824cbf265f,ad9d33d9cf17a3363082e4c33e08023f6234ada81110733bec00c33d1c07669e,completed,1.0,1.0,30.0,0.0,0.0,48.0,48.0,48.0,0.0,1.0,0.0,0.0,400,0.01632523536682129,0.02135634422302246,0,0,0.7973208246997837,16.108059316052778,0.0,0.585
1,phase_r9_combat,22,500,child_task3,weak_opponents,13019,task3_phase_r1_phase_r9_combat_s22_c0500_task3_125124f_s13019,/export/data/sfan/MLE_final_project/runs/task3_phase_r1_phase_r9_combat_s22_c0500_125124f/checkpoints/final.pt,125124f7c09f88714c4704b4d2ac06824cbf265f,ad9d33d9cf17a3363082e4c33e08023f6234ada81110733bec00c33d1c07669e,completed,4.0,4.0,34.0,0.0,0.0,42.0,42.0,42.0,0.0,1.0,0.0,0.0,400,0.01502537727355957,0.01766800880432129,0,0,2.577134064655404,18.72294325236736,0.025545297916349664,0.325
1,phase_r9_full,22,500,child_task1,coin_navigation,13000,task3_phase_r1_phase_r9_full_s22_c0500_task1_125124f_s13000,/export/data/sfan/MLE_final_project/runs/task3_phase_r1_phase_r9_full_s22_c0500_125124f/checkpoints/final.pt,125124f7c09f88714c4704b4d2ac06824cbf265f,ad9d33d9cf17a3363082e4c33e08023f6234ada81110733bec00c33d1c07669e,completed,50.0,50.0,0.0,0.0,0.0,0.0,0.0,0.0,0.0,1.0,1.0,0.0,135,0.04070162773132324,0.041509151458740234,0,0,,,,
1,phase_r9_full,22,500,child_task1,coin_navigation,13001,task3_phase_r1_phase_r9_full_s22_c0500_task1_125124f_s13001,/export/data/sfan/MLE_final_project/runs/task3_phase_r1_phase_r9_full_s22_c0500_125124f/checkpoints/final.pt,125124f7c09f88714c4704b4d2ac06824cbf265f,ad9d33d9cf17a3363082e4c33e08023f6234ada81110733bec00c33d1c07669e,completed,50.0,50.0,0.0,0.0,0.0,0.0,0.0,0.0,0.0,1.0,1.0,0.0,128,0.039823293685913086,0.04303455352783203,0,0,,,,
1,phase_r9_full,22,500,child_task1,coin_navigation,13002,task3_phase_r1_phase_r9_full_s22_c0500_task1_125124f_s13002,/export/data/sfan/MLE_final_project/runs/task3_phase_r1_phase_r9_full_s22_c0500_125124f/checkpoints/final.pt,125124f7c09f88714c4704b4d2ac06824cbf265f,ad9d33d9cf17a3363082e4c33e08023f6234ada81110733bec00c33d1c07669e,completed,50.0,50.0,0.0,0.0,0.0,0.0,0.0,0.0,0.0,1.0,1.0,0.0,118,0.04102587699890137,0.043617963790893555,0,0,,,,
1,phase_r9_full,22,500,child_task1,coin_navigation,13003,task3_phase_r1_phase_r9_full_s22_c0500_task1_125124f_s13003,/export/data/sfan/MLE_final_project/runs/task3_phase_r1_phase_r9_full_s22_c0500_125124f/checkpoints/final.pt,125124f7c09f88714c4704b4d2ac06824cbf265f,ad9d33d9cf17a3363082e4c33e08023f6234ada81110733bec00c33d1c07669e,completed,50.0,50.0,0.0,0.0,0.0,0.0,0.0,0.0,0.0,1.0,1.0,0.0,130,0.040735721588134766,0.04264259338378906,0,0,,,,
1,phase_r9_full,22,500,child_task1,coin_navigation,13004,task3_phase_r1_phase_r9_full_s22_c0500_task1_125124f_s13004,/export/data/sfan/MLE_final_project/runs/task3_phase_r1_phase_r9_full_s22_c0500_125124f/checkpoints/final.pt,125124f7c09f88714c4704b4d2ac06824cbf265f,ad9d33d9cf17a3363082e4c33e08023f6234ada81110733bec00c33d1c07669e,completed,50.0,50.0,0.0,0.0,0.0,0.0,0.0,0.0,0.0,1.0,1.0,0.0,110,0.04080605506896973,0.041683197021484375,0,0,,,,
1,phase_r9_full,22,500,child_task1,coin_navigation,13005,task3_phase_r1_phase_r9_full_s22_c0500_task1_125124f_s13005,/export/data/sfan/MLE_final_project/runs/task3_phase_r1_phase_r9_full_s22_c0500_125124f/checkpoints/final.pt,125124f7c09f88714c4704b4d2ac06824cbf265f,ad9d33d9cf17a3363082e4c33e08023f6234ada81110733bec00c33d1c07669e,completed,50.0,50.0,0.0,0.0,0.0,0.0,0.0,0.0,0.0,1.0,1.0,0.0,139,0.041579246520996094,0.04526209831237793,0,0,,,,
1,phase_r9_full,22,500,child_task1,coin_navigation,13006,task3_phase_r1_phase_r9_full_s22_c0500_task1_125124f_s13006,/export/data/sfan/MLE_final_project/runs/task3_phase_r1_phase_r9_full_s22_c0500_125124f/checkpoints/final.pt,125124f7c09f88714c4704b4d2ac06824cbf265f,ad9d33d9cf17a3363082e4c33e08023f6234ada81110733bec00c33d1c07669e,completed,50.0,50.0,0.0,0.0,0.0,0.0,0.0,0.0,0.0,1.0,1.0,0.0,115,0.01980757713317871,0.020638227462768555,0,0,,,,
1,phase_r9_full,22,500,child_task1,coin_navigation,13007,task3_phase_r1_phase_r9_full_s22_c0500_task1_125124f_s13007,/export/data/sfan/MLE_final_project/runs/task3_phase_r1_phase_r9_full_s22_c0500_125124f/checkpoints/final.pt,125124f7c09f88714c4704b4d2ac06824cbf265f,ad9d33d9cf17a3363082e4c33e08023f6234ada81110733bec00c33d1c07669e,completed,50.0,50.0,0.0,0.0,0.0,0.0,0.0,0.0,0.0,1.0,1.0,0.0,132,0.019481420516967773,0.019906997680664062,0,0,,,,
1,phase_r9_full,22,500,child_task1,coin_navigation,13008,task3_phase_r1_phase_r9_full_s22_c0500_task1_125124f_s13008,/export/data/sfan/MLE_final_project/runs/task3_phase_r1_phase_r9_full_s22_c0500_125124f/checkpoints/final.pt,125124f7c09f88714c4704b4d2ac06824cbf265f,ad9d33d9cf17a3363082e4c33e08023f6234ada81110733bec00c33d1c07669e,completed,50.0,50.0,0.0,0.0,0.0,0.0,0.0,0.0,0.0,1.0,1.0,0.0,131,0.01967787742614746,0.020552396774291992,0,0,,,,
1,phase_r9_full,22,500,child_task1,coin_navigation,13009,task3_phase_r1_phase_r9_full_s22_c0500_task1_125124f_s13009,/export/data/sfan/MLE_final_project/runs/task3_phase_r1_phase_r9_full_s22_c0500_125124f/checkpoints/final.pt,125124f7c09f88714c4704b4d2ac06824cbf265f,ad9d33d9cf17a3363082e4c33e08023f6234ada81110733bec00c33d1c07669e,completed,50.0,50.0,0.0,0.0,0.0,0.0,0.0,0.0,0.0,1.0,1.0,0.0,139,0.01998281478881836,0.02075505256652832,0,0,,,,
1,phase_r9_full,22,500,child_task1,coin_navigation,13010,task3_phase_r1_phase_r9_full_s22_c0500_task1_125124f_s13010,/export/data/sfan/MLE_final_project/runs/task3_phase_r1_phase_r9_full_s22_c0500_125124f/checkpoints/final.pt,125124f7c09f88714c4704b4d2ac06824cbf265f,ad9d33d9cf17a3363082e4c33e08023f6234ada81110733bec00c33d1c07669e,completed,50.0,50.0,0.0,0.0,0.0,0.0,0.0,0.0,0.0,1.0,1.0,0.0,127,0.020274877548217773,0.02151179313659668,0,0,,,,
1,phase_r9_full,22,500,child_task1,coin_navigation,13011,task3_phase_r1_phase_r9_full_s22_c0500_task1_125124f_s13011,/export/data/sfan/MLE_final_project/runs/task3_phase_r1_phase_r9_full_s22_c0500_125124f/checkpoints/final.pt,125124f7c09f88714c4704b4d2ac06824cbf265f,ad9d33d9cf17a3363082e4c33e08023f6234ada81110733bec00c33d1c07669e,completed,50.0,50.0,0.0,0.0,0.0,0.0,0.0,0.0,0.0,1.0,1.0,0.0,126,0.01986384391784668,0.020594120025634766,0,0,,,,
1,phase_r9_full,22,500,child_task1,coin_navigation,13012,task3_phase_r1_phase_r9_full_s22_c0500_task1_125124f_s13012,/export/data/sfan/MLE_final_project/runs/task3_phase_r1_phase_r9_full_s22_c0500_125124f/checkpoints/final.pt,125124f7c09f88714c4704b4d2ac06824cbf265f,ad9d33d9cf17a3363082e4c33e08023f6234ada81110733bec00c33d1c07669e,completed,50.0,50.0,0.0,0.0,0.0,0.0,0.0,0.0,0.0,1.0,1.0,0.0,129,0.0204923152923584,0.0208437442779541,0,0,,,,
1,phase_r9_full,22,500,child_task1,coin_navigation,13013,task3_phase_r1_phase_r9_full_s22_c0500_task1_125124f_s13013,/export/data/sfan/MLE_final_project/runs/task3_phase_r1_phase_r9_full_s22_c0500_125124f/checkpoints/final.pt,125124f7c09f88714c4704b4d2ac06824cbf265f,ad9d33d9cf17a3363082e4c33e08023f6234ada81110733bec00c33d1c07669e,completed,50.0,50.0,0.0,0.0,0.0,0.0,0.0,0.0,0.0,1.0,1.0,0.0,116,0.0196988582611084,0.02037501335144043,0,0,,,,
1,phase_r9_full,22,500,child_task1,coin_navigation,13014,task3_phase_r1_phase_r9_full_s22_c0500_task1_125124f_s13014,/export/data/sfan/MLE_final_project/runs/task3_phase_r1_phase_r9_full_s22_c0500_125124f/checkpoints/final.pt,125124f7c09f88714c4704b4d2ac06824cbf265f,ad9d33d9cf17a3363082e4c33e08023f6234ada81110733bec00c33d1c07669e,completed,50.0,50.0,0.0,0.0,0.0,0.0,0.0,0.0,0.0,1.0,1.0,0.0,129,0.020051240921020508,0.02068614959716797,0,0,,,,
1,phase_r9_full,22,500,child_task1,coin_navigation,13015,task3_phase_r1_phase_r9_full_s22_c0500_task1_125124f_s13015,/export/data/sfan/MLE_final_project/runs/task3_phase_r1_phase_r9_full_s22_c0500_125124f/checkpoints/final.pt,125124f7c09f88714c4704b4d2ac06824cbf265f,ad9d33d9cf17a3363082e4c33e08023f6234ada81110733bec00c33d1c07669e,completed,50.0,50.0,0.0,0.0,0.0,0.0,0.0,0.0,0.0,1.0,1.0,0.0,138,0.02049088478088379,0.020979881286621094,0,0,,,,
1,phase_r9_full,22,500,child_task1,coin_navigation,13016,task3_phase_r1_phase_r9_full_s22_c0500_task1_125124f_s13016,/export/data/sfan/MLE_final_project/runs/task3_phase_r1_phase_r9_full_s22_c0500_125124f/checkpoints/final.pt,125124f7c09f88714c4704b4d2ac06824cbf265f,ad9d33d9cf17a3363082e4c33e08023f6234ada81110733bec00c33d1c07669e,completed,50.0,50.0,0.0,0.0,0.0,0.0,0.0,0.0,0.0,1.0,1.0,0.0,146,0.01990342140197754,0.02066969871520996,0,0,,,,
1,phase_r9_full,22,500,child_task1,coin_navigation,13017,task3_phase_r1_phase_r9_full_s22_c0500_task1_125124f_s13017,/export/data/sfan/MLE_final_project/runs/task3_phase_r1_phase_r9_full_s22_c0500_125124f/checkpoints/final.pt,125124f7c09f88714c4704b4d2ac06824cbf265f,ad9d33d9cf17a3363082e4c33e08023f6234ada81110733bec00c33d1c07669e,completed,50.0,50.0,0.0,0.0,0.0,0.0,0.0,0.0,0.0,1.0,1.0,0.0,123,0.02072286605834961,0.021505117416381836,0,0,,,,
1,phase_r9_full,22,500,child_task1,coin_navigation,13018,task3_phase_r1_phase_r9_full_s22_c0500_task1_125124f_s13018,/export/data/sfan/MLE_final_project/runs/task3_phase_r1_phase_r9_full_s22_c0500_125124f/checkpoints/final.pt,125124f7c09f88714c4704b4d2ac06824cbf265f,ad9d33d9cf17a3363082e4c33e08023f6234ada81110733bec00c33d1c07669e,completed,50.0,50.0,0.0,0.0,0.0,0.0,0.0,0.0,0.0,1.0,1.0,0.0,125,0.020227670669555664,0.021245956420898438,0,0,,,,
1,phase_r9_full,22,500,child_task1,coin_navigation,13019,task3_phase_r1_phase_r9_full_s22_c0500_task1_125124f_s13019,/export/data/sfan/MLE_final_project/runs/task3_phase_r1_phase_r9_full_s22_c0500_125124f/checkpoints/final.pt,125124f7c09f88714c4704b4d2ac06824cbf265f,ad9d33d9cf17a3363082e4c33e08023f6234ada81110733bec00c33d1c07669e,completed,50.0,50.0,0.0,0.0,0.0,0.0,0.0,0.0,0.0,1.0,1.0,0.0,124,0.019804716110229492,0.02061319351196289,0,0,,,,
1,phase_r9_full,22,500,child_task2,crate_navigation,13000,task3_phase_r1_phase_r9_full_s22_c0500_task2_125124f_s13000,/export/data/sfan/MLE_final_project/runs/task3_phase_r1_phase_r9_full_s22_c0500_125124f/checkpoints/final.pt,125124f7c09f88714c4704b4d2ac06824cbf265f,ad9d33d9cf17a3363082e4c33e08023f6234ada81110733bec00c33d1c07669e,completed,6.0,6.0,84.0,0.0,0.0,38.0,38.0,38.0,0.0,1.0,1.0,0.0,400,0.02394866943359375,0.034990549087524414,0,0,,,,
1,phase_r9_full,22,500,child_task2,crate_navigation,13001,task3_phase_r1_phase_r9_full_s22_c0500_task2_125124f_s13001,/export/data/sfan/MLE_final_project/runs/task3_phase_r1_phase_r9_full_s22_c0500_125124f/checkpoints/final.pt,125124f7c09f88714c4704b4d2ac06824cbf265f,ad9d33d9cf17a3363082e4c33e08023f6234ada81110733bec00c33d1c07669e,completed,7.0,7.0,96.0,0.0,0.0,42.0,42.0,42.0,0.0,1.0,1.0,0.0,400,0.03277397155761719,0.03990602493286133,0,0,,,,
1,phase_r9_full,22,500,child_task2,crate_navigation,13002,task3_phase_r1_phase_r9_full_s22_c0500_task2_125124f_s13002,/export/data/sfan/MLE_final_project/runs/task3_phase_r1_phase_r9_full_s22_c0500_125124f/checkpoints/final.pt,125124f7c09f88714c4704b4d2ac06824cbf265f,ad9d33d9cf17a3363082e4c33e08023f6234ada81110733bec00c33d1c07669e,completed,7.0,7.0,113.0,0.0,0.0,50.0,50.0,50.0,0.0,1.0,1.0,0.0,400,0.03040790557861328,0.03707242012023926,0,0,,,,
1,phase_r9_full,22,500,child_task2,crate_navigation,13003,task3_phase_r1_phase_r9_full_s22_c0500_task2_125124f_s13003,/export/data/sfan/MLE_final_project/runs/task3_phase_r1_phase_r9_full_s22_c0500_125124f/checkpoints/final.pt,125124f7c09f88714c4704b4d2ac06824cbf265f,ad9d33d9cf17a3363082e4c33e08023f6234ada81110733bec00c33d1c07669e,completed,7.0,7.0,74.0,0.0,0.0,31.0,31.0,31.0,0.0,1.0,1.0,0.0,400,0.034592390060424805,0.04013395309448242,0,0,,,,
1,phase_r9_full,22,500,child_task2,crate_navigation,13004,task3_phase_r1_phase_r9_full_s22_c0500_task2_125124f_s13004,/export/data/sfan/MLE_final_project/runs/task3_phase_r1_phase_r9_full_s22_c0500_125124f/checkpoints/final.pt,125124f7c09f88714c4704b4d2ac06824cbf265f,ad9d33d9cf17a3363082e4c33e08023f6234ada81110733bec00c33d1c07669e,completed,6.0,6.0,84.0,0.0,0.0,48.0,48.0,48.0,0.0,1.0,1.0,0.0,400,0.024384260177612305,0.034590721130371094,0,0,,,,
1,phase_r9_full,22,500,child_task2,crate_navigation,13005,task3_phase_r1_phase_r9_full_s22_c0500_task2_125124f_s13005,/export/data/sfan/MLE_final_project/runs/task3_phase_r1_phase_r9_full_s22_c0500_125124f/checkpoints/final.pt,125124f7c09f88714c4704b4d2ac06824cbf265f,ad9d33d9cf17a3363082e4c33e08023f6234ada81110733bec00c33d1c07669e,completed,5.0,5.0,54.0,0.0,0.0,50.0,50.0,50.0,0.0,1.0,1.0,0.0,400,0.02371382713317871,0.03680229187011719,0,0,,,,
1,phase_r9_full,22,500,child_task2,crate_navigation,13006,task3_phase_r1_phase_r9_full_s22_c0500_task2_125124f_s13006,/export/data/sfan/MLE_final_project/runs/task3_phase_r1_phase_r9_full_s22_c0500_125124f/checkpoints/final.pt,125124f7c09f88714c4704b4d2ac06824cbf265f,ad9d33d9cf17a3363082e4c33e08023f6234ada81110733bec00c33d1c07669e,completed,4.0,4.0,76.0,0.0,0.0,46.0,46.0,46.0,0.0,1.0,1.0,0.0,400,0.03165936470031738,0.03941941261291504,0,0,,,,
1,phase_r9_full,22,500,child_task2,crate_navigation,13007,task3_phase_r1_phase_r9_full_s22_c0500_task2_125124f_s13007,/export/data/sfan/MLE_final_project/runs/task3_phase_r1_phase_r9_full_s22_c0500_125124f/checkpoints/final.pt,125124f7c09f88714c4704b4d2ac06824cbf265f,ad9d33d9cf17a3363082e4c33e08023f6234ada81110733bec00c33d1c07669e,completed,4.0,4.0,63.0,0.0,0.0,48.0,48.0,48.0,0.0,1.0,1.0,0.0,400,0.025439023971557617,0.03240823745727539,0,0,,,,
1,phase_r9_full,22,500,child_task2,crate_navigation,13008,task3_phase_r1_phase_r9_full_s22_c0500_task2_125124f_s13008,/export/data/sfan/MLE_final_project/runs/task3_phase_r1_phase_r9_full_s22_c0500_125124f/checkpoints/final.pt,125124f7c09f88714c4704b4d2ac06824cbf265f,ad9d33d9cf17a3363082e4c33e08023f6234ada81110733bec00c33d1c07669e,completed,8.0,8.0,97.0,0.0,0.0,45.0,45.0,45.0,0.0,1.0,1.0,0.0,400,0.02595210075378418,0.035373687744140625,0,0,,,,
1,phase_r9_full,22,500,child_task2,crate_navigation,13009,task3_phase_r1_phase_r9_full_s22_c0500_task2_125124f_s13009,/export/data/sfan/MLE_final_project/runs/task3_phase_r1_phase_r9_full_s22_c0500_125124f/checkpoints/final.pt,125124f7c09f88714c4704b4d2ac06824cbf265f,ad9d33d9cf17a3363082e4c33e08023f6234ada81110733bec00c33d1c07669e,completed,8.0,8.0,105.0,0.0,0.0,51.0,51.0,51.0,0.0,1.0,1.0,0.0,400,0.025525808334350586,0.03643488883972168,0,0,,,,
1,phase_r9_full,22,500,child_task2,crate_navigation,13010,task3_phase_r1_phase_r9_full_s22_c0500_task2_125124f_s13010,/export/data/sfan/MLE_final_project/runs/task3_phase_r1_phase_r9_full_s22_c0500_125124f/checkpoints/final.pt,125124f7c09f88714c4704b4d2ac06824cbf265f,ad9d33d9cf17a3363082e4c33e08023f6234ada81110733bec00c33d1c07669e,completed,4.0,4.0,61.0,0.0,0.0,37.0,37.0,37.0,0.0,1.0,1.0,0.0,400,0.03415989875793457,0.04012727737426758,0,0,,,,
1,phase_r9_full,22,500,child_task2,crate_navigation,13011,task3_phase_r1_phase_r9_full_s22_c0500_task2_125124f_s13011,/export/data/sfan/MLE_final_project/runs/task3_phase_r1_phase_r9_full_s22_c0500_125124f/checkpoints/final.pt,125124f7c09f88714c4704b4d2ac06824cbf265f,ad9d33d9cf17a3363082e4c33e08023f6234ada81110733bec00c33d1c07669e,completed,7.0,7.0,87.0,0.0,0.0,40.0,40.0,40.0,0.0,1.0,1.0,0.0,400,0.0337677001953125,0.04092669486999512,0,0,,,,
1,phase_r9_full,22,500,child_task2,crate_navigation,13012,task3_phase_r1_phase_r9_full_s22_c0500_task2_125124f_s13012,/export/data/sfan/MLE_final_project/runs/task3_phase_r1_phase_r9_full_s22_c0500_125124f/checkpoints/final.pt,125124f7c09f88714c4704b4d2ac06824cbf265f,ad9d33d9cf17a3363082e4c33e08023f6234ada81110733bec00c33d1c07669e,completed,8.0,8.0,105.0,0.0,0.0,43.0,43.0,43.0,0.0,1.0,1.0,0.0,400,0.019222259521484375,0.030837297439575195,0,0,,,,
1,phase_r9_full,22,500,child_task2,crate_navigation,13013,task3_phase_r1_phase_r9_full_s22_c0500_task2_125124f_s13013,/export/data/sfan/MLE_final_project/runs/task3_phase_r1_phase_r9_full_s22_c0500_125124f/checkpoints/final.pt,125124f7c09f88714c4704b4d2ac06824cbf265f,ad9d33d9cf17a3363082e4c33e08023f6234ada81110733bec00c33d1c07669e,completed,4.0,4.0,98.0,0.0,0.0,34.0,34.0,34.0,0.0,1.0,1.0,0.0,400,0.014821052551269531,0.018842220306396484,0,0,,,,
1,phase_r9_full,22,500,child_task2,crate_navigation,13014,task3_phase_r1_phase_r9_full_s22_c0500_task2_125124f_s13014,/export/data/sfan/MLE_final_project/runs/task3_phase_r1_phase_r9_full_s22_c0500_125124f/checkpoints/final.pt,125124f7c09f88714c4704b4d2ac06824cbf265f,ad9d33d9cf17a3363082e4c33e08023f6234ada81110733bec00c33d1c07669e,completed,3.0,3.0,33.0,0.0,0.0,49.0,49.0,49.0,0.0,1.0,1.0,0.0,400,0.012238025665283203,0.016544103622436523,0,0,,,,
1,phase_r9_full,22,500,child_task2,crate_navigation,13015,task3_phase_r1_phase_r9_full_s22_c0500_task2_125124f_s13015,/export/data/sfan/MLE_final_project/runs/task3_phase_r1_phase_r9_full_s22_c0500_125124f/checkpoints/final.pt,125124f7c09f88714c4704b4d2ac06824cbf265f,ad9d33d9cf17a3363082e4c33e08023f6234ada81110733bec00c33d1c07669e,completed,5.0,5.0,62.0,0.0,0.0,40.0,40.0,40.0,0.0,1.0,1.0,0.0,400,0.012160778045654297,0.017775535583496094,0,0,,,,
1,phase_r9_full,22,500,child_task2,crate_navigation,13016,task3_phase_r1_phase_r9_full_s22_c0500_task2_125124f_s13016,/export/data/sfan/MLE_final_project/runs/task3_phase_r1_phase_r9_full_s22_c0500_125124f/checkpoints/final.pt,125124f7c09f88714c4704b4d2ac06824cbf265f,ad9d33d9cf17a3363082e4c33e08023f6234ada81110733bec00c33d1c07669e,completed,7.0,7.0,112.0,0.0,0.0,50.0,50.0,50.0,0.0,1.0,1.0,0.0,400,0.012842416763305664,0.018110275268554688,0,0,,,,
1,phase_r9_full,22,500,child_task2,crate_navigation,13017,task3_phase_r1_phase_r9_full_s22_c0500_task2_125124f_s13017,/export/data/sfan/MLE_final_project/runs/task3_phase_r1_phase_r9_full_s22_c0500_125124f/checkpoints/final.pt,125124f7c09f88714c4704b4d2ac06824cbf265f,ad9d33d9cf17a3363082e4c33e08023f6234ada81110733bec00c33d1c07669e,completed,6.0,6.0,98.0,0.0,0.0,48.0,47.0,47.0,0.0,1.0,1.0,0.0,400,0.014527320861816406,0.0179746150970459,0,0,,,,
1,phase_r9_full,22,500,child_task2,crate_navigation,13018,task3_phase_r1_phase_r9_full_s22_c0500_task2_125124f_s13018,/export/data/sfan/MLE_final_project/runs/task3_phase_r1_phase_r9_full_s22_c0500_125124f/checkpoints/final.pt,125124f7c09f88714c4704b4d2ac06824cbf265f,ad9d33d9cf17a3363082e4c33e08023f6234ada81110733bec00c33d1c07669e,completed,6.0,6.0,53.0,0.0,0.0,47.0,47.0,47.0,0.0,1.0,1.0,0.0,400,0.011835813522338867,0.014142751693725586,0,0,,,,
1,phase_r9_full,22,500,child_task2,crate_navigation,13019,task3_phase_r1_phase_r9_full_s22_c0500_task2_125124f_s13019,/export/data/sfan/MLE_final_project/runs/task3_phase_r1_phase_r9_full_s22_c0500_125124f/checkpoints/final.pt,125124f7c09f88714c4704b4d2ac06824cbf265f,ad9d33d9cf17a3363082e4c33e08023f6234ada81110733bec00c33d1c07669e,completed,7.0,7.0,96.0,0.0,0.0,50.0,50.0,50.0,0.0,1.0,1.0,0.0,400,0.01129770278930664,0.01610732078552246,0,0,,,,
1,phase_r9_full,22,500,child_task3,weak_opponents,13000,task3_phase_r1_phase_r9_full_s22_c0500_task3_125124f_s13000,/export/data/sfan/MLE_final_project/runs/task3_phase_r1_phase_r9_full_s22_c0500_125124f/checkpoints/final.pt,125124f7c09f88714c4704b4d2ac06824cbf265f,ad9d33d9cf17a3363082e4c33e08023f6234ada81110733bec00c33d1c07669e,completed,4.0,4.0,36.0,0.0,0.0,50.0,49.0,49.0,0.0,1.0,0.0,0.0,400,0.01432490348815918,0.017016172409057617,0,0,2.8278963527882657,22.601188083145754,0.0,0.765
1,phase_r9_full,22,500,child_task3,weak_opponents,13001,task3_phase_r1_phase_r9_full_s22_c0500_task3_125124f_s13001,/export/data/sfan/MLE_final_project/runs/task3_phase_r1_phase_r9_full_s22_c0500_125124f/checkpoints/final.pt,125124f7c09f88714c4704b4d2ac06824cbf265f,ad9d33d9cf17a3363082e4c33e08023f6234ada81110733bec00c33d1c07669e,completed,0.0,0.0,44.0,0.0,0.0,43.0,42.0,42.0,0.0,1.0,0.0,0.0,400,0.017830371856689453,0.037577152252197266,0,0,0.0,27.16430949494033,0.0,0.59
1,phase_r9_full,22,500,child_task3,weak_opponents,13002,task3_phase_r1_phase_r9_full_s22_c0500_task3_125124f_s13002,/export/data/sfan/MLE_final_project/runs/task3_phase_r1_phase_r9_full_s22_c0500_125124f/checkpoints/final.pt,125124f7c09f88714c4704b4d2ac06824cbf265f,ad9d33d9cf17a3363082e4c33e08023f6234ada81110733bec00c33d1c07669e,completed,4.0,4.0,47.0,0.0,0.0,53.0,52.0,52.0,0.0,1.0,0.0,0.0,400,0.015168905258178711,0.019475221633911133,0,0,2.7095800726305566,34.13199301190337,0.0,0.6375
1,phase_r9_full,22,500,child_task3,weak_opponents,13003,task3_phase_r1_phase_r9_full_s22_c0500_task3_125124f_s13003,/export/data/sfan/MLE_final_project/runs/task3_phase_r1_phase_r9_full_s22_c0500_125124f/checkpoints/final.pt,125124f7c09f88714c4704b4d2ac06824cbf265f,ad9d33d9cf17a3363082e4c33e08023f6234ada81110733bec00c33d1c07669e,completed,6.0,6.0,38.0,0.0,0.0,32.0,31.0,31.0,0.0,1.0,0.0,0.0,400,0.014021873474121094,0.019183874130249023,0,0,1.0467654996414657,20.43921418721392,0.0,0.47
1,phase_r9_full,22,500,child_task3,weak_opponents,13004,task3_phase_r1_phase_r9_full_s22_c0500_task3_125124f_s13004,/export/data/sfan/MLE_final_project/runs/task3_phase_r1_phase_r9_full_s22_c0500_125124f/checkpoints/final.pt,125124f7c09f88714c4704b4d2ac06824cbf265f,ad9d33d9cf17a3363082e4c33e08023f6234ada81110733bec00c33d1c07669e,completed,8.0,3.0,27.0,1.0,0.0,19.0,19.0,19.0,0.0,1.0,1.0,0.0,400,0.01338505744934082,0.050592660903930664,0,0,3.7787970299569733,28.172620923703896,0.0011383989404442376,0.7475
1,phase_r9_full,22,500,child_task3,weak_opponents,13005,task3_phase_r1_phase_r9_full_s22_c0500_task3_125124f_s13005,/export/data/sfan/MLE_final_project/runs/task3_phase_r1_phase_r9_full_s22_c0500_125124f/checkpoints/final.pt,125124f7c09f88714c4704b4d2ac06824cbf265f,ad9d33d9cf17a3363082e4c33e08023f6234ada81110733bec00c33d1c07669e,completed,5.0,5.0,35.0,0.0,0.0,55.0,54.0,54.0,0.0,1.0,1.0,0.0,400,0.015221118927001953,0.019273042678833008,0,0,0.7156365607178679,18.247559427020743,0.003888545408913012,0.62
1,phase_r9_full,22,500,child_task3,weak_opponents,13006,task3_phase_r1_phase_r9_full_s22_c0500_task3_125124f_s13006,/export/data/sfan/MLE_final_project/runs/task3_phase_r1_phase_r9_full_s22_c0500_125124f/checkpoints/final.pt,125124f7c09f88714c4704b4d2ac06824cbf265f,ad9d33d9cf17a3363082e4c33e08023f6234ada81110733bec00c33d1c07669e,completed,2.0,2.0,15.0,0.0,0.0,10.0,10.0,10.0,0.0,1.0,0.0,0.0,400,0.009315013885498047,0.01201629638671875,0,0,1.9000816996190937,18.217383290629243,0.0,0.9575
1,phase_r9_full,22,500,child_task3,weak_opponents,13007,task3_phase_r1_phase_r9_full_s22_c0500_task3_125124f_s13007,/export/data/sfan/MLE_final_project/runs/task3_phase_r1_phase_r9_full_s22_c0500_125124f/checkpoints/final.pt,125124f7c09f88714c4704b4d2ac06824cbf265f,ad9d33d9cf17a3363082e4c33e08023f6234ada81110733bec00c33d1c07669e,completed,4.0,4.0,33.0,0.0,0.0,43.0,43.0,43.0,0.0,1.0,0.0,0.0,400,0.01569962501525879,0.019581079483032227,0,0,2.862810488144576,18.758201118586303,0.0,0.5725
1,phase_r9_full,22,500,child_task3,weak_opponents,13008,task3_phase_r1_phase_r9_full_s22_c0500_task3_125124f_s13008,/export/data/sfan/MLE_final_project/runs/task3_phase_r1_phase_r9_full_s22_c0500_125124f/checkpoints/final.pt,125124f7c09f88714c4704b4d2ac06824cbf265f,ad9d33d9cf17a3363082e4c33e08023f6234ada81110733bec00c33d1c07669e,completed,3.0,3.0,44.0,0.0,0.0,53.0,52.0,52.0,0.0,1.0,0.0,0.0,400,0.014954090118408203,0.025945186614990234,0,0,1.0739613392139,20.648728905627582,0.0,0.5175
1,phase_r9_full,22,500,child_task3,weak_opponents,13009,task3_phase_r1_phase_r9_full_s22_c0500_task3_125124f_s13009,/export/data/sfan/MLE_final_project/runs/task3_phase_r1_phase_r9_full_s22_c0500_125124f/checkpoints/final.pt,125124f7c09f88714c4704b4d2ac06824cbf265f,ad9d33d9cf17a3363082e4c33e08023f6234ada81110733bec00c33d1c07669e,completed,8.0,3.0,35.0,1.0,0.0,28.0,27.0,27.0,1.0,1.0,1.0,0.0,400,0.014370203018188477,0.01956653594970703,0,0,0.6791569184614309,29.75128534086056,0.0,0.5475
1,phase_r9_full,22,500,child_task3,weak_opponents,13010,task3_phase_r1_phase_r9_full_s22_c0500_task3_125124f_s13010,/export/data/sfan/MLE_final_project/runs/task3_phase_r1_phase_r9_full_s22_c0500_125124f/checkpoints/final.pt,125124f7c09f88714c4704b4d2ac06824cbf265f,ad9d33d9cf17a3363082e4c33e08023f6234ada81110733bec00c33d1c07669e,completed,2.0,2.0,22.0,0.0,0.0,42.0,42.0,42.0,0.0,1.0,0.0,0.0,400,0.018463611602783203,0.02162957191467285,0,0,1.1085650653881063,11.026889940251465,0.0,0.6725
1,phase_r9_full,22,500,child_task3,weak_opponents,13011,task3_phase_r1_phase_r9_full_s22_c0500_task3_125124f_s13011,/export/data/sfan/MLE_final_project/runs/task3_phase_r1_phase_r9_full_s22_c0500_125124f/checkpoints/final.pt,125124f7c09f88714c4704b4d2ac06824cbf265f,ad9d33d9cf17a3363082e4c33e08023f6234ada81110733bec00c33d1c07669e,completed,5.0,0.0,25.0,1.0,1.0,10.0,10.0,9.0,0.0,0.0,1.0,0.0,91,0.012900114059448242,0.015565156936645508,0,0,0.0,580.6087011453595,0.0,0.2857142857142857
1,phase_r9_full,22,500,child_task3,weak_opponents,13012,task3_phase_r1_phase_r9_full_s22_c0500_task3_125124f_s13012,/export/data/sfan/MLE_final_project/runs/task3_phase_r1_phase_r9_full_s22_c0500_125124f/checkpoints/final.pt,125124f7c09f88714c4704b4d2ac06824cbf265f,ad9d33d9cf17a3363082e4c33e08023f6234ada81110733bec00c33d1c07669e,completed,4.0,4.0,37.0,0.0,1.0,18.0,18.0,17.0,0.0,0.0,0.0,0.0,163,0.01759624481201172,0.02040576934814453,0,0,1.496607490097093,140.85361564022784,0.0,0.31901840490797545
1,phase_r9_full,22,500,child_task3,weak_opponents,13013,task3_phase_r1_phase_r9_full_s22_c0500_task3_125124f_s13013,/export/data/sfan/MLE_final_project/runs/task3_phase_r1_phase_r9_full_s22_c0500_125124f/checkpoints/final.pt,125124f7c09f88714c4704b4d2ac06824cbf265f,ad9d33d9cf17a3363082e4c33e08023f6234ada81110733bec00c33d1c07669e,completed,6.0,1.0,43.0,1.0,0.0,48.0,48.0,48.0,0.0,1.0,0.0,0.0,400,0.015463590621948242,0.021486997604370117,0,0,0.8141944592231717,12.72551111758434,0.0,0.725
1,phase_r9_full,22,500,child_task3,weak_opponents,13014,task3_phase_r1_phase_r9_full_s22_c0500_task3_125124f_s13014,/export/data/sfan/MLE_final_project/runs/task3_phase_r1_phase_r9_full_s22_c0500_125124f/checkpoints/final.pt,125124f7c09f88714c4704b4d2ac06824cbf265f,ad9d33d9cf17a3363082e4c33e08023f6234ada81110733bec00c33d1c07669e,completed,2.0,2.0,21.0,0.0,1.0,32.0,32.0,31.0,0.0,0.0,0.0,0.0,265,0.015470504760742188,0.01813960075378418,0,0,0.48315536437925977,10.955962332215416,0.12215010099432477,0.6679245283018868
1,phase_r9_full,22,500,child_task3,weak_opponents,13015,task3_phase_r1_phase_r9_full_s22_c0500_task3_125124f_s13015,/export/data/sfan/MLE_final_project/runs/task3_phase_r1_phase_r9_full_s22_c0500_125124f/checkpoints/final.pt,125124f7c09f88714c4704b4d2ac06824cbf265f,ad9d33d9cf17a3363082e4c33e08023f6234ada81110733bec00c33d1c07669e,completed,1.0,1.0,26.0,0.0,0.0,38.0,38.0,38.0,0.0,1.0,0.0,0.0,400,0.016065120697021484,0.01921534538269043,0,0,0.6760999595563975,19.86233210583452,0.0,0.6975
1,phase_r9_full,22,500,child_task3,weak_opponents,13016,task3_phase_r1_phase_r9_full_s22_c0500_task3_125124f_s13016,/export/data/sfan/MLE_final_project/runs/task3_phase_r1_phase_r9_full_s22_c0500_125124f/checkpoints/final.pt,125124f7c09f88714c4704b4d2ac06824cbf265f,ad9d33d9cf17a3363082e4c33e08023f6234ada81110733bec00c33d1c07669e,completed,9.0,4.0,38.0,1.0,0.0,41.0,40.0,40.0,1.0,1.0,1.0,0.0,400,0.015422344207763672,0.029134035110473633,0,0,1.9018244020106032,24.541135157046863,1.7382824985281926e-05,0.665
1,phase_r9_full,22,500,child_task3,weak_opponents,13017,task3_phase_r1_phase_r9_full_s22_c0500_task3_125124f_s13017,/export/data/sfan/MLE_final_project/runs/task3_phase_r1_phase_r9_full_s22_c0500_125124f/checkpoints/final.pt,125124f7c09f88714c4704b4d2ac06824cbf265f,ad9d33d9cf17a3363082e4c33e08023f6234ada81110733bec00c33d1c07669e,completed,8.0,3.0,54.0,1.0,0.0,27.0,27.0,27.0,0.0,1.0,0.0,0.0,400,0.014961481094360352,0.02169036865234375,0,0,1.3784168377970245,27.695916902262084,0.0,0.3425
1,phase_r9_full,22,500,child_task3,weak_opponents,13018,task3_phase_r1_phase_r9_full_s22_c0500_task3_125124f_s13018,/export/data/sfan/MLE_final_project/runs/task3_phase_r1_phase_r9_full_s22_c0500_125124f/checkpoints/final.pt,125124f7c09f88714c4704b4d2ac06824cbf265f,ad9d33d9cf17a3363082e4c33e08023f6234ada81110733bec00c33d1c07669e,completed,1.0,1.0,19.0,0.0,0.0,39.0,38.0,38.0,0.0,1.0,0.0,0.0,400,0.01573324203491211,0.02002739906311035,0,0,0.870390710249288,12.913837006455724,0.0,0.665
1,phase_r9_full,22,500,child_task3,weak_opponents,13019,task3_phase_r1_phase_r9_full_s22_c0500_task3_125124f_s13019,/export/data/sfan/MLE_final_project/runs/task3_phase_r1_phase_r9_full_s22_c0500_125124f/checkpoints/final.pt,125124f7c09f88714c4704b4d2ac06824cbf265f,ad9d33d9cf17a3363082e4c33e08023f6234ada81110733bec00c33d1c07669e,completed,4.0,4.0,38.0,0.0,0.0,46.0,46.0,46.0,0.0,1.0,0.0,0.0,400,0.015405416488647461,0.02083134651184082,0,0,2.938506843570294,26.823854362505475,0.0,0.55
2,phase_r7_mask_v2,11,500,child_task1,coin_navigation,13000,task3_phase_r2_phase_r7_mask_v2_s11_c0500_125124f_task1_s13000,/export/data/sfan/MLE_final_project/runs/task3_phase_r2_phase_r7_mask_v2_s11_c0500_125124f/checkpoints/final.pt,125124f7c09f88714c4704b4d2ac06824cbf265f,ad9d33d9cf17a3363082e4c33e08023f6234ada81110733bec00c33d1c07669e,completed,50.0,50.0,0.0,0.0,0.0,0.0,0.0,0.0,0.0,1.0,1.0,0.0,125,0.020550012588500977,0.021842241287231445,0,0,,,,
2,phase_r7_mask_v2,11,500,child_task1,coin_navigation,13001,task3_phase_r2_phase_r7_mask_v2_s11_c0500_125124f_task1_s13001,/export/data/sfan/MLE_final_project/runs/task3_phase_r2_phase_r7_mask_v2_s11_c0500_125124f/checkpoints/final.pt,125124f7c09f88714c4704b4d2ac06824cbf265f,ad9d33d9cf17a3363082e4c33e08023f6234ada81110733bec00c33d1c07669e,completed,50.0,50.0,0.0,0.0,0.0,0.0,0.0,0.0,0.0,1.0,1.0,0.0,115,0.020521879196166992,0.02104473114013672,0,0,,,,
2,phase_r7_mask_v2,11,500,child_task1,coin_navigation,13002,task3_phase_r2_phase_r7_mask_v2_s11_c0500_125124f_task1_s13002,/export/data/sfan/MLE_final_project/runs/task3_phase_r2_phase_r7_mask_v2_s11_c0500_125124f/checkpoints/final.pt,125124f7c09f88714c4704b4d2ac06824cbf265f,ad9d33d9cf17a3363082e4c33e08023f6234ada81110733bec00c33d1c07669e,completed,50.0,50.0,0.0,0.0,0.0,0.0,0.0,0.0,0.0,1.0,1.0,0.0,111,0.01980423927307129,0.02053213119506836,0,0,,,,
2,phase_r7_mask_v2,11,500,child_task1,coin_navigation,13003,task3_phase_r2_phase_r7_mask_v2_s11_c0500_125124f_task1_s13003,/export/data/sfan/MLE_final_project/runs/task3_phase_r2_phase_r7_mask_v2_s11_c0500_125124f/checkpoints/final.pt,125124f7c09f88714c4704b4d2ac06824cbf265f,ad9d33d9cf17a3363082e4c33e08023f6234ada81110733bec00c33d1c07669e,completed,50.0,50.0,0.0,0.0,0.0,0.0,0.0,0.0,0.0,1.0,1.0,0.0,127,0.02022242546081543,0.02084970474243164,0,0,,,,
2,phase_r7_mask_v2,11,500,child_task1,coin_navigation,13004,task3_phase_r2_phase_r7_mask_v2_s11_c0500_125124f_task1_s13004,/export/data/sfan/MLE_final_project/runs/task3_phase_r2_phase_r7_mask_v2_s11_c0500_125124f/checkpoints/final.pt,125124f7c09f88714c4704b4d2ac06824cbf265f,ad9d33d9cf17a3363082e4c33e08023f6234ada81110733bec00c33d1c07669e,completed,50.0,50.0,0.0,0.0,0.0,0.0,0.0,0.0,0.0,1.0,1.0,0.0,120,0.019678831100463867,0.020518779754638672,0,0,,,,
2,phase_r7_mask_v2,11,500,child_task1,coin_navigation,13005,task3_phase_r2_phase_r7_mask_v2_s11_c0500_125124f_task1_s13005,/export/data/sfan/MLE_final_project/runs/task3_phase_r2_phase_r7_mask_v2_s11_c0500_125124f/checkpoints/final.pt,125124f7c09f88714c4704b4d2ac06824cbf265f,ad9d33d9cf17a3363082e4c33e08023f6234ada81110733bec00c33d1c07669e,completed,50.0,50.0,0.0,0.0,0.0,0.0,0.0,0.0,0.0,1.0,1.0,0.0,133,0.020070552825927734,0.021628141403198242,0,0,,,,
2,phase_r7_mask_v2,11,500,child_task1,coin_navigation,13006,task3_phase_r2_phase_r7_mask_v2_s11_c0500_125124f_task1_s13006,/export/data/sfan/MLE_final_project/runs/task3_phase_r2_phase_r7_mask_v2_s11_c0500_125124f/checkpoints/final.pt,125124f7c09f88714c4704b4d2ac06824cbf265f,ad9d33d9cf17a3363082e4c33e08023f6234ada81110733bec00c33d1c07669e,completed,50.0,50.0,0.0,0.0,0.0,0.0,0.0,0.0,0.0,1.0,1.0,0.0,114,0.019893646240234375,0.02074456214904785,0,0,,,,
2,phase_r7_mask_v2,11,500,child_task1,coin_navigation,13007,task3_phase_r2_phase_r7_mask_v2_s11_c0500_125124f_task1_s13007,/export/data/sfan/MLE_final_project/runs/task3_phase_r2_phase_r7_mask_v2_s11_c0500_125124f/checkpoints/final.pt,125124f7c09f88714c4704b4d2ac06824cbf265f,ad9d33d9cf17a3363082e4c33e08023f6234ada81110733bec00c33d1c07669e,completed,50.0,50.0,0.0,0.0,0.0,0.0,0.0,0.0,0.0,1.0,1.0,0.0,122,0.020220279693603516,0.02098393440246582,0,0,,,,
2,phase_r7_mask_v2,11,500,child_task1,coin_navigation,13008,task3_phase_r2_phase_r7_mask_v2_s11_c0500_125124f_task1_s13008,/export/data/sfan/MLE_final_project/runs/task3_phase_r2_phase_r7_mask_v2_s11_c0500_125124f/checkpoints/final.pt,125124f7c09f88714c4704b4d2ac06824cbf265f,ad9d33d9cf17a3363082e4c33e08023f6234ada81110733bec00c33d1c07669e,completed,50.0,50.0,0.0,0.0,0.0,0.0,0.0,0.0,0.0,1.0,1.0,0.0,294,0.02077627182006836,0.02149653434753418,0,0,,,,
2,phase_r7_mask_v2,11,500,child_task1,coin_navigation,13009,task3_phase_r2_phase_r7_mask_v2_s11_c0500_125124f_task1_s13009,/export/data/sfan/MLE_final_project/runs/task3_phase_r2_phase_r7_mask_v2_s11_c0500_125124f/checkpoints/final.pt,125124f7c09f88714c4704b4d2ac06824cbf265f,ad9d33d9cf17a3363082e4c33e08023f6234ada81110733bec00c33d1c07669e,completed,50.0,50.0,0.0,0.0,0.0,0.0,0.0,0.0,0.0,1.0,1.0,0.0,130,0.020273208618164062,0.02149033546447754,0,0,,,,
2,phase_r7_mask_v2,11,500,child_task1,coin_navigation,13010,task3_phase_r2_phase_r7_mask_v2_s11_c0500_125124f_task1_s13010,/export/data/sfan/MLE_final_project/runs/task3_phase_r2_phase_r7_mask_v2_s11_c0500_125124f/checkpoints/final.pt,125124f7c09f88714c4704b4d2ac06824cbf265f,ad9d33d9cf17a3363082e4c33e08023f6234ada81110733bec00c33d1c07669e,completed,50.0,50.0,0.0,0.0,0.0,0.0,0.0,0.0,0.0,1.0,1.0,0.0,119,0.02065277099609375,0.020985126495361328,0,0,,,,
2,phase_r7_mask_v2,11,500,child_task1,coin_navigation,13011,task3_phase_r2_phase_r7_mask_v2_s11_c0500_125124f_task1_s13011,/export/data/sfan/MLE_final_project/runs/task3_phase_r2_phase_r7_mask_v2_s11_c0500_125124f/checkpoints/final.pt,125124f7c09f88714c4704b4d2ac06824cbf265f,ad9d33d9cf17a3363082e4c33e08023f6234ada81110733bec00c33d1c07669e,completed,50.0,50.0,0.0,0.0,0.0,0.0,0.0,0.0,0.0,1.0,1.0,0.0,129,0.02079606056213379,0.021097660064697266,0,0,,,,
2,phase_r7_mask_v2,11,500,child_task1,coin_navigation,13012,task3_phase_r2_phase_r7_mask_v2_s11_c0500_125124f_task1_s13012,/export/data/sfan/MLE_final_project/runs/task3_phase_r2_phase_r7_mask_v2_s11_c0500_125124f/checkpoints/final.pt,125124f7c09f88714c4704b4d2ac06824cbf265f,ad9d33d9cf17a3363082e4c33e08023f6234ada81110733bec00c33d1c07669e,completed,50.0,50.0,0.0,0.0,0.0,0.0,0.0,0.0,0.0,1.0,1.0,0.0,131,0.020839452743530273,0.02168893814086914,0,0,,,,
2,phase_r7_mask_v2,11,500,child_task1,coin_navigation,13013,task3_phase_r2_phase_r7_mask_v2_s11_c0500_125124f_task1_s13013,/export/data/sfan/MLE_final_project/runs/task3_phase_r2_phase_r7_mask_v2_s11_c0500_125124f/checkpoints/final.pt,125124f7c09f88714c4704b4d2ac06824cbf265f,ad9d33d9cf17a3363082e4c33e08023f6234ada81110733bec00c33d1c07669e,completed,50.0,50.0,0.0,0.0,0.0,0.0,0.0,0.0,0.0,1.0,1.0,0.0,122,0.020247220993041992,0.021069049835205078,0,0,,,,
2,phase_r7_mask_v2,11,500,child_task1,coin_navigation,13014,task3_phase_r2_phase_r7_mask_v2_s11_c0500_125124f_task1_s13014,/export/data/sfan/MLE_final_project/runs/task3_phase_r2_phase_r7_mask_v2_s11_c0500_125124f/checkpoints/final.pt,125124f7c09f88714c4704b4d2ac06824cbf265f,ad9d33d9cf17a3363082e4c33e08023f6234ada81110733bec00c33d1c07669e,completed,50.0,50.0,0.0,0.0,0.0,0.0,0.0,0.0,0.0,1.0,1.0,0.0,141,0.019939899444580078,0.02105712890625,0,0,,,,
2,phase_r7_mask_v2,11,500,child_task1,coin_navigation,13015,task3_phase_r2_phase_r7_mask_v2_s11_c0500_125124f_task1_s13015,/export/data/sfan/MLE_final_project/runs/task3_phase_r2_phase_r7_mask_v2_s11_c0500_125124f/checkpoints/final.pt,125124f7c09f88714c4704b4d2ac06824cbf265f,ad9d33d9cf17a3363082e4c33e08023f6234ada81110733bec00c33d1c07669e,completed,50.0,50.0,0.0,0.0,0.0,0.0,0.0,0.0,0.0,1.0,1.0,0.0,129,0.020499467849731445,0.0207672119140625,0,0,,,,
2,phase_r7_mask_v2,11,500,child_task1,coin_navigation,13016,task3_phase_r2_phase_r7_mask_v2_s11_c0500_125124f_task1_s13016,/export/data/sfan/MLE_final_project/runs/task3_phase_r2_phase_r7_mask_v2_s11_c0500_125124f/checkpoints/final.pt,125124f7c09f88714c4704b4d2ac06824cbf265f,ad9d33d9cf17a3363082e4c33e08023f6234ada81110733bec00c33d1c07669e,completed,50.0,50.0,0.0,0.0,0.0,0.0,0.0,0.0,0.0,1.0,1.0,0.0,119,0.01998424530029297,0.021460771560668945,0,0,,,,
2,phase_r7_mask_v2,11,500,child_task1,coin_navigation,13017,task3_phase_r2_phase_r7_mask_v2_s11_c0500_125124f_task1_s13017,/export/data/sfan/MLE_final_project/runs/task3_phase_r2_phase_r7_mask_v2_s11_c0500_125124f/checkpoints/final.pt,125124f7c09f88714c4704b4d2ac06824cbf265f,ad9d33d9cf17a3363082e4c33e08023f6234ada81110733bec00c33d1c07669e,completed,50.0,50.0,0.0,0.0,0.0,0.0,0.0,0.0,0.0,1.0,1.0,0.0,140,0.020422697067260742,0.02093982696533203,0,0,,,,
2,phase_r7_mask_v2,11,500,child_task1,coin_navigation,13018,task3_phase_r2_phase_r7_mask_v2_s11_c0500_125124f_task1_s13018,/export/data/sfan/MLE_final_project/runs/task3_phase_r2_phase_r7_mask_v2_s11_c0500_125124f/checkpoints/final.pt,125124f7c09f88714c4704b4d2ac06824cbf265f,ad9d33d9cf17a3363082e4c33e08023f6234ada81110733bec00c33d1c07669e,completed,50.0,50.0,0.0,0.0,0.0,0.0,0.0,0.0,0.0,1.0,1.0,0.0,129,0.020215988159179688,0.021481752395629883,0,0,,,,
2,phase_r7_mask_v2,11,500,child_task1,coin_navigation,13019,task3_phase_r2_phase_r7_mask_v2_s11_c0500_125124f_task1_s13019,/export/data/sfan/MLE_final_project/runs/task3_phase_r2_phase_r7_mask_v2_s11_c0500_125124f/checkpoints/final.pt,125124f7c09f88714c4704b4d2ac06824cbf265f,ad9d33d9cf17a3363082e4c33e08023f6234ada81110733bec00c33d1c07669e,completed,50.0,50.0,0.0,0.0,0.0,0.0,0.0,0.0,0.0,1.0,1.0,0.0,125,0.020432233810424805,0.021555662155151367,0,0,,,,
2,phase_r7_mask_v2,11,500,child_task2,crate_navigation,13000,task3_phase_r2_phase_r7_mask_v2_s11_c0500_125124f_task2_s13000,/export/data/sfan/MLE_final_project/runs/task3_phase_r2_phase_r7_mask_v2_s11_c0500_125124f/checkpoints/final.pt,125124f7c09f88714c4704b4d2ac06824cbf265f,ad9d33d9cf17a3363082e4c33e08023f6234ada81110733bec00c33d1c07669e,completed,6.0,6.0,60.0,0.0,0.0,46.0,46.0,46.0,0.0,1.0,1.0,0.0,400,0.013523101806640625,0.021191835403442383,0,0,,,,
2,phase_r7_mask_v2,11,500,child_task2,crate_navigation,13001,task3_phase_r2_phase_r7_mask_v2_s11_c0500_125124f_task2_s13001,/export/data/sfan/MLE_final_project/runs/task3_phase_r2_phase_r7_mask_v2_s11_c0500_125124f/checkpoints/final.pt,125124f7c09f88714c4704b4d2ac06824cbf265f,ad9d33d9cf17a3363082e4c33e08023f6234ada81110733bec00c33d1c07669e,completed,4.0,4.0,53.0,0.0,0.0,55.0,55.0,55.0,0.0,1.0,1.0,0.0,400,0.016968727111816406,0.019144773483276367,0,0,,,,
2,phase_r7_mask_v2,11,500,child_task2,crate_navigation,13002,task3_phase_r2_phase_r7_mask_v2_s11_c0500_125124f_task2_s13002,/export/data/sfan/MLE_final_project/runs/task3_phase_r2_phase_r7_mask_v2_s11_c0500_125124f/checkpoints/final.pt,125124f7c09f88714c4704b4d2ac06824cbf265f,ad9d33d9cf17a3363082e4c33e08023f6234ada81110733bec00c33d1c07669e,completed,3.0,3.0,36.0,0.0,0.0,57.0,56.0,56.0,0.0,1.0,1.0,0.0,400,0.016489267349243164,0.017412424087524414,0,0,,,,
2,phase_r7_mask_v2,11,500,child_task2,crate_navigation,13003,task3_phase_r2_phase_r7_mask_v2_s11_c0500_125124f_task2_s13003,/export/data/sfan/MLE_final_project/runs/task3_phase_r2_phase_r7_mask_v2_s11_c0500_125124f/checkpoints/final.pt,125124f7c09f88714c4704b4d2ac06824cbf265f,ad9d33d9cf17a3363082e4c33e08023f6234ada81110733bec00c33d1c07669e,completed,2.0,2.0,39.0,0.0,0.0,47.0,47.0,47.0,0.0,1.0,1.0,0.0,400,0.01251983642578125,0.01613020896911621,0,0,,,,
2,phase_r7_mask_v2,11,500,child_task2,crate_navigation,13004,task3_phase_r2_phase_r7_mask_v2_s11_c0500_125124f_task2_s13004,/export/data/sfan/MLE_final_project/runs/task3_phase_r2_phase_r7_mask_v2_s11_c0500_125124f/checkpoints/final.pt,125124f7c09f88714c4704b4d2ac06824cbf265f,ad9d33d9cf17a3363082e4c33e08023f6234ada81110733bec00c33d1c07669e,completed,5.0,5.0,54.0,0.0,0.0,48.0,47.0,47.0,0.0,1.0,1.0,0.0,400,0.012005805969238281,0.016413450241088867,0,0,,,,
2,phase_r7_mask_v2,11,500,child_task2,crate_navigation,13005,task3_phase_r2_phase_r7_mask_v2_s11_c0500_125124f_task2_s13005,/export/data/sfan/MLE_final_project/runs/task3_phase_r2_phase_r7_mask_v2_s11_c0500_125124f/checkpoints/final.pt,125124f7c09f88714c4704b4d2ac06824cbf265f,ad9d33d9cf17a3363082e4c33e08023f6234ada81110733bec00c33d1c07669e,completed,4.0,4.0,44.0,0.0,0.0,55.0,55.0,55.0,0.0,1.0,1.0,0.0,400,0.01710796356201172,0.018478870391845703,0,0,,,,
2,phase_r7_mask_v2,11,500,child_task2,crate_navigation,13006,task3_phase_r2_phase_r7_mask_v2_s11_c0500_125124f_task2_s13006,/export/data/sfan/MLE_final_project/runs/task3_phase_r2_phase_r7_mask_v2_s11_c0500_125124f/checkpoints/final.pt,125124f7c09f88714c4704b4d2ac06824cbf265f,ad9d33d9cf17a3363082e4c33e08023f6234ada81110733bec00c33d1c07669e,completed,3.0,3.0,62.0,0.0,0.0,55.0,55.0,55.0,0.0,1.0,1.0,0.0,400,0.01714801788330078,0.01868581771850586,0,0,,,,
2,phase_r7_mask_v2,11,500,child_task2,crate_navigation,13007,task3_phase_r2_phase_r7_mask_v2_s11_c0500_125124f_task2_s13007,/export/data/sfan/MLE_final_project/runs/task3_phase_r2_phase_r7_mask_v2_s11_c0500_125124f/checkpoints/final.pt,125124f7c09f88714c4704b4d2ac06824cbf265f,ad9d33d9cf17a3363082e4c33e08023f6234ada81110733bec00c33d1c07669e,completed,8.0,8.0,76.0,0.0,0.0,51.0,51.0,51.0,0.0,1.0,1.0,0.0,400,0.01697826385498047,0.01881265640258789,0,0,,,,
2,phase_r7_mask_v2,11,500,child_task2,crate_navigation,13008,task3_phase_r2_phase_r7_mask_v2_s11_c0500_125124f_task2_s13008,/export/data/sfan/MLE_final_project/runs/task3_phase_r2_phase_r7_mask_v2_s11_c0500_125124f/checkpoints/final.pt,125124f7c09f88714c4704b4d2ac06824cbf265f,ad9d33d9cf17a3363082e4c33e08023f6234ada81110733bec00c33d1c07669e,completed,0.0,0.0,24.0,0.0,0.0,57.0,56.0,56.0,0.0,1.0,0.0,0.0,400,0.014492273330688477,0.016515731811523438,0,0,,,,
2,phase_r7_mask_v2,11,500,child_task2,crate_navigation,13009,task3_phase_r2_phase_r7_mask_v2_s11_c0500_125124f_task2_s13009,/export/data/sfan/MLE_final_project/runs/task3_phase_r2_phase_r7_mask_v2_s11_c0500_125124f/checkpoints/final.pt,125124f7c09f88714c4704b4d2ac06824cbf265f,ad9d33d9cf17a3363082e4c33e08023f6234ada81110733bec00c33d1c07669e,completed,1.0,1.0,47.0,0.0,0.0,53.0,53.0,53.0,0.0,1.0,1.0,0.0,400,0.013602495193481445,0.01792430877685547,0,0,,,,
2,phase_r7_mask_v2,11,500,child_task2,crate_navigation,13010,task3_phase_r2_phase_r7_mask_v2_s11_c0500_125124f_task2_s13010,/export/data/sfan/MLE_final_project/runs/task3_phase_r2_phase_r7_mask_v2_s11_c0500_125124f/checkpoints/final.pt,125124f7c09f88714c4704b4d2ac06824cbf265f,ad9d33d9cf17a3363082e4c33e08023f6234ada81110733bec00c33d1c07669e,completed,7.0,7.0,84.0,0.0,0.0,51.0,51.0,51.0,0.0,1.0,1.0,0.0,400,0.012270450592041016,0.016967296600341797,0,0,,,,
2,phase_r7_mask_v2,11,500,child_task2,crate_navigation,13011,task3_phase_r2_phase_r7_mask_v2_s11_c0500_125124f_task2_s13011,/export/data/sfan/MLE_final_project/runs/task3_phase_r2_phase_r7_mask_v2_s11_c0500_125124f/checkpoints/final.pt,125124f7c09f88714c4704b4d2ac06824cbf265f,ad9d33d9cf17a3363082e4c33e08023f6234ada81110733bec00c33d1c07669e,completed,1.0,1.0,30.0,0.0,0.0,55.0,54.0,54.0,0.0,1.0,1.0,0.0,400,0.014359474182128906,0.01732325553894043,0,0,,,,
2,phase_r7_mask_v2,11,500,child_task2,crate_navigation,13012,task3_phase_r2_phase_r7_mask_v2_s11_c0500_125124f_task2_s13012,/export/data/sfan/MLE_final_project/runs/task3_phase_r2_phase_r7_mask_v2_s11_c0500_125124f/checkpoints/final.pt,125124f7c09f88714c4704b4d2ac06824cbf265f,ad9d33d9cf17a3363082e4c33e08023f6234ada81110733bec00c33d1c07669e,completed,4.0,4.0,51.0,0.0,0.0,54.0,53.0,53.0,0.0,1.0,1.0,0.0,400,0.01704692840576172,0.018222808837890625,0,0,,,,
2,phase_r7_mask_v2,11,500,child_task2,crate_navigation,13013,task3_phase_r2_phase_r7_mask_v2_s11_c0500_125124f_task2_s13013,/export/data/sfan/MLE_final_project/runs/task3_phase_r2_phase_r7_mask_v2_s11_c0500_125124f/checkpoints/final.pt,125124f7c09f88714c4704b4d2ac06824cbf265f,ad9d33d9cf17a3363082e4c33e08023f6234ada81110733bec00c33d1c07669e,completed,6.0,6.0,51.0,0.0,0.0,51.0,50.0,50.0,0.0,1.0,1.0,0.0,400,0.011715888977050781,0.015638113021850586,0,0,,,,
2,phase_r7_mask_v2,11,500,child_task2,crate_navigation,13014,task3_phase_r2_phase_r7_mask_v2_s11_c0500_125124f_task2_s13014,/export/data/sfan/MLE_final_project/runs/task3_phase_r2_phase_r7_mask_v2_s11_c0500_125124f/checkpoints/final.pt,125124f7c09f88714c4704b4d2ac06824cbf265f,ad9d33d9cf17a3363082e4c33e08023f6234ada81110733bec00c33d1c07669e,completed,6.0,6.0,68.0,0.0,0.0,52.0,52.0,52.0,0.0,1.0,1.0,0.0,400,0.013398170471191406,0.01857733726501465,0,0,,,,
2,phase_r7_mask_v2,11,500,child_task2,crate_navigation,13015,task3_phase_r2_phase_r7_mask_v2_s11_c0500_125124f_task2_s13015,/export/data/sfan/MLE_final_project/runs/task3_phase_r2_phase_r7_mask_v2_s11_c0500_125124f/checkpoints/final.pt,125124f7c09f88714c4704b4d2ac06824cbf265f,ad9d33d9cf17a3363082e4c33e08023f6234ada81110733bec00c33d1c07669e,completed,2.0,2.0,56.0,0.0,0.0,53.0,52.0,52.0,0.0,1.0,1.0,0.0,400,0.014988899230957031,0.01739978790283203,0,0,,,,
2,phase_r7_mask_v2,11,500,child_task2,crate_navigation,13016,task3_phase_r2_phase_r7_mask_v2_s11_c0500_125124f_task2_s13016,/export/data/sfan/MLE_final_project/runs/task3_phase_r2_phase_r7_mask_v2_s11_c0500_125124f/checkpoints/final.pt,125124f7c09f88714c4704b4d2ac06824cbf265f,ad9d33d9cf17a3363082e4c33e08023f6234ada81110733bec00c33d1c07669e,completed,4.0,4.0,40.0,0.0,0.0,51.0,50.0,50.0,0.0,1.0,1.0,0.0,400,0.013701438903808594,0.01679372787475586,0,0,,,,
2,phase_r7_mask_v2,11,500,child_task2,crate_navigation,13017,task3_phase_r2_phase_r7_mask_v2_s11_c0500_125124f_task2_s13017,/export/data/sfan/MLE_final_project/runs/task3_phase_r2_phase_r7_mask_v2_s11_c0500_125124f/checkpoints/final.pt,125124f7c09f88714c4704b4d2ac06824cbf265f,ad9d33d9cf17a3363082e4c33e08023f6234ada81110733bec00c33d1c07669e,completed,3.0,3.0,37.0,0.0,0.0,55.0,54.0,54.0,0.0,1.0,1.0,0.0,400,0.016511917114257812,0.017792463302612305,0,0,,,,
2,phase_r7_mask_v2,11,500,child_task2,crate_navigation,13018,task3_phase_r2_phase_r7_mask_v2_s11_c0500_125124f_task2_s13018,/export/data/sfan/MLE_final_project/runs/task3_phase_r2_phase_r7_mask_v2_s11_c0500_125124f/checkpoints/final.pt,125124f7c09f88714c4704b4d2ac06824cbf265f,ad9d33d9cf17a3363082e4c33e08023f6234ada81110733bec00c33d1c07669e,completed,3.0,3.0,56.0,0.0,0.0,54.0,54.0,54.0,0.0,1.0,1.0,0.0,400,0.016444683074951172,0.018662691116333008,0,0,,,,
2,phase_r7_mask_v2,11,500,child_task2,crate_navigation,13019,task3_phase_r2_phase_r7_mask_v2_s11_c0500_125124f_task2_s13019,/export/data/sfan/MLE_final_project/runs/task3_phase_r2_phase_r7_mask_v2_s11_c0500_125124f/checkpoints/final.pt,125124f7c09f88714c4704b4d2ac06824cbf265f,ad9d33d9cf17a3363082e4c33e08023f6234ada81110733bec00c33d1c07669e,completed,3.0,3.0,32.0,0.0,0.0,55.0,54.0,54.0,0.0,1.0,1.0,0.0,400,0.012394905090332031,0.016031265258789062,0,0,,,,
2,phase_r7_mask_v2,11,500,child_task3,weak_opponents,13000,task3_phase_r2_phase_r7_mask_v2_s11_c0500_125124f_task3_s13000,/export/data/sfan/MLE_final_project/runs/task3_phase_r2_phase_r7_mask_v2_s11_c0500_125124f/checkpoints/final.pt,125124f7c09f88714c4704b4d2ac06824cbf265f,ad9d33d9cf17a3363082e4c33e08023f6234ada81110733bec00c33d1c07669e,completed,16.0,6.0,41.0,2.0,0.0,49.0,49.0,49.0,0.0,1.0,1.0,0.0,400,0.01772141456604004,0.021897315979003906,0,0,3.4094089647888746,25.329632513935454,0.0,0.1575
2,phase_r7_mask_v2,11,500,child_task3,weak_opponents,13001,task3_phase_r2_phase_r7_mask_v2_s11_c0500_125124f_task3_s13001,/export/data/sfan/MLE_final_project/runs/task3_phase_r2_phase_r7_mask_v2_s11_c0500_125124f/checkpoints/final.pt,125124f7c09f88714c4704b4d2ac06824cbf265f,ad9d33d9cf17a3363082e4c33e08023f6234ada81110733bec00c33d1c07669e,completed,5.0,5.0,42.0,0.0,0.0,53.0,52.0,52.0,0.0,1.0,1.0,0.0,400,0.018128156661987305,0.020357847213745117,0,0,1.652929814726448,26.104328895830367,0.0,0.11
2,phase_r7_mask_v2,11,500,child_task3,weak_opponents,13002,task3_phase_r2_phase_r7_mask_v2_s11_c0500_125124f_task3_s13002,/export/data/sfan/MLE_final_project/runs/task3_phase_r2_phase_r7_mask_v2_s11_c0500_125124f/checkpoints/final.pt,125124f7c09f88714c4704b4d2ac06824cbf265f,ad9d33d9cf17a3363082e4c33e08023f6234ada81110733bec00c33d1c07669e,completed,4.0,4.0,44.0,0.0,1.0,15.0,15.0,14.0,2.0,0.0,0.0,0.0,133,0.015943288803100586,0.01808929443359375,0,0,2.634007098520928,72.39749389003973,0.0,0.2781954887218045
2,phase_r7_mask_v2,11,500,child_task3,weak_opponents,13003,task3_phase_r2_phase_r7_mask_v2_s11_c0500_125124f_task3_s13003,/export/data/sfan/MLE_final_project/runs/task3_phase_r2_phase_r7_mask_v2_s11_c0500_125124f/checkpoints/final.pt,125124f7c09f88714c4704b4d2ac06824cbf265f,ad9d33d9cf17a3363082e4c33e08023f6234ada81110733bec00c33d1c07669e,completed,5.0,5.0,41.0,0.0,0.0,36.0,36.0,36.0,0.0,1.0,1.0,0.0,400,0.019723892211914062,0.03111553192138672,0,0,1.823487968049917,19.759002967144713,0.0,0.3075
2,phase_r7_mask_v2,11,500,child_task3,weak_opponents,13004,task3_phase_r2_phase_r7_mask_v2_s11_c0500_125124f_task3_s13004,/export/data/sfan/MLE_final_project/runs/task3_phase_r2_phase_r7_mask_v2_s11_c0500_125124f/checkpoints/final.pt,125124f7c09f88714c4704b4d2ac06824cbf265f,ad9d33d9cf17a3363082e4c33e08023f6234ada81110733bec00c33d1c07669e,completed,14.0,4.0,56.0,2.0,0.0,50.0,50.0,50.0,1.0,1.0,1.0,0.0,400,0.018082141876220703,0.020696163177490234,0,0,3.097125268754496,27.50974638245868,0.0,0.23
2,phase_r7_mask_v2,11,500,child_task3,weak_opponents,13005,task3_phase_r2_phase_r7_mask_v2_s11_c0500_125124f_task3_s13005,/export/data/sfan/MLE_final_project/runs/task3_phase_r2_phase_r7_mask_v2_s11_c0500_125124f/checkpoints/final.pt,125124f7c09f88714c4704b4d2ac06824cbf265f,ad9d33d9cf17a3363082e4c33e08023f6234ada81110733bec00c33d1c07669e,completed,8.0,3.0,28.0,1.0,0.0,38.0,38.0,38.0,0.0,1.0,1.0,0.0,400,0.02180790901184082,0.0229644775390625,0,0,0.5137244795582856,14.324122323014763,0.0,0.415
2,phase_r7_mask_v2,11,500,child_task3,weak_opponents,13006,task3_phase_r2_phase_r7_mask_v2_s11_c0500_125124f_task3_s13006,/export/data/sfan/MLE_final_project/runs/task3_phase_r2_phase_r7_mask_v2_s11_c0500_125124f/checkpoints/final.pt,125124f7c09f88714c4704b4d2ac06824cbf265f,ad9d33d9cf17a3363082e4c33e08023f6234ada81110733bec00c33d1c07669e,completed,3.0,3.0,54.0,0.0,0.0,54.0,53.0,53.0,0.0,1.0,0.0,0.0,400,0.018090009689331055,0.019028902053833008,0,0,2.356456297723686,37.685789561579924,0.0,0.08
2,phase_r7_mask_v2,11,500,child_task3,weak_opponents,13007,task3_phase_r2_phase_r7_mask_v2_s11_c0500_125124f_task3_s13007,/export/data/sfan/MLE_final_project/runs/task3_phase_r2_phase_r7_mask_v2_s11_c0500_125124f/checkpoints/final.pt,125124f7c09f88714c4704b4d2ac06824cbf265f,ad9d33d9cf17a3363082e4c33e08023f6234ada81110733bec00c33d1c07669e,completed,8.0,8.0,40.0,0.0,0.0,37.0,37.0,37.0,0.0,1.0,1.0,0.0,400,0.02202773094177246,0.027329444885253906,0,0,4.318031874454412,29.81239504588003,0.0,0.1375
2,phase_r7_mask_v2,11,500,child_task3,weak_opponents,13008,task3_phase_r2_phase_r7_mask_v2_s11_c0500_125124f_task3_s13008,/export/data/sfan/MLE_final_project/runs/task3_phase_r2_phase_r7_mask_v2_s11_c0500_125124f/checkpoints/final.pt,125124f7c09f88714c4704b4d2ac06824cbf265f,ad9d33d9cf17a3363082e4c33e08023f6234ada81110733bec00c33d1c07669e,completed,6.0,6.0,39.0,0.0,1.0,22.0,22.0,21.0,0.0,0.0,0.0,0.0,209,0.017064332962036133,0.019660472869873047,0,0,1.3283423511557966,20.123722957067333,0.5011301190862987,0.22966507177033493
2,phase_r7_mask_v2,11,500,child_task3,weak_opponents,13009,task3_phase_r2_phase_r7_mask_v2_s11_c0500_125124f_task3_s13009,/export/data/sfan/MLE_final_project/runs/task3_phase_r2_phase_r7_mask_v2_s11_c0500_125124f/checkpoints/final.pt,125124f7c09f88714c4704b4d2ac06824cbf265f,ad9d33d9cf17a3363082e4c33e08023f6234ada81110733bec00c33d1c07669e,completed,3.0,3.0,44.0,0.0,0.0,51.0,50.0,50.0,0.0,1.0,0.0,0.0,400,0.018285512924194336,0.02148580551147461,0,0,1.055840116734235,24.000969069712234,0.0,0.17
2,phase_r7_mask_v2,11,500,child_task3,weak_opponents,13010,task3_phase_r2_phase_r7_mask_v2_s11_c0500_125124f_task3_s13010,/export/data/sfan/MLE_final_project/runs/task3_phase_r2_phase_r7_mask_v2_s11_c0500_125124f/checkpoints/final.pt,125124f7c09f88714c4704b4d2ac06824cbf265f,ad9d33d9cf17a3363082e4c33e08023f6234ada81110733bec00c33d1c07669e,completed,7.0,2.0,43.0,1.0,0.0,47.0,46.0,46.0,1.0,1.0,0.0,1.0,400,0.019069194793701172,0.022373199462890625,0,0,2.689274403116365,24.34235540513381,0.0,0.2
2,phase_r7_mask_v2,11,500,child_task3,weak_opponents,13011,task3_phase_r2_phase_r7_mask_v2_s11_c0500_125124f_task3_s13011,/export/data/sfan/MLE_final_project/runs/task3_phase_r2_phase_r7_mask_v2_s11_c0500_125124f/checkpoints/final.pt,125124f7c09f88714c4704b4d2ac06824cbf265f,ad9d33d9cf17a3363082e4c33e08023f6234ada81110733bec00c33d1c07669e,completed,8.0,3.0,44.0,1.0,0.0,48.0,48.0,48.0,0.0,1.0,1.0,0.0,400,0.019324541091918945,0.022112369537353516,0,0,0.5200654216379772,23.7508993016994,0.0,0.21
2,phase_r7_mask_v2,11,500,child_task3,weak_opponents,13012,task3_phase_r2_phase_r7_mask_v2_s11_c0500_125124f_task3_s13012,/export/data/sfan/MLE_final_project/runs/task3_phase_r2_phase_r7_mask_v2_s11_c0500_125124f/checkpoints/final.pt,125124f7c09f88714c4704b4d2ac06824cbf265f,ad9d33d9cf17a3363082e4c33e08023f6234ada81110733bec00c33d1c07669e,completed,4.0,4.0,43.0,0.0,0.0,43.0,43.0,43.0,0.0,1.0,0.0,0.0,400,0.018808364868164062,0.022057294845581055,0,0,1.3673973070203482,20.234179805936932,0.0,0.1425
2,phase_r7_mask_v2,11,500,child_task3,weak_opponents,13013,task3_phase_r2_phase_r7_mask_v2_s11_c0500_125124f_task3_s13013,/export/data/sfan/MLE_final_project/runs/task3_phase_r2_phase_r7_mask_v2_s11_c0500_125124f/checkpoints/final.pt,125124f7c09f88714c4704b4d2ac06824cbf265f,ad9d33d9cf17a3363082e4c33e08023f6234ada81110733bec00c33d1c07669e,completed,7.0,7.0,49.0,0.0,0.0,53.0,53.0,53.0,0.0,1.0,0.0,1.0,400,0.01845717430114746,0.021286487579345703,0,0,3.178000969448774,25.659953223127488,0.0,0.265
2,phase_r7_mask_v2,11,500,child_task3,weak_opponents,13014,task3_phase_r2_phase_r7_mask_v2_s11_c0500_125124f_task3_s13014,/export/data/sfan/MLE_final_project/runs/task3_phase_r2_phase_r7_mask_v2_s11_c0500_125124f/checkpoints/final.pt,125124f7c09f88714c4704b4d2ac06824cbf265f,ad9d33d9cf17a3363082e4c33e08023f6234ada81110733bec00c33d1c07669e,completed,1.0,1.0,38.0,0.0,0.0,46.0,46.0,46.0,3.0,1.0,0.0,0.0,400,0.020435094833374023,0.02270960807800293,0,0,0.0,17.891522128865656,0.0,0.195
2,phase_r7_mask_v2,11,500,child_task3,weak_opponents,13015,task3_phase_r2_phase_r7_mask_v2_s11_c0500_125124f_task3_s13015,/export/data/sfan/MLE_final_project/runs/task3_phase_r2_phase_r7_mask_v2_s11_c0500_125124f/checkpoints/final.pt,125124f7c09f88714c4704b4d2ac06824cbf265f,ad9d33d9cf17a3363082e4c33e08023f6234ada81110733bec00c33d1c07669e,completed,9.0,4.0,65.0,1.0,0.0,45.0,45.0,45.0,0.0,1.0,1.0,0.0,391,0.018994569778442383,0.021570682525634766,0,0,1.2762480190174326,25.373662836767043,0.0,0.16112531969309463
2,phase_r7_mask_v2,11,500,child_task3,weak_opponents,13016,task3_phase_r2_phase_r7_mask_v2_s11_c0500_125124f_task3_s13016,/export/data/sfan/MLE_final_project/runs/task3_phase_r2_phase_r7_mask_v2_s11_c0500_125124f/checkpoints/final.pt,125124f7c09f88714c4704b4d2ac06824cbf265f,ad9d33d9cf17a3363082e4c33e08023f6234ada81110733bec00c33d1c07669e,completed,4.0,4.0,44.0,0.0,0.0,40.0,40.0,40.0,0.0,1.0,0.0,0.0,400,0.021740436553955078,0.02307581901550293,0,0,1.4153115403785221,21.48407695207987,0.0,0.1625
2,phase_r7_mask_v2,11,500,child_task3,weak_opponents,13017,task3_phase_r2_phase_r7_mask_v2_s11_c0500_125124f_task3_s13017,/export/data/sfan/MLE_final_project/runs/task3_phase_r2_phase_r7_mask_v2_s11_c0500_125124f/checkpoints/final.pt,125124f7c09f88714c4704b4d2ac06824cbf265f,ad9d33d9cf17a3363082e4c33e08023f6234ada81110733bec00c33d1c07669e,completed,3.0,3.0,41.0,0.0,0.0,37.0,37.0,37.0,0.0,1.0,0.0,0.0,400,0.01814413070678711,0.021300077438354492,0,0,1.039844426253589,19.67461384282097,0.0,0.3825
2,phase_r7_mask_v2,11,500,child_task3,weak_opponents,13018,task3_phase_r2_phase_r7_mask_v2_s11_c0500_125124f_task3_s13018,/export/data/sfan/MLE_final_project/runs/task3_phase_r2_phase_r7_mask_v2_s11_c0500_125124f/checkpoints/final.pt,125124f7c09f88714c4704b4d2ac06824cbf265f,ad9d33d9cf17a3363082e4c33e08023f6234ada81110733bec00c33d1c07669e,completed,10.0,5.0,50.0,1.0,0.0,34.0,34.0,34.0,1.0,1.0,1.0,0.0,400,0.021728992462158203,0.022548198699951172,0,0,2.7390264142359255,24.856947312194585,0.0,0.1
2,phase_r7_mask_v2,11,500,child_task3,weak_opponents,13019,task3_phase_r2_phase_r7_mask_v2_s11_c0500_125124f_task3_s13019,/export/data/sfan/MLE_final_project/runs/task3_phase_r2_phase_r7_mask_v2_s11_c0500_125124f/checkpoints/final.pt,125124f7c09f88714c4704b4d2ac06824cbf265f,ad9d33d9cf17a3363082e4c33e08023f6234ada81110733bec00c33d1c07669e,completed,5.0,5.0,48.0,0.0,0.0,50.0,49.0,49.0,0.0,1.0,0.0,0.0,400,0.018479347229003906,0.02049422264099121,0,0,2.448609758945494,25.159076538974983,0.0,0.0925
2,phase_r7_mask_v2,22,500,child_task1,coin_navigation,13000,task3_phase_r2_phase_r7_mask_v2_s22_c0500_125124f_task1_s13000,/export/data/sfan/MLE_final_project/runs/task3_phase_r2_phase_r7_mask_v2_s22_c0500_125124f/checkpoints/final.pt,125124f7c09f88714c4704b4d2ac06824cbf265f,ad9d33d9cf17a3363082e4c33e08023f6234ada81110733bec00c33d1c07669e,completed,50.0,50.0,0.0,0.0,0.0,0.0,0.0,0.0,0.0,1.0,1.0,0.0,132,0.020078182220458984,0.024096012115478516,0,0,,,,
2,phase_r7_mask_v2,22,500,child_task1,coin_navigation,13001,task3_phase_r2_phase_r7_mask_v2_s22_c0500_125124f_task1_s13001,/export/data/sfan/MLE_final_project/runs/task3_phase_r2_phase_r7_mask_v2_s22_c0500_125124f/checkpoints/final.pt,125124f7c09f88714c4704b4d2ac06824cbf265f,ad9d33d9cf17a3363082e4c33e08023f6234ada81110733bec00c33d1c07669e,completed,50.0,50.0,0.0,0.0,0.0,0.0,0.0,0.0,0.0,1.0,1.0,0.0,128,0.019765138626098633,0.020424365997314453,0,0,,,,
2,phase_r7_mask_v2,22,500,child_task1,coin_navigation,13002,task3_phase_r2_phase_r7_mask_v2_s22_c0500_125124f_task1_s13002,/export/data/sfan/MLE_final_project/runs/task3_phase_r2_phase_r7_mask_v2_s22_c0500_125124f/checkpoints/final.pt,125124f7c09f88714c4704b4d2ac06824cbf265f,ad9d33d9cf17a3363082e4c33e08023f6234ada81110733bec00c33d1c07669e,completed,50.0,50.0,0.0,0.0,0.0,0.0,0.0,0.0,0.0,1.0,1.0,0.0,114,0.020018577575683594,0.020607948303222656,0,0,,,,
2,phase_r7_mask_v2,22,500,child_task1,coin_navigation,13003,task3_phase_r2_phase_r7_mask_v2_s22_c0500_125124f_task1_s13003,/export/data/sfan/MLE_final_project/runs/task3_phase_r2_phase_r7_mask_v2_s22_c0500_125124f/checkpoints/final.pt,125124f7c09f88714c4704b4d2ac06824cbf265f,ad9d33d9cf17a3363082e4c33e08023f6234ada81110733bec00c33d1c07669e,completed,50.0,50.0,0.0,0.0,0.0,0.0,0.0,0.0,0.0,1.0,1.0,0.0,132,0.019992589950561523,0.020633220672607422,0,0,,,,
2,phase_r7_mask_v2,22,500,child_task1,coin_navigation,13004,task3_phase_r2_phase_r7_mask_v2_s22_c0500_125124f_task1_s13004,/export/data/sfan/MLE_final_project/runs/task3_phase_r2_phase_r7_mask_v2_s22_c0500_125124f/checkpoints/final.pt,125124f7c09f88714c4704b4d2ac06824cbf265f,ad9d33d9cf17a3363082e4c33e08023f6234ada81110733bec00c33d1c07669e,completed,50.0,50.0,0.0,0.0,0.0,0.0,0.0,0.0,0.0,1.0,1.0,0.0,110,0.019801616668701172,0.019930124282836914,0,0,,,,
2,phase_r7_mask_v2,22,500,child_task1,coin_navigation,13005,task3_phase_r2_phase_r7_mask_v2_s22_c0500_125124f_task1_s13005,/export/data/sfan/MLE_final_project/runs/task3_phase_r2_phase_r7_mask_v2_s22_c0500_125124f/checkpoints/final.pt,125124f7c09f88714c4704b4d2ac06824cbf265f,ad9d33d9cf17a3363082e4c33e08023f6234ada81110733bec00c33d1c07669e,completed,50.0,50.0,0.0,0.0,0.0,0.0,0.0,0.0,0.0,1.0,1.0,0.0,141,0.02063274383544922,0.02099323272705078,0,0,,,,
2,phase_r7_mask_v2,22,500,child_task1,coin_navigation,13006,task3_phase_r2_phase_r7_mask_v2_s22_c0500_125124f_task1_s13006,/export/data/sfan/MLE_final_project/runs/task3_phase_r2_phase_r7_mask_v2_s22_c0500_125124f/checkpoints/final.pt,125124f7c09f88714c4704b4d2ac06824cbf265f,ad9d33d9cf17a3363082e4c33e08023f6234ada81110733bec00c33d1c07669e,completed,50.0,50.0,0.0,0.0,0.0,0.0,0.0,0.0,0.0,1.0,1.0,0.0,116,0.019887208938598633,0.020159006118774414,0,0,,,,
2,phase_r7_mask_v2,22,500,child_task1,coin_navigation,13007,task3_phase_r2_phase_r7_mask_v2_s22_c0500_125124f_task1_s13007,/export/data/sfan/MLE_final_project/runs/task3_phase_r2_phase_r7_mask_v2_s22_c0500_125124f/checkpoints/final.pt,125124f7c09f88714c4704b4d2ac06824cbf265f,ad9d33d9cf17a3363082e4c33e08023f6234ada81110733bec00c33d1c07669e,completed,50.0,50.0,0.0,0.0,0.0,0.0,0.0,0.0,0.0,1.0,1.0,0.0,133,0.01994919776916504,0.020821809768676758,0,0,,,,
2,phase_r7_mask_v2,22,500,child_task1,coin_navigation,13008,task3_phase_r2_phase_r7_mask_v2_s22_c0500_125124f_task1_s13008,/export/data/sfan/MLE_final_project/runs/task3_phase_r2_phase_r7_mask_v2_s22_c0500_125124f/checkpoints/final.pt,125124f7c09f88714c4704b4d2ac06824cbf265f,ad9d33d9cf17a3363082e4c33e08023f6234ada81110733bec00c33d1c07669e,completed,50.0,50.0,0.0,0.0,0.0,0.0,0.0,0.0,0.0,1.0,1.0,0.0,129,0.019861936569213867,0.02012038230895996,0,0,,,,
2,phase_r7_mask_v2,22,500,child_task1,coin_navigation,13009,task3_phase_r2_phase_r7_mask_v2_s22_c0500_125124f_task1_s13009,/export/data/sfan/MLE_final_project/runs/task3_phase_r2_phase_r7_mask_v2_s22_c0500_125124f/checkpoints/final.pt,125124f7c09f88714c4704b4d2ac06824cbf265f,ad9d33d9cf17a3363082e4c33e08023f6234ada81110733bec00c33d1c07669e,completed,50.0,50.0,0.0,0.0,0.0,0.0,0.0,0.0,0.0,1.0,1.0,0.0,139,0.019954204559326172,0.021251916885375977,0,0,,,,
2,phase_r7_mask_v2,22,500,child_task1,coin_navigation,13010,task3_phase_r2_phase_r7_mask_v2_s22_c0500_125124f_task1_s13010,/export/data/sfan/MLE_final_project/runs/task3_phase_r2_phase_r7_mask_v2_s22_c0500_125124f/checkpoints/final.pt,125124f7c09f88714c4704b4d2ac06824cbf265f,ad9d33d9cf17a3363082e4c33e08023f6234ada81110733bec00c33d1c07669e,completed,50.0,50.0,0.0,0.0,0.0,0.0,0.0,0.0,0.0,1.0,1.0,0.0,127,0.01996755599975586,0.021177291870117188,0,0,,,,
2,phase_r7_mask_v2,22,500,child_task1,coin_navigation,13011,task3_phase_r2_phase_r7_mask_v2_s22_c0500_125124f_task1_s13011,/export/data/sfan/MLE_final_project/runs/task3_phase_r2_phase_r7_mask_v2_s22_c0500_125124f/checkpoints/final.pt,125124f7c09f88714c4704b4d2ac06824cbf265f,ad9d33d9cf17a3363082e4c33e08023f6234ada81110733bec00c33d1c07669e,completed,50.0,50.0,0.0,0.0,0.0,0.0,0.0,0.0,0.0,1.0,1.0,0.0,128,0.019888639450073242,0.01996612548828125,0,0,,,,
2,phase_r7_mask_v2,22,500,child_task1,coin_navigation,13012,task3_phase_r2_phase_r7_mask_v2_s22_c0500_125124f_task1_s13012,/export/data/sfan/MLE_final_project/runs/task3_phase_r2_phase_r7_mask_v2_s22_c0500_125124f/checkpoints/final.pt,125124f7c09f88714c4704b4d2ac06824cbf265f,ad9d33d9cf17a3363082e4c33e08023f6234ada81110733bec00c33d1c07669e,completed,50.0,50.0,0.0,0.0,0.0,0.0,0.0,0.0,0.0,1.0,1.0,0.0,131,0.01976180076599121,0.02129197120666504,0,0,,,,
2,phase_r7_mask_v2,22,500,child_task1,coin_navigation,13013,task3_phase_r2_phase_r7_mask_v2_s22_c0500_125124f_task1_s13013,/export/data/sfan/MLE_final_project/runs/task3_phase_r2_phase_r7_mask_v2_s22_c0500_125124f/checkpoints/final.pt,125124f7c09f88714c4704b4d2ac06824cbf265f,ad9d33d9cf17a3363082e4c33e08023f6234ada81110733bec00c33d1c07669e,completed,50.0,50.0,0.0,0.0,0.0,0.0,0.0,0.0,0.0,1.0,1.0,0.0,118,0.020281553268432617,0.0209043025970459,0,0,,,,
2,phase_r7_mask_v2,22,500,child_task1,coin_navigation,13014,task3_phase_r2_phase_r7_mask_v2_s22_c0500_125124f_task1_s13014,/export/data/sfan/MLE_final_project/runs/task3_phase_r2_phase_r7_mask_v2_s22_c0500_125124f/checkpoints/final.pt,125124f7c09f88714c4704b4d2ac06824cbf265f,ad9d33d9cf17a3363082e4c33e08023f6234ada81110733bec00c33d1c07669e,completed,50.0,50.0,0.0,0.0,0.0,0.0,0.0,0.0,0.0,1.0,1.0,0.0,129,0.020032644271850586,0.020197153091430664,0,0,,,,
2,phase_r7_mask_v2,22,500,child_task1,coin_navigation,13015,task3_phase_r2_phase_r7_mask_v2_s22_c0500_125124f_task1_s13015,/export/data/sfan/MLE_final_project/runs/task3_phase_r2_phase_r7_mask_v2_s22_c0500_125124f/checkpoints/final.pt,125124f7c09f88714c4704b4d2ac06824cbf265f,ad9d33d9cf17a3363082e4c33e08023f6234ada81110733bec00c33d1c07669e,completed,50.0,50.0,0.0,0.0,0.0,0.0,0.0,0.0,0.0,1.0,1.0,0.0,130,0.02003026008605957,0.020709753036499023,0,0,,,,
2,phase_r7_mask_v2,22,500,child_task1,coin_navigation,13016,task3_phase_r2_phase_r7_mask_v2_s22_c0500_125124f_task1_s13016,/export/data/sfan/MLE_final_project/runs/task3_phase_r2_phase_r7_mask_v2_s22_c0500_125124f/checkpoints/final.pt,125124f7c09f88714c4704b4d2ac06824cbf265f,ad9d33d9cf17a3363082e4c33e08023f6234ada81110733bec00c33d1c07669e,completed,50.0,50.0,0.0,0.0,0.0,0.0,0.0,0.0,0.0,1.0,1.0,0.0,138,0.019861936569213867,0.020899295806884766,0,0,,,,
2,phase_r7_mask_v2,22,500,child_task1,coin_navigation,13017,task3_phase_r2_phase_r7_mask_v2_s22_c0500_125124f_task1_s13017,/export/data/sfan/MLE_final_project/runs/task3_phase_r2_phase_r7_mask_v2_s22_c0500_125124f/checkpoints/final.pt,125124f7c09f88714c4704b4d2ac06824cbf265f,ad9d33d9cf17a3363082e4c33e08023f6234ada81110733bec00c33d1c07669e,completed,50.0,50.0,0.0,0.0,0.0,0.0,0.0,0.0,0.0,1.0,1.0,0.0,140,0.020131587982177734,0.020768404006958008,0,0,,,,
2,phase_r7_mask_v2,22,500,child_task1,coin_navigation,13018,task3_phase_r2_phase_r7_mask_v2_s22_c0500_125124f_task1_s13018,/export/data/sfan/MLE_final_project/runs/task3_phase_r2_phase_r7_mask_v2_s22_c0500_125124f/checkpoints/final.pt,125124f7c09f88714c4704b4d2ac06824cbf265f,ad9d33d9cf17a3363082e4c33e08023f6234ada81110733bec00c33d1c07669e,completed,50.0,50.0,0.0,0.0,0.0,0.0,0.0,0.0,0.0,1.0,1.0,0.0,125,0.019986629486083984,0.020535707473754883,0,0,,,,
2,phase_r7_mask_v2,22,500,child_task1,coin_navigation,13019,task3_phase_r2_phase_r7_mask_v2_s22_c0500_125124f_task1_s13019,/export/data/sfan/MLE_final_project/runs/task3_phase_r2_phase_r7_mask_v2_s22_c0500_125124f/checkpoints/final.pt,125124f7c09f88714c4704b4d2ac06824cbf265f,ad9d33d9cf17a3363082e4c33e08023f6234ada81110733bec00c33d1c07669e,completed,50.0,50.0,0.0,0.0,0.0,0.0,0.0,0.0,0.0,1.0,1.0,0.0,124,0.02007889747619629,0.020873069763183594,0,0,,,,
2,phase_r7_mask_v2,22,500,child_task2,crate_navigation,13000,task3_phase_r2_phase_r7_mask_v2_s22_c0500_125124f_task2_s13000,/export/data/sfan/MLE_final_project/runs/task3_phase_r2_phase_r7_mask_v2_s22_c0500_125124f/checkpoints/final.pt,125124f7c09f88714c4704b4d2ac06824cbf265f,ad9d33d9cf17a3363082e4c33e08023f6234ada81110733bec00c33d1c07669e,completed,5.0,5.0,57.0,0.0,0.0,37.0,37.0,37.0,0.0,1.0,1.0,0.0,400,0.01573944091796875,0.018906354904174805,0,0,,,,
2,phase_r7_mask_v2,22,500,child_task2,crate_navigation,13001,task3_phase_r2_phase_r7_mask_v2_s22_c0500_125124f_task2_s13001,/export/data/sfan/MLE_final_project/runs/task3_phase_r2_phase_r7_mask_v2_s22_c0500_125124f/checkpoints/final.pt,125124f7c09f88714c4704b4d2ac06824cbf265f,ad9d33d9cf17a3363082e4c33e08023f6234ada81110733bec00c33d1c07669e,completed,7.0,7.0,100.0,0.0,0.0,50.0,49.0,49.0,0.0,1.0,1.0,0.0,400,0.016920804977416992,0.020189523696899414,0,0,,,,
2,phase_r7_mask_v2,22,500,child_task2,crate_navigation,13002,task3_phase_r2_phase_r7_mask_v2_s22_c0500_125124f_task2_s13002,/export/data/sfan/MLE_final_project/runs/task3_phase_r2_phase_r7_mask_v2_s22_c0500_125124f/checkpoints/final.pt,125124f7c09f88714c4704b4d2ac06824cbf265f,ad9d33d9cf17a3363082e4c33e08023f6234ada81110733bec00c33d1c07669e,completed,6.0,6.0,99.0,0.0,0.0,48.0,47.0,47.0,0.0,1.0,1.0,0.0,400,0.017519474029541016,0.019333839416503906,0,0,,,,
2,phase_r7_mask_v2,22,500,child_task2,crate_navigation,13003,task3_phase_r2_phase_r7_mask_v2_s22_c0500_125124f_task2_s13003,/export/data/sfan/MLE_final_project/runs/task3_phase_r2_phase_r7_mask_v2_s22_c0500_125124f/checkpoints/final.pt,125124f7c09f88714c4704b4d2ac06824cbf265f,ad9d33d9cf17a3363082e4c33e08023f6234ada81110733bec00c33d1c07669e,completed,3.0,3.0,49.0,0.0,0.0,55.0,54.0,54.0,0.0,1.0,1.0,0.0,400,0.016751766204833984,0.0180971622467041,0,0,,,,
2,phase_r7_mask_v2,22,500,child_task2,crate_navigation,13004,task3_phase_r2_phase_r7_mask_v2_s22_c0500_125124f_task2_s13004,/export/data/sfan/MLE_final_project/runs/task3_phase_r2_phase_r7_mask_v2_s22_c0500_125124f/checkpoints/final.pt,125124f7c09f88714c4704b4d2ac06824cbf265f,ad9d33d9cf17a3363082e4c33e08023f6234ada81110733bec00c33d1c07669e,completed,5.0,5.0,58.0,0.0,0.0,51.0,51.0,51.0,0.0,1.0,1.0,0.0,400,0.01808643341064453,0.0209653377532959,0,0,,,,
2,phase_r7_mask_v2,22,500,child_task2,crate_navigation,13005,task3_phase_r2_phase_r7_mask_v2_s22_c0500_125124f_task2_s13005,/export/data/sfan/MLE_final_project/runs/task3_phase_r2_phase_r7_mask_v2_s22_c0500_125124f/checkpoints/final.pt,125124f7c09f88714c4704b4d2ac06824cbf265f,ad9d33d9cf17a3363082e4c33e08023f6234ada81110733bec00c33d1c07669e,completed,5.0,5.0,65.0,0.0,0.0,52.0,51.0,51.0,0.0,1.0,1.0,0.0,400,0.018194198608398438,0.01926898956298828,0,0,,,,
2,phase_r7_mask_v2,22,500,child_task2,crate_navigation,13006,task3_phase_r2_phase_r7_mask_v2_s22_c0500_125124f_task2_s13006,/export/data/sfan/MLE_final_project/runs/task3_phase_r2_phase_r7_mask_v2_s22_c0500_125124f/checkpoints/final.pt,125124f7c09f88714c4704b4d2ac06824cbf265f,ad9d33d9cf17a3363082e4c33e08023f6234ada81110733bec00c33d1c07669e,completed,4.0,4.0,92.0,0.0,0.0,48.0,48.0,48.0,0.0,1.0,1.0,0.0,400,0.016347885131835938,0.019895315170288086,0,0,,,,
2,phase_r7_mask_v2,22,500,child_task2,crate_navigation,13007,task3_phase_r2_phase_r7_mask_v2_s22_c0500_125124f_task2_s13007,/export/data/sfan/MLE_final_project/runs/task3_phase_r2_phase_r7_mask_v2_s22_c0500_125124f/checkpoints/final.pt,125124f7c09f88714c4704b4d2ac06824cbf265f,ad9d33d9cf17a3363082e4c33e08023f6234ada81110733bec00c33d1c07669e,completed,6.0,6.0,53.0,0.0,0.0,52.0,52.0,52.0,0.0,1.0,1.0,0.0,400,0.017166614532470703,0.019460678100585938,0,0,,,,
2,phase_r7_mask_v2,22,500,child_task2,crate_navigation,13008,task3_phase_r2_phase_r7_mask_v2_s22_c0500_125124f_task2_s13008,/export/data/sfan/MLE_final_project/runs/task3_phase_r2_phase_r7_mask_v2_s22_c0500_125124f/checkpoints/final.pt,125124f7c09f88714c4704b4d2ac06824cbf265f,ad9d33d9cf17a3363082e4c33e08023f6234ada81110733bec00c33d1c07669e,completed,8.0,8.0,97.0,0.0,0.0,45.0,44.0,44.0,0.0,1.0,1.0,0.0,400,0.017890214920043945,0.020557641983032227,0,0,,,,
2,phase_r7_mask_v2,22,500,child_task2,crate_navigation,13009,task3_phase_r2_phase_r7_mask_v2_s22_c0500_125124f_task2_s13009,/export/data/sfan/MLE_final_project/runs/task3_phase_r2_phase_r7_mask_v2_s22_c0500_125124f/checkpoints/final.pt,125124f7c09f88714c4704b4d2ac06824cbf265f,ad9d33d9cf17a3363082e4c33e08023f6234ada81110733bec00c33d1c07669e,completed,1.0,1.0,60.0,0.0,0.0,48.0,48.0,48.0,0.0,1.0,1.0,0.0,400,0.016852617263793945,0.019407272338867188,0,0,,,,
2,phase_r7_mask_v2,22,500,child_task2,crate_navigation,13010,task3_phase_r2_phase_r7_mask_v2_s22_c0500_125124f_task2_s13010,/export/data/sfan/MLE_final_project/runs/task3_phase_r2_phase_r7_mask_v2_s22_c0500_125124f/checkpoints/final.pt,125124f7c09f88714c4704b4d2ac06824cbf265f,ad9d33d9cf17a3363082e4c33e08023f6234ada81110733bec00c33d1c07669e,completed,2.0,2.0,44.0,0.0,0.0,41.0,41.0,41.0,0.0,1.0,1.0,0.0,400,0.015543460845947266,0.0217893123626709,0,0,,,,
2,phase_r7_mask_v2,22,500,child_task2,crate_navigation,13011,task3_phase_r2_phase_r7_mask_v2_s22_c0500_125124f_task2_s13011,/export/data/sfan/MLE_final_project/runs/task3_phase_r2_phase_r7_mask_v2_s22_c0500_125124f/checkpoints/final.pt,125124f7c09f88714c4704b4d2ac06824cbf265f,ad9d33d9cf17a3363082e4c33e08023f6234ada81110733bec00c33d1c07669e,completed,4.0,4.0,69.0,0.0,0.0,52.0,52.0,52.0,0.0,1.0,1.0,0.0,400,0.01815962791442871,0.020304203033447266,0,0,,,,
2,phase_r7_mask_v2,22,500,child_task2,crate_navigation,13012,task3_phase_r2_phase_r7_mask_v2_s22_c0500_125124f_task2_s13012,/export/data/sfan/MLE_final_project/runs/task3_phase_r2_phase_r7_mask_v2_s22_c0500_125124f/checkpoints/final.pt,125124f7c09f88714c4704b4d2ac06824cbf265f,ad9d33d9cf17a3363082e4c33e08023f6234ada81110733bec00c33d1c07669e,completed,4.0,4.0,70.0,0.0,0.0,40.0,40.0,40.0,0.0,1.0,1.0,0.0,400,0.017402172088623047,0.019069671630859375,0,0,,,,
2,phase_r7_mask_v2,22,500,child_task2,crate_navigation,13013,task3_phase_r2_phase_r7_mask_v2_s22_c0500_125124f_task2_s13013,/export/data/sfan/MLE_final_project/runs/task3_phase_r2_phase_r7_mask_v2_s22_c0500_125124f/checkpoints/final.pt,125124f7c09f88714c4704b4d2ac06824cbf265f,ad9d33d9cf17a3363082e4c33e08023f6234ada81110733bec00c33d1c07669e,completed,7.0,7.0,85.0,0.0,0.0,40.0,40.0,40.0,0.0,1.0,1.0,0.0,400,0.01836705207824707,0.01883554458618164,0,0,,,,
2,phase_r7_mask_v2,22,500,child_task2,crate_navigation,13014,task3_phase_r2_phase_r7_mask_v2_s22_c0500_125124f_task2_s13014,/export/data/sfan/MLE_final_project/runs/task3_phase_r2_phase_r7_mask_v2_s22_c0500_125124f/checkpoints/final.pt,125124f7c09f88714c4704b4d2ac06824cbf265f,ad9d33d9cf17a3363082e4c33e08023f6234ada81110733bec00c33d1c07669e,completed,3.0,3.0,47.0,0.0,0.0,39.0,39.0,39.0,0.0,1.0,1.0,0.0,400,0.016652584075927734,0.018045902252197266,0,0,,,,
2,phase_r7_mask_v2,22,500,child_task2,crate_navigation,13015,task3_phase_r2_phase_r7_mask_v2_s22_c0500_125124f_task2_s13015,/export/data/sfan/MLE_final_project/runs/task3_phase_r2_phase_r7_mask_v2_s22_c0500_125124f/checkpoints/final.pt,125124f7c09f88714c4704b4d2ac06824cbf265f,ad9d33d9cf17a3363082e4c33e08023f6234ada81110733bec00c33d1c07669e,completed,1.0,1.0,61.0,0.0,0.0,51.0,50.0,50.0,0.0,1.0,1.0,0.0,400,0.017967939376831055,0.01928877830505371,0,0,,,,
2,phase_r7_mask_v2,22,500,child_task2,crate_navigation,13016,task3_phase_r2_phase_r7_mask_v2_s22_c0500_125124f_task2_s13016,/export/data/sfan/MLE_final_project/runs/task3_phase_r2_phase_r7_mask_v2_s22_c0500_125124f/checkpoints/final.pt,125124f7c09f88714c4704b4d2ac06824cbf265f,ad9d33d9cf17a3363082e4c33e08023f6234ada81110733bec00c33d1c07669e,completed,4.0,4.0,60.0,0.0,0.0,53.0,52.0,52.0,0.0,1.0,1.0,0.0,400,0.01743483543395996,0.019721031188964844,0,0,,,,
2,phase_r7_mask_v2,22,500,child_task2,crate_navigation,13017,task3_phase_r2_phase_r7_mask_v2_s22_c0500_125124f_task2_s13017,/export/data/sfan/MLE_final_project/runs/task3_phase_r2_phase_r7_mask_v2_s22_c0500_125124f/checkpoints/final.pt,125124f7c09f88714c4704b4d2ac06824cbf265f,ad9d33d9cf17a3363082e4c33e08023f6234ada81110733bec00c33d1c07669e,completed,6.0,6.0,97.0,0.0,0.0,39.0,39.0,39.0,0.0,1.0,1.0,0.0,400,0.01629161834716797,0.019530057907104492,0,0,,,,
2,phase_r7_mask_v2,22,500,child_task2,crate_navigation,13018,task3_phase_r2_phase_r7_mask_v2_s22_c0500_125124f_task2_s13018,/export/data/sfan/MLE_final_project/runs/task3_phase_r2_phase_r7_mask_v2_s22_c0500_125124f/checkpoints/final.pt,125124f7c09f88714c4704b4d2ac06824cbf265f,ad9d33d9cf17a3363082e4c33e08023f6234ada81110733bec00c33d1c07669e,completed,5.0,5.0,69.0,0.0,0.0,37.0,37.0,37.0,0.0,1.0,1.0,0.0,400,0.014872312545776367,0.01841902732849121,0,0,,,,
2,phase_r7_mask_v2,22,500,child_task2,crate_navigation,13019,task3_phase_r2_phase_r7_mask_v2_s22_c0500_125124f_task2_s13019,/export/data/sfan/MLE_final_project/runs/task3_phase_r2_phase_r7_mask_v2_s22_c0500_125124f/checkpoints/final.pt,125124f7c09f88714c4704b4d2ac06824cbf265f,ad9d33d9cf17a3363082e4c33e08023f6234ada81110733bec00c33d1c07669e,completed,6.0,6.0,78.0,0.0,0.0,41.0,40.0,40.0,0.0,1.0,1.0,0.0,400,0.016231298446655273,0.019509553909301758,0,0,,,,
2,phase_r7_mask_v2,22,500,child_task3,weak_opponents,13000,task3_phase_r2_phase_r7_mask_v2_s22_c0500_125124f_task3_s13000,/export/data/sfan/MLE_final_project/runs/task3_phase_r2_phase_r7_mask_v2_s22_c0500_125124f/checkpoints/final.pt,125124f7c09f88714c4704b4d2ac06824cbf265f,ad9d33d9cf17a3363082e4c33e08023f6234ada81110733bec00c33d1c07669e,completed,10.0,5.0,42.0,1.0,0.0,23.0,23.0,23.0,0.0,1.0,1.0,0.0,400,0.016721725463867188,0.02137017250061035,0,0,2.8209315537522137,22.27623716985068,0.0,0.6525
2,phase_r7_mask_v2,22,500,child_task3,weak_opponents,13001,task3_phase_r2_phase_r7_mask_v2_s22_c0500_125124f_task3_s13001,/export/data/sfan/MLE_final_project/runs/task3_phase_r2_phase_r7_mask_v2_s22_c0500_125124f/checkpoints/final.pt,125124f7c09f88714c4704b4d2ac06824cbf265f,ad9d33d9cf17a3363082e4c33e08023f6234ada81110733bec00c33d1c07669e,completed,4.0,4.0,54.0,0.0,0.0,35.0,35.0,35.0,0.0,1.0,0.0,0.0,400,0.017521142959594727,0.020740509033203125,0,0,0.7950388801999475,29.40910399859735,0.0,0.36
2,phase_r7_mask_v2,22,500,child_task3,weak_opponents,13002,task3_phase_r2_phase_r7_mask_v2_s22_c0500_125124f_task3_s13002,/export/data/sfan/MLE_final_project/runs/task3_phase_r2_phase_r7_mask_v2_s22_c0500_125124f/checkpoints/final.pt,125124f7c09f88714c4704b4d2ac06824cbf265f,ad9d33d9cf17a3363082e4c33e08023f6234ada81110733bec00c33d1c07669e,completed,5.0,5.0,49.0,0.0,0.0,40.0,39.0,39.0,0.0,1.0,0.0,0.0,400,0.017622709274291992,0.020941734313964844,0,0,3.692401533315976,33.97779081016133,0.0,0.415
2,phase_r7_mask_v2,22,500,child_task3,weak_opponents,13003,task3_phase_r2_phase_r7_mask_v2_s22_c0500_125124f_task3_s13003,/export/data/sfan/MLE_final_project/runs/task3_phase_r2_phase_r7_mask_v2_s22_c0500_125124f/checkpoints/final.pt,125124f7c09f88714c4704b4d2ac06824cbf265f,ad9d33d9cf17a3363082e4c33e08023f6234ada81110733bec00c33d1c07669e,completed,6.0,6.0,34.0,0.0,1.0,15.0,15.0,14.0,0.0,0.0,0.0,0.0,144,0.016815185546875,0.020073413848876953,0,0,1.890669564641195,57.46139911937643,0.0,0.3055555555555556
2,phase_r7_mask_v2,22,500,child_task3,weak_opponents,13004,task3_phase_r2_phase_r7_mask_v2_s22_c0500_125124f_task3_s13004,/export/data/sfan/MLE_final_project/runs/task3_phase_r2_phase_r7_mask_v2_s22_c0500_125124f/checkpoints/final.pt,125124f7c09f88714c4704b4d2ac06824cbf265f,ad9d33d9cf17a3363082e4c33e08023f6234ada81110733bec00c33d1c07669e,completed,6.0,6.0,56.0,0.0,0.0,32.0,32.0,32.0,0.0,1.0,0.0,0.0,400,0.017455101013183594,0.02167534828186035,0,0,3.4466816582045356,28.612408375778067,0.0,0.5275
2,phase_r7_mask_v2,22,500,child_task3,weak_opponents,13005,task3_phase_r2_phase_r7_mask_v2_s22_c0500_125124f_task3_s13005,/export/data/sfan/MLE_final_project/runs/task3_phase_r2_phase_r7_mask_v2_s22_c0500_125124f/checkpoints/final.pt,125124f7c09f88714c4704b4d2ac06824cbf265f,ad9d33d9cf17a3363082e4c33e08023f6234ada81110733bec00c33d1c07669e,completed,6.0,6.0,41.0,0.0,0.0,16.0,16.0,16.0,0.0,1.0,1.0,0.0,400,0.016298770904541016,0.020416975021362305,0,0,2.9198003603112292,27.539500218804054,0.0,0.7575
2,phase_r7_mask_v2,22,500,child_task3,weak_opponents,13006,task3_phase_r2_phase_r7_mask_v2_s22_c0500_125124f_task3_s13006,/export/data/sfan/MLE_final_project/runs/task3_phase_r2_phase_r7_mask_v2_s22_c0500_125124f/checkpoints/final.pt,125124f7c09f88714c4704b4d2ac06824cbf265f,ad9d33d9cf17a3363082e4c33e08023f6234ada81110733bec00c33d1c07669e,completed,3.0,3.0,50.0,0.0,0.0,24.0,24.0,24.0,0.0,1.0,0.0,0.0,400,0.017102956771850586,0.019113540649414062,0,0,2.225523731795812,28.342893458819013,0.0,0.56
2,phase_r7_mask_v2,22,500,child_task3,weak_opponents,13007,task3_phase_r2_phase_r7_mask_v2_s22_c0500_125124f_task3_s13007,/export/data/sfan/MLE_final_project/runs/task3_phase_r2_phase_r7_mask_v2_s22_c0500_125124f/checkpoints/final.pt,125124f7c09f88714c4704b4d2ac06824cbf265f,ad9d33d9cf17a3363082e4c33e08023f6234ada81110733bec00c33d1c07669e,completed,6.0,6.0,48.0,0.0,0.0,22.0,22.0,22.0,0.0,1.0,0.0,0.0,400,0.017713308334350586,0.02105879783630371,0,0,3.7322001460278282,34.211551916932855,0.0,0.5575
2,phase_r7_mask_v2,22,500,child_task3,weak_opponents,13008,task3_phase_r2_phase_r7_mask_v2_s22_c0500_125124f_task3_s13008,/export/data/sfan/MLE_final_project/runs/task3_phase_r2_phase_r7_mask_v2_s22_c0500_125124f/checkpoints/final.pt,125124f7c09f88714c4704b4d2ac06824cbf265f,ad9d33d9cf17a3363082e4c33e08023f6234ada81110733bec00c33d1c07669e,completed,3.0,3.0,45.0,0.0,0.0,29.0,29.0,29.0,0.0,1.0,0.0,0.0,400,0.0189971923828125,0.021970510482788086,0,0,1.738281905274664,27.30894231861858,0.0,0.485
2,phase_r7_mask_v2,22,500,child_task3,weak_opponents,13009,task3_phase_r2_phase_r7_mask_v2_s22_c0500_125124f_task3_s13009,/export/data/sfan/MLE_final_project/runs/task3_phase_r2_phase_r7_mask_v2_s22_c0500_125124f/checkpoints/final.pt,125124f7c09f88714c4704b4d2ac06824cbf265f,ad9d33d9cf17a3363082e4c33e08023f6234ada81110733bec00c33d1c07669e,completed,2.0,2.0,51.0,0.0,0.0,25.0,25.0,25.0,0.0,1.0,0.0,0.0,400,0.0164792537689209,0.01984262466430664,0,0,0.7680859916333167,34.985947598140164,0.0,0.4475
2,phase_r7_mask_v2,22,500,child_task3,weak_opponents,13010,task3_phase_r2_phase_r7_mask_v2_s22_c0500_125124f_task3_s13010,/export/data/sfan/MLE_final_project/runs/task3_phase_r2_phase_r7_mask_v2_s22_c0500_125124f/checkpoints/final.pt,125124f7c09f88714c4704b4d2ac06824cbf265f,ad9d33d9cf17a3363082e4c33e08023f6234ada81110733bec00c33d1c07669e,completed,6.0,6.0,50.0,0.0,0.0,26.0,26.0,26.0,0.0,1.0,0.0,0.0,400,0.016161203384399414,0.029765844345092773,0,0,2.279281218534187,21.52055373604831,0.0,0.6775
2,phase_r7_mask_v2,22,500,child_task3,weak_opponents,13011,task3_phase_r2_phase_r7_mask_v2_s22_c0500_125124f_task3_s13011,/export/data/sfan/MLE_final_project/runs/task3_phase_r2_phase_r7_mask_v2_s22_c0500_125124f/checkpoints/final.pt,125124f7c09f88714c4704b4d2ac06824cbf265f,ad9d33d9cf17a3363082e4c33e08023f6234ada81110733bec00c33d1c07669e,completed,0.0,0.0,14.0,0.0,1.0,7.0,7.0,6.0,1.0,0.0,0.0,0.0,73,0.010385513305664062,0.010773658752441406,0,0,0.0,240.5084750346339,0.0,0.9178082191780822
2,phase_r7_mask_v2,22,500,child_task3,weak_opponents,13012,task3_phase_r2_phase_r7_mask_v2_s22_c0500_125124f_task3_s13012,/export/data/sfan/MLE_final_project/runs/task3_phase_r2_phase_r7_mask_v2_s22_c0500_125124f/checkpoints/final.pt,125124f7c09f88714c4704b4d2ac06824cbf265f,ad9d33d9cf17a3363082e4c33e08023f6234ada81110733bec00c33d1c07669e,completed,5.0,5.0,48.0,0.0,0.0,26.0,26.0,26.0,0.0,1.0,0.0,0.0,400,0.01954936981201172,0.02299642562866211,0,0,2.133895528581057,28.580080101173213,0.0,0.295
2,phase_r7_mask_v2,22,500,child_task3,weak_opponents,13013,task3_phase_r2_phase_r7_mask_v2_s22_c0500_125124f_task3_s13013,/export/data/sfan/MLE_final_project/runs/task3_phase_r2_phase_r7_mask_v2_s22_c0500_125124f/checkpoints/final.pt,125124f7c09f88714c4704b4d2ac06824cbf265f,ad9d33d9cf17a3363082e4c33e08023f6234ada81110733bec00c33d1c07669e,completed,11.0,6.0,54.0,1.0,1.0,22.0,22.0,21.0,1.0,0.0,1.0,0.0,245,0.01687765121459961,0.021010637283325195,0,0,1.837005838031679,33.73681063418463,0.060827963979054,0.5306122448979592
2,phase_r7_mask_v2,22,500,child_task3,weak_opponents,13014,task3_phase_r2_phase_r7_mask_v2_s22_c0500_125124f_task3_s13014,/export/data/sfan/MLE_final_project/runs/task3_phase_r2_phase_r7_mask_v2_s22_c0500_125124f/checkpoints/final.pt,125124f7c09f88714c4704b4d2ac06824cbf265f,ad9d33d9cf17a3363082e4c33e08023f6234ada81110733bec00c33d1c07669e,completed,4.0,4.0,57.0,0.0,0.0,41.0,41.0,41.0,0.0,1.0,0.0,0.0,400,0.019350528717041016,0.0231475830078125,0,0,1.873242913393474,26.28104284659618,0.0,0.2525
2,phase_r7_mask_v2,22,500,child_task3,weak_opponents,13015,task3_phase_r2_phase_r7_mask_v2_s22_c0500_125124f_task3_s13015,/export/data/sfan/MLE_final_project/runs/task3_phase_r2_phase_r7_mask_v2_s22_c0500_125124f/checkpoints/final.pt,125124f7c09f88714c4704b4d2ac06824cbf265f,ad9d33d9cf17a3363082e4c33e08023f6234ada81110733bec00c33d1c07669e,completed,4.0,4.0,52.0,0.0,0.0,30.0,30.0,30.0,0.0,1.0,0.0,0.0,400,0.018399715423583984,0.021571636199951172,0,0,1.4604238466078938,26.597721096854745,0.0,0.4625
2,phase_r7_mask_v2,22,500,child_task3,weak_opponents,13016,task3_phase_r2_phase_r7_mask_v2_s22_c0500_125124f_task3_s13016,/export/data/sfan/MLE_final_project/runs/task3_phase_r2_phase_r7_mask_v2_s22_c0500_125124f/checkpoints/final.pt,125124f7c09f88714c4704b4d2ac06824cbf265f,ad9d33d9cf17a3363082e4c33e08023f6234ada81110733bec00c33d1c07669e,completed,5.0,5.0,65.0,0.0,0.0,28.0,28.0,28.0,0.0,1.0,0.0,0.0,400,0.017934083938598633,0.021209239959716797,0,0,2.2668933947581693,37.456898465759885,0.0,0.5275
2,phase_r7_mask_v2,22,500,child_task3,weak_opponents,13017,task3_phase_r2_phase_r7_mask_v2_s22_c0500_125124f_task3_s13017,/export/data/sfan/MLE_final_project/runs/task3_phase_r2_phase_r7_mask_v2_s22_c0500_125124f/checkpoints/final.pt,125124f7c09f88714c4704b4d2ac06824cbf265f,ad9d33d9cf17a3363082e4c33e08023f6234ada81110733bec00c33d1c07669e,completed,2.0,2.0,38.0,0.0,0.0,27.0,27.0,27.0,0.0,1.0,0.0,0.0,400,0.013574838638305664,0.01798391342163086,0,0,2.139737488512328,24.91279934822491,0.0,0.7
2,phase_r7_mask_v2,22,500,child_task3,weak_opponents,13018,task3_phase_r2_phase_r7_mask_v2_s22_c0500_125124f_task3_s13018,/export/data/sfan/MLE_final_project/runs/task3_phase_r2_phase_r7_mask_v2_s22_c0500_125124f/checkpoints/final.pt,125124f7c09f88714c4704b4d2ac06824cbf265f,ad9d33d9cf17a3363082e4c33e08023f6234ada81110733bec00c33d1c07669e,completed,9.0,4.0,47.0,1.0,0.0,24.0,24.0,24.0,0.0,1.0,1.0,0.0,400,0.015798568725585938,0.020524978637695312,0,0,3.1160179895300346,34.32809625263006,0.0,0.5975
2,phase_r7_mask_v2,22,500,child_task3,weak_opponents,13019,task3_phase_r2_phase_r7_mask_v2_s22_c0500_125124f_task3_s13019,/export/data/sfan/MLE_final_project/runs/task3_phase_r2_phase_r7_mask_v2_s22_c0500_125124f/checkpoints/final.pt,125124f7c09f88714c4704b4d2ac06824cbf265f,ad9d33d9cf17a3363082e4c33e08023f6234ada81110733bec00c33d1c07669e,completed,9.0,4.0,51.0,1.0,0.0,26.0,26.0,26.0,1.0,1.0,1.0,0.0,400,0.016724348068237305,0.02208685874938965,0,0,2.5530968151217603,30.807003267850053,0.0,0.6225
