schema_version,algorithm,round,reward,action_steps,epsilon,q_states,loss,updates,checkpoint
training-v1,q_learning,1,10.990000000000077,400,0.9949333333333333,18,,,/Users/zyy/workspace/MLE_final/runs/q_coin_train/checkpoints/final.pkl
training-v1,q_learning,2,19.99,800,0.9898666666666667,27,,,/Users/zyy/workspace/MLE_final/runs/q_coin_train/checkpoints/final.pkl
training-v1,q_learning,3,23.98999999999999,1200,0.9848,33,,,/Users/zyy/workspace/MLE_final/runs/q_coin_train/checkpoints/final.pkl
training-v1,q_learning,4,17.989999999999785,1600,0.9797333333333333,37,,,/Users/zyy/workspace/MLE_final/runs/q_coin_train/checkpoints/final.pkl
training-v1,q_learning,5,17.989999999999945,2000,0.9746666666666667,39,,,/Users/zyy/workspace/MLE_final/runs/q_coin_train/checkpoints/final.pkl
training-v1,q_learning,6,16.989999999999938,2400,0.9696,42,,,/Users/zyy/workspace/MLE_final/runs/q_coin_train/checkpoints/final.pkl
training-v1,q_learning,7,13.990000000000082,2800,0.9645333333333334,43,,,/Users/zyy/workspace/MLE_final/runs/q_coin_train/checkpoints/final.pkl
training-v1,q_learning,8,20.989999999999842,3200,0.9594666666666667,43,,,/Users/zyy/workspace/MLE_final/runs/q_coin_train/checkpoints/final.pkl
training-v1,q_learning,9,27.989999999999853,3600,0.9544,43,,,/Users/zyy/workspace/MLE_final/runs/q_coin_train/checkpoints/final.pkl
training-v1,q_learning,10,21.989999999999718,4000,0.9493333333333334,44,,,/Users/zyy/workspace/MLE_final/runs/q_coin_train/checkpoints/final.pkl
training-v1,q_learning,11,22.989999999999714,4400,0.9442666666666667,44,,,/Users/zyy/workspace/MLE_final/runs/q_coin_train/checkpoints/final.pkl
training-v1,q_learning,12,24.989999999999757,4800,0.9392,45,,,/Users/zyy/workspace/MLE_final/runs/q_coin_train/checkpoints/final.pkl
training-v1,q_learning,13,18.98999999999998,5200,0.9341333333333334,46,,,/Users/zyy/workspace/MLE_final/runs/q_coin_train/checkpoints/final.pkl
training-v1,q_learning,14,29.98999999999962,5600,0.9290666666666667,47,,,/Users/zyy/workspace/MLE_final/runs/q_coin_train/checkpoints/final.pkl
training-v1,q_learning,15,18.990000000000034,6000,0.924,48,,,/Users/zyy/workspace/MLE_final/runs/q_coin_train/checkpoints/final.pkl
training-v1,q_learning,16,17.990000000000045,6400,0.9189333333333334,48,,,/Users/zyy/workspace/MLE_final/runs/q_coin_train/checkpoints/final.pkl
training-v1,q_learning,17,24.98999999999985,6800,0.9138666666666666,48,,,/Users/zyy/workspace/MLE_final/runs/q_coin_train/checkpoints/final.pkl
training-v1,q_learning,18,28.98999999999972,7200,0.9088,48,,,/Users/zyy/workspace/MLE_final/runs/q_coin_train/checkpoints/final.pkl
training-v1,q_learning,19,20.98999999999966,7600,0.9037333333333334,48,,,/Users/zyy/workspace/MLE_final/runs/q_coin_train/checkpoints/final.pkl
training-v1,q_learning,20,28.989999999999604,8000,0.8986666666666667,48,,,/Users/zyy/workspace/MLE_final/runs/q_coin_train/checkpoints/final.pkl
training-v1,q_learning,21,18.989999999999906,8400,0.8936,48,,,/Users/zyy/workspace/MLE_final/runs/q_coin_train/checkpoints/final.pkl
training-v1,q_learning,22,23.989999999999753,8800,0.8885333333333334,48,,,/Users/zyy/workspace/MLE_final/runs/q_coin_train/checkpoints/final.pkl
training-v1,q_learning,23,28.98999999999968,9200,0.8834666666666666,48,,,/Users/zyy/workspace/MLE_final/runs/q_coin_train/checkpoints/final.pkl
training-v1,q_learning,24,30.989999999999775,9600,0.8784,49,,,/Users/zyy/workspace/MLE_final/runs/q_coin_train/checkpoints/final.pkl
training-v1,q_learning,25,23.98999999999954,10000,0.8733333333333333,49,,,/Users/zyy/workspace/MLE_final/runs/q_coin_train/checkpoints/final.pkl
training-v1,q_learning,26,21.989999999999707,10400,0.8682666666666667,49,,,/Users/zyy/workspace/MLE_final/runs/q_coin_train/checkpoints/final.pkl
training-v1,q_learning,27,27.98999999999982,10800,0.8632,50,,,/Users/zyy/workspace/MLE_final/runs/q_coin_train/checkpoints/final.pkl
training-v1,q_learning,28,29.9899999999998,11200,0.8581333333333333,50,,,/Users/zyy/workspace/MLE_final/runs/q_coin_train/checkpoints/final.pkl
training-v1,q_learning,29,31.989999999999725,11600,0.8530666666666666,50,,,/Users/zyy/workspace/MLE_final/runs/q_coin_train/checkpoints/final.pkl
training-v1,q_learning,30,28.989999999999654,12000,0.848,50,,,/Users/zyy/workspace/MLE_final/runs/q_coin_train/checkpoints/final.pkl
training-v1,q_learning,31,33.9899999999997,12400,0.8429333333333333,50,,,/Users/zyy/workspace/MLE_final/runs/q_coin_train/checkpoints/final.pkl
training-v1,q_learning,32,29.989999999999807,12800,0.8378666666666666,50,,,/Users/zyy/workspace/MLE_final/runs/q_coin_train/checkpoints/final.pkl
training-v1,q_learning,33,39.990000000000094,13200,0.8328,50,,,/Users/zyy/workspace/MLE_final/runs/q_coin_train/checkpoints/final.pkl
training-v1,q_learning,34,36.99000000000011,13600,0.8277333333333333,50,,,/Users/zyy/workspace/MLE_final/runs/q_coin_train/checkpoints/final.pkl
training-v1,q_learning,35,38.98999999999988,14000,0.8226666666666667,50,,,/Users/zyy/workspace/MLE_final/runs/q_coin_train/checkpoints/final.pkl
training-v1,q_learning,36,22.989999999999633,14400,0.8176,50,,,/Users/zyy/workspace/MLE_final/runs/q_coin_train/checkpoints/final.pkl
training-v1,q_learning,37,30.989999999999604,14800,0.8125333333333333,50,,,/Users/zyy/workspace/MLE_final/runs/q_coin_train/checkpoints/final.pkl
training-v1,q_learning,38,38.99000000000028,15200,0.8074666666666667,50,,,/Users/zyy/workspace/MLE_final/runs/q_coin_train/checkpoints/final.pkl
training-v1,q_learning,39,27.989999999999526,15600,0.8024,50,,,/Users/zyy/workspace/MLE_final/runs/q_coin_train/checkpoints/final.pkl
training-v1,q_learning,40,36.99000000000007,16000,0.7973333333333333,50,,,/Users/zyy/workspace/MLE_final/runs/q_coin_train/checkpoints/final.pkl
training-v1,q_learning,41,36.98999999999982,16400,0.7922666666666667,50,,,/Users/zyy/workspace/MLE_final/runs/q_coin_train/checkpoints/final.pkl
training-v1,q_learning,42,35.98999999999973,16800,0.7872,50,,,/Users/zyy/workspace/MLE_final/runs/q_coin_train/checkpoints/final.pkl
training-v1,q_learning,43,39.989999999999995,17200,0.7821333333333333,50,,,/Users/zyy/workspace/MLE_final/runs/q_coin_train/checkpoints/final.pkl
training-v1,q_learning,44,38.98999999999981,17600,0.7770666666666667,50,,,/Users/zyy/workspace/MLE_final/runs/q_coin_train/checkpoints/final.pkl
training-v1,q_learning,45,33.98999999999975,18000,0.772,50,,,/Users/zyy/workspace/MLE_final/runs/q_coin_train/checkpoints/final.pkl
training-v1,q_learning,46,36.989999999999796,18400,0.7669333333333334,50,,,/Users/zyy/workspace/MLE_final/runs/q_coin_train/checkpoints/final.pkl
training-v1,q_learning,47,25.989999999999917,18800,0.7618666666666667,50,,,/Users/zyy/workspace/MLE_final/runs/q_coin_train/checkpoints/final.pkl
training-v1,q_learning,48,28.989999999999778,19200,0.7568,50,,,/Users/zyy/workspace/MLE_final/runs/q_coin_train/checkpoints/final.pkl
training-v1,q_learning,49,26.989999999999522,19600,0.7517333333333334,50,,,/Users/zyy/workspace/MLE_final/runs/q_coin_train/checkpoints/final.pkl
training-v1,q_learning,50,34.990000000000094,20000,0.7466666666666667,50,,,/Users/zyy/workspace/MLE_final/runs/q_coin_train/checkpoints/final.pkl
training-v1,q_learning,51,43.989999999999974,20400,0.7416,50,,,/Users/zyy/workspace/MLE_final/runs/q_coin_train/checkpoints/final.pkl
training-v1,q_learning,52,45.99000000000011,20800,0.7365333333333334,50,,,/Users/zyy/workspace/MLE_final/runs/q_coin_train/checkpoints/final.pkl
training-v1,q_learning,53,35.990000000000094,21200,0.7314666666666667,50,,,/Users/zyy/workspace/MLE_final/runs/q_coin_train/checkpoints/final.pkl
training-v1,q_learning,54,28.989999999999867,21600,0.7264,50,,,/Users/zyy/workspace/MLE_final/runs/q_coin_train/checkpoints/final.pkl
training-v1,q_learning,55,45.99000000000018,22000,0.7213333333333334,50,,,/Users/zyy/workspace/MLE_final/runs/q_coin_train/checkpoints/final.pkl
training-v1,q_learning,56,43.99000000000018,22400,0.7162666666666666,50,,,/Users/zyy/workspace/MLE_final/runs/q_coin_train/checkpoints/final.pkl
training-v1,q_learning,57,38.98999999999996,22800,0.7112,50,,,/Users/zyy/workspace/MLE_final/runs/q_coin_train/checkpoints/final.pkl
training-v1,q_learning,58,43.99000000000021,23200,0.7061333333333333,50,,,/Users/zyy/workspace/MLE_final/runs/q_coin_train/checkpoints/final.pkl
training-v1,q_learning,59,30.98999999999974,23600,0.7010666666666667,50,,,/Users/zyy/workspace/MLE_final/runs/q_coin_train/checkpoints/final.pkl
training-v1,q_learning,60,36.99000000000012,24000,0.696,50,,,/Users/zyy/workspace/MLE_final/runs/q_coin_train/checkpoints/final.pkl
training-v1,q_learning,61,45.990000000000194,24400,0.6909333333333334,50,,,/Users/zyy/workspace/MLE_final/runs/q_coin_train/checkpoints/final.pkl
training-v1,q_learning,62,48.790000000000084,24720,0.6868799999999999,50,,,/Users/zyy/workspace/MLE_final/runs/q_coin_train/checkpoints/final.pkl
training-v1,q_learning,63,40.990000000000094,25120,0.6818133333333334,50,,,/Users/zyy/workspace/MLE_final/runs/q_coin_train/checkpoints/final.pkl
training-v1,q_learning,64,48.28000000000006,25491,0.677114,50,,,/Users/zyy/workspace/MLE_final/runs/q_coin_train/checkpoints/final.pkl
training-v1,q_learning,65,40.989999999999995,25891,0.6720473333333334,50,,,/Users/zyy/workspace/MLE_final/runs/q_coin_train/checkpoints/final.pkl
training-v1,q_learning,66,48.180000000000064,26272,0.6672213333333333,50,,,/Users/zyy/workspace/MLE_final/runs/q_coin_train/checkpoints/final.pkl
training-v1,q_learning,67,44.99000000000009,26672,0.6621546666666667,50,,,/Users/zyy/workspace/MLE_final/runs/q_coin_train/checkpoints/final.pkl
training-v1,q_learning,68,35.98999999999995,27072,0.657088,50,,,/Users/zyy/workspace/MLE_final/runs/q_coin_train/checkpoints/final.pkl
training-v1,q_learning,69,38.98999999999985,27472,0.6520213333333333,50,,,/Users/zyy/workspace/MLE_final/runs/q_coin_train/checkpoints/final.pkl
training-v1,q_learning,70,39.98999999999988,27872,0.6469546666666667,50,,,/Users/zyy/workspace/MLE_final/runs/q_coin_train/checkpoints/final.pkl
training-v1,q_learning,71,44.990000000000194,28272,0.641888,50,,,/Users/zyy/workspace/MLE_final/runs/q_coin_train/checkpoints/final.pkl
training-v1,q_learning,72,48.42000000000014,28629,0.637366,50,,,/Users/zyy/workspace/MLE_final/runs/q_coin_train/checkpoints/final.pkl
training-v1,q_learning,73,48.45000000000005,28983,0.632882,50,,,/Users/zyy/workspace/MLE_final/runs/q_coin_train/checkpoints/final.pkl
training-v1,q_learning,74,40.99000000000019,29383,0.6278153333333334,50,,,/Users/zyy/workspace/MLE_final/runs/q_coin_train/checkpoints/final.pkl
training-v1,q_learning,75,48.38000000000027,29744,0.6232426666666667,50,,,/Users/zyy/workspace/MLE_final/runs/q_coin_train/checkpoints/final.pkl
training-v1,q_learning,76,35.9900000000001,30144,0.6181760000000001,50,,,/Users/zyy/workspace/MLE_final/runs/q_coin_train/checkpoints/final.pkl
training-v1,q_learning,77,44.99000000000013,30544,0.6131093333333333,50,,,/Users/zyy/workspace/MLE_final/runs/q_coin_train/checkpoints/final.pkl
training-v1,q_learning,78,45.99000000000024,30944,0.6080426666666667,50,,,/Users/zyy/workspace/MLE_final/runs/q_coin_train/checkpoints/final.pkl
training-v1,q_learning,79,48.880000000000116,31255,0.6041033333333333,50,,,/Users/zyy/workspace/MLE_final/runs/q_coin_train/checkpoints/final.pkl
training-v1,q_learning,80,48.6100000000002,31593,0.5998220000000001,50,,,/Users/zyy/workspace/MLE_final/runs/q_coin_train/checkpoints/final.pkl
training-v1,q_learning,81,45.99000000000011,31993,0.5947553333333333,50,,,/Users/zyy/workspace/MLE_final/runs/q_coin_train/checkpoints/final.pkl
training-v1,q_learning,82,42.99000000000016,32393,0.5896886666666667,50,,,/Users/zyy/workspace/MLE_final/runs/q_coin_train/checkpoints/final.pkl
training-v1,q_learning,83,48.529999999999994,32739,0.585306,50,,,/Users/zyy/workspace/MLE_final/runs/q_coin_train/checkpoints/final.pkl
training-v1,q_learning,84,48.49000000000022,33089,0.5808726666666667,50,,,/Users/zyy/workspace/MLE_final/runs/q_coin_train/checkpoints/final.pkl
training-v1,q_learning,85,43.990000000000194,33489,0.575806,50,,,/Users/zyy/workspace/MLE_final/runs/q_coin_train/checkpoints/final.pkl
training-v1,q_learning,86,48.0999999999999,33878,0.5708786666666668,50,,,/Users/zyy/workspace/MLE_final/runs/q_coin_train/checkpoints/final.pkl
training-v1,q_learning,87,48.75000000000014,34202,0.5667746666666666,50,,,/Users/zyy/workspace/MLE_final/runs/q_coin_train/checkpoints/final.pkl
training-v1,q_learning,88,45.99000000000045,34602,0.5617080000000001,50,,,/Users/zyy/workspace/MLE_final/runs/q_coin_train/checkpoints/final.pkl
training-v1,q_learning,89,48.67000000000011,34934,0.5575026666666667,50,,,/Users/zyy/workspace/MLE_final/runs/q_coin_train/checkpoints/final.pkl
training-v1,q_learning,90,48.6400000000002,35269,0.5532593333333333,50,,,/Users/zyy/workspace/MLE_final/runs/q_coin_train/checkpoints/final.pkl
training-v1,q_learning,91,48.75000000000025,35593,0.5491553333333333,50,,,/Users/zyy/workspace/MLE_final/runs/q_coin_train/checkpoints/final.pkl
training-v1,q_learning,92,49.44000000000004,35848,0.5459253333333334,50,,,/Users/zyy/workspace/MLE_final/runs/q_coin_train/checkpoints/final.pkl
training-v1,q_learning,93,40.990000000000165,36248,0.5408586666666667,50,,,/Users/zyy/workspace/MLE_final/runs/q_coin_train/checkpoints/final.pkl
training-v1,q_learning,94,44.99000000000024,36648,0.535792,50,,,/Users/zyy/workspace/MLE_final/runs/q_coin_train/checkpoints/final.pkl
training-v1,q_learning,95,45.99000000000012,37048,0.5307253333333334,50,,,/Users/zyy/workspace/MLE_final/runs/q_coin_train/checkpoints/final.pkl
training-v1,q_learning,96,43.990000000000386,37448,0.5256586666666667,50,,,/Users/zyy/workspace/MLE_final/runs/q_coin_train/checkpoints/final.pkl
training-v1,q_learning,97,48.890000000000065,37758,0.5217320000000001,50,,,/Users/zyy/workspace/MLE_final/runs/q_coin_train/checkpoints/final.pkl
training-v1,q_learning,98,49.05000000000003,38052,0.518008,50,,,/Users/zyy/workspace/MLE_final/runs/q_coin_train/checkpoints/final.pkl
training-v1,q_learning,99,49.36000000000006,38315,0.5146766666666667,50,,,/Users/zyy/workspace/MLE_final/runs/q_coin_train/checkpoints/final.pkl
training-v1,q_learning,100,49.31000000000019,38583,0.511282,50,,,/Users/zyy/workspace/MLE_final/runs/q_coin_train/checkpoints/final.pkl
training-v1,q_learning,101,49.500000000000114,38832,0.508128,50,,,/Users/zyy/workspace/MLE_final/runs/q_coin_train/checkpoints/final.pkl
training-v1,q_learning,102,49.42000000000009,39089,0.5048726666666667,50,,,/Users/zyy/workspace/MLE_final/runs/q_coin_train/checkpoints/final.pkl
training-v1,q_learning,103,45.99000000000021,39489,0.4998060000000001,50,,,/Users/zyy/workspace/MLE_final/runs/q_coin_train/checkpoints/final.pkl
training-v1,q_learning,104,48.94000000000003,39794,0.49594266666666675,50,,,/Users/zyy/workspace/MLE_final/runs/q_coin_train/checkpoints/final.pkl
training-v1,q_learning,105,48.169999999999995,40176,0.491104,50,,,/Users/zyy/workspace/MLE_final/runs/q_coin_train/checkpoints/final.pkl
training-v1,q_learning,106,45.99000000000029,40576,0.4860373333333333,50,,,/Users/zyy/workspace/MLE_final/runs/q_coin_train/checkpoints/final.pkl
training-v1,q_learning,107,49.3300000000002,40842,0.482668,50,,,/Users/zyy/workspace/MLE_final/runs/q_coin_train/checkpoints/final.pkl
training-v1,q_learning,108,48.53000000000017,41188,0.47828533333333345,50,,,/Users/zyy/workspace/MLE_final/runs/q_coin_train/checkpoints/final.pkl
training-v1,q_learning,109,45.9900000000003,41588,0.4732186666666667,50,,,/Users/zyy/workspace/MLE_final/runs/q_coin_train/checkpoints/final.pkl
training-v1,q_learning,110,45.9900000000004,41988,0.468152,50,,,/Users/zyy/workspace/MLE_final/runs/q_coin_train/checkpoints/final.pkl
training-v1,q_learning,111,48.86000000000014,42301,0.4641873333333333,50,,,/Users/zyy/workspace/MLE_final/runs/q_coin_train/checkpoints/final.pkl
training-v1,q_learning,112,49.78000000000008,42522,0.461388,50,,,/Users/zyy/workspace/MLE_final/runs/q_coin_train/checkpoints/final.pkl
training-v1,q_learning,113,48.97000000000021,42824,0.4575626666666667,50,,,/Users/zyy/workspace/MLE_final/runs/q_coin_train/checkpoints/final.pkl
training-v1,q_learning,114,49.06000000000022,43117,0.4538513333333333,50,,,/Users/zyy/workspace/MLE_final/runs/q_coin_train/checkpoints/final.pkl
training-v1,q_learning,115,49.35000000000012,43381,0.45050733333333337,50,,,/Users/zyy/workspace/MLE_final/runs/q_coin_train/checkpoints/final.pkl
training-v1,q_learning,116,44.99000000000046,43781,0.4454406666666667,50,,,/Users/zyy/workspace/MLE_final/runs/q_coin_train/checkpoints/final.pkl
training-v1,q_learning,117,49.23000000000006,44057,0.44194466666666665,50,,,/Users/zyy/workspace/MLE_final/runs/q_coin_train/checkpoints/final.pkl
training-v1,q_learning,118,49.32999999999995,44323,0.4385753333333333,50,,,/Users/zyy/workspace/MLE_final/runs/q_coin_train/checkpoints/final.pkl
training-v1,q_learning,119,48.180000000000206,44704,0.4337493333333333,50,,,/Users/zyy/workspace/MLE_final/runs/q_coin_train/checkpoints/final.pkl
training-v1,q_learning,120,49.810000000000066,44922,0.4309879999999999,50,,,/Users/zyy/workspace/MLE_final/runs/q_coin_train/checkpoints/final.pkl
training-v1,q_learning,121,49.39000000000021,45182,0.42769466666666667,50,,,/Users/zyy/workspace/MLE_final/runs/q_coin_train/checkpoints/final.pkl
training-v1,q_learning,122,49.32000000000007,45449,0.42431266666666667,50,,,/Users/zyy/workspace/MLE_final/runs/q_coin_train/checkpoints/final.pkl
training-v1,q_learning,123,50.10000000000003,45638,0.42191866666666666,50,,,/Users/zyy/workspace/MLE_final/runs/q_coin_train/checkpoints/final.pkl
training-v1,q_learning,124,49.13000000000019,45924,0.418296,50,,,/Users/zyy/workspace/MLE_final/runs/q_coin_train/checkpoints/final.pkl
training-v1,q_learning,125,49.41000000000019,46182,0.41502800000000006,50,,,/Users/zyy/workspace/MLE_final/runs/q_coin_train/checkpoints/final.pkl
training-v1,q_learning,126,49.230000000000004,46458,0.411532,50,,,/Users/zyy/workspace/MLE_final/runs/q_coin_train/checkpoints/final.pkl
training-v1,q_learning,127,49.460000000000086,46711,0.4083273333333334,50,,,/Users/zyy/workspace/MLE_final/runs/q_coin_train/checkpoints/final.pkl
training-v1,q_learning,128,49.21000000000014,46989,0.4048060000000001,50,,,/Users/zyy/workspace/MLE_final/runs/q_coin_train/checkpoints/final.pkl
training-v1,q_learning,129,49.7200000000001,47216,0.40193066666666666,50,,,/Users/zyy/workspace/MLE_final/runs/q_coin_train/checkpoints/final.pkl
training-v1,q_learning,130,49.1600000000002,47499,0.3983460000000001,50,,,/Users/zyy/workspace/MLE_final/runs/q_coin_train/checkpoints/final.pkl
training-v1,q_learning,131,50.04000000000007,47694,0.395876,50,,,/Users/zyy/workspace/MLE_final/runs/q_coin_train/checkpoints/final.pkl
training-v1,q_learning,132,50.07000000000006,47886,0.393444,50,,,/Users/zyy/workspace/MLE_final/runs/q_coin_train/checkpoints/final.pkl
training-v1,q_learning,133,49.420000000000215,48143,0.39018866666666674,50,,,/Users/zyy/workspace/MLE_final/runs/q_coin_train/checkpoints/final.pkl
training-v1,q_learning,134,49.930000000000064,48349,0.3875793333333334,50,,,/Users/zyy/workspace/MLE_final/runs/q_coin_train/checkpoints/final.pkl
training-v1,q_learning,135,49.710000000000136,48577,0.3846913333333334,50,,,/Users/zyy/workspace/MLE_final/runs/q_coin_train/checkpoints/final.pkl
training-v1,q_learning,136,49.470000000000105,48829,0.3814993333333333,50,,,/Users/zyy/workspace/MLE_final/runs/q_coin_train/checkpoints/final.pkl
training-v1,q_learning,137,49.46999999999998,49081,0.37830733333333344,50,,,/Users/zyy/workspace/MLE_final/runs/q_coin_train/checkpoints/final.pkl
training-v1,q_learning,138,49.770000000000024,49303,0.3754953333333333,50,,,/Users/zyy/workspace/MLE_final/runs/q_coin_train/checkpoints/final.pkl
training-v1,q_learning,139,49.15999999999996,49586,0.3719106666666667,50,,,/Users/zyy/workspace/MLE_final/runs/q_coin_train/checkpoints/final.pkl
training-v1,q_learning,140,49.06000000000029,49879,0.3681993333333333,50,,,/Users/zyy/workspace/MLE_final/runs/q_coin_train/checkpoints/final.pkl
training-v1,q_learning,141,49.590000000000195,50119,0.3651593333333333,50,,,/Users/zyy/workspace/MLE_final/runs/q_coin_train/checkpoints/final.pkl
training-v1,q_learning,142,49.860000000000156,50332,0.3624613333333334,50,,,/Users/zyy/workspace/MLE_final/runs/q_coin_train/checkpoints/final.pkl
training-v1,q_learning,143,49.22000000000021,50609,0.3589526666666667,50,,,/Users/zyy/workspace/MLE_final/runs/q_coin_train/checkpoints/final.pkl
training-v1,q_learning,144,49.830000000000034,50825,0.35621666666666674,50,,,/Users/zyy/workspace/MLE_final/runs/q_coin_train/checkpoints/final.pkl
training-v1,q_learning,145,49.550000000000004,51069,0.35312600000000005,50,,,/Users/zyy/workspace/MLE_final/runs/q_coin_train/checkpoints/final.pkl
training-v1,q_learning,146,49.30000000000008,51338,0.3497186666666666,50,,,/Users/zyy/workspace/MLE_final/runs/q_coin_train/checkpoints/final.pkl
training-v1,q_learning,147,49.48000000000011,51589,0.3465393333333334,50,,,/Users/zyy/workspace/MLE_final/runs/q_coin_train/checkpoints/final.pkl
training-v1,q_learning,148,48.83000000000027,51905,0.3425366666666666,50,,,/Users/zyy/workspace/MLE_final/runs/q_coin_train/checkpoints/final.pkl
training-v1,q_learning,149,49.76000000000006,52128,0.339712,50,,,/Users/zyy/workspace/MLE_final/runs/q_coin_train/checkpoints/final.pkl
training-v1,q_learning,150,45.99000000000047,52528,0.33464533333333335,50,,,/Users/zyy/workspace/MLE_final/runs/q_coin_train/checkpoints/final.pkl
training-v1,q_learning,151,48.970000000000134,52830,0.33082,50,,,/Users/zyy/workspace/MLE_final/runs/q_coin_train/checkpoints/final.pkl
training-v1,q_learning,152,49.61000000000005,53068,0.3278053333333333,50,,,/Users/zyy/workspace/MLE_final/runs/q_coin_train/checkpoints/final.pkl
training-v1,q_learning,153,49.91999999999999,53275,0.3251833333333334,50,,,/Users/zyy/workspace/MLE_final/runs/q_coin_train/checkpoints/final.pkl
training-v1,q_learning,154,49.56000000000012,53518,0.32210533333333347,50,,,/Users/zyy/workspace/MLE_final/runs/q_coin_train/checkpoints/final.pkl
training-v1,q_learning,155,49.30000000000004,53787,0.31869800000000004,50,,,/Users/zyy/workspace/MLE_final/runs/q_coin_train/checkpoints/final.pkl
training-v1,q_learning,156,49.730000000000075,54013,0.31583533333333336,50,,,/Users/zyy/workspace/MLE_final/runs/q_coin_train/checkpoints/final.pkl
training-v1,q_learning,157,50.39000000000007,54173,0.31380866666666674,50,,,/Users/zyy/workspace/MLE_final/runs/q_coin_train/checkpoints/final.pkl
training-v1,q_learning,158,50.07000000000012,54365,0.31137666666666675,50,,,/Users/zyy/workspace/MLE_final/runs/q_coin_train/checkpoints/final.pkl
training-v1,q_learning,159,49.48000000000017,54616,0.3081973333333333,50,,,/Users/zyy/workspace/MLE_final/runs/q_coin_train/checkpoints/final.pkl
training-v1,q_learning,160,48.40000000000023,54975,0.3036500000000001,50,,,/Users/zyy/workspace/MLE_final/runs/q_coin_train/checkpoints/final.pkl
training-v1,q_learning,161,40.99000000000043,55375,0.2985833333333334,50,,,/Users/zyy/workspace/MLE_final/runs/q_coin_train/checkpoints/final.pkl
training-v1,q_learning,162,49.68000000000007,55606,0.2956573333333333,50,,,/Users/zyy/workspace/MLE_final/runs/q_coin_train/checkpoints/final.pkl
training-v1,q_learning,163,49.890000000000185,55816,0.29299733333333344,50,,,/Users/zyy/workspace/MLE_final/runs/q_coin_train/checkpoints/final.pkl
training-v1,q_learning,164,49.61000000000005,56054,0.2899826666666667,50,,,/Users/zyy/workspace/MLE_final/runs/q_coin_train/checkpoints/final.pkl
training-v1,q_learning,165,49.16000000000026,56337,0.28639800000000004,50,,,/Users/zyy/workspace/MLE_final/runs/q_coin_train/checkpoints/final.pkl
training-v1,q_learning,166,49.66000000000006,56570,0.28344666666666674,50,,,/Users/zyy/workspace/MLE_final/runs/q_coin_train/checkpoints/final.pkl
training-v1,q_learning,167,49.81000000000014,56788,0.28068533333333334,50,,,/Users/zyy/workspace/MLE_final/runs/q_coin_train/checkpoints/final.pkl
training-v1,q_learning,168,49.480000000000146,57039,0.27750600000000003,50,,,/Users/zyy/workspace/MLE_final/runs/q_coin_train/checkpoints/final.pkl
training-v1,q_learning,169,45.99000000000051,57439,0.27243933333333337,50,,,/Users/zyy/workspace/MLE_final/runs/q_coin_train/checkpoints/final.pkl
training-v1,q_learning,170,49.79999999999997,57658,0.2696653333333334,50,,,/Users/zyy/workspace/MLE_final/runs/q_coin_train/checkpoints/final.pkl
training-v1,q_learning,171,49.78000000000011,57879,0.26686600000000005,50,,,/Users/zyy/workspace/MLE_final/runs/q_coin_train/checkpoints/final.pkl
training-v1,q_learning,172,49.860000000000056,58092,0.26416799999999996,50,,,/Users/zyy/workspace/MLE_final/runs/q_coin_train/checkpoints/final.pkl
training-v1,q_learning,173,50.2700000000001,58264,0.2619893333333334,50,,,/Users/zyy/workspace/MLE_final/runs/q_coin_train/checkpoints/final.pkl
training-v1,q_learning,174,42.990000000000464,58664,0.25692266666666663,50,,,/Users/zyy/workspace/MLE_final/runs/q_coin_train/checkpoints/final.pkl
training-v1,q_learning,175,49.34000000000006,58929,0.25356600000000007,50,,,/Users/zyy/workspace/MLE_final/runs/q_coin_train/checkpoints/final.pkl
training-v1,q_learning,176,49.90000000000011,59138,0.25091866666666673,50,,,/Users/zyy/workspace/MLE_final/runs/q_coin_train/checkpoints/final.pkl
training-v1,q_learning,177,50.15000000000004,59322,0.24858800000000003,50,,,/Users/zyy/workspace/MLE_final/runs/q_coin_train/checkpoints/final.pkl
training-v1,q_learning,178,50.14000000000005,59507,0.24624466666666678,50,,,/Users/zyy/workspace/MLE_final/runs/q_coin_train/checkpoints/final.pkl
training-v1,q_learning,179,50.04000000000011,59702,0.2437746666666667,50,,,/Users/zyy/workspace/MLE_final/runs/q_coin_train/checkpoints/final.pkl
training-v1,q_learning,180,50.10000000000013,59891,0.2413806666666667,50,,,/Users/zyy/workspace/MLE_final/runs/q_coin_train/checkpoints/final.pkl
training-v1,q_learning,181,50.210000000000086,60069,0.23912600000000006,50,,,/Users/zyy/workspace/MLE_final/runs/q_coin_train/checkpoints/final.pkl
training-v1,q_learning,182,50.14000000000011,60254,0.2367826666666667,50,,,/Users/zyy/workspace/MLE_final/runs/q_coin_train/checkpoints/final.pkl
training-v1,q_learning,183,50.10000000000013,60443,0.2343886666666667,50,,,/Users/zyy/workspace/MLE_final/runs/q_coin_train/checkpoints/final.pkl
training-v1,q_learning,184,50.09000000000011,60633,0.23198200000000002,50,,,/Users/zyy/workspace/MLE_final/runs/q_coin_train/checkpoints/final.pkl
training-v1,q_learning,185,50.290000000000155,60803,0.22982866666666668,50,,,/Users/zyy/workspace/MLE_final/runs/q_coin_train/checkpoints/final.pkl
training-v1,q_learning,186,50.340000000000025,60968,0.22773866666666676,50,,,/Users/zyy/workspace/MLE_final/runs/q_coin_train/checkpoints/final.pkl
training-v1,q_learning,187,50.2000000000001,61147,0.22547133333333336,50,,,/Users/zyy/workspace/MLE_final/runs/q_coin_train/checkpoints/final.pkl
training-v1,q_learning,188,41.990000000000016,61547,0.2204046666666668,50,,,/Users/zyy/workspace/MLE_final/runs/q_coin_train/checkpoints/final.pkl
training-v1,q_learning,189,22.989999999999622,61947,0.21533800000000003,50,,,/Users/zyy/workspace/MLE_final/runs/q_coin_train/checkpoints/final.pkl
training-v1,q_learning,190,49.63000000000008,62183,0.21234866666666674,50,,,/Users/zyy/workspace/MLE_final/runs/q_coin_train/checkpoints/final.pkl
training-v1,q_learning,191,50.06000000000004,62376,0.2099040000000001,50,,,/Users/zyy/workspace/MLE_final/runs/q_coin_train/checkpoints/final.pkl
training-v1,q_learning,192,50.26000000000001,62549,0.20771266666666677,50,,,/Users/zyy/workspace/MLE_final/runs/q_coin_train/checkpoints/final.pkl
training-v1,q_learning,193,50.12000000000011,62736,0.20534400000000008,50,,,/Users/zyy/workspace/MLE_final/runs/q_coin_train/checkpoints/final.pkl
training-v1,q_learning,194,50.23999999999999,62911,0.20312733333333344,50,,,/Users/zyy/workspace/MLE_final/runs/q_coin_train/checkpoints/final.pkl
training-v1,q_learning,195,49.88000000000015,63122,0.20045466666666678,50,,,/Users/zyy/workspace/MLE_final/runs/q_coin_train/checkpoints/final.pkl
training-v1,q_learning,196,49.86000000000011,63335,0.1977566666666667,50,,,/Users/zyy/workspace/MLE_final/runs/q_coin_train/checkpoints/final.pkl
training-v1,q_learning,197,49.930000000000135,63541,0.19514733333333334,50,,,/Users/zyy/workspace/MLE_final/runs/q_coin_train/checkpoints/final.pkl
training-v1,q_learning,198,50.14000000000004,63726,0.1928040000000001,50,,,/Users/zyy/workspace/MLE_final/runs/q_coin_train/checkpoints/final.pkl
training-v1,q_learning,199,50.320000000000135,63893,0.19068866666666662,50,,,/Users/zyy/workspace/MLE_final/runs/q_coin_train/checkpoints/final.pkl
training-v1,q_learning,200,49.8600000000002,64106,0.18799066666666675,50,,,/Users/zyy/workspace/MLE_final/runs/q_coin_train/checkpoints/final.pkl
training-v1,q_learning,201,50.050000000000104,64300,0.18553333333333344,50,,,/Users/zyy/workspace/MLE_final/runs/q_coin_train/checkpoints/final.pkl
training-v1,q_learning,202,49.840000000000195,64515,0.18281000000000003,50,,,/Users/zyy/workspace/MLE_final/runs/q_coin_train/checkpoints/final.pkl
training-v1,q_learning,203,50.470000000000084,64667,0.1808846666666667,50,,,/Users/zyy/workspace/MLE_final/runs/q_coin_train/checkpoints/final.pkl
training-v1,q_learning,204,50.25000000000013,64841,0.1786806666666667,50,,,/Users/zyy/workspace/MLE_final/runs/q_coin_train/checkpoints/final.pkl
training-v1,q_learning,205,50.70000000000009,64970,0.17704666666666669,50,,,/Users/zyy/workspace/MLE_final/runs/q_coin_train/checkpoints/final.pkl
training-v1,q_learning,206,50.340000000000074,65135,0.17495666666666665,50,,,/Users/zyy/workspace/MLE_final/runs/q_coin_train/checkpoints/final.pkl
training-v1,q_learning,207,50.47999999999996,65286,0.17304399999999998,50,,,/Users/zyy/workspace/MLE_final/runs/q_coin_train/checkpoints/final.pkl
training-v1,q_learning,208,50.170000000000115,65468,0.1707386666666667,50,,,/Users/zyy/workspace/MLE_final/runs/q_coin_train/checkpoints/final.pkl
training-v1,q_learning,209,50.36000000000007,65631,0.1686740000000001,50,,,/Users/zyy/workspace/MLE_final/runs/q_coin_train/checkpoints/final.pkl
training-v1,q_learning,210,50.57000000000005,65773,0.16687533333333338,50,,,/Users/zyy/workspace/MLE_final/runs/q_coin_train/checkpoints/final.pkl
training-v1,q_learning,211,50.25000000000009,65947,0.1646713333333334,50,,,/Users/zyy/workspace/MLE_final/runs/q_coin_train/checkpoints/final.pkl
training-v1,q_learning,212,50.51000000000007,66095,0.1627966666666667,50,,,/Users/zyy/workspace/MLE_final/runs/q_coin_train/checkpoints/final.pkl
training-v1,q_learning,213,50.31000000000011,66263,0.16066866666666668,50,,,/Users/zyy/workspace/MLE_final/runs/q_coin_train/checkpoints/final.pkl
training-v1,q_learning,214,50.400000000000034,66422,0.15865466666666672,50,,,/Users/zyy/workspace/MLE_final/runs/q_coin_train/checkpoints/final.pkl
training-v1,q_learning,215,50.40000000000003,66581,0.15664066666666665,50,,,/Users/zyy/workspace/MLE_final/runs/q_coin_train/checkpoints/final.pkl
training-v1,q_learning,216,50.09000000000016,66771,0.1542340000000001,50,,,/Users/zyy/workspace/MLE_final/runs/q_coin_train/checkpoints/final.pkl
training-v1,q_learning,217,50.560000000000045,66914,0.1524226666666667,50,,,/Users/zyy/workspace/MLE_final/runs/q_coin_train/checkpoints/final.pkl
training-v1,q_learning,218,50.21000000000009,67092,0.15016799999999997,50,,,/Users/zyy/workspace/MLE_final/runs/q_coin_train/checkpoints/final.pkl
training-v1,q_learning,219,50.420000000000066,67249,0.14817933333333344,50,,,/Users/zyy/workspace/MLE_final/runs/q_coin_train/checkpoints/final.pkl
training-v1,q_learning,220,50.29000000000012,67419,0.146026,50,,,/Users/zyy/workspace/MLE_final/runs/q_coin_train/checkpoints/final.pkl
training-v1,q_learning,221,50.12000000000006,67606,0.14365733333333341,50,,,/Users/zyy/workspace/MLE_final/runs/q_coin_train/checkpoints/final.pkl
training-v1,q_learning,222,14.990000000000084,68006,0.13859066666666664,50,,,/Users/zyy/workspace/MLE_final/runs/q_coin_train/checkpoints/final.pkl
training-v1,q_learning,223,50.3200000000001,68173,0.1364753333333334,50,,,/Users/zyy/workspace/MLE_final/runs/q_coin_train/checkpoints/final.pkl
training-v1,q_learning,224,50.43000000000007,68329,0.1344993333333333,50,,,/Users/zyy/workspace/MLE_final/runs/q_coin_train/checkpoints/final.pkl
training-v1,q_learning,225,49.04000000000015,68624,0.1307626666666668,50,,,/Users/zyy/workspace/MLE_final/runs/q_coin_train/checkpoints/final.pkl
training-v1,q_learning,226,49.62000000000006,68861,0.12776066666666674,50,,,/Users/zyy/workspace/MLE_final/runs/q_coin_train/checkpoints/final.pkl
training-v1,q_learning,227,27.989999999999483,69261,0.12269400000000008,50,,,/Users/zyy/workspace/MLE_final/runs/q_coin_train/checkpoints/final.pkl
training-v1,q_learning,228,50.27000000000007,69433,0.12051533333333342,50,,,/Users/zyy/workspace/MLE_final/runs/q_coin_train/checkpoints/final.pkl
training-v1,q_learning,229,50.04000000000003,69628,0.11804533333333334,50,,,/Users/zyy/workspace/MLE_final/runs/q_coin_train/checkpoints/final.pkl
training-v1,q_learning,230,50.530000000000044,69774,0.11619599999999997,50,,,/Users/zyy/workspace/MLE_final/runs/q_coin_train/checkpoints/final.pkl
training-v1,q_learning,231,50.26000000000006,69947,0.11400466666666664,50,,,/Users/zyy/workspace/MLE_final/runs/q_coin_train/checkpoints/final.pkl
training-v1,q_learning,232,48.180000000000476,70328,0.10917866666666665,50,,,/Users/zyy/workspace/MLE_final/runs/q_coin_train/checkpoints/final.pkl
training-v1,q_learning,233,29.98999999999946,70728,0.1041120000000001,50,,,/Users/zyy/workspace/MLE_final/runs/q_coin_train/checkpoints/final.pkl
training-v1,q_learning,234,49.310000000000315,70996,0.10071733333333344,50,,,/Users/zyy/workspace/MLE_final/runs/q_coin_train/checkpoints/final.pkl
training-v1,q_learning,235,50.59000000000004,71136,0.09894400000000003,50,,,/Users/zyy/workspace/MLE_final/runs/q_coin_train/checkpoints/final.pkl
training-v1,q_learning,236,50.730000000000054,71262,0.09734799999999999,50,,,/Users/zyy/workspace/MLE_final/runs/q_coin_train/checkpoints/final.pkl
training-v1,q_learning,237,50.40000000000008,71421,0.09533400000000003,50,,,/Users/zyy/workspace/MLE_final/runs/q_coin_train/checkpoints/final.pkl
training-v1,q_learning,238,50.660000000000046,71554,0.09364933333333336,50,,,/Users/zyy/workspace/MLE_final/runs/q_coin_train/checkpoints/final.pkl
training-v1,q_learning,239,50.730000000000075,71680,0.09205333333333343,50,,,/Users/zyy/workspace/MLE_final/runs/q_coin_train/checkpoints/final.pkl
training-v1,q_learning,240,50.420000000000044,71837,0.09006466666666668,50,,,/Users/zyy/workspace/MLE_final/runs/q_coin_train/checkpoints/final.pkl
training-v1,q_learning,241,50.41000000000011,71995,0.08806333333333338,50,,,/Users/zyy/workspace/MLE_final/runs/q_coin_train/checkpoints/final.pkl
training-v1,q_learning,242,50.310000000000144,72163,0.08593533333333336,50,,,/Users/zyy/workspace/MLE_final/runs/q_coin_train/checkpoints/final.pkl
training-v1,q_learning,243,50.3800000000001,72324,0.08389600000000008,50,,,/Users/zyy/workspace/MLE_final/runs/q_coin_train/checkpoints/final.pkl
training-v1,q_learning,244,50.52000000000011,72471,0.08203400000000005,50,,,/Users/zyy/workspace/MLE_final/runs/q_coin_train/checkpoints/final.pkl
training-v1,q_learning,245,50.45000000000014,72625,0.08008333333333328,50,,,/Users/zyy/workspace/MLE_final/runs/q_coin_train/checkpoints/final.pkl
training-v1,q_learning,246,50.69000000000008,72755,0.07843666666666671,50,,,/Users/zyy/workspace/MLE_final/runs/q_coin_train/checkpoints/final.pkl
training-v1,q_learning,247,50.54000000000011,72900,0.07660000000000011,50,,,/Users/zyy/workspace/MLE_final/runs/q_coin_train/checkpoints/final.pkl
training-v1,q_learning,248,50.640000000000086,73035,0.07489000000000001,50,,,/Users/zyy/workspace/MLE_final/runs/q_coin_train/checkpoints/final.pkl
training-v1,q_learning,249,50.60000000000007,73174,0.07312933333333338,50,,,/Users/zyy/workspace/MLE_final/runs/q_coin_train/checkpoints/final.pkl
training-v1,q_learning,250,50.65000000000001,73308,0.07143200000000005,50,,,/Users/zyy/workspace/MLE_final/runs/q_coin_train/checkpoints/final.pkl
training-v1,q_learning,251,50.540000000000106,73453,0.06959533333333334,50,,,/Users/zyy/workspace/MLE_final/runs/q_coin_train/checkpoints/final.pkl
training-v1,q_learning,252,50.900000000000034,73562,0.06821466666666676,50,,,/Users/zyy/workspace/MLE_final/runs/q_coin_train/checkpoints/final.pkl
training-v1,q_learning,253,50.3400000000001,73727,0.06612466666666661,50,,,/Users/zyy/workspace/MLE_final/runs/q_coin_train/checkpoints/final.pkl
training-v1,q_learning,254,50.540000000000106,73872,0.06428800000000012,50,,,/Users/zyy/workspace/MLE_final/runs/q_coin_train/checkpoints/final.pkl
training-v1,q_learning,255,50.62000000000008,74009,0.0625526666666667,50,,,/Users/zyy/workspace/MLE_final/runs/q_coin_train/checkpoints/final.pkl
training-v1,q_learning,256,50.550000000000075,74153,0.060728666666666764,50,,,/Users/zyy/workspace/MLE_final/runs/q_coin_train/checkpoints/final.pkl
training-v1,q_learning,257,50.59000000000004,74293,0.05895533333333336,50,,,/Users/zyy/workspace/MLE_final/runs/q_coin_train/checkpoints/final.pkl
training-v1,q_learning,258,49.85000000000014,74507,0.05624466666666672,50,,,/Users/zyy/workspace/MLE_final/runs/q_coin_train/checkpoints/final.pkl
training-v1,q_learning,259,50.38000000000015,74668,0.05420533333333344,50,,,/Users/zyy/workspace/MLE_final/runs/q_coin_train/checkpoints/final.pkl
training-v1,q_learning,260,50.52000000000003,74815,0.0523433333333333,50,,,/Users/zyy/workspace/MLE_final/runs/q_coin_train/checkpoints/final.pkl
training-v1,q_learning,261,50.580000000000055,74956,0.05055733333333334,50,,,/Users/zyy/workspace/MLE_final/runs/q_coin_train/checkpoints/final.pkl
training-v1,q_learning,262,50.50000000000004,75105,0.050000000000000044,50,,,/Users/zyy/workspace/MLE_final/runs/q_coin_train/checkpoints/final.pkl
training-v1,q_learning,263,50.640000000000065,75240,0.050000000000000044,50,,,/Users/zyy/workspace/MLE_final/runs/q_coin_train/checkpoints/final.pkl
training-v1,q_learning,264,49.88000000000023,75451,0.050000000000000044,50,,,/Users/zyy/workspace/MLE_final/runs/q_coin_train/checkpoints/final.pkl
training-v1,q_learning,265,50.330000000000084,75617,0.050000000000000044,50,,,/Users/zyy/workspace/MLE_final/runs/q_coin_train/checkpoints/final.pkl
training-v1,q_learning,266,50.65000000000008,75751,0.050000000000000044,50,,,/Users/zyy/workspace/MLE_final/runs/q_coin_train/checkpoints/final.pkl
training-v1,q_learning,267,50.85000000000005,75865,0.050000000000000044,50,,,/Users/zyy/workspace/MLE_final/runs/q_coin_train/checkpoints/final.pkl
training-v1,q_learning,268,50.530000000000115,76011,0.050000000000000044,50,,,/Users/zyy/workspace/MLE_final/runs/q_coin_train/checkpoints/final.pkl
training-v1,q_learning,269,50.25000000000011,76185,0.050000000000000044,50,,,/Users/zyy/workspace/MLE_final/runs/q_coin_train/checkpoints/final.pkl
training-v1,q_learning,270,50.52999999999998,76331,0.050000000000000044,50,,,/Users/zyy/workspace/MLE_final/runs/q_coin_train/checkpoints/final.pkl
training-v1,q_learning,271,50.78000000000004,76452,0.050000000000000044,50,,,/Users/zyy/workspace/MLE_final/runs/q_coin_train/checkpoints/final.pkl
training-v1,q_learning,272,50.71000000000001,76580,0.050000000000000044,50,,,/Users/zyy/workspace/MLE_final/runs/q_coin_train/checkpoints/final.pkl
training-v1,q_learning,273,50.690000000000104,76710,0.050000000000000044,50,,,/Users/zyy/workspace/MLE_final/runs/q_coin_train/checkpoints/final.pkl
training-v1,q_learning,274,50.62000000000002,76847,0.050000000000000044,50,,,/Users/zyy/workspace/MLE_final/runs/q_coin_train/checkpoints/final.pkl
training-v1,q_learning,275,50.49000000000007,76997,0.050000000000000044,50,,,/Users/zyy/workspace/MLE_final/runs/q_coin_train/checkpoints/final.pkl
training-v1,q_learning,276,50.3600000000001,77160,0.050000000000000044,50,,,/Users/zyy/workspace/MLE_final/runs/q_coin_train/checkpoints/final.pkl
training-v1,q_learning,277,50.46000000000006,77313,0.050000000000000044,50,,,/Users/zyy/workspace/MLE_final/runs/q_coin_train/checkpoints/final.pkl
training-v1,q_learning,278,50.14000000000017,77498,0.050000000000000044,50,,,/Users/zyy/workspace/MLE_final/runs/q_coin_train/checkpoints/final.pkl
training-v1,q_learning,279,49.980000000000175,77699,0.050000000000000044,50,,,/Users/zyy/workspace/MLE_final/runs/q_coin_train/checkpoints/final.pkl
training-v1,q_learning,280,48.04000000000054,78094,0.050000000000000044,50,,,/Users/zyy/workspace/MLE_final/runs/q_coin_train/checkpoints/final.pkl
training-v1,q_learning,281,49.88000000000008,78305,0.050000000000000044,50,,,/Users/zyy/workspace/MLE_final/runs/q_coin_train/checkpoints/final.pkl
training-v1,q_learning,282,50.60000000000008,78444,0.050000000000000044,50,,,/Users/zyy/workspace/MLE_final/runs/q_coin_train/checkpoints/final.pkl
training-v1,q_learning,283,50.4300000000001,78600,0.050000000000000044,50,,,/Users/zyy/workspace/MLE_final/runs/q_coin_train/checkpoints/final.pkl
training-v1,q_learning,284,50.470000000000084,78752,0.050000000000000044,50,,,/Users/zyy/workspace/MLE_final/runs/q_coin_train/checkpoints/final.pkl
training-v1,q_learning,285,49.81000000000013,78970,0.050000000000000044,50,,,/Users/zyy/workspace/MLE_final/runs/q_coin_train/checkpoints/final.pkl
training-v1,q_learning,286,50.34000000000013,79135,0.050000000000000044,50,,,/Users/zyy/workspace/MLE_final/runs/q_coin_train/checkpoints/final.pkl
training-v1,q_learning,287,49.28000000000021,79406,0.050000000000000044,50,,,/Users/zyy/workspace/MLE_final/runs/q_coin_train/checkpoints/final.pkl
training-v1,q_learning,288,49.310000000000045,79674,0.050000000000000044,50,,,/Users/zyy/workspace/MLE_final/runs/q_coin_train/checkpoints/final.pkl
training-v1,q_learning,289,50.59000000000001,79814,0.050000000000000044,50,,,/Users/zyy/workspace/MLE_final/runs/q_coin_train/checkpoints/final.pkl
training-v1,q_learning,290,49.67000000000012,80046,0.050000000000000044,50,,,/Users/zyy/workspace/MLE_final/runs/q_coin_train/checkpoints/final.pkl
training-v1,q_learning,291,50.51000000000007,80194,0.050000000000000044,50,,,/Users/zyy/workspace/MLE_final/runs/q_coin_train/checkpoints/final.pkl
training-v1,q_learning,292,50.710000000000036,80322,0.050000000000000044,50,,,/Users/zyy/workspace/MLE_final/runs/q_coin_train/checkpoints/final.pkl
training-v1,q_learning,293,50.58000000000007,80463,0.050000000000000044,50,,,/Users/zyy/workspace/MLE_final/runs/q_coin_train/checkpoints/final.pkl
training-v1,q_learning,294,50.57000000000008,80605,0.050000000000000044,50,,,/Users/zyy/workspace/MLE_final/runs/q_coin_train/checkpoints/final.pkl
training-v1,q_learning,295,50.770000000000095,80727,0.050000000000000044,50,,,/Users/zyy/workspace/MLE_final/runs/q_coin_train/checkpoints/final.pkl
training-v1,q_learning,296,50.070000000000036,80919,0.050000000000000044,50,,,/Users/zyy/workspace/MLE_final/runs/q_coin_train/checkpoints/final.pkl
training-v1,q_learning,297,50.69000000000003,81049,0.050000000000000044,50,,,/Users/zyy/workspace/MLE_final/runs/q_coin_train/checkpoints/final.pkl
training-v1,q_learning,298,50.44000000000006,81204,0.050000000000000044,50,,,/Users/zyy/workspace/MLE_final/runs/q_coin_train/checkpoints/final.pkl
training-v1,q_learning,299,50.400000000000134,81363,0.050000000000000044,50,,,/Users/zyy/workspace/MLE_final/runs/q_coin_train/checkpoints/final.pkl
training-v1,q_learning,300,50.590000000000096,81503,0.050000000000000044,50,,,/Users/zyy/workspace/MLE_final/runs/q_coin_train/checkpoints/final.pkl
training-v1,q_learning,301,50.66000000000007,81636,0.050000000000000044,50,,,/Users/zyy/workspace/MLE_final/runs/q_coin_train/checkpoints/final.pkl
training-v1,q_learning,302,50.600000000000094,81775,0.050000000000000044,50,,,/Users/zyy/workspace/MLE_final/runs/q_coin_train/checkpoints/final.pkl
training-v1,q_learning,303,50.50000000000012,81924,0.050000000000000044,50,,,/Users/zyy/workspace/MLE_final/runs/q_coin_train/checkpoints/final.pkl
training-v1,q_learning,304,50.80000000000004,82043,0.050000000000000044,50,,,/Users/zyy/workspace/MLE_final/runs/q_coin_train/checkpoints/final.pkl
training-v1,q_learning,305,50.69000000000011,82173,0.050000000000000044,50,,,/Users/zyy/workspace/MLE_final/runs/q_coin_train/checkpoints/final.pkl
training-v1,q_learning,306,50.53000000000005,82319,0.050000000000000044,50,,,/Users/zyy/workspace/MLE_final/runs/q_coin_train/checkpoints/final.pkl
training-v1,q_learning,307,50.300000000000146,82488,0.050000000000000044,50,,,/Users/zyy/workspace/MLE_final/runs/q_coin_train/checkpoints/final.pkl
training-v1,q_learning,308,50.60000000000009,82627,0.050000000000000044,50,,,/Users/zyy/workspace/MLE_final/runs/q_coin_train/checkpoints/final.pkl
training-v1,q_learning,309,50.56000000000005,82770,0.050000000000000044,50,,,/Users/zyy/workspace/MLE_final/runs/q_coin_train/checkpoints/final.pkl
training-v1,q_learning,310,50.67000000000006,82902,0.050000000000000044,50,,,/Users/zyy/workspace/MLE_final/runs/q_coin_train/checkpoints/final.pkl
training-v1,q_learning,311,50.70000000000006,83031,0.050000000000000044,50,,,/Users/zyy/workspace/MLE_final/runs/q_coin_train/checkpoints/final.pkl
training-v1,q_learning,312,50.69000000000007,83161,0.050000000000000044,50,,,/Users/zyy/workspace/MLE_final/runs/q_coin_train/checkpoints/final.pkl
training-v1,q_learning,313,50.700000000000045,83290,0.050000000000000044,50,,,/Users/zyy/workspace/MLE_final/runs/q_coin_train/checkpoints/final.pkl
training-v1,q_learning,314,50.65000000000006,83424,0.050000000000000044,50,,,/Users/zyy/workspace/MLE_final/runs/q_coin_train/checkpoints/final.pkl
training-v1,q_learning,315,50.720000000000056,83551,0.050000000000000044,50,,,/Users/zyy/workspace/MLE_final/runs/q_coin_train/checkpoints/final.pkl
training-v1,q_learning,316,50.570000000000086,83693,0.050000000000000044,50,,,/Users/zyy/workspace/MLE_final/runs/q_coin_train/checkpoints/final.pkl
training-v1,q_learning,317,50.06000000000008,83886,0.050000000000000044,50,,,/Users/zyy/workspace/MLE_final/runs/q_coin_train/checkpoints/final.pkl
training-v1,q_learning,318,49.11000000000013,84174,0.050000000000000044,50,,,/Users/zyy/workspace/MLE_final/runs/q_coin_train/checkpoints/final.pkl
training-v1,q_learning,319,50.71000000000008,84302,0.050000000000000044,50,,,/Users/zyy/workspace/MLE_final/runs/q_coin_train/checkpoints/final.pkl
training-v1,q_learning,320,50.43000000000011,84458,0.050000000000000044,50,,,/Users/zyy/workspace/MLE_final/runs/q_coin_train/checkpoints/final.pkl
training-v1,q_learning,321,50.320000000000114,84625,0.050000000000000044,50,,,/Users/zyy/workspace/MLE_final/runs/q_coin_train/checkpoints/final.pkl
training-v1,q_learning,322,50.79,84745,0.050000000000000044,50,,,/Users/zyy/workspace/MLE_final/runs/q_coin_train/checkpoints/final.pkl
training-v1,q_learning,323,50.4200000000001,84902,0.050000000000000044,50,,,/Users/zyy/workspace/MLE_final/runs/q_coin_train/checkpoints/final.pkl
training-v1,q_learning,324,50.780000000000086,85023,0.050000000000000044,50,,,/Users/zyy/workspace/MLE_final/runs/q_coin_train/checkpoints/final.pkl
training-v1,q_learning,325,50.560000000000066,85166,0.050000000000000044,50,,,/Users/zyy/workspace/MLE_final/runs/q_coin_train/checkpoints/final.pkl
training-v1,q_learning,326,50.56000000000009,85309,0.050000000000000044,50,,,/Users/zyy/workspace/MLE_final/runs/q_coin_train/checkpoints/final.pkl
training-v1,q_learning,327,50.470000000000084,85461,0.050000000000000044,50,,,/Users/zyy/workspace/MLE_final/runs/q_coin_train/checkpoints/final.pkl
training-v1,q_learning,328,50.53999999999996,85606,0.050000000000000044,50,,,/Users/zyy/workspace/MLE_final/runs/q_coin_train/checkpoints/final.pkl
training-v1,q_learning,329,50.4400000000001,85761,0.050000000000000044,50,,,/Users/zyy/workspace/MLE_final/runs/q_coin_train/checkpoints/final.pkl
training-v1,q_learning,330,43.990000000000556,86161,0.050000000000000044,50,,,/Users/zyy/workspace/MLE_final/runs/q_coin_train/checkpoints/final.pkl
training-v1,q_learning,331,50.2600000000001,86334,0.050000000000000044,50,,,/Users/zyy/workspace/MLE_final/runs/q_coin_train/checkpoints/final.pkl
training-v1,q_learning,332,50.64000000000006,86469,0.050000000000000044,50,,,/Users/zyy/workspace/MLE_final/runs/q_coin_train/checkpoints/final.pkl
training-v1,q_learning,333,50.64000000000004,86604,0.050000000000000044,50,,,/Users/zyy/workspace/MLE_final/runs/q_coin_train/checkpoints/final.pkl
training-v1,q_learning,334,50.7500000000001,86728,0.050000000000000044,50,,,/Users/zyy/workspace/MLE_final/runs/q_coin_train/checkpoints/final.pkl
training-v1,q_learning,335,49.960000000000086,86931,0.050000000000000044,50,,,/Users/zyy/workspace/MLE_final/runs/q_coin_train/checkpoints/final.pkl
training-v1,q_learning,336,17.989999999999426,87331,0.050000000000000044,50,,,/Users/zyy/workspace/MLE_final/runs/q_coin_train/checkpoints/final.pkl
training-v1,q_learning,337,50.41000000000003,87489,0.050000000000000044,50,,,/Users/zyy/workspace/MLE_final/runs/q_coin_train/checkpoints/final.pkl
training-v1,q_learning,338,50.69000000000003,87619,0.050000000000000044,50,,,/Users/zyy/workspace/MLE_final/runs/q_coin_train/checkpoints/final.pkl
training-v1,q_learning,339,50.670000000000044,87751,0.050000000000000044,50,,,/Users/zyy/workspace/MLE_final/runs/q_coin_train/checkpoints/final.pkl
training-v1,q_learning,340,50.84000000000005,87866,0.050000000000000044,50,,,/Users/zyy/workspace/MLE_final/runs/q_coin_train/checkpoints/final.pkl
training-v1,q_learning,341,50.86000000000003,87979,0.050000000000000044,50,,,/Users/zyy/workspace/MLE_final/runs/q_coin_train/checkpoints/final.pkl
training-v1,q_learning,342,50.74000000000002,88104,0.050000000000000044,50,,,/Users/zyy/workspace/MLE_final/runs/q_coin_train/checkpoints/final.pkl
training-v1,q_learning,343,50.740000000000094,88229,0.050000000000000044,50,,,/Users/zyy/workspace/MLE_final/runs/q_coin_train/checkpoints/final.pkl
training-v1,q_learning,344,50.77000000000005,88351,0.050000000000000044,50,,,/Users/zyy/workspace/MLE_final/runs/q_coin_train/checkpoints/final.pkl
training-v1,q_learning,345,50.16000000000015,88534,0.050000000000000044,50,,,/Users/zyy/workspace/MLE_final/runs/q_coin_train/checkpoints/final.pkl
training-v1,q_learning,346,50.280000000000165,88705,0.050000000000000044,50,,,/Users/zyy/workspace/MLE_final/runs/q_coin_train/checkpoints/final.pkl
training-v1,q_learning,347,50.59000000000006,88845,0.050000000000000044,50,,,/Users/zyy/workspace/MLE_final/runs/q_coin_train/checkpoints/final.pkl
training-v1,q_learning,348,50.710000000000086,88973,0.050000000000000044,50,,,/Users/zyy/workspace/MLE_final/runs/q_coin_train/checkpoints/final.pkl
training-v1,q_learning,349,50.64000000000007,89108,0.050000000000000044,50,,,/Users/zyy/workspace/MLE_final/runs/q_coin_train/checkpoints/final.pkl
training-v1,q_learning,350,50.49000000000013,89258,0.050000000000000044,50,,,/Users/zyy/workspace/MLE_final/runs/q_coin_train/checkpoints/final.pkl
training-v1,q_learning,351,50.71000000000006,89386,0.050000000000000044,50,,,/Users/zyy/workspace/MLE_final/runs/q_coin_train/checkpoints/final.pkl
training-v1,q_learning,352,50.74000000000004,89511,0.050000000000000044,50,,,/Users/zyy/workspace/MLE_final/runs/q_coin_train/checkpoints/final.pkl
training-v1,q_learning,353,50.64000000000007,89646,0.050000000000000044,50,,,/Users/zyy/workspace/MLE_final/runs/q_coin_train/checkpoints/final.pkl
training-v1,q_learning,354,50.800000000000075,89765,0.050000000000000044,50,,,/Users/zyy/workspace/MLE_final/runs/q_coin_train/checkpoints/final.pkl
training-v1,q_learning,355,50.18000000000013,89946,0.050000000000000044,50,,,/Users/zyy/workspace/MLE_final/runs/q_coin_train/checkpoints/final.pkl
training-v1,q_learning,356,50.33999999999998,90111,0.050000000000000044,50,,,/Users/zyy/workspace/MLE_final/runs/q_coin_train/checkpoints/final.pkl
training-v1,q_learning,357,50.31000000000013,90279,0.050000000000000044,50,,,/Users/zyy/workspace/MLE_final/runs/q_coin_train/checkpoints/final.pkl
training-v1,q_learning,358,50.81000000000003,90397,0.050000000000000044,50,,,/Users/zyy/workspace/MLE_final/runs/q_coin_train/checkpoints/final.pkl
training-v1,q_learning,359,50.600000000000044,90536,0.050000000000000044,50,,,/Users/zyy/workspace/MLE_final/runs/q_coin_train/checkpoints/final.pkl
training-v1,q_learning,360,50.67000000000007,90668,0.050000000000000044,50,,,/Users/zyy/workspace/MLE_final/runs/q_coin_train/checkpoints/final.pkl
training-v1,q_learning,361,50.1000000000002,90857,0.050000000000000044,50,,,/Users/zyy/workspace/MLE_final/runs/q_coin_train/checkpoints/final.pkl
training-v1,q_learning,362,50.21000000000009,91035,0.050000000000000044,50,,,/Users/zyy/workspace/MLE_final/runs/q_coin_train/checkpoints/final.pkl
training-v1,q_learning,363,50.27000000000008,91207,0.050000000000000044,50,,,/Users/zyy/workspace/MLE_final/runs/q_coin_train/checkpoints/final.pkl
training-v1,q_learning,364,50.72000000000008,91334,0.050000000000000044,50,,,/Users/zyy/workspace/MLE_final/runs/q_coin_train/checkpoints/final.pkl
training-v1,q_learning,365,50.6100000000001,91472,0.050000000000000044,50,,,/Users/zyy/workspace/MLE_final/runs/q_coin_train/checkpoints/final.pkl
training-v1,q_learning,366,50.75000000000005,91596,0.050000000000000044,50,,,/Users/zyy/workspace/MLE_final/runs/q_coin_train/checkpoints/final.pkl
training-v1,q_learning,367,50.480000000000125,91747,0.050000000000000044,50,,,/Users/zyy/workspace/MLE_final/runs/q_coin_train/checkpoints/final.pkl
training-v1,q_learning,368,50.44000000000011,91902,0.050000000000000044,50,,,/Users/zyy/workspace/MLE_final/runs/q_coin_train/checkpoints/final.pkl
training-v1,q_learning,369,50.80000000000004,92021,0.050000000000000044,50,,,/Users/zyy/workspace/MLE_final/runs/q_coin_train/checkpoints/final.pkl
training-v1,q_learning,370,50.500000000000114,92170,0.050000000000000044,50,,,/Users/zyy/workspace/MLE_final/runs/q_coin_train/checkpoints/final.pkl
training-v1,q_learning,371,50.76000000000006,92293,0.050000000000000044,50,,,/Users/zyy/workspace/MLE_final/runs/q_coin_train/checkpoints/final.pkl
training-v1,q_learning,372,50.490000000000116,92443,0.050000000000000044,50,,,/Users/zyy/workspace/MLE_final/runs/q_coin_train/checkpoints/final.pkl
training-v1,q_learning,373,50.610000000000056,92581,0.050000000000000044,50,,,/Users/zyy/workspace/MLE_final/runs/q_coin_train/checkpoints/final.pkl
training-v1,q_learning,374,50.55000000000011,92725,0.050000000000000044,50,,,/Users/zyy/workspace/MLE_final/runs/q_coin_train/checkpoints/final.pkl
training-v1,q_learning,375,49.56000000000028,92968,0.050000000000000044,50,,,/Users/zyy/workspace/MLE_final/runs/q_coin_train/checkpoints/final.pkl
training-v1,q_learning,376,48.689999999999806,93298,0.050000000000000044,50,,,/Users/zyy/workspace/MLE_final/runs/q_coin_train/checkpoints/final.pkl
training-v1,q_learning,377,49.940000000000175,93503,0.050000000000000044,50,,,/Users/zyy/workspace/MLE_final/runs/q_coin_train/checkpoints/final.pkl
training-v1,q_learning,378,50.410000000000146,93661,0.050000000000000044,50,,,/Users/zyy/workspace/MLE_final/runs/q_coin_train/checkpoints/final.pkl
training-v1,q_learning,379,49.91999999999995,93868,0.050000000000000044,50,,,/Users/zyy/workspace/MLE_final/runs/q_coin_train/checkpoints/final.pkl
training-v1,q_learning,380,50.490000000000094,94018,0.050000000000000044,50,,,/Users/zyy/workspace/MLE_final/runs/q_coin_train/checkpoints/final.pkl
training-v1,q_learning,381,48.92000000000008,94325,0.050000000000000044,50,,,/Users/zyy/workspace/MLE_final/runs/q_coin_train/checkpoints/final.pkl
training-v1,q_learning,382,49.40000000000031,94584,0.050000000000000044,50,,,/Users/zyy/workspace/MLE_final/runs/q_coin_train/checkpoints/final.pkl
training-v1,q_learning,383,50.3200000000001,94751,0.050000000000000044,50,,,/Users/zyy/workspace/MLE_final/runs/q_coin_train/checkpoints/final.pkl
training-v1,q_learning,384,50.67000000000007,94883,0.050000000000000044,50,,,/Users/zyy/workspace/MLE_final/runs/q_coin_train/checkpoints/final.pkl
training-v1,q_learning,385,50.540000000000056,95028,0.050000000000000044,50,,,/Users/zyy/workspace/MLE_final/runs/q_coin_train/checkpoints/final.pkl
training-v1,q_learning,386,50.80000000000004,95147,0.050000000000000044,50,,,/Users/zyy/workspace/MLE_final/runs/q_coin_train/checkpoints/final.pkl
training-v1,q_learning,387,50.69000000000001,95277,0.050000000000000044,50,,,/Users/zyy/workspace/MLE_final/runs/q_coin_train/checkpoints/final.pkl
training-v1,q_learning,388,50.68000000000005,95408,0.050000000000000044,50,,,/Users/zyy/workspace/MLE_final/runs/q_coin_train/checkpoints/final.pkl
training-v1,q_learning,389,50.61000000000006,95546,0.050000000000000044,50,,,/Users/zyy/workspace/MLE_final/runs/q_coin_train/checkpoints/final.pkl
training-v1,q_learning,390,50.690000000000076,95676,0.050000000000000044,50,,,/Users/zyy/workspace/MLE_final/runs/q_coin_train/checkpoints/final.pkl
training-v1,q_learning,391,50.52000000000012,95823,0.050000000000000044,50,,,/Users/zyy/workspace/MLE_final/runs/q_coin_train/checkpoints/final.pkl
training-v1,q_learning,392,50.34000000000011,95988,0.050000000000000044,50,,,/Users/zyy/workspace/MLE_final/runs/q_coin_train/checkpoints/final.pkl
training-v1,q_learning,393,50.610000000000035,96126,0.050000000000000044,50,,,/Users/zyy/workspace/MLE_final/runs/q_coin_train/checkpoints/final.pkl
training-v1,q_learning,394,50.410000000000146,96284,0.050000000000000044,50,,,/Users/zyy/workspace/MLE_final/runs/q_coin_train/checkpoints/final.pkl
training-v1,q_learning,395,50.660000000000046,96417,0.050000000000000044,50,,,/Users/zyy/workspace/MLE_final/runs/q_coin_train/checkpoints/final.pkl
training-v1,q_learning,396,50.630000000000045,96553,0.050000000000000044,50,,,/Users/zyy/workspace/MLE_final/runs/q_coin_train/checkpoints/final.pkl
training-v1,q_learning,397,50.660000000000075,96686,0.050000000000000044,50,,,/Users/zyy/workspace/MLE_final/runs/q_coin_train/checkpoints/final.pkl
training-v1,q_learning,398,50.68000000000004,96817,0.050000000000000044,50,,,/Users/zyy/workspace/MLE_final/runs/q_coin_train/checkpoints/final.pkl
training-v1,q_learning,399,50.220000000000134,96994,0.050000000000000044,50,,,/Users/zyy/workspace/MLE_final/runs/q_coin_train/checkpoints/final.pkl
training-v1,q_learning,400,50.50000000000008,97143,0.050000000000000044,50,,,/Users/zyy/workspace/MLE_final/runs/q_coin_train/checkpoints/final.pkl
training-v1,q_learning,401,50.74000000000002,97268,0.050000000000000044,50,,,/Users/zyy/workspace/MLE_final/runs/q_coin_train/checkpoints/final.pkl
training-v1,q_learning,402,50.04000000000017,97463,0.050000000000000044,50,,,/Users/zyy/workspace/MLE_final/runs/q_coin_train/checkpoints/final.pkl
training-v1,q_learning,403,50.52000000000007,97610,0.050000000000000044,50,,,/Users/zyy/workspace/MLE_final/runs/q_coin_train/checkpoints/final.pkl
training-v1,q_learning,404,50.4700000000001,97762,0.050000000000000044,50,,,/Users/zyy/workspace/MLE_final/runs/q_coin_train/checkpoints/final.pkl
training-v1,q_learning,405,50.50999999999999,97910,0.050000000000000044,50,,,/Users/zyy/workspace/MLE_final/runs/q_coin_train/checkpoints/final.pkl
training-v1,q_learning,406,50.280000000000136,98081,0.050000000000000044,50,,,/Users/zyy/workspace/MLE_final/runs/q_coin_train/checkpoints/final.pkl
training-v1,q_learning,407,50.73000000000008,98207,0.050000000000000044,50,,,/Users/zyy/workspace/MLE_final/runs/q_coin_train/checkpoints/final.pkl
training-v1,q_learning,408,50.47000000000001,98359,0.050000000000000044,50,,,/Users/zyy/workspace/MLE_final/runs/q_coin_train/checkpoints/final.pkl
training-v1,q_learning,409,50.46000000000009,98512,0.050000000000000044,50,,,/Users/zyy/workspace/MLE_final/runs/q_coin_train/checkpoints/final.pkl
training-v1,q_learning,410,50.48000000000002,98663,0.050000000000000044,50,,,/Users/zyy/workspace/MLE_final/runs/q_coin_train/checkpoints/final.pkl
training-v1,q_learning,411,44.99000000000058,99063,0.050000000000000044,50,,,/Users/zyy/workspace/MLE_final/runs/q_coin_train/checkpoints/final.pkl
training-v1,q_learning,412,50.090000000000025,99253,0.050000000000000044,50,,,/Users/zyy/workspace/MLE_final/runs/q_coin_train/checkpoints/final.pkl
training-v1,q_learning,413,49.98000000000022,99454,0.050000000000000044,50,,,/Users/zyy/workspace/MLE_final/runs/q_coin_train/checkpoints/final.pkl
training-v1,q_learning,414,50.2600000000001,99627,0.050000000000000044,50,,,/Users/zyy/workspace/MLE_final/runs/q_coin_train/checkpoints/final.pkl
training-v1,q_learning,415,50.22000000000013,99804,0.050000000000000044,50,,,/Users/zyy/workspace/MLE_final/runs/q_coin_train/checkpoints/final.pkl
training-v1,q_learning,416,50.43000000000007,99960,0.050000000000000044,50,,,/Users/zyy/workspace/MLE_final/runs/q_coin_train/checkpoints/final.pkl
training-v1,q_learning,417,50.55000000000004,100104,0.050000000000000044,50,,,/Users/zyy/workspace/MLE_final/runs/q_coin_train/checkpoints/final.pkl
training-v1,q_learning,418,50.75000000000008,100228,0.050000000000000044,50,,,/Users/zyy/workspace/MLE_final/runs/q_coin_train/checkpoints/final.pkl
training-v1,q_learning,419,50.69000000000011,100358,0.050000000000000044,50,,,/Users/zyy/workspace/MLE_final/runs/q_coin_train/checkpoints/final.pkl
training-v1,q_learning,420,50.440000000000104,100513,0.050000000000000044,50,,,/Users/zyy/workspace/MLE_final/runs/q_coin_train/checkpoints/final.pkl
training-v1,q_learning,421,50.66000000000004,100646,0.050000000000000044,50,,,/Users/zyy/workspace/MLE_final/runs/q_coin_train/checkpoints/final.pkl
training-v1,q_learning,422,50.540000000000035,100791,0.050000000000000044,50,,,/Users/zyy/workspace/MLE_final/runs/q_coin_train/checkpoints/final.pkl
training-v1,q_learning,423,50.740000000000045,100916,0.050000000000000044,50,,,/Users/zyy/workspace/MLE_final/runs/q_coin_train/checkpoints/final.pkl
training-v1,q_learning,424,50.40000000000005,101075,0.050000000000000044,50,,,/Users/zyy/workspace/MLE_final/runs/q_coin_train/checkpoints/final.pkl
training-v1,q_learning,425,50.7,101204,0.050000000000000044,50,,,/Users/zyy/workspace/MLE_final/runs/q_coin_train/checkpoints/final.pkl
training-v1,q_learning,426,50.59000000000007,101344,0.050000000000000044,50,,,/Users/zyy/workspace/MLE_final/runs/q_coin_train/checkpoints/final.pkl
training-v1,q_learning,427,50.6100000000001,101482,0.050000000000000044,50,,,/Users/zyy/workspace/MLE_final/runs/q_coin_train/checkpoints/final.pkl
training-v1,q_learning,428,50.860000000000056,101595,0.050000000000000044,50,,,/Users/zyy/workspace/MLE_final/runs/q_coin_train/checkpoints/final.pkl
training-v1,q_learning,429,50.48000000000006,101746,0.050000000000000044,50,,,/Users/zyy/workspace/MLE_final/runs/q_coin_train/checkpoints/final.pkl
training-v1,q_learning,430,50.53000000000004,101892,0.050000000000000044,50,,,/Users/zyy/workspace/MLE_final/runs/q_coin_train/checkpoints/final.pkl
training-v1,q_learning,431,48.040000000000326,102287,0.050000000000000044,50,,,/Users/zyy/workspace/MLE_final/runs/q_coin_train/checkpoints/final.pkl
training-v1,q_learning,432,49.54000000000016,102532,0.050000000000000044,50,,,/Users/zyy/workspace/MLE_final/runs/q_coin_train/checkpoints/final.pkl
training-v1,q_learning,433,50.42000000000003,102689,0.050000000000000044,50,,,/Users/zyy/workspace/MLE_final/runs/q_coin_train/checkpoints/final.pkl
training-v1,q_learning,434,50.39000000000007,102849,0.050000000000000044,50,,,/Users/zyy/workspace/MLE_final/runs/q_coin_train/checkpoints/final.pkl
training-v1,q_learning,435,50.37000000000008,103011,0.050000000000000044,50,,,/Users/zyy/workspace/MLE_final/runs/q_coin_train/checkpoints/final.pkl
training-v1,q_learning,436,50.430000000000085,103167,0.050000000000000044,50,,,/Users/zyy/workspace/MLE_final/runs/q_coin_train/checkpoints/final.pkl
training-v1,q_learning,437,50.57000000000009,103309,0.050000000000000044,50,,,/Users/zyy/workspace/MLE_final/runs/q_coin_train/checkpoints/final.pkl
training-v1,q_learning,438,50.13000000000015,103495,0.050000000000000044,50,,,/Users/zyy/workspace/MLE_final/runs/q_coin_train/checkpoints/final.pkl
training-v1,q_learning,439,50.68000000000007,103626,0.050000000000000044,50,,,/Users/zyy/workspace/MLE_final/runs/q_coin_train/checkpoints/final.pkl
training-v1,q_learning,440,50.250000000000114,103800,0.050000000000000044,50,,,/Users/zyy/workspace/MLE_final/runs/q_coin_train/checkpoints/final.pkl
training-v1,q_learning,441,49.94000000000016,104005,0.050000000000000044,50,,,/Users/zyy/workspace/MLE_final/runs/q_coin_train/checkpoints/final.pkl
training-v1,q_learning,442,50.52000000000009,104152,0.050000000000000044,50,,,/Users/zyy/workspace/MLE_final/runs/q_coin_train/checkpoints/final.pkl
training-v1,q_learning,443,50.620000000000076,104289,0.050000000000000044,50,,,/Users/zyy/workspace/MLE_final/runs/q_coin_train/checkpoints/final.pkl
training-v1,q_learning,444,50.4300000000001,104445,0.050000000000000044,50,,,/Users/zyy/workspace/MLE_final/runs/q_coin_train/checkpoints/final.pkl
training-v1,q_learning,445,50.10999999999998,104633,0.050000000000000044,50,,,/Users/zyy/workspace/MLE_final/runs/q_coin_train/checkpoints/final.pkl
training-v1,q_learning,446,50.670000000000044,104765,0.050000000000000044,50,,,/Users/zyy/workspace/MLE_final/runs/q_coin_train/checkpoints/final.pkl
training-v1,q_learning,447,50.53000000000011,104911,0.050000000000000044,50,,,/Users/zyy/workspace/MLE_final/runs/q_coin_train/checkpoints/final.pkl
training-v1,q_learning,448,50.49000000000008,105061,0.050000000000000044,50,,,/Users/zyy/workspace/MLE_final/runs/q_coin_train/checkpoints/final.pkl
training-v1,q_learning,449,50.67000000000006,105193,0.050000000000000044,50,,,/Users/zyy/workspace/MLE_final/runs/q_coin_train/checkpoints/final.pkl
training-v1,q_learning,450,50.730000000000075,105319,0.050000000000000044,50,,,/Users/zyy/workspace/MLE_final/runs/q_coin_train/checkpoints/final.pkl
training-v1,q_learning,451,50.60000000000008,105458,0.050000000000000044,50,,,/Users/zyy/workspace/MLE_final/runs/q_coin_train/checkpoints/final.pkl
training-v1,q_learning,452,50.500000000000085,105607,0.050000000000000044,50,,,/Users/zyy/workspace/MLE_final/runs/q_coin_train/checkpoints/final.pkl
training-v1,q_learning,453,50.720000000000034,105734,0.050000000000000044,50,,,/Users/zyy/workspace/MLE_final/runs/q_coin_train/checkpoints/final.pkl
training-v1,q_learning,454,50.52000000000007,105881,0.050000000000000044,50,,,/Users/zyy/workspace/MLE_final/runs/q_coin_train/checkpoints/final.pkl
training-v1,q_learning,455,50.66000000000008,106014,0.050000000000000044,50,,,/Users/zyy/workspace/MLE_final/runs/q_coin_train/checkpoints/final.pkl
training-v1,q_learning,456,50.69000000000007,106144,0.050000000000000044,50,,,/Users/zyy/workspace/MLE_final/runs/q_coin_train/checkpoints/final.pkl
training-v1,q_learning,457,50.52000000000008,106291,0.050000000000000044,50,,,/Users/zyy/workspace/MLE_final/runs/q_coin_train/checkpoints/final.pkl
training-v1,q_learning,458,50.490000000000116,106441,0.050000000000000044,50,,,/Users/zyy/workspace/MLE_final/runs/q_coin_train/checkpoints/final.pkl
training-v1,q_learning,459,50.79000000000001,106561,0.050000000000000044,50,,,/Users/zyy/workspace/MLE_final/runs/q_coin_train/checkpoints/final.pkl
training-v1,q_learning,460,50.47000000000009,106713,0.050000000000000044,50,,,/Users/zyy/workspace/MLE_final/runs/q_coin_train/checkpoints/final.pkl
training-v1,q_learning,461,50.67000000000008,106845,0.050000000000000044,50,,,/Users/zyy/workspace/MLE_final/runs/q_coin_train/checkpoints/final.pkl
training-v1,q_learning,462,50.53000000000007,106991,0.050000000000000044,50,,,/Users/zyy/workspace/MLE_final/runs/q_coin_train/checkpoints/final.pkl
training-v1,q_learning,463,50.710000000000036,107119,0.050000000000000044,50,,,/Users/zyy/workspace/MLE_final/runs/q_coin_train/checkpoints/final.pkl
training-v1,q_learning,464,50.680000000000064,107250,0.050000000000000044,50,,,/Users/zyy/workspace/MLE_final/runs/q_coin_train/checkpoints/final.pkl
training-v1,q_learning,465,50.820000000000014,107367,0.050000000000000044,50,,,/Users/zyy/workspace/MLE_final/runs/q_coin_train/checkpoints/final.pkl
training-v1,q_learning,466,50.64000000000006,107502,0.050000000000000044,50,,,/Users/zyy/workspace/MLE_final/runs/q_coin_train/checkpoints/final.pkl
training-v1,q_learning,467,50.290000000000134,107672,0.050000000000000044,50,,,/Users/zyy/workspace/MLE_final/runs/q_coin_train/checkpoints/final.pkl
training-v1,q_learning,468,50.730000000000054,107798,0.050000000000000044,50,,,/Users/zyy/workspace/MLE_final/runs/q_coin_train/checkpoints/final.pkl
training-v1,q_learning,469,50.53000000000009,107944,0.050000000000000044,50,,,/Users/zyy/workspace/MLE_final/runs/q_coin_train/checkpoints/final.pkl
training-v1,q_learning,470,50.15000000000007,108128,0.050000000000000044,50,,,/Users/zyy/workspace/MLE_final/runs/q_coin_train/checkpoints/final.pkl
training-v1,q_learning,471,50.55000000000006,108272,0.050000000000000044,50,,,/Users/zyy/workspace/MLE_final/runs/q_coin_train/checkpoints/final.pkl
training-v1,q_learning,472,50.42000000000013,108429,0.050000000000000044,50,,,/Users/zyy/workspace/MLE_final/runs/q_coin_train/checkpoints/final.pkl
training-v1,q_learning,473,50.52,108576,0.050000000000000044,50,,,/Users/zyy/workspace/MLE_final/runs/q_coin_train/checkpoints/final.pkl
training-v1,q_learning,474,50.72000000000005,108703,0.050000000000000044,50,,,/Users/zyy/workspace/MLE_final/runs/q_coin_train/checkpoints/final.pkl
training-v1,q_learning,475,50.16000000000005,108886,0.050000000000000044,50,,,/Users/zyy/workspace/MLE_final/runs/q_coin_train/checkpoints/final.pkl
training-v1,q_learning,476,50.27000000000013,109058,0.050000000000000044,50,,,/Users/zyy/workspace/MLE_final/runs/q_coin_train/checkpoints/final.pkl
training-v1,q_learning,477,50.26000000000014,109231,0.050000000000000044,50,,,/Users/zyy/workspace/MLE_final/runs/q_coin_train/checkpoints/final.pkl
training-v1,q_learning,478,50.10000000000006,109420,0.050000000000000044,50,,,/Users/zyy/workspace/MLE_final/runs/q_coin_train/checkpoints/final.pkl
training-v1,q_learning,479,50.460000000000115,109573,0.050000000000000044,50,,,/Users/zyy/workspace/MLE_final/runs/q_coin_train/checkpoints/final.pkl
training-v1,q_learning,480,50.59000000000008,109713,0.050000000000000044,50,,,/Users/zyy/workspace/MLE_final/runs/q_coin_train/checkpoints/final.pkl
training-v1,q_learning,481,50.65000000000008,109847,0.050000000000000044,50,,,/Users/zyy/workspace/MLE_final/runs/q_coin_train/checkpoints/final.pkl
training-v1,q_learning,482,50.670000000000094,109979,0.050000000000000044,50,,,/Users/zyy/workspace/MLE_final/runs/q_coin_train/checkpoints/final.pkl
training-v1,q_learning,483,50.50000000000012,110128,0.050000000000000044,50,,,/Users/zyy/workspace/MLE_final/runs/q_coin_train/checkpoints/final.pkl
training-v1,q_learning,484,50.16000000000015,110311,0.050000000000000044,50,,,/Users/zyy/workspace/MLE_final/runs/q_coin_train/checkpoints/final.pkl
training-v1,q_learning,485,50.460000000000065,110464,0.050000000000000044,50,,,/Users/zyy/workspace/MLE_final/runs/q_coin_train/checkpoints/final.pkl
training-v1,q_learning,486,50.56000000000009,110607,0.050000000000000044,50,,,/Users/zyy/workspace/MLE_final/runs/q_coin_train/checkpoints/final.pkl
training-v1,q_learning,487,50.780000000000065,110728,0.050000000000000044,50,,,/Users/zyy/workspace/MLE_final/runs/q_coin_train/checkpoints/final.pkl
training-v1,q_learning,488,50.49000000000008,110878,0.050000000000000044,50,,,/Users/zyy/workspace/MLE_final/runs/q_coin_train/checkpoints/final.pkl
training-v1,q_learning,489,50.64000000000011,111013,0.050000000000000044,50,,,/Users/zyy/workspace/MLE_final/runs/q_coin_train/checkpoints/final.pkl
training-v1,q_learning,490,50.56000000000006,111156,0.050000000000000044,50,,,/Users/zyy/workspace/MLE_final/runs/q_coin_train/checkpoints/final.pkl
training-v1,q_learning,491,50.63000000000007,111292,0.050000000000000044,50,,,/Users/zyy/workspace/MLE_final/runs/q_coin_train/checkpoints/final.pkl
training-v1,q_learning,492,50.51000000000012,111440,0.050000000000000044,50,,,/Users/zyy/workspace/MLE_final/runs/q_coin_train/checkpoints/final.pkl
training-v1,q_learning,493,50.57000000000007,111582,0.050000000000000044,50,,,/Users/zyy/workspace/MLE_final/runs/q_coin_train/checkpoints/final.pkl
training-v1,q_learning,494,50.53000000000013,111728,0.050000000000000044,50,,,/Users/zyy/workspace/MLE_final/runs/q_coin_train/checkpoints/final.pkl
training-v1,q_learning,495,50.74000000000006,111853,0.050000000000000044,50,,,/Users/zyy/workspace/MLE_final/runs/q_coin_train/checkpoints/final.pkl
training-v1,q_learning,496,50.070000000000014,112045,0.050000000000000044,50,,,/Users/zyy/workspace/MLE_final/runs/q_coin_train/checkpoints/final.pkl
training-v1,q_learning,497,50.65000000000005,112179,0.050000000000000044,50,,,/Users/zyy/workspace/MLE_final/runs/q_coin_train/checkpoints/final.pkl
training-v1,q_learning,498,50.37000000000009,112341,0.050000000000000044,50,,,/Users/zyy/workspace/MLE_final/runs/q_coin_train/checkpoints/final.pkl
training-v1,q_learning,499,50.52000000000008,112488,0.050000000000000044,50,,,/Users/zyy/workspace/MLE_final/runs/q_coin_train/checkpoints/final.pkl
training-v1,q_learning,500,50.43000000000005,112644,0.050000000000000044,50,,,/Users/zyy/workspace/MLE_final/runs/q_coin_train/checkpoints/final.pkl
training-v1,q_learning,501,50.21000000000005,112822,0.050000000000000044,50,,,/Users/zyy/workspace/MLE_final/runs/q_coin_train/checkpoints/final.pkl
training-v1,q_learning,502,50.32000000000003,112989,0.050000000000000044,50,,,/Users/zyy/workspace/MLE_final/runs/q_coin_train/checkpoints/final.pkl
training-v1,q_learning,503,50.51000000000012,113137,0.050000000000000044,50,,,/Users/zyy/workspace/MLE_final/runs/q_coin_train/checkpoints/final.pkl
training-v1,q_learning,504,50.55000000000009,113281,0.050000000000000044,50,,,/Users/zyy/workspace/MLE_final/runs/q_coin_train/checkpoints/final.pkl
training-v1,q_learning,505,50.60000000000007,113420,0.050000000000000044,50,,,/Users/zyy/workspace/MLE_final/runs/q_coin_train/checkpoints/final.pkl
training-v1,q_learning,506,50.450000000000095,113574,0.050000000000000044,50,,,/Users/zyy/workspace/MLE_final/runs/q_coin_train/checkpoints/final.pkl
training-v1,q_learning,507,50.740000000000066,113699,0.050000000000000044,50,,,/Users/zyy/workspace/MLE_final/runs/q_coin_train/checkpoints/final.pkl
training-v1,q_learning,508,50.700000000000045,113828,0.050000000000000044,50,,,/Users/zyy/workspace/MLE_final/runs/q_coin_train/checkpoints/final.pkl
training-v1,q_learning,509,50.15000000000007,114012,0.050000000000000044,50,,,/Users/zyy/workspace/MLE_final/runs/q_coin_train/checkpoints/final.pkl
training-v1,q_learning,510,50.640000000000065,114147,0.050000000000000044,50,,,/Users/zyy/workspace/MLE_final/runs/q_coin_train/checkpoints/final.pkl
training-v1,q_learning,511,50.53000000000011,114293,0.050000000000000044,50,,,/Users/zyy/workspace/MLE_final/runs/q_coin_train/checkpoints/final.pkl
training-v1,q_learning,512,50.71000000000005,114421,0.050000000000000044,50,,,/Users/zyy/workspace/MLE_final/runs/q_coin_train/checkpoints/final.pkl
training-v1,q_learning,513,50.70000000000004,114550,0.050000000000000044,50,,,/Users/zyy/workspace/MLE_final/runs/q_coin_train/checkpoints/final.pkl
training-v1,q_learning,514,50.54999999999998,114694,0.050000000000000044,50,,,/Users/zyy/workspace/MLE_final/runs/q_coin_train/checkpoints/final.pkl
training-v1,q_learning,515,50.38000000000013,114855,0.050000000000000044,50,,,/Users/zyy/workspace/MLE_final/runs/q_coin_train/checkpoints/final.pkl
training-v1,q_learning,516,50.54000000000007,115000,0.050000000000000044,50,,,/Users/zyy/workspace/MLE_final/runs/q_coin_train/checkpoints/final.pkl
training-v1,q_learning,517,50.67000000000008,115132,0.050000000000000044,50,,,/Users/zyy/workspace/MLE_final/runs/q_coin_train/checkpoints/final.pkl
training-v1,q_learning,518,50.63000000000007,115268,0.050000000000000044,50,,,/Users/zyy/workspace/MLE_final/runs/q_coin_train/checkpoints/final.pkl
training-v1,q_learning,519,50.510000000000076,115416,0.050000000000000044,50,,,/Users/zyy/workspace/MLE_final/runs/q_coin_train/checkpoints/final.pkl
training-v1,q_learning,520,49.72000000000008,115643,0.050000000000000044,50,,,/Users/zyy/workspace/MLE_final/runs/q_coin_train/checkpoints/final.pkl
training-v1,q_learning,521,50.660000000000046,115776,0.050000000000000044,50,,,/Users/zyy/workspace/MLE_final/runs/q_coin_train/checkpoints/final.pkl
training-v1,q_learning,522,50.440000000000104,115931,0.050000000000000044,50,,,/Users/zyy/workspace/MLE_final/runs/q_coin_train/checkpoints/final.pkl
training-v1,q_learning,523,50.660000000000075,116064,0.050000000000000044,50,,,/Users/zyy/workspace/MLE_final/runs/q_coin_train/checkpoints/final.pkl
training-v1,q_learning,524,50.82000000000004,116181,0.050000000000000044,50,,,/Users/zyy/workspace/MLE_final/runs/q_coin_train/checkpoints/final.pkl
training-v1,q_learning,525,50.880000000000045,116292,0.050000000000000044,50,,,/Users/zyy/workspace/MLE_final/runs/q_coin_train/checkpoints/final.pkl
training-v1,q_learning,526,50.800000000000054,116411,0.050000000000000044,50,,,/Users/zyy/workspace/MLE_final/runs/q_coin_train/checkpoints/final.pkl
training-v1,q_learning,527,50.590000000000074,116551,0.050000000000000044,50,,,/Users/zyy/workspace/MLE_final/runs/q_coin_train/checkpoints/final.pkl
training-v1,q_learning,528,50.46000000000012,116704,0.050000000000000044,50,,,/Users/zyy/workspace/MLE_final/runs/q_coin_train/checkpoints/final.pkl
training-v1,q_learning,529,50.50000000000003,116853,0.050000000000000044,50,,,/Users/zyy/workspace/MLE_final/runs/q_coin_train/checkpoints/final.pkl
training-v1,q_learning,530,50.710000000000036,116981,0.050000000000000044,50,,,/Users/zyy/workspace/MLE_final/runs/q_coin_train/checkpoints/final.pkl
training-v1,q_learning,531,50.40000000000003,117140,0.050000000000000044,50,,,/Users/zyy/workspace/MLE_final/runs/q_coin_train/checkpoints/final.pkl
training-v1,q_learning,532,50.45000000000007,117294,0.050000000000000044,50,,,/Users/zyy/workspace/MLE_final/runs/q_coin_train/checkpoints/final.pkl
training-v1,q_learning,533,50.45000000000011,117448,0.050000000000000044,50,,,/Users/zyy/workspace/MLE_final/runs/q_coin_train/checkpoints/final.pkl
training-v1,q_learning,534,50.4800000000001,117599,0.050000000000000044,50,,,/Users/zyy/workspace/MLE_final/runs/q_coin_train/checkpoints/final.pkl
training-v1,q_learning,535,50.71,117727,0.050000000000000044,50,,,/Users/zyy/workspace/MLE_final/runs/q_coin_train/checkpoints/final.pkl
training-v1,q_learning,536,50.600000000000065,117866,0.050000000000000044,50,,,/Users/zyy/workspace/MLE_final/runs/q_coin_train/checkpoints/final.pkl
training-v1,q_learning,537,50.66000000000007,117999,0.050000000000000044,50,,,/Users/zyy/workspace/MLE_final/runs/q_coin_train/checkpoints/final.pkl
training-v1,q_learning,538,50.69000000000002,118129,0.050000000000000044,50,,,/Users/zyy/workspace/MLE_final/runs/q_coin_train/checkpoints/final.pkl
training-v1,q_learning,539,49.98999999999996,118329,0.050000000000000044,50,,,/Users/zyy/workspace/MLE_final/runs/q_coin_train/checkpoints/final.pkl
training-v1,q_learning,540,50.02000000000014,118526,0.050000000000000044,50,,,/Users/zyy/workspace/MLE_final/runs/q_coin_train/checkpoints/final.pkl
training-v1,q_learning,541,48.920000000000336,118833,0.050000000000000044,50,,,/Users/zyy/workspace/MLE_final/runs/q_coin_train/checkpoints/final.pkl
training-v1,q_learning,542,50.700000000000045,118962,0.050000000000000044,50,,,/Users/zyy/workspace/MLE_final/runs/q_coin_train/checkpoints/final.pkl
training-v1,q_learning,543,50.780000000000044,119083,0.050000000000000044,50,,,/Users/zyy/workspace/MLE_final/runs/q_coin_train/checkpoints/final.pkl
training-v1,q_learning,544,50.50000000000011,119232,0.050000000000000044,50,,,/Users/zyy/workspace/MLE_final/runs/q_coin_train/checkpoints/final.pkl
training-v1,q_learning,545,44.99000000000057,119632,0.050000000000000044,50,,,/Users/zyy/workspace/MLE_final/runs/q_coin_train/checkpoints/final.pkl
training-v1,q_learning,546,50.30000000000012,119801,0.050000000000000044,50,,,/Users/zyy/workspace/MLE_final/runs/q_coin_train/checkpoints/final.pkl
training-v1,q_learning,547,50.710000000000086,119929,0.050000000000000044,50,,,/Users/zyy/workspace/MLE_final/runs/q_coin_train/checkpoints/final.pkl
training-v1,q_learning,548,50.65000000000005,120063,0.050000000000000044,50,,,/Users/zyy/workspace/MLE_final/runs/q_coin_train/checkpoints/final.pkl
training-v1,q_learning,549,50.640000000000086,120198,0.050000000000000044,50,,,/Users/zyy/workspace/MLE_final/runs/q_coin_train/checkpoints/final.pkl
training-v1,q_learning,550,50.420000000000144,120355,0.050000000000000044,50,,,/Users/zyy/workspace/MLE_final/runs/q_coin_train/checkpoints/final.pkl
training-v1,q_learning,551,50.61000000000012,120493,0.050000000000000044,50,,,/Users/zyy/workspace/MLE_final/runs/q_coin_train/checkpoints/final.pkl
training-v1,q_learning,552,50.51000000000011,120641,0.050000000000000044,50,,,/Users/zyy/workspace/MLE_final/runs/q_coin_train/checkpoints/final.pkl
training-v1,q_learning,553,50.23000000000015,120817,0.050000000000000044,50,,,/Users/zyy/workspace/MLE_final/runs/q_coin_train/checkpoints/final.pkl
training-v1,q_learning,554,45.99000000000063,121217,0.050000000000000044,50,,,/Users/zyy/workspace/MLE_final/runs/q_coin_train/checkpoints/final.pkl
training-v1,q_learning,555,50.620000000000076,121354,0.050000000000000044,50,,,/Users/zyy/workspace/MLE_final/runs/q_coin_train/checkpoints/final.pkl
training-v1,q_learning,556,50.56000000000009,121497,0.050000000000000044,50,,,/Users/zyy/workspace/MLE_final/runs/q_coin_train/checkpoints/final.pkl
training-v1,q_learning,557,50.65000000000006,121631,0.050000000000000044,50,,,/Users/zyy/workspace/MLE_final/runs/q_coin_train/checkpoints/final.pkl
training-v1,q_learning,558,50.490000000000066,121781,0.050000000000000044,50,,,/Users/zyy/workspace/MLE_final/runs/q_coin_train/checkpoints/final.pkl
training-v1,q_learning,559,50.170000000000144,121963,0.050000000000000044,50,,,/Users/zyy/workspace/MLE_final/runs/q_coin_train/checkpoints/final.pkl
training-v1,q_learning,560,48.83000000000019,122279,0.050000000000000044,50,,,/Users/zyy/workspace/MLE_final/runs/q_coin_train/checkpoints/final.pkl
training-v1,q_learning,561,49.350000000000364,122543,0.050000000000000044,50,,,/Users/zyy/workspace/MLE_final/runs/q_coin_train/checkpoints/final.pkl
training-v1,q_learning,562,50.3400000000001,122708,0.050000000000000044,50,,,/Users/zyy/workspace/MLE_final/runs/q_coin_train/checkpoints/final.pkl
training-v1,q_learning,563,50.70000000000005,122837,0.050000000000000044,50,,,/Users/zyy/workspace/MLE_final/runs/q_coin_train/checkpoints/final.pkl
training-v1,q_learning,564,50.54000000000008,122982,0.050000000000000044,50,,,/Users/zyy/workspace/MLE_final/runs/q_coin_train/checkpoints/final.pkl
training-v1,q_learning,565,50.29000000000012,123152,0.050000000000000044,50,,,/Users/zyy/workspace/MLE_final/runs/q_coin_train/checkpoints/final.pkl
training-v1,q_learning,566,50.71000000000004,123280,0.050000000000000044,50,,,/Users/zyy/workspace/MLE_final/runs/q_coin_train/checkpoints/final.pkl
training-v1,q_learning,567,50.640000000000065,123415,0.050000000000000044,50,,,/Users/zyy/workspace/MLE_final/runs/q_coin_train/checkpoints/final.pkl
training-v1,q_learning,568,50.63000000000007,123551,0.050000000000000044,50,,,/Users/zyy/workspace/MLE_final/runs/q_coin_train/checkpoints/final.pkl
training-v1,q_learning,569,50.64000000000006,123686,0.050000000000000044,50,,,/Users/zyy/workspace/MLE_final/runs/q_coin_train/checkpoints/final.pkl
training-v1,q_learning,570,50.42000000000012,123843,0.050000000000000044,50,,,/Users/zyy/workspace/MLE_final/runs/q_coin_train/checkpoints/final.pkl
training-v1,q_learning,571,50.64000000000005,123978,0.050000000000000044,50,,,/Users/zyy/workspace/MLE_final/runs/q_coin_train/checkpoints/final.pkl
training-v1,q_learning,572,50.28000000000018,124149,0.050000000000000044,50,,,/Users/zyy/workspace/MLE_final/runs/q_coin_train/checkpoints/final.pkl
training-v1,q_learning,573,50.61000000000011,124287,0.050000000000000044,50,,,/Users/zyy/workspace/MLE_final/runs/q_coin_train/checkpoints/final.pkl
training-v1,q_learning,574,50.54000000000007,124432,0.050000000000000044,50,,,/Users/zyy/workspace/MLE_final/runs/q_coin_train/checkpoints/final.pkl
training-v1,q_learning,575,50.220000000000105,124609,0.050000000000000044,50,,,/Users/zyy/workspace/MLE_final/runs/q_coin_train/checkpoints/final.pkl
training-v1,q_learning,576,50.710000000000065,124737,0.050000000000000044,50,,,/Users/zyy/workspace/MLE_final/runs/q_coin_train/checkpoints/final.pkl
training-v1,q_learning,577,45.99000000000049,125137,0.050000000000000044,50,,,/Users/zyy/workspace/MLE_final/runs/q_coin_train/checkpoints/final.pkl
training-v1,q_learning,578,50.34000000000003,125302,0.050000000000000044,50,,,/Users/zyy/workspace/MLE_final/runs/q_coin_train/checkpoints/final.pkl
training-v1,q_learning,579,50.68000000000005,125433,0.050000000000000044,50,,,/Users/zyy/workspace/MLE_final/runs/q_coin_train/checkpoints/final.pkl
training-v1,q_learning,580,50.54000000000004,125578,0.050000000000000044,50,,,/Users/zyy/workspace/MLE_final/runs/q_coin_train/checkpoints/final.pkl
training-v1,q_learning,581,50.520000000000124,125725,0.050000000000000044,50,,,/Users/zyy/workspace/MLE_final/runs/q_coin_train/checkpoints/final.pkl
training-v1,q_learning,582,50.75000000000002,125849,0.050000000000000044,50,,,/Users/zyy/workspace/MLE_final/runs/q_coin_train/checkpoints/final.pkl
training-v1,q_learning,583,50.69000000000009,125979,0.050000000000000044,50,,,/Users/zyy/workspace/MLE_final/runs/q_coin_train/checkpoints/final.pkl
training-v1,q_learning,584,50.770000000000074,126101,0.050000000000000044,50,,,/Users/zyy/workspace/MLE_final/runs/q_coin_train/checkpoints/final.pkl
training-v1,q_learning,585,50.45000000000012,126255,0.050000000000000044,50,,,/Users/zyy/workspace/MLE_final/runs/q_coin_train/checkpoints/final.pkl
training-v1,q_learning,586,50.67000000000004,126387,0.050000000000000044,50,,,/Users/zyy/workspace/MLE_final/runs/q_coin_train/checkpoints/final.pkl
training-v1,q_learning,587,50.65000000000007,126521,0.050000000000000044,50,,,/Users/zyy/workspace/MLE_final/runs/q_coin_train/checkpoints/final.pkl
training-v1,q_learning,588,50.660000000000046,126654,0.050000000000000044,50,,,/Users/zyy/workspace/MLE_final/runs/q_coin_train/checkpoints/final.pkl
training-v1,q_learning,589,50.42000000000009,126811,0.050000000000000044,50,,,/Users/zyy/workspace/MLE_final/runs/q_coin_train/checkpoints/final.pkl
training-v1,q_learning,590,50.63000000000007,126947,0.050000000000000044,50,,,/Users/zyy/workspace/MLE_final/runs/q_coin_train/checkpoints/final.pkl
training-v1,q_learning,591,50.53000000000009,127093,0.050000000000000044,50,,,/Users/zyy/workspace/MLE_final/runs/q_coin_train/checkpoints/final.pkl
training-v1,q_learning,592,44.9900000000005,127493,0.050000000000000044,50,,,/Users/zyy/workspace/MLE_final/runs/q_coin_train/checkpoints/final.pkl
training-v1,q_learning,593,50.51000000000005,127641,0.050000000000000044,50,,,/Users/zyy/workspace/MLE_final/runs/q_coin_train/checkpoints/final.pkl
training-v1,q_learning,594,50.67000000000008,127773,0.050000000000000044,50,,,/Users/zyy/workspace/MLE_final/runs/q_coin_train/checkpoints/final.pkl
training-v1,q_learning,595,49.45000000000011,128027,0.050000000000000044,50,,,/Users/zyy/workspace/MLE_final/runs/q_coin_train/checkpoints/final.pkl
training-v1,q_learning,596,50.5000000000001,128176,0.050000000000000044,50,,,/Users/zyy/workspace/MLE_final/runs/q_coin_train/checkpoints/final.pkl
training-v1,q_learning,597,49.8100000000001,128394,0.050000000000000044,50,,,/Users/zyy/workspace/MLE_final/runs/q_coin_train/checkpoints/final.pkl
training-v1,q_learning,598,50.620000000000026,128531,0.050000000000000044,50,,,/Users/zyy/workspace/MLE_final/runs/q_coin_train/checkpoints/final.pkl
training-v1,q_learning,599,50.36000000000015,128694,0.050000000000000044,50,,,/Users/zyy/workspace/MLE_final/runs/q_coin_train/checkpoints/final.pkl
training-v1,q_learning,600,50.570000000000086,128836,0.050000000000000044,50,,,/Users/zyy/workspace/MLE_final/runs/q_coin_train/checkpoints/final.pkl
training-v1,q_learning,601,50.20000000000016,129015,0.050000000000000044,50,,,/Users/zyy/workspace/MLE_final/runs/q_coin_train/checkpoints/final.pkl
training-v1,q_learning,602,50.650000000000084,129149,0.050000000000000044,50,,,/Users/zyy/workspace/MLE_final/runs/q_coin_train/checkpoints/final.pkl
training-v1,q_learning,603,50.67000000000008,129281,0.050000000000000044,50,,,/Users/zyy/workspace/MLE_final/runs/q_coin_train/checkpoints/final.pkl
training-v1,q_learning,604,50.740000000000045,129406,0.050000000000000044,50,,,/Users/zyy/workspace/MLE_final/runs/q_coin_train/checkpoints/final.pkl
training-v1,q_learning,605,50.82000000000004,129523,0.050000000000000044,50,,,/Users/zyy/workspace/MLE_final/runs/q_coin_train/checkpoints/final.pkl
training-v1,q_learning,606,50.72000000000008,129650,0.050000000000000044,50,,,/Users/zyy/workspace/MLE_final/runs/q_coin_train/checkpoints/final.pkl
training-v1,q_learning,607,50.5600000000001,129793,0.050000000000000044,50,,,/Users/zyy/workspace/MLE_final/runs/q_coin_train/checkpoints/final.pkl
training-v1,q_learning,608,50.640000000000065,129928,0.050000000000000044,50,,,/Users/zyy/workspace/MLE_final/runs/q_coin_train/checkpoints/final.pkl
training-v1,q_learning,609,50.710000000000036,130056,0.050000000000000044,50,,,/Users/zyy/workspace/MLE_final/runs/q_coin_train/checkpoints/final.pkl
training-v1,q_learning,610,50.60000000000008,130195,0.050000000000000044,50,,,/Users/zyy/workspace/MLE_final/runs/q_coin_train/checkpoints/final.pkl
training-v1,q_learning,611,50.730000000000054,130321,0.050000000000000044,50,,,/Users/zyy/workspace/MLE_final/runs/q_coin_train/checkpoints/final.pkl
training-v1,q_learning,612,50.61000000000005,130459,0.050000000000000044,50,,,/Users/zyy/workspace/MLE_final/runs/q_coin_train/checkpoints/final.pkl
training-v1,q_learning,613,50.29000000000007,130629,0.050000000000000044,50,,,/Users/zyy/workspace/MLE_final/runs/q_coin_train/checkpoints/final.pkl
training-v1,q_learning,614,50.29000000000006,130799,0.050000000000000044,50,,,/Users/zyy/workspace/MLE_final/runs/q_coin_train/checkpoints/final.pkl
training-v1,q_learning,615,50.210000000000036,130977,0.050000000000000044,50,,,/Users/zyy/workspace/MLE_final/runs/q_coin_train/checkpoints/final.pkl
training-v1,q_learning,616,50.52000000000003,131124,0.050000000000000044,50,,,/Users/zyy/workspace/MLE_final/runs/q_coin_train/checkpoints/final.pkl
training-v1,q_learning,617,44.990000000000094,131524,0.050000000000000044,50,,,/Users/zyy/workspace/MLE_final/runs/q_coin_train/checkpoints/final.pkl
training-v1,q_learning,618,50.520000000000046,131671,0.050000000000000044,50,,,/Users/zyy/workspace/MLE_final/runs/q_coin_train/checkpoints/final.pkl
training-v1,q_learning,619,50.460000000000086,131824,0.050000000000000044,50,,,/Users/zyy/workspace/MLE_final/runs/q_coin_train/checkpoints/final.pkl
training-v1,q_learning,620,50.77000000000003,131946,0.050000000000000044,50,,,/Users/zyy/workspace/MLE_final/runs/q_coin_train/checkpoints/final.pkl
training-v1,q_learning,621,50.53000000000011,132092,0.050000000000000044,50,,,/Users/zyy/workspace/MLE_final/runs/q_coin_train/checkpoints/final.pkl
training-v1,q_learning,622,50.20000000000005,132271,0.050000000000000044,50,,,/Users/zyy/workspace/MLE_final/runs/q_coin_train/checkpoints/final.pkl
training-v1,q_learning,623,50.54000000000009,132416,0.050000000000000044,50,,,/Users/zyy/workspace/MLE_final/runs/q_coin_train/checkpoints/final.pkl
training-v1,q_learning,624,50.76000000000005,132539,0.050000000000000044,50,,,/Users/zyy/workspace/MLE_final/runs/q_coin_train/checkpoints/final.pkl
training-v1,q_learning,625,50.51000000000008,132687,0.050000000000000044,50,,,/Users/zyy/workspace/MLE_final/runs/q_coin_train/checkpoints/final.pkl
training-v1,q_learning,626,50.67000000000008,132819,0.050000000000000044,50,,,/Users/zyy/workspace/MLE_final/runs/q_coin_train/checkpoints/final.pkl
training-v1,q_learning,627,50.47000000000008,132971,0.050000000000000044,50,,,/Users/zyy/workspace/MLE_final/runs/q_coin_train/checkpoints/final.pkl
training-v1,q_learning,628,50.62000000000007,133108,0.050000000000000044,50,,,/Users/zyy/workspace/MLE_final/runs/q_coin_train/checkpoints/final.pkl
training-v1,q_learning,629,50.880000000000024,133219,0.050000000000000044,50,,,/Users/zyy/workspace/MLE_final/runs/q_coin_train/checkpoints/final.pkl
training-v1,q_learning,630,50.65000000000007,133353,0.050000000000000044,50,,,/Users/zyy/workspace/MLE_final/runs/q_coin_train/checkpoints/final.pkl
training-v1,q_learning,631,50.43000000000001,133509,0.050000000000000044,50,,,/Users/zyy/workspace/MLE_final/runs/q_coin_train/checkpoints/final.pkl
training-v1,q_learning,632,50.15000000000015,133693,0.050000000000000044,50,,,/Users/zyy/workspace/MLE_final/runs/q_coin_train/checkpoints/final.pkl
training-v1,q_learning,633,50.60000000000003,133832,0.050000000000000044,50,,,/Users/zyy/workspace/MLE_final/runs/q_coin_train/checkpoints/final.pkl
training-v1,q_learning,634,50.66,133965,0.050000000000000044,50,,,/Users/zyy/workspace/MLE_final/runs/q_coin_train/checkpoints/final.pkl
training-v1,q_learning,635,50.4400000000001,134120,0.050000000000000044,50,,,/Users/zyy/workspace/MLE_final/runs/q_coin_train/checkpoints/final.pkl
training-v1,q_learning,636,50.58000000000006,134261,0.050000000000000044,50,,,/Users/zyy/workspace/MLE_final/runs/q_coin_train/checkpoints/final.pkl
training-v1,q_learning,637,50.720000000000056,134388,0.050000000000000044,50,,,/Users/zyy/workspace/MLE_final/runs/q_coin_train/checkpoints/final.pkl
training-v1,q_learning,638,50.38000000000012,134549,0.050000000000000044,50,,,/Users/zyy/workspace/MLE_final/runs/q_coin_train/checkpoints/final.pkl
training-v1,q_learning,639,50.390000000000086,134709,0.050000000000000044,50,,,/Users/zyy/workspace/MLE_final/runs/q_coin_train/checkpoints/final.pkl
training-v1,q_learning,640,50.550000000000054,134853,0.050000000000000044,50,,,/Users/zyy/workspace/MLE_final/runs/q_coin_train/checkpoints/final.pkl
training-v1,q_learning,641,50.650000000000105,134987,0.050000000000000044,50,,,/Users/zyy/workspace/MLE_final/runs/q_coin_train/checkpoints/final.pkl
training-v1,q_learning,642,50.51000000000002,135135,0.050000000000000044,50,,,/Users/zyy/workspace/MLE_final/runs/q_coin_train/checkpoints/final.pkl
training-v1,q_learning,643,50.54000000000006,135280,0.050000000000000044,50,,,/Users/zyy/workspace/MLE_final/runs/q_coin_train/checkpoints/final.pkl
training-v1,q_learning,644,48.570000000000256,135622,0.050000000000000044,50,,,/Users/zyy/workspace/MLE_final/runs/q_coin_train/checkpoints/final.pkl
training-v1,q_learning,645,49.38000000000017,135883,0.050000000000000044,50,,,/Users/zyy/workspace/MLE_final/runs/q_coin_train/checkpoints/final.pkl
training-v1,q_learning,646,49.850000000000115,136097,0.050000000000000044,50,,,/Users/zyy/workspace/MLE_final/runs/q_coin_train/checkpoints/final.pkl
training-v1,q_learning,647,50.030000000000115,136293,0.050000000000000044,50,,,/Users/zyy/workspace/MLE_final/runs/q_coin_train/checkpoints/final.pkl
training-v1,q_learning,648,50.190000000000076,136473,0.050000000000000044,50,,,/Users/zyy/workspace/MLE_final/runs/q_coin_train/checkpoints/final.pkl
training-v1,q_learning,649,50.61000000000006,136611,0.050000000000000044,50,,,/Users/zyy/workspace/MLE_final/runs/q_coin_train/checkpoints/final.pkl
training-v1,q_learning,650,50.20999999999997,136789,0.050000000000000044,50,,,/Users/zyy/workspace/MLE_final/runs/q_coin_train/checkpoints/final.pkl
training-v1,q_learning,651,50.45000000000012,136943,0.050000000000000044,50,,,/Users/zyy/workspace/MLE_final/runs/q_coin_train/checkpoints/final.pkl
training-v1,q_learning,652,50.790000000000035,137063,0.050000000000000044,50,,,/Users/zyy/workspace/MLE_final/runs/q_coin_train/checkpoints/final.pkl
training-v1,q_learning,653,50.33000000000011,137229,0.050000000000000044,50,,,/Users/zyy/workspace/MLE_final/runs/q_coin_train/checkpoints/final.pkl
training-v1,q_learning,654,50.560000000000024,137372,0.050000000000000044,50,,,/Users/zyy/workspace/MLE_final/runs/q_coin_train/checkpoints/final.pkl
training-v1,q_learning,655,50.70000000000006,137501,0.050000000000000044,50,,,/Users/zyy/workspace/MLE_final/runs/q_coin_train/checkpoints/final.pkl
training-v1,q_learning,656,50.67000000000006,137633,0.050000000000000044,50,,,/Users/zyy/workspace/MLE_final/runs/q_coin_train/checkpoints/final.pkl
training-v1,q_learning,657,50.700000000000095,137762,0.050000000000000044,50,,,/Users/zyy/workspace/MLE_final/runs/q_coin_train/checkpoints/final.pkl
training-v1,q_learning,658,49.400000000000325,138021,0.050000000000000044,50,,,/Users/zyy/workspace/MLE_final/runs/q_coin_train/checkpoints/final.pkl
training-v1,q_learning,659,50.750000000000036,138145,0.050000000000000044,50,,,/Users/zyy/workspace/MLE_final/runs/q_coin_train/checkpoints/final.pkl
training-v1,q_learning,660,50.69000000000003,138275,0.050000000000000044,50,,,/Users/zyy/workspace/MLE_final/runs/q_coin_train/checkpoints/final.pkl
training-v1,q_learning,661,50.66000000000009,138408,0.050000000000000044,50,,,/Users/zyy/workspace/MLE_final/runs/q_coin_train/checkpoints/final.pkl
training-v1,q_learning,662,50.65000000000004,138542,0.050000000000000044,50,,,/Users/zyy/workspace/MLE_final/runs/q_coin_train/checkpoints/final.pkl
training-v1,q_learning,663,50.4300000000001,138698,0.050000000000000044,50,,,/Users/zyy/workspace/MLE_final/runs/q_coin_train/checkpoints/final.pkl
training-v1,q_learning,664,50.61000000000006,138836,0.050000000000000044,50,,,/Users/zyy/workspace/MLE_final/runs/q_coin_train/checkpoints/final.pkl
training-v1,q_learning,665,50.86000000000003,138949,0.050000000000000044,50,,,/Users/zyy/workspace/MLE_final/runs/q_coin_train/checkpoints/final.pkl
training-v1,q_learning,666,50.709999999999994,139077,0.050000000000000044,50,,,/Users/zyy/workspace/MLE_final/runs/q_coin_train/checkpoints/final.pkl
training-v1,q_learning,667,31.989999999999426,139477,0.050000000000000044,50,,,/Users/zyy/workspace/MLE_final/runs/q_coin_train/checkpoints/final.pkl
training-v1,q_learning,668,49.86000000000003,139690,0.050000000000000044,50,,,/Users/zyy/workspace/MLE_final/runs/q_coin_train/checkpoints/final.pkl
training-v1,q_learning,669,49.84000000000016,139905,0.050000000000000044,50,,,/Users/zyy/workspace/MLE_final/runs/q_coin_train/checkpoints/final.pkl
training-v1,q_learning,670,50.200000000000024,140084,0.050000000000000044,50,,,/Users/zyy/workspace/MLE_final/runs/q_coin_train/checkpoints/final.pkl
training-v1,q_learning,671,50.77000000000001,140206,0.050000000000000044,50,,,/Users/zyy/workspace/MLE_final/runs/q_coin_train/checkpoints/final.pkl
training-v1,q_learning,672,50.650000000000084,140340,0.050000000000000044,50,,,/Users/zyy/workspace/MLE_final/runs/q_coin_train/checkpoints/final.pkl
training-v1,q_learning,673,50.5700000000001,140482,0.050000000000000044,50,,,/Users/zyy/workspace/MLE_final/runs/q_coin_train/checkpoints/final.pkl
training-v1,q_learning,674,50.59000000000007,140622,0.050000000000000044,50,,,/Users/zyy/workspace/MLE_final/runs/q_coin_train/checkpoints/final.pkl
training-v1,q_learning,675,50.74000000000004,140747,0.050000000000000044,50,,,/Users/zyy/workspace/MLE_final/runs/q_coin_train/checkpoints/final.pkl
training-v1,q_learning,676,50.48000000000009,140898,0.050000000000000044,50,,,/Users/zyy/workspace/MLE_final/runs/q_coin_train/checkpoints/final.pkl
training-v1,q_learning,677,50.43000000000005,141054,0.050000000000000044,50,,,/Users/zyy/workspace/MLE_final/runs/q_coin_train/checkpoints/final.pkl
training-v1,q_learning,678,50.66000000000008,141187,0.050000000000000044,50,,,/Users/zyy/workspace/MLE_final/runs/q_coin_train/checkpoints/final.pkl
training-v1,q_learning,679,50.52000000000013,141334,0.050000000000000044,50,,,/Users/zyy/workspace/MLE_final/runs/q_coin_train/checkpoints/final.pkl
training-v1,q_learning,680,50.700000000000074,141463,0.050000000000000044,50,,,/Users/zyy/workspace/MLE_final/runs/q_coin_train/checkpoints/final.pkl
training-v1,q_learning,681,50.620000000000076,141600,0.050000000000000044,50,,,/Users/zyy/workspace/MLE_final/runs/q_coin_train/checkpoints/final.pkl
training-v1,q_learning,682,50.56000000000005,141743,0.050000000000000044,50,,,/Users/zyy/workspace/MLE_final/runs/q_coin_train/checkpoints/final.pkl
training-v1,q_learning,683,50.62000000000001,141880,0.050000000000000044,50,,,/Users/zyy/workspace/MLE_final/runs/q_coin_train/checkpoints/final.pkl
training-v1,q_learning,684,50.57000000000004,142022,0.050000000000000044,50,,,/Users/zyy/workspace/MLE_final/runs/q_coin_train/checkpoints/final.pkl
training-v1,q_learning,685,50.640000000000036,142157,0.050000000000000044,50,,,/Users/zyy/workspace/MLE_final/runs/q_coin_train/checkpoints/final.pkl
training-v1,q_learning,686,50.620000000000054,142294,0.050000000000000044,50,,,/Users/zyy/workspace/MLE_final/runs/q_coin_train/checkpoints/final.pkl
training-v1,q_learning,687,50.380000000000145,142455,0.050000000000000044,50,,,/Users/zyy/workspace/MLE_final/runs/q_coin_train/checkpoints/final.pkl
training-v1,q_learning,688,50.670000000000044,142587,0.050000000000000044,50,,,/Users/zyy/workspace/MLE_final/runs/q_coin_train/checkpoints/final.pkl
training-v1,q_learning,689,50.4900000000001,142737,0.050000000000000044,50,,,/Users/zyy/workspace/MLE_final/runs/q_coin_train/checkpoints/final.pkl
training-v1,q_learning,690,50.770000000000046,142859,0.050000000000000044,50,,,/Users/zyy/workspace/MLE_final/runs/q_coin_train/checkpoints/final.pkl
training-v1,q_learning,691,50.75000000000006,142983,0.050000000000000044,50,,,/Users/zyy/workspace/MLE_final/runs/q_coin_train/checkpoints/final.pkl
training-v1,q_learning,692,50.250000000000085,143157,0.050000000000000044,50,,,/Users/zyy/workspace/MLE_final/runs/q_coin_train/checkpoints/final.pkl
training-v1,q_learning,693,50.81000000000005,143275,0.050000000000000044,50,,,/Users/zyy/workspace/MLE_final/runs/q_coin_train/checkpoints/final.pkl
training-v1,q_learning,694,50.690000000000055,143405,0.050000000000000044,50,,,/Users/zyy/workspace/MLE_final/runs/q_coin_train/checkpoints/final.pkl
training-v1,q_learning,695,50.62000000000005,143542,0.050000000000000044,50,,,/Users/zyy/workspace/MLE_final/runs/q_coin_train/checkpoints/final.pkl
training-v1,q_learning,696,50.760000000000076,143665,0.050000000000000044,50,,,/Users/zyy/workspace/MLE_final/runs/q_coin_train/checkpoints/final.pkl
training-v1,q_learning,697,50.75000000000004,143789,0.050000000000000044,50,,,/Users/zyy/workspace/MLE_final/runs/q_coin_train/checkpoints/final.pkl
training-v1,q_learning,698,50.34000000000009,143954,0.050000000000000044,50,,,/Users/zyy/workspace/MLE_final/runs/q_coin_train/checkpoints/final.pkl
training-v1,q_learning,699,50.690000000000076,144084,0.050000000000000044,50,,,/Users/zyy/workspace/MLE_final/runs/q_coin_train/checkpoints/final.pkl
training-v1,q_learning,700,50.610000000000056,144222,0.050000000000000044,50,,,/Users/zyy/workspace/MLE_final/runs/q_coin_train/checkpoints/final.pkl
training-v1,q_learning,701,50.76000000000005,144345,0.050000000000000044,50,,,/Users/zyy/workspace/MLE_final/runs/q_coin_train/checkpoints/final.pkl
training-v1,q_learning,702,50.72000000000005,144472,0.050000000000000044,50,,,/Users/zyy/workspace/MLE_final/runs/q_coin_train/checkpoints/final.pkl
training-v1,q_learning,703,50.22000000000012,144649,0.050000000000000044,50,,,/Users/zyy/workspace/MLE_final/runs/q_coin_train/checkpoints/final.pkl
training-v1,q_learning,704,50.280000000000115,144820,0.050000000000000044,50,,,/Users/zyy/workspace/MLE_final/runs/q_coin_train/checkpoints/final.pkl
training-v1,q_learning,705,50.46000000000005,144973,0.050000000000000044,50,,,/Users/zyy/workspace/MLE_final/runs/q_coin_train/checkpoints/final.pkl
training-v1,q_learning,706,50.61000000000003,145111,0.050000000000000044,50,,,/Users/zyy/workspace/MLE_final/runs/q_coin_train/checkpoints/final.pkl
training-v1,q_learning,707,50.67000000000008,145243,0.050000000000000044,50,,,/Users/zyy/workspace/MLE_final/runs/q_coin_train/checkpoints/final.pkl
training-v1,q_learning,708,50.47000000000009,145395,0.050000000000000044,50,,,/Users/zyy/workspace/MLE_final/runs/q_coin_train/checkpoints/final.pkl
training-v1,q_learning,709,50.6600000000001,145528,0.050000000000000044,50,,,/Users/zyy/workspace/MLE_final/runs/q_coin_train/checkpoints/final.pkl
training-v1,q_learning,710,50.51000000000009,145676,0.050000000000000044,50,,,/Users/zyy/workspace/MLE_final/runs/q_coin_train/checkpoints/final.pkl
training-v1,q_learning,711,50.300000000000075,145845,0.050000000000000044,50,,,/Users/zyy/workspace/MLE_final/runs/q_coin_train/checkpoints/final.pkl
training-v1,q_learning,712,50.72000000000008,145972,0.050000000000000044,50,,,/Users/zyy/workspace/MLE_final/runs/q_coin_train/checkpoints/final.pkl
training-v1,q_learning,713,50.550000000000075,146116,0.050000000000000044,50,,,/Users/zyy/workspace/MLE_final/runs/q_coin_train/checkpoints/final.pkl
training-v1,q_learning,714,49.5600000000001,146359,0.050000000000000044,50,,,/Users/zyy/workspace/MLE_final/runs/q_coin_train/checkpoints/final.pkl
training-v1,q_learning,715,50.65000000000008,146493,0.050000000000000044,50,,,/Users/zyy/workspace/MLE_final/runs/q_coin_train/checkpoints/final.pkl
training-v1,q_learning,716,50.53000000000002,146639,0.050000000000000044,50,,,/Users/zyy/workspace/MLE_final/runs/q_coin_train/checkpoints/final.pkl
training-v1,q_learning,717,50.52000000000013,146786,0.050000000000000044,50,,,/Users/zyy/workspace/MLE_final/runs/q_coin_train/checkpoints/final.pkl
training-v1,q_learning,718,50.58000000000011,146927,0.050000000000000044,50,,,/Users/zyy/workspace/MLE_final/runs/q_coin_train/checkpoints/final.pkl
training-v1,q_learning,719,50.770000000000046,147049,0.050000000000000044,50,,,/Users/zyy/workspace/MLE_final/runs/q_coin_train/checkpoints/final.pkl
training-v1,q_learning,720,50.570000000000064,147191,0.050000000000000044,50,,,/Users/zyy/workspace/MLE_final/runs/q_coin_train/checkpoints/final.pkl
training-v1,q_learning,721,50.52000000000011,147338,0.050000000000000044,50,,,/Users/zyy/workspace/MLE_final/runs/q_coin_train/checkpoints/final.pkl
training-v1,q_learning,722,50.69000000000008,147468,0.050000000000000044,50,,,/Users/zyy/workspace/MLE_final/runs/q_coin_train/checkpoints/final.pkl
training-v1,q_learning,723,50.51999999999999,147615,0.050000000000000044,50,,,/Users/zyy/workspace/MLE_final/runs/q_coin_train/checkpoints/final.pkl
training-v1,q_learning,724,50.02000000000023,147812,0.050000000000000044,50,,,/Users/zyy/workspace/MLE_final/runs/q_coin_train/checkpoints/final.pkl
training-v1,q_learning,725,50.410000000000124,147970,0.050000000000000044,50,,,/Users/zyy/workspace/MLE_final/runs/q_coin_train/checkpoints/final.pkl
training-v1,q_learning,726,50.459999999999994,148123,0.050000000000000044,50,,,/Users/zyy/workspace/MLE_final/runs/q_coin_train/checkpoints/final.pkl
training-v1,q_learning,727,50.69000000000008,148253,0.050000000000000044,50,,,/Users/zyy/workspace/MLE_final/runs/q_coin_train/checkpoints/final.pkl
training-v1,q_learning,728,50.55000000000011,148397,0.050000000000000044,50,,,/Users/zyy/workspace/MLE_final/runs/q_coin_train/checkpoints/final.pkl
training-v1,q_learning,729,50.730000000000025,148523,0.050000000000000044,50,,,/Users/zyy/workspace/MLE_final/runs/q_coin_train/checkpoints/final.pkl
training-v1,q_learning,730,50.570000000000086,148665,0.050000000000000044,50,,,/Users/zyy/workspace/MLE_final/runs/q_coin_train/checkpoints/final.pkl
training-v1,q_learning,731,50.68000000000005,148796,0.050000000000000044,50,,,/Users/zyy/workspace/MLE_final/runs/q_coin_train/checkpoints/final.pkl
training-v1,q_learning,732,50.47000000000009,148948,0.050000000000000044,50,,,/Users/zyy/workspace/MLE_final/runs/q_coin_train/checkpoints/final.pkl
training-v1,q_learning,733,50.71000000000007,149076,0.050000000000000044,50,,,/Users/zyy/workspace/MLE_final/runs/q_coin_train/checkpoints/final.pkl
training-v1,q_learning,734,50.3600000000001,149239,0.050000000000000044,50,,,/Users/zyy/workspace/MLE_final/runs/q_coin_train/checkpoints/final.pkl
training-v1,q_learning,735,50.43000000000008,149395,0.050000000000000044,50,,,/Users/zyy/workspace/MLE_final/runs/q_coin_train/checkpoints/final.pkl
training-v1,q_learning,736,50.73000000000005,149521,0.050000000000000044,50,,,/Users/zyy/workspace/MLE_final/runs/q_coin_train/checkpoints/final.pkl
training-v1,q_learning,737,50.74000000000004,149646,0.050000000000000044,50,,,/Users/zyy/workspace/MLE_final/runs/q_coin_train/checkpoints/final.pkl
training-v1,q_learning,738,50.72000000000002,149773,0.050000000000000044,50,,,/Users/zyy/workspace/MLE_final/runs/q_coin_train/checkpoints/final.pkl
training-v1,q_learning,739,50.49000000000012,149923,0.050000000000000044,50,,,/Users/zyy/workspace/MLE_final/runs/q_coin_train/checkpoints/final.pkl
training-v1,q_learning,740,50.42000000000012,150080,0.050000000000000044,50,,,/Users/zyy/workspace/MLE_final/runs/q_coin_train/checkpoints/final.pkl
training-v1,q_learning,741,50.47000000000012,150232,0.050000000000000044,50,,,/Users/zyy/workspace/MLE_final/runs/q_coin_train/checkpoints/final.pkl
training-v1,q_learning,742,49.96000000000021,150435,0.050000000000000044,50,,,/Users/zyy/workspace/MLE_final/runs/q_coin_train/checkpoints/final.pkl
training-v1,q_learning,743,50.53000000000009,150581,0.050000000000000044,50,,,/Users/zyy/workspace/MLE_final/runs/q_coin_train/checkpoints/final.pkl
training-v1,q_learning,744,50.6100000000001,150719,0.050000000000000044,50,,,/Users/zyy/workspace/MLE_final/runs/q_coin_train/checkpoints/final.pkl
training-v1,q_learning,745,50.81000000000005,150837,0.050000000000000044,50,,,/Users/zyy/workspace/MLE_final/runs/q_coin_train/checkpoints/final.pkl
training-v1,q_learning,746,50.73000000000007,150963,0.050000000000000044,50,,,/Users/zyy/workspace/MLE_final/runs/q_coin_train/checkpoints/final.pkl
training-v1,q_learning,747,50.80000000000007,151082,0.050000000000000044,50,,,/Users/zyy/workspace/MLE_final/runs/q_coin_train/checkpoints/final.pkl
training-v1,q_learning,748,50.590000000000046,151222,0.050000000000000044,50,,,/Users/zyy/workspace/MLE_final/runs/q_coin_train/checkpoints/final.pkl
training-v1,q_learning,749,50.390000000000015,151382,0.050000000000000044,50,,,/Users/zyy/workspace/MLE_final/runs/q_coin_train/checkpoints/final.pkl
training-v1,q_learning,750,50.14000000000014,151567,0.050000000000000044,50,,,/Users/zyy/workspace/MLE_final/runs/q_coin_train/checkpoints/final.pkl
training-v1,q_learning,751,50.53000000000012,151713,0.050000000000000044,50,,,/Users/zyy/workspace/MLE_final/runs/q_coin_train/checkpoints/final.pkl
training-v1,q_learning,752,50.870000000000054,151825,0.050000000000000044,50,,,/Users/zyy/workspace/MLE_final/runs/q_coin_train/checkpoints/final.pkl
training-v1,q_learning,753,50.70000000000004,151954,0.050000000000000044,50,,,/Users/zyy/workspace/MLE_final/runs/q_coin_train/checkpoints/final.pkl
training-v1,q_learning,754,50.65000000000005,152088,0.050000000000000044,50,,,/Users/zyy/workspace/MLE_final/runs/q_coin_train/checkpoints/final.pkl
training-v1,q_learning,755,50.12000000000009,152275,0.050000000000000044,50,,,/Users/zyy/workspace/MLE_final/runs/q_coin_train/checkpoints/final.pkl
training-v1,q_learning,756,50.310000000000116,152443,0.050000000000000044,50,,,/Users/zyy/workspace/MLE_final/runs/q_coin_train/checkpoints/final.pkl
training-v1,q_learning,757,50.59000000000008,152583,0.050000000000000044,50,,,/Users/zyy/workspace/MLE_final/runs/q_coin_train/checkpoints/final.pkl
training-v1,q_learning,758,50.58000000000012,152724,0.050000000000000044,50,,,/Users/zyy/workspace/MLE_final/runs/q_coin_train/checkpoints/final.pkl
training-v1,q_learning,759,50.51000000000009,152872,0.050000000000000044,50,,,/Users/zyy/workspace/MLE_final/runs/q_coin_train/checkpoints/final.pkl
training-v1,q_learning,760,50.660000000000025,153005,0.050000000000000044,50,,,/Users/zyy/workspace/MLE_final/runs/q_coin_train/checkpoints/final.pkl
training-v1,q_learning,761,50.76000000000003,153128,0.050000000000000044,50,,,/Users/zyy/workspace/MLE_final/runs/q_coin_train/checkpoints/final.pkl
training-v1,q_learning,762,50.65000000000004,153262,0.050000000000000044,50,,,/Users/zyy/workspace/MLE_final/runs/q_coin_train/checkpoints/final.pkl
training-v1,q_learning,763,50.36000000000011,153425,0.050000000000000044,50,,,/Users/zyy/workspace/MLE_final/runs/q_coin_train/checkpoints/final.pkl
training-v1,q_learning,764,50.59000000000008,153565,0.050000000000000044,50,,,/Users/zyy/workspace/MLE_final/runs/q_coin_train/checkpoints/final.pkl
training-v1,q_learning,765,50.210000000000164,153743,0.050000000000000044,50,,,/Users/zyy/workspace/MLE_final/runs/q_coin_train/checkpoints/final.pkl
training-v1,q_learning,766,50.470000000000056,153895,0.050000000000000044,50,,,/Users/zyy/workspace/MLE_final/runs/q_coin_train/checkpoints/final.pkl
training-v1,q_learning,767,50.64000000000003,154030,0.050000000000000044,50,,,/Users/zyy/workspace/MLE_final/runs/q_coin_train/checkpoints/final.pkl
training-v1,q_learning,768,50.71000000000006,154158,0.050000000000000044,50,,,/Users/zyy/workspace/MLE_final/runs/q_coin_train/checkpoints/final.pkl
training-v1,q_learning,769,50.3900000000001,154318,0.050000000000000044,50,,,/Users/zyy/workspace/MLE_final/runs/q_coin_train/checkpoints/final.pkl
training-v1,q_learning,770,50.66000000000008,154451,0.050000000000000044,50,,,/Users/zyy/workspace/MLE_final/runs/q_coin_train/checkpoints/final.pkl
training-v1,q_learning,771,50.530000000000015,154597,0.050000000000000044,50,,,/Users/zyy/workspace/MLE_final/runs/q_coin_train/checkpoints/final.pkl
training-v1,q_learning,772,50.500000000000085,154746,0.050000000000000044,50,,,/Users/zyy/workspace/MLE_final/runs/q_coin_train/checkpoints/final.pkl
training-v1,q_learning,773,50.10000000000008,154935,0.050000000000000044,50,,,/Users/zyy/workspace/MLE_final/runs/q_coin_train/checkpoints/final.pkl
training-v1,q_learning,774,50.33,155101,0.050000000000000044,50,,,/Users/zyy/workspace/MLE_final/runs/q_coin_train/checkpoints/final.pkl
training-v1,q_learning,775,50.69000000000009,155231,0.050000000000000044,50,,,/Users/zyy/workspace/MLE_final/runs/q_coin_train/checkpoints/final.pkl
training-v1,q_learning,776,50.32,155398,0.050000000000000044,50,,,/Users/zyy/workspace/MLE_final/runs/q_coin_train/checkpoints/final.pkl
training-v1,q_learning,777,50.610000000000056,155536,0.050000000000000044,50,,,/Users/zyy/workspace/MLE_final/runs/q_coin_train/checkpoints/final.pkl
training-v1,q_learning,778,50.65000000000004,155670,0.050000000000000044,50,,,/Users/zyy/workspace/MLE_final/runs/q_coin_train/checkpoints/final.pkl
training-v1,q_learning,779,50.630000000000074,155806,0.050000000000000044,50,,,/Users/zyy/workspace/MLE_final/runs/q_coin_train/checkpoints/final.pkl
training-v1,q_learning,780,50.650000000000084,155940,0.050000000000000044,50,,,/Users/zyy/workspace/MLE_final/runs/q_coin_train/checkpoints/final.pkl
training-v1,q_learning,781,50.51000000000009,156088,0.050000000000000044,50,,,/Users/zyy/workspace/MLE_final/runs/q_coin_train/checkpoints/final.pkl
training-v1,q_learning,782,50.65000000000008,156222,0.050000000000000044,50,,,/Users/zyy/workspace/MLE_final/runs/q_coin_train/checkpoints/final.pkl
training-v1,q_learning,783,50.77000000000003,156344,0.050000000000000044,50,,,/Users/zyy/workspace/MLE_final/runs/q_coin_train/checkpoints/final.pkl
training-v1,q_learning,784,50.0800000000002,156535,0.050000000000000044,50,,,/Users/zyy/workspace/MLE_final/runs/q_coin_train/checkpoints/final.pkl
training-v1,q_learning,785,50.1100000000001,156723,0.050000000000000044,50,,,/Users/zyy/workspace/MLE_final/runs/q_coin_train/checkpoints/final.pkl
training-v1,q_learning,786,50.489999999999995,156873,0.050000000000000044,50,,,/Users/zyy/workspace/MLE_final/runs/q_coin_train/checkpoints/final.pkl
training-v1,q_learning,787,50.69000000000004,157003,0.050000000000000044,50,,,/Users/zyy/workspace/MLE_final/runs/q_coin_train/checkpoints/final.pkl
training-v1,q_learning,788,50.150000000000176,157187,0.050000000000000044,50,,,/Users/zyy/workspace/MLE_final/runs/q_coin_train/checkpoints/final.pkl
training-v1,q_learning,789,50.19000000000015,157367,0.050000000000000044,50,,,/Users/zyy/workspace/MLE_final/runs/q_coin_train/checkpoints/final.pkl
training-v1,q_learning,790,50.48000000000004,157518,0.050000000000000044,50,,,/Users/zyy/workspace/MLE_final/runs/q_coin_train/checkpoints/final.pkl
training-v1,q_learning,791,50.52000000000006,157665,0.050000000000000044,50,,,/Users/zyy/workspace/MLE_final/runs/q_coin_train/checkpoints/final.pkl
training-v1,q_learning,792,50.46000000000007,157818,0.050000000000000044,50,,,/Users/zyy/workspace/MLE_final/runs/q_coin_train/checkpoints/final.pkl
training-v1,q_learning,793,50.50000000000011,157967,0.050000000000000044,50,,,/Users/zyy/workspace/MLE_final/runs/q_coin_train/checkpoints/final.pkl
training-v1,q_learning,794,50.60000000000007,158106,0.050000000000000044,50,,,/Users/zyy/workspace/MLE_final/runs/q_coin_train/checkpoints/final.pkl
training-v1,q_learning,795,50.54000000000002,158251,0.050000000000000044,50,,,/Users/zyy/workspace/MLE_final/runs/q_coin_train/checkpoints/final.pkl
training-v1,q_learning,796,50.32000000000012,158418,0.050000000000000044,50,,,/Users/zyy/workspace/MLE_final/runs/q_coin_train/checkpoints/final.pkl
training-v1,q_learning,797,50.560000000000066,158561,0.050000000000000044,50,,,/Users/zyy/workspace/MLE_final/runs/q_coin_train/checkpoints/final.pkl
training-v1,q_learning,798,50.650000000000084,158695,0.050000000000000044,50,,,/Users/zyy/workspace/MLE_final/runs/q_coin_train/checkpoints/final.pkl
training-v1,q_learning,799,50.640000000000086,158830,0.050000000000000044,50,,,/Users/zyy/workspace/MLE_final/runs/q_coin_train/checkpoints/final.pkl
training-v1,q_learning,800,50.61000000000008,158968,0.050000000000000044,50,,,/Users/zyy/workspace/MLE_final/runs/q_coin_train/checkpoints/final.pkl
training-v1,q_learning,801,50.38000000000003,159129,0.050000000000000044,50,,,/Users/zyy/workspace/MLE_final/runs/q_coin_train/checkpoints/final.pkl
training-v1,q_learning,802,50.82000000000006,159246,0.050000000000000044,50,,,/Users/zyy/workspace/MLE_final/runs/q_coin_train/checkpoints/final.pkl
training-v1,q_learning,803,50.220000000000155,159423,0.050000000000000044,50,,,/Users/zyy/workspace/MLE_final/runs/q_coin_train/checkpoints/final.pkl
training-v1,q_learning,804,50.44000000000009,159578,0.050000000000000044,50,,,/Users/zyy/workspace/MLE_final/runs/q_coin_train/checkpoints/final.pkl
training-v1,q_learning,805,50.49000000000006,159728,0.050000000000000044,50,,,/Users/zyy/workspace/MLE_final/runs/q_coin_train/checkpoints/final.pkl
training-v1,q_learning,806,50.47000000000001,159880,0.050000000000000044,50,,,/Users/zyy/workspace/MLE_final/runs/q_coin_train/checkpoints/final.pkl
training-v1,q_learning,807,50.76000000000006,160003,0.050000000000000044,50,,,/Users/zyy/workspace/MLE_final/runs/q_coin_train/checkpoints/final.pkl
training-v1,q_learning,808,50.63000000000006,160139,0.050000000000000044,50,,,/Users/zyy/workspace/MLE_final/runs/q_coin_train/checkpoints/final.pkl
training-v1,q_learning,809,50.40000000000011,160298,0.050000000000000044,50,,,/Users/zyy/workspace/MLE_final/runs/q_coin_train/checkpoints/final.pkl
training-v1,q_learning,810,50.710000000000065,160426,0.050000000000000044,50,,,/Users/zyy/workspace/MLE_final/runs/q_coin_train/checkpoints/final.pkl
training-v1,q_learning,811,50.59000000000002,160566,0.050000000000000044,50,,,/Users/zyy/workspace/MLE_final/runs/q_coin_train/checkpoints/final.pkl
training-v1,q_learning,812,50.65000000000001,160700,0.050000000000000044,50,,,/Users/zyy/workspace/MLE_final/runs/q_coin_train/checkpoints/final.pkl
training-v1,q_learning,813,50.650000000000084,160834,0.050000000000000044,50,,,/Users/zyy/workspace/MLE_final/runs/q_coin_train/checkpoints/final.pkl
training-v1,q_learning,814,50.25000000000012,161008,0.050000000000000044,50,,,/Users/zyy/workspace/MLE_final/runs/q_coin_train/checkpoints/final.pkl
training-v1,q_learning,815,50.71000000000003,161136,0.050000000000000044,50,,,/Users/zyy/workspace/MLE_final/runs/q_coin_train/checkpoints/final.pkl
training-v1,q_learning,816,50.560000000000045,161279,0.050000000000000044,50,,,/Users/zyy/workspace/MLE_final/runs/q_coin_train/checkpoints/final.pkl
training-v1,q_learning,817,50.410000000000096,161437,0.050000000000000044,50,,,/Users/zyy/workspace/MLE_final/runs/q_coin_train/checkpoints/final.pkl
training-v1,q_learning,818,50.6100000000001,161575,0.050000000000000044,50,,,/Users/zyy/workspace/MLE_final/runs/q_coin_train/checkpoints/final.pkl
training-v1,q_learning,819,50.610000000000085,161713,0.050000000000000044,50,,,/Users/zyy/workspace/MLE_final/runs/q_coin_train/checkpoints/final.pkl
training-v1,q_learning,820,50.62000000000009,161850,0.050000000000000044,50,,,/Users/zyy/workspace/MLE_final/runs/q_coin_train/checkpoints/final.pkl
training-v1,q_learning,821,50.350000000000136,162014,0.050000000000000044,50,,,/Users/zyy/workspace/MLE_final/runs/q_coin_train/checkpoints/final.pkl
training-v1,q_learning,822,50.50000000000003,162163,0.050000000000000044,50,,,/Users/zyy/workspace/MLE_final/runs/q_coin_train/checkpoints/final.pkl
training-v1,q_learning,823,50.25,162337,0.050000000000000044,50,,,/Users/zyy/workspace/MLE_final/runs/q_coin_train/checkpoints/final.pkl
training-v1,q_learning,824,50.18000000000009,162518,0.050000000000000044,50,,,/Users/zyy/workspace/MLE_final/runs/q_coin_train/checkpoints/final.pkl
training-v1,q_learning,825,50.460000000000086,162671,0.050000000000000044,50,,,/Users/zyy/workspace/MLE_final/runs/q_coin_train/checkpoints/final.pkl
training-v1,q_learning,826,50.5200000000001,162818,0.050000000000000044,50,,,/Users/zyy/workspace/MLE_final/runs/q_coin_train/checkpoints/final.pkl
training-v1,q_learning,827,50.01000000000016,163016,0.050000000000000044,50,,,/Users/zyy/workspace/MLE_final/runs/q_coin_train/checkpoints/final.pkl
training-v1,q_learning,828,50.27000000000007,163188,0.050000000000000044,50,,,/Users/zyy/workspace/MLE_final/runs/q_coin_train/checkpoints/final.pkl
training-v1,q_learning,829,50.230000000000146,163364,0.050000000000000044,50,,,/Users/zyy/workspace/MLE_final/runs/q_coin_train/checkpoints/final.pkl
training-v1,q_learning,830,50.170000000000094,163546,0.050000000000000044,50,,,/Users/zyy/workspace/MLE_final/runs/q_coin_train/checkpoints/final.pkl
training-v1,q_learning,831,50.49000000000008,163696,0.050000000000000044,50,,,/Users/zyy/workspace/MLE_final/runs/q_coin_train/checkpoints/final.pkl
training-v1,q_learning,832,50.69000000000005,163826,0.050000000000000044,50,,,/Users/zyy/workspace/MLE_final/runs/q_coin_train/checkpoints/final.pkl
training-v1,q_learning,833,50.80000000000005,163945,0.050000000000000044,50,,,/Users/zyy/workspace/MLE_final/runs/q_coin_train/checkpoints/final.pkl
training-v1,q_learning,834,50.53,164091,0.050000000000000044,50,,,/Users/zyy/workspace/MLE_final/runs/q_coin_train/checkpoints/final.pkl
training-v1,q_learning,835,50.72000000000005,164218,0.050000000000000044,50,,,/Users/zyy/workspace/MLE_final/runs/q_coin_train/checkpoints/final.pkl
training-v1,q_learning,836,50.660000000000096,164351,0.050000000000000044,50,,,/Users/zyy/workspace/MLE_final/runs/q_coin_train/checkpoints/final.pkl
training-v1,q_learning,837,50.71000000000005,164479,0.050000000000000044,50,,,/Users/zyy/workspace/MLE_final/runs/q_coin_train/checkpoints/final.pkl
training-v1,q_learning,838,50.080000000000155,164670,0.050000000000000044,50,,,/Users/zyy/workspace/MLE_final/runs/q_coin_train/checkpoints/final.pkl
training-v1,q_learning,839,50.71000000000009,164798,0.050000000000000044,50,,,/Users/zyy/workspace/MLE_final/runs/q_coin_train/checkpoints/final.pkl
training-v1,q_learning,840,50.05000000000012,164992,0.050000000000000044,50,,,/Users/zyy/workspace/MLE_final/runs/q_coin_train/checkpoints/final.pkl
training-v1,q_learning,841,50.57000000000011,165134,0.050000000000000044,50,,,/Users/zyy/workspace/MLE_final/runs/q_coin_train/checkpoints/final.pkl
training-v1,q_learning,842,50.600000000000065,165273,0.050000000000000044,50,,,/Users/zyy/workspace/MLE_final/runs/q_coin_train/checkpoints/final.pkl
training-v1,q_learning,843,50.48,165424,0.050000000000000044,50,,,/Users/zyy/workspace/MLE_final/runs/q_coin_train/checkpoints/final.pkl
training-v1,q_learning,844,50.529999999999994,165570,0.050000000000000044,50,,,/Users/zyy/workspace/MLE_final/runs/q_coin_train/checkpoints/final.pkl
training-v1,q_learning,845,50.34000000000003,165735,0.050000000000000044,50,,,/Users/zyy/workspace/MLE_final/runs/q_coin_train/checkpoints/final.pkl
training-v1,q_learning,846,50.64000000000008,165870,0.050000000000000044,50,,,/Users/zyy/workspace/MLE_final/runs/q_coin_train/checkpoints/final.pkl
training-v1,q_learning,847,50.72000000000008,165997,0.050000000000000044,50,,,/Users/zyy/workspace/MLE_final/runs/q_coin_train/checkpoints/final.pkl
training-v1,q_learning,848,50.59000000000013,166137,0.050000000000000044,50,,,/Users/zyy/workspace/MLE_final/runs/q_coin_train/checkpoints/final.pkl
training-v1,q_learning,849,50.72000000000002,166264,0.050000000000000044,50,,,/Users/zyy/workspace/MLE_final/runs/q_coin_train/checkpoints/final.pkl
training-v1,q_learning,850,50.460000000000115,166417,0.050000000000000044,50,,,/Users/zyy/workspace/MLE_final/runs/q_coin_train/checkpoints/final.pkl
training-v1,q_learning,851,50.32000000000008,166584,0.050000000000000044,50,,,/Users/zyy/workspace/MLE_final/runs/q_coin_train/checkpoints/final.pkl
training-v1,q_learning,852,50.43000000000007,166740,0.050000000000000044,50,,,/Users/zyy/workspace/MLE_final/runs/q_coin_train/checkpoints/final.pkl
training-v1,q_learning,853,50.46000000000005,166893,0.050000000000000044,50,,,/Users/zyy/workspace/MLE_final/runs/q_coin_train/checkpoints/final.pkl
training-v1,q_learning,854,50.650000000000055,167027,0.050000000000000044,50,,,/Users/zyy/workspace/MLE_final/runs/q_coin_train/checkpoints/final.pkl
training-v1,q_learning,855,50.770000000000046,167149,0.050000000000000044,50,,,/Users/zyy/workspace/MLE_final/runs/q_coin_train/checkpoints/final.pkl
training-v1,q_learning,856,50.50000000000009,167298,0.050000000000000044,50,,,/Users/zyy/workspace/MLE_final/runs/q_coin_train/checkpoints/final.pkl
training-v1,q_learning,857,50.23000000000015,167474,0.050000000000000044,50,,,/Users/zyy/workspace/MLE_final/runs/q_coin_train/checkpoints/final.pkl
training-v1,q_learning,858,50.080000000000176,167665,0.050000000000000044,50,,,/Users/zyy/workspace/MLE_final/runs/q_coin_train/checkpoints/final.pkl
training-v1,q_learning,859,50.3700000000001,167827,0.050000000000000044,50,,,/Users/zyy/workspace/MLE_final/runs/q_coin_train/checkpoints/final.pkl
training-v1,q_learning,860,50.610000000000056,167965,0.050000000000000044,50,,,/Users/zyy/workspace/MLE_final/runs/q_coin_train/checkpoints/final.pkl
training-v1,q_learning,861,50.570000000000064,168107,0.050000000000000044,50,,,/Users/zyy/workspace/MLE_final/runs/q_coin_train/checkpoints/final.pkl
training-v1,q_learning,862,50.6500000000001,168241,0.050000000000000044,50,,,/Users/zyy/workspace/MLE_final/runs/q_coin_train/checkpoints/final.pkl
training-v1,q_learning,863,50.65000000000003,168375,0.050000000000000044,50,,,/Users/zyy/workspace/MLE_final/runs/q_coin_train/checkpoints/final.pkl
training-v1,q_learning,864,49.76999999999991,168597,0.050000000000000044,50,,,/Users/zyy/workspace/MLE_final/runs/q_coin_train/checkpoints/final.pkl
training-v1,q_learning,865,50.610000000000014,168735,0.050000000000000044,50,,,/Users/zyy/workspace/MLE_final/runs/q_coin_train/checkpoints/final.pkl
training-v1,q_learning,866,50.690000000000055,168865,0.050000000000000044,50,,,/Users/zyy/workspace/MLE_final/runs/q_coin_train/checkpoints/final.pkl
training-v1,q_learning,867,50.24000000000009,169040,0.050000000000000044,50,,,/Users/zyy/workspace/MLE_final/runs/q_coin_train/checkpoints/final.pkl
training-v1,q_learning,868,50.63000000000008,169176,0.050000000000000044,50,,,/Users/zyy/workspace/MLE_final/runs/q_coin_train/checkpoints/final.pkl
training-v1,q_learning,869,21.989999999999444,169576,0.050000000000000044,50,,,/Users/zyy/workspace/MLE_final/runs/q_coin_train/checkpoints/final.pkl
training-v1,q_learning,870,50.36000000000001,169739,0.050000000000000044,50,,,/Users/zyy/workspace/MLE_final/runs/q_coin_train/checkpoints/final.pkl
training-v1,q_learning,871,49.7599999999999,169962,0.050000000000000044,50,,,/Users/zyy/workspace/MLE_final/runs/q_coin_train/checkpoints/final.pkl
training-v1,q_learning,872,50.55000000000009,170106,0.050000000000000044,50,,,/Users/zyy/workspace/MLE_final/runs/q_coin_train/checkpoints/final.pkl
training-v1,q_learning,873,50.69000000000007,170236,0.050000000000000044,50,,,/Users/zyy/workspace/MLE_final/runs/q_coin_train/checkpoints/final.pkl
training-v1,q_learning,874,50.58000000000003,170377,0.050000000000000044,50,,,/Users/zyy/workspace/MLE_final/runs/q_coin_train/checkpoints/final.pkl
training-v1,q_learning,875,50.65000000000005,170511,0.050000000000000044,50,,,/Users/zyy/workspace/MLE_final/runs/q_coin_train/checkpoints/final.pkl
training-v1,q_learning,876,49.340000000000174,170776,0.050000000000000044,50,,,/Users/zyy/workspace/MLE_final/runs/q_coin_train/checkpoints/final.pkl
training-v1,q_learning,877,50.690000000000055,170906,0.050000000000000044,50,,,/Users/zyy/workspace/MLE_final/runs/q_coin_train/checkpoints/final.pkl
training-v1,q_learning,878,49.96000000000004,171109,0.050000000000000044,50,,,/Users/zyy/workspace/MLE_final/runs/q_coin_train/checkpoints/final.pkl
training-v1,q_learning,879,50.27000000000007,171281,0.050000000000000044,50,,,/Users/zyy/workspace/MLE_final/runs/q_coin_train/checkpoints/final.pkl
training-v1,q_learning,880,50.160000000000075,171464,0.050000000000000044,50,,,/Users/zyy/workspace/MLE_final/runs/q_coin_train/checkpoints/final.pkl
training-v1,q_learning,881,50.629999999999995,171600,0.050000000000000044,50,,,/Users/zyy/workspace/MLE_final/runs/q_coin_train/checkpoints/final.pkl
training-v1,q_learning,882,50.51000000000009,171748,0.050000000000000044,50,,,/Users/zyy/workspace/MLE_final/runs/q_coin_train/checkpoints/final.pkl
training-v1,q_learning,883,49.96000000000006,171951,0.050000000000000044,50,,,/Users/zyy/workspace/MLE_final/runs/q_coin_train/checkpoints/final.pkl
training-v1,q_learning,884,49.45000000000018,172205,0.050000000000000044,50,,,/Users/zyy/workspace/MLE_final/runs/q_coin_train/checkpoints/final.pkl
training-v1,q_learning,885,50.640000000000015,172340,0.050000000000000044,50,,,/Users/zyy/workspace/MLE_final/runs/q_coin_train/checkpoints/final.pkl
training-v1,q_learning,886,50.69000000000006,172470,0.050000000000000044,50,,,/Users/zyy/workspace/MLE_final/runs/q_coin_train/checkpoints/final.pkl
training-v1,q_learning,887,50.6300000000001,172606,0.050000000000000044,50,,,/Users/zyy/workspace/MLE_final/runs/q_coin_train/checkpoints/final.pkl
training-v1,q_learning,888,50.530000000000086,172752,0.050000000000000044,50,,,/Users/zyy/workspace/MLE_final/runs/q_coin_train/checkpoints/final.pkl
training-v1,q_learning,889,50.35000000000013,172916,0.050000000000000044,50,,,/Users/zyy/workspace/MLE_final/runs/q_coin_train/checkpoints/final.pkl
training-v1,q_learning,890,50.73000000000005,173042,0.050000000000000044,50,,,/Users/zyy/workspace/MLE_final/runs/q_coin_train/checkpoints/final.pkl
training-v1,q_learning,891,50.660000000000075,173175,0.050000000000000044,50,,,/Users/zyy/workspace/MLE_final/runs/q_coin_train/checkpoints/final.pkl
training-v1,q_learning,892,44.99000000000053,173575,0.050000000000000044,50,,,/Users/zyy/workspace/MLE_final/runs/q_coin_train/checkpoints/final.pkl
training-v1,q_learning,893,49.590000000000195,173815,0.050000000000000044,50,,,/Users/zyy/workspace/MLE_final/runs/q_coin_train/checkpoints/final.pkl
training-v1,q_learning,894,50.16000000000002,173998,0.050000000000000044,50,,,/Users/zyy/workspace/MLE_final/runs/q_coin_train/checkpoints/final.pkl
training-v1,q_learning,895,49.81000000000026,174216,0.050000000000000044,50,,,/Users/zyy/workspace/MLE_final/runs/q_coin_train/checkpoints/final.pkl
training-v1,q_learning,896,50.400000000000006,174375,0.050000000000000044,50,,,/Users/zyy/workspace/MLE_final/runs/q_coin_train/checkpoints/final.pkl
training-v1,q_learning,897,50.70000000000005,174504,0.050000000000000044,50,,,/Users/zyy/workspace/MLE_final/runs/q_coin_train/checkpoints/final.pkl
training-v1,q_learning,898,50.57000000000008,174646,0.050000000000000044,50,,,/Users/zyy/workspace/MLE_final/runs/q_coin_train/checkpoints/final.pkl
training-v1,q_learning,899,50.38000000000011,174807,0.050000000000000044,50,,,/Users/zyy/workspace/MLE_final/runs/q_coin_train/checkpoints/final.pkl
training-v1,q_learning,900,50.230000000000025,174983,0.050000000000000044,50,,,/Users/zyy/workspace/MLE_final/runs/q_coin_train/checkpoints/final.pkl
training-v1,q_learning,901,49.66000000000021,175216,0.050000000000000044,50,,,/Users/zyy/workspace/MLE_final/runs/q_coin_train/checkpoints/final.pkl
training-v1,q_learning,902,50.08000000000011,175407,0.050000000000000044,50,,,/Users/zyy/workspace/MLE_final/runs/q_coin_train/checkpoints/final.pkl
training-v1,q_learning,903,50.46000000000009,175560,0.050000000000000044,50,,,/Users/zyy/workspace/MLE_final/runs/q_coin_train/checkpoints/final.pkl
training-v1,q_learning,904,43.99000000000035,175960,0.050000000000000044,50,,,/Users/zyy/workspace/MLE_final/runs/q_coin_train/checkpoints/final.pkl
training-v1,q_learning,905,50.14000000000002,176145,0.050000000000000044,50,,,/Users/zyy/workspace/MLE_final/runs/q_coin_train/checkpoints/final.pkl
training-v1,q_learning,906,49.610000000000085,176383,0.050000000000000044,50,,,/Users/zyy/workspace/MLE_final/runs/q_coin_train/checkpoints/final.pkl
training-v1,q_learning,907,50.74000000000005,176508,0.050000000000000044,50,,,/Users/zyy/workspace/MLE_final/runs/q_coin_train/checkpoints/final.pkl
training-v1,q_learning,908,50.770000000000074,176630,0.050000000000000044,50,,,/Users/zyy/workspace/MLE_final/runs/q_coin_train/checkpoints/final.pkl
training-v1,q_learning,909,50.60000000000009,176769,0.050000000000000044,50,,,/Users/zyy/workspace/MLE_final/runs/q_coin_train/checkpoints/final.pkl
training-v1,q_learning,910,49.0600000000004,177062,0.050000000000000044,50,,,/Users/zyy/workspace/MLE_final/runs/q_coin_train/checkpoints/final.pkl
training-v1,q_learning,911,50.27000000000006,177234,0.050000000000000044,50,,,/Users/zyy/workspace/MLE_final/runs/q_coin_train/checkpoints/final.pkl
training-v1,q_learning,912,50.15000000000007,177418,0.050000000000000044,50,,,/Users/zyy/workspace/MLE_final/runs/q_coin_train/checkpoints/final.pkl
training-v1,q_learning,913,50.190000000000175,177598,0.050000000000000044,50,,,/Users/zyy/workspace/MLE_final/runs/q_coin_train/checkpoints/final.pkl
training-v1,q_learning,914,50.770000000000046,177720,0.050000000000000044,50,,,/Users/zyy/workspace/MLE_final/runs/q_coin_train/checkpoints/final.pkl
training-v1,q_learning,915,50.460000000000086,177873,0.050000000000000044,50,,,/Users/zyy/workspace/MLE_final/runs/q_coin_train/checkpoints/final.pkl
training-v1,q_learning,916,50.780000000000044,177994,0.050000000000000044,50,,,/Users/zyy/workspace/MLE_final/runs/q_coin_train/checkpoints/final.pkl
training-v1,q_learning,917,50.58000000000007,178135,0.050000000000000044,50,,,/Users/zyy/workspace/MLE_final/runs/q_coin_train/checkpoints/final.pkl
training-v1,q_learning,918,50.780000000000044,178256,0.050000000000000044,50,,,/Users/zyy/workspace/MLE_final/runs/q_coin_train/checkpoints/final.pkl
training-v1,q_learning,919,50.410000000000075,178414,0.050000000000000044,50,,,/Users/zyy/workspace/MLE_final/runs/q_coin_train/checkpoints/final.pkl
training-v1,q_learning,920,50.4000000000001,178573,0.050000000000000044,50,,,/Users/zyy/workspace/MLE_final/runs/q_coin_train/checkpoints/final.pkl
training-v1,q_learning,921,50.470000000000105,178725,0.050000000000000044,50,,,/Users/zyy/workspace/MLE_final/runs/q_coin_train/checkpoints/final.pkl
training-v1,q_learning,922,50.460000000000086,178878,0.050000000000000044,50,,,/Users/zyy/workspace/MLE_final/runs/q_coin_train/checkpoints/final.pkl
training-v1,q_learning,923,49.989999999999995,179078,0.050000000000000044,50,,,/Users/zyy/workspace/MLE_final/runs/q_coin_train/checkpoints/final.pkl
training-v1,q_learning,924,49.85000000000025,179292,0.050000000000000044,50,,,/Users/zyy/workspace/MLE_final/runs/q_coin_train/checkpoints/final.pkl
training-v1,q_learning,925,50.39000000000012,179452,0.050000000000000044,50,,,/Users/zyy/workspace/MLE_final/runs/q_coin_train/checkpoints/final.pkl
training-v1,q_learning,926,50.590000000000046,179592,0.050000000000000044,50,,,/Users/zyy/workspace/MLE_final/runs/q_coin_train/checkpoints/final.pkl
training-v1,q_learning,927,50.04000000000018,179787,0.050000000000000044,50,,,/Users/zyy/workspace/MLE_final/runs/q_coin_train/checkpoints/final.pkl
training-v1,q_learning,928,50.35000000000007,179951,0.050000000000000044,50,,,/Users/zyy/workspace/MLE_final/runs/q_coin_train/checkpoints/final.pkl
training-v1,q_learning,929,49.97000000000021,180153,0.050000000000000044,50,,,/Users/zyy/workspace/MLE_final/runs/q_coin_train/checkpoints/final.pkl
training-v1,q_learning,930,50.480000000000075,180304,0.050000000000000044,50,,,/Users/zyy/workspace/MLE_final/runs/q_coin_train/checkpoints/final.pkl
training-v1,q_learning,931,50.78000000000006,180425,0.050000000000000044,50,,,/Users/zyy/workspace/MLE_final/runs/q_coin_train/checkpoints/final.pkl
training-v1,q_learning,932,50.4800000000001,180576,0.050000000000000044,50,,,/Users/zyy/workspace/MLE_final/runs/q_coin_train/checkpoints/final.pkl
training-v1,q_learning,933,50.890000000000036,180686,0.050000000000000044,50,,,/Users/zyy/workspace/MLE_final/runs/q_coin_train/checkpoints/final.pkl
training-v1,q_learning,934,50.52000000000008,180833,0.050000000000000044,50,,,/Users/zyy/workspace/MLE_final/runs/q_coin_train/checkpoints/final.pkl
training-v1,q_learning,935,50.000000000000185,181032,0.050000000000000044,50,,,/Users/zyy/workspace/MLE_final/runs/q_coin_train/checkpoints/final.pkl
training-v1,q_learning,936,50.40000000000007,181191,0.050000000000000044,50,,,/Users/zyy/workspace/MLE_final/runs/q_coin_train/checkpoints/final.pkl
training-v1,q_learning,937,50.56000000000008,181334,0.050000000000000044,50,,,/Users/zyy/workspace/MLE_final/runs/q_coin_train/checkpoints/final.pkl
training-v1,q_learning,938,50.5300000000001,181480,0.050000000000000044,50,,,/Users/zyy/workspace/MLE_final/runs/q_coin_train/checkpoints/final.pkl
training-v1,q_learning,939,50.5400000000001,181625,0.050000000000000044,50,,,/Users/zyy/workspace/MLE_final/runs/q_coin_train/checkpoints/final.pkl
training-v1,q_learning,940,50.60000000000008,181764,0.050000000000000044,50,,,/Users/zyy/workspace/MLE_final/runs/q_coin_train/checkpoints/final.pkl
training-v1,q_learning,941,50.31000000000012,181932,0.050000000000000044,50,,,/Users/zyy/workspace/MLE_final/runs/q_coin_train/checkpoints/final.pkl
training-v1,q_learning,942,50.540000000000056,182077,0.050000000000000044,50,,,/Users/zyy/workspace/MLE_final/runs/q_coin_train/checkpoints/final.pkl
training-v1,q_learning,943,50.24000000000004,182252,0.050000000000000044,50,,,/Users/zyy/workspace/MLE_final/runs/q_coin_train/checkpoints/final.pkl
training-v1,q_learning,944,50.53000000000005,182398,0.050000000000000044,50,,,/Users/zyy/workspace/MLE_final/runs/q_coin_train/checkpoints/final.pkl
training-v1,q_learning,945,50.500000000000114,182547,0.050000000000000044,50,,,/Users/zyy/workspace/MLE_final/runs/q_coin_train/checkpoints/final.pkl
training-v1,q_learning,946,50.519999999999975,182694,0.050000000000000044,50,,,/Users/zyy/workspace/MLE_final/runs/q_coin_train/checkpoints/final.pkl
training-v1,q_learning,947,50.53000000000003,182840,0.050000000000000044,50,,,/Users/zyy/workspace/MLE_final/runs/q_coin_train/checkpoints/final.pkl
training-v1,q_learning,948,50.43000000000003,182996,0.050000000000000044,50,,,/Users/zyy/workspace/MLE_final/runs/q_coin_train/checkpoints/final.pkl
training-v1,q_learning,949,49.92000000000014,183203,0.050000000000000044,50,,,/Users/zyy/workspace/MLE_final/runs/q_coin_train/checkpoints/final.pkl
training-v1,q_learning,950,50.38000000000011,183364,0.050000000000000044,50,,,/Users/zyy/workspace/MLE_final/runs/q_coin_train/checkpoints/final.pkl
training-v1,q_learning,951,50.250000000000114,183538,0.050000000000000044,50,,,/Users/zyy/workspace/MLE_final/runs/q_coin_train/checkpoints/final.pkl
training-v1,q_learning,952,50.590000000000096,183678,0.050000000000000044,50,,,/Users/zyy/workspace/MLE_final/runs/q_coin_train/checkpoints/final.pkl
training-v1,q_learning,953,50.450000000000095,183832,0.050000000000000044,50,,,/Users/zyy/workspace/MLE_final/runs/q_coin_train/checkpoints/final.pkl
training-v1,q_learning,954,50.570000000000036,183974,0.050000000000000044,50,,,/Users/zyy/workspace/MLE_final/runs/q_coin_train/checkpoints/final.pkl
training-v1,q_learning,955,50.63000000000009,184110,0.050000000000000044,50,,,/Users/zyy/workspace/MLE_final/runs/q_coin_train/checkpoints/final.pkl
training-v1,q_learning,956,49.48000000000028,184361,0.050000000000000044,50,,,/Users/zyy/workspace/MLE_final/runs/q_coin_train/checkpoints/final.pkl
training-v1,q_learning,957,50.53000000000008,184507,0.050000000000000044,50,,,/Users/zyy/workspace/MLE_final/runs/q_coin_train/checkpoints/final.pkl
training-v1,q_learning,958,50.67000000000006,184639,0.050000000000000044,50,,,/Users/zyy/workspace/MLE_final/runs/q_coin_train/checkpoints/final.pkl
training-v1,q_learning,959,50.47000000000009,184791,0.050000000000000044,50,,,/Users/zyy/workspace/MLE_final/runs/q_coin_train/checkpoints/final.pkl
training-v1,q_learning,960,50.450000000000024,184945,0.050000000000000044,50,,,/Users/zyy/workspace/MLE_final/runs/q_coin_train/checkpoints/final.pkl
training-v1,q_learning,961,50.220000000000006,185122,0.050000000000000044,50,,,/Users/zyy/workspace/MLE_final/runs/q_coin_train/checkpoints/final.pkl
training-v1,q_learning,962,49.480000000000146,185373,0.050000000000000044,50,,,/Users/zyy/workspace/MLE_final/runs/q_coin_train/checkpoints/final.pkl
training-v1,q_learning,963,50.65000000000007,185507,0.050000000000000044,50,,,/Users/zyy/workspace/MLE_final/runs/q_coin_train/checkpoints/final.pkl
training-v1,q_learning,964,50.45000000000007,185661,0.050000000000000044,50,,,/Users/zyy/workspace/MLE_final/runs/q_coin_train/checkpoints/final.pkl
training-v1,q_learning,965,50.660000000000096,185794,0.050000000000000044,50,,,/Users/zyy/workspace/MLE_final/runs/q_coin_train/checkpoints/final.pkl
training-v1,q_learning,966,50.58000000000009,185935,0.050000000000000044,50,,,/Users/zyy/workspace/MLE_final/runs/q_coin_train/checkpoints/final.pkl
training-v1,q_learning,967,50.53000000000004,186081,0.050000000000000044,50,,,/Users/zyy/workspace/MLE_final/runs/q_coin_train/checkpoints/final.pkl
training-v1,q_learning,968,50.74000000000009,186206,0.050000000000000044,50,,,/Users/zyy/workspace/MLE_final/runs/q_coin_train/checkpoints/final.pkl
training-v1,q_learning,969,50.4800000000001,186357,0.050000000000000044,50,,,/Users/zyy/workspace/MLE_final/runs/q_coin_train/checkpoints/final.pkl
training-v1,q_learning,970,50.48000000000007,186508,0.050000000000000044,50,,,/Users/zyy/workspace/MLE_final/runs/q_coin_train/checkpoints/final.pkl
training-v1,q_learning,971,50.60000000000007,186647,0.050000000000000044,50,,,/Users/zyy/workspace/MLE_final/runs/q_coin_train/checkpoints/final.pkl
training-v1,q_learning,972,50.58000000000009,186788,0.050000000000000044,50,,,/Users/zyy/workspace/MLE_final/runs/q_coin_train/checkpoints/final.pkl
training-v1,q_learning,973,50.75000000000008,186912,0.050000000000000044,50,,,/Users/zyy/workspace/MLE_final/runs/q_coin_train/checkpoints/final.pkl
training-v1,q_learning,974,50.61000000000006,187050,0.050000000000000044,50,,,/Users/zyy/workspace/MLE_final/runs/q_coin_train/checkpoints/final.pkl
training-v1,q_learning,975,50.51000000000004,187198,0.050000000000000044,50,,,/Users/zyy/workspace/MLE_final/runs/q_coin_train/checkpoints/final.pkl
training-v1,q_learning,976,50.21000000000013,187376,0.050000000000000044,50,,,/Users/zyy/workspace/MLE_final/runs/q_coin_train/checkpoints/final.pkl
training-v1,q_learning,977,50.65000000000001,187510,0.050000000000000044,50,,,/Users/zyy/workspace/MLE_final/runs/q_coin_train/checkpoints/final.pkl
training-v1,q_learning,978,50.75000000000002,187634,0.050000000000000044,50,,,/Users/zyy/workspace/MLE_final/runs/q_coin_train/checkpoints/final.pkl
training-v1,q_learning,979,50.72000000000008,187761,0.050000000000000044,50,,,/Users/zyy/workspace/MLE_final/runs/q_coin_train/checkpoints/final.pkl
training-v1,q_learning,980,50.59000000000005,187901,0.050000000000000044,50,,,/Users/zyy/workspace/MLE_final/runs/q_coin_train/checkpoints/final.pkl
training-v1,q_learning,981,50.51000000000008,188049,0.050000000000000044,50,,,/Users/zyy/workspace/MLE_final/runs/q_coin_train/checkpoints/final.pkl
training-v1,q_learning,982,50.49000000000007,188199,0.050000000000000044,50,,,/Users/zyy/workspace/MLE_final/runs/q_coin_train/checkpoints/final.pkl
training-v1,q_learning,983,50.020000000000095,188396,0.050000000000000044,50,,,/Users/zyy/workspace/MLE_final/runs/q_coin_train/checkpoints/final.pkl
training-v1,q_learning,984,50.6400000000001,188531,0.050000000000000044,50,,,/Users/zyy/workspace/MLE_final/runs/q_coin_train/checkpoints/final.pkl
training-v1,q_learning,985,50.65000000000006,188665,0.050000000000000044,50,,,/Users/zyy/workspace/MLE_final/runs/q_coin_train/checkpoints/final.pkl
training-v1,q_learning,986,50.820000000000014,188782,0.050000000000000044,50,,,/Users/zyy/workspace/MLE_final/runs/q_coin_train/checkpoints/final.pkl
training-v1,q_learning,987,50.62000000000005,188919,0.050000000000000044,50,,,/Users/zyy/workspace/MLE_final/runs/q_coin_train/checkpoints/final.pkl
training-v1,q_learning,988,50.44000000000012,189074,0.050000000000000044,50,,,/Users/zyy/workspace/MLE_final/runs/q_coin_train/checkpoints/final.pkl
training-v1,q_learning,989,50.45000000000011,189228,0.050000000000000044,50,,,/Users/zyy/workspace/MLE_final/runs/q_coin_train/checkpoints/final.pkl
training-v1,q_learning,990,50.620000000000054,189365,0.050000000000000044,50,,,/Users/zyy/workspace/MLE_final/runs/q_coin_train/checkpoints/final.pkl
training-v1,q_learning,991,50.490000000000094,189515,0.050000000000000044,50,,,/Users/zyy/workspace/MLE_final/runs/q_coin_train/checkpoints/final.pkl
training-v1,q_learning,992,50.36000000000007,189678,0.050000000000000044,50,,,/Users/zyy/workspace/MLE_final/runs/q_coin_train/checkpoints/final.pkl
training-v1,q_learning,993,50.31000000000008,189846,0.050000000000000044,50,,,/Users/zyy/workspace/MLE_final/runs/q_coin_train/checkpoints/final.pkl
training-v1,q_learning,994,50.05000000000014,190040,0.050000000000000044,50,,,/Users/zyy/workspace/MLE_final/runs/q_coin_train/checkpoints/final.pkl
training-v1,q_learning,995,50.440000000000126,190195,0.050000000000000044,50,,,/Users/zyy/workspace/MLE_final/runs/q_coin_train/checkpoints/final.pkl
training-v1,q_learning,996,50.240000000000094,190370,0.050000000000000044,50,,,/Users/zyy/workspace/MLE_final/runs/q_coin_train/checkpoints/final.pkl
training-v1,q_learning,997,50.22000000000014,190547,0.050000000000000044,50,,,/Users/zyy/workspace/MLE_final/runs/q_coin_train/checkpoints/final.pkl
training-v1,q_learning,998,50.41000000000006,190705,0.050000000000000044,50,,,/Users/zyy/workspace/MLE_final/runs/q_coin_train/checkpoints/final.pkl
training-v1,q_learning,999,50.75000000000005,190829,0.050000000000000044,50,,,/Users/zyy/workspace/MLE_final/runs/q_coin_train/checkpoints/final.pkl
training-v1,q_learning,1000,50.55000000000009,190973,0.050000000000000044,50,,,/Users/zyy/workspace/MLE_final/runs/q_coin_train/checkpoints/final.pkl
